{
  "dataset_revision": "c64c3baac6bfd5f934d2df6e5d42dcb7d87c8ba8",
  "task_name": "australian-tax-guidance-retrieval",
  "mteb_version": "1.39.7",
  "scores": {
    "test": [
      {
        "ndcg_at_1": 0.52679,
        "ndcg_at_3": 0.6707,
        "ndcg_at_5": 0.69605,
        "ndcg_at_10": 0.71835,
        "ndcg_at_20": 0.73412,
        "ndcg_at_100": 0.74084,
        "ndcg_at_1000": 0.74084,
        "map_at_1": 0.52679,
        "map_at_3": 0.6369,
        "map_at_5": 0.65074,
        "map_at_10": 0.65947,
        "map_at_20": 0.66377,
        "map_at_100": 0.66472,
        "map_at_1000": 0.66472,
        "recall_at_1": 0.52679,
        "recall_at_3": 0.76786,
        "recall_at_5": 0.83036,
        "recall_at_10": 0.90179,
        "recall_at_20": 0.96429,
        "recall_at_100": 1.0,
        "recall_at_1000": 1.0,
        "precision_at_1": 0.52679,
        "precision_at_3": 0.25595,
        "precision_at_5": 0.16607,
        "precision_at_10": 0.09018,
        "precision_at_20": 0.04821,
        "precision_at_100": 0.01,
        "precision_at_1000": 0.001,
        "mrr_at_1": 0.526786,
        "mrr_at_3": 0.636905,
        "mrr_at_5": 0.650744,
        "mrr_at_10": 0.659474,
        "mrr_at_20": 0.663773,
        "mrr_at_100": 0.664725,
        "mrr_at_1000": 0.664725,
        "nauc_ndcg_at_1_max": 0.220065,
        "nauc_ndcg_at_1_std": 0.005483,
        "nauc_ndcg_at_1_diff1": 0.562083,
        "nauc_ndcg_at_3_max": 0.258853,
        "nauc_ndcg_at_3_std": 0.019422,
        "nauc_ndcg_at_3_diff1": 0.513904,
        "nauc_ndcg_at_5_max": 0.250026,
        "nauc_ndcg_at_5_std": 0.028721,
        "nauc_ndcg_at_5_diff1": 0.506633,
        "nauc_ndcg_at_10_max": 0.273524,
        "nauc_ndcg_at_10_std": 0.0558,
        "nauc_ndcg_at_10_diff1": 0.530747,
        "nauc_ndcg_at_20_max": 0.264351,
        "nauc_ndcg_at_20_std": 0.061801,
        "nauc_ndcg_at_20_diff1": 0.53915,
        "nauc_ndcg_at_100_max": 0.252653,
        "nauc_ndcg_at_100_std": 0.038838,
        "nauc_ndcg_at_100_diff1": 0.531661,
        "nauc_ndcg_at_1000_max": 0.252653,
        "nauc_ndcg_at_1000_std": 0.038838,
        "nauc_ndcg_at_1000_diff1": 0.531661,
        "nauc_map_at_1_max": 0.220065,
        "nauc_map_at_1_std": 0.005483,
        "nauc_map_at_1_diff1": 0.562083,
        "nauc_map_at_3_max": 0.249498,
        "nauc_map_at_3_std": 0.023492,
        "nauc_map_at_3_diff1": 0.526555,
        "nauc_map_at_5_max": 0.245355,
        "nauc_map_at_5_std": 0.028417,
        "nauc_map_at_5_diff1": 0.522779,
        "nauc_map_at_10_max": 0.251809,
        "nauc_map_at_10_std": 0.035034,
        "nauc_map_at_10_diff1": 0.531546,
        "nauc_map_at_20_max": 0.249332,
        "nauc_map_at_20_std": 0.036252,
        "nauc_map_at_20_diff1": 0.533929,
        "nauc_map_at_100_max": 0.247878,
        "nauc_map_at_100_std": 0.033462,
        "nauc_map_at_100_diff1": 0.532929,
        "nauc_map_at_1000_max": 0.247878,
        "nauc_map_at_1000_std": 0.033462,
        "nauc_map_at_1000_diff1": 0.532929,
        "nauc_recall_at_1_max": 0.220065,
        "nauc_recall_at_1_std": 0.005483,
        "nauc_recall_at_1_diff1": 0.562083,
        "nauc_recall_at_3_max": 0.294229,
        "nauc_recall_at_3_std": -0.000968,
        "nauc_recall_at_3_diff1": 0.465373,
        "nauc_recall_at_5_max": 0.268051,
        "nauc_recall_at_5_std": 0.026225,
        "nauc_recall_at_5_diff1": 0.428245,
        "nauc_recall_at_10_max": 0.469414,
        "nauc_recall_at_10_std": 0.257877,
        "nauc_recall_at_10_diff1": 0.550281,
        "nauc_recall_at_20_max": 0.605528,
        "nauc_recall_at_20_std": 0.737554,
        "nauc_recall_at_20_diff1": 0.750119,
        "nauc_recall_at_100_max": NaN,
        "nauc_recall_at_100_std": NaN,
        "nauc_recall_at_100_diff1": NaN,
        "nauc_recall_at_1000_max": NaN,
        "nauc_recall_at_1000_std": NaN,
        "nauc_recall_at_1000_diff1": NaN,
        "nauc_precision_at_1_max": 0.220065,
        "nauc_precision_at_1_std": 0.005483,
        "nauc_precision_at_1_diff1": 0.562083,
        "nauc_precision_at_3_max": 0.294229,
        "nauc_precision_at_3_std": -0.000968,
        "nauc_precision_at_3_diff1": 0.465373,
        "nauc_precision_at_5_max": 0.268051,
        "nauc_precision_at_5_std": 0.026225,
        "nauc_precision_at_5_diff1": 0.428245,
        "nauc_precision_at_10_max": 0.469414,
        "nauc_precision_at_10_std": 0.257877,
        "nauc_precision_at_10_diff1": 0.550281,
        "nauc_precision_at_20_max": 0.605528,
        "nauc_precision_at_20_std": 0.737554,
        "nauc_precision_at_20_diff1": 0.750119,
        "nauc_precision_at_100_max": NaN,
        "nauc_precision_at_100_std": NaN,
        "nauc_precision_at_100_diff1": NaN,
        "nauc_precision_at_1000_max": 1.0,
        "nauc_precision_at_1000_std": 1.0,
        "nauc_precision_at_1000_diff1": 1.0,
        "nauc_mrr_at_1_max": 0.220065,
        "nauc_mrr_at_1_std": 0.005483,
        "nauc_mrr_at_1_diff1": 0.562083,
        "nauc_mrr_at_3_max": 0.249498,
        "nauc_mrr_at_3_std": 0.023492,
        "nauc_mrr_at_3_diff1": 0.526555,
        "nauc_mrr_at_5_max": 0.245355,
        "nauc_mrr_at_5_std": 0.028417,
        "nauc_mrr_at_5_diff1": 0.522779,
        "nauc_mrr_at_10_max": 0.251809,
        "nauc_mrr_at_10_std": 0.035034,
        "nauc_mrr_at_10_diff1": 0.531546,
        "nauc_mrr_at_20_max": 0.249332,
        "nauc_mrr_at_20_std": 0.036252,
        "nauc_mrr_at_20_diff1": 0.533929,
        "nauc_mrr_at_100_max": 0.247878,
        "nauc_mrr_at_100_std": 0.033462,
        "nauc_mrr_at_100_diff1": 0.532929,
        "nauc_mrr_at_1000_max": 0.247878,
        "nauc_mrr_at_1000_std": 0.033462,
        "nauc_mrr_at_1000_diff1": 0.532929,
        "main_score": 0.71835,
        "hf_subset": "default",
        "languages": [
          "eng-Latn"
        ]
      }
    ]
  },
  "evaluation_time": 1.2923650741577148,
  "kg_co2_emissions": null
}