{
  "dataset_revision": "dd157bbfa479359488c656981e3999da6f42e4e9",
  "task_name": "bar-exam-qa",
  "mteb_version": "1.39.7",
  "scores": {
    "test": [
      {
        "ndcg_at_1": 0.22222,
        "ndcg_at_3": 0.33079,
        "ndcg_at_5": 0.36903,
        "ndcg_at_10": 0.42462,
        "ndcg_at_20": 0.45292,
        "ndcg_at_100": 0.49227,
        "ndcg_at_1000": 0.49227,
        "map_at_1": 0.22222,
        "map_at_3": 0.30342,
        "map_at_5": 0.32436,
        "map_at_10": 0.34749,
        "map_at_20": 0.35537,
        "map_at_100": 0.36066,
        "map_at_1000": 0.36066,
        "recall_at_1": 0.22222,
        "recall_at_3": 0.41026,
        "recall_at_5": 0.50427,
        "recall_at_10": 0.67521,
        "recall_at_20": 0.78632,
        "recall_at_100": 1.0,
        "recall_at_1000": 1.0,
        "precision_at_1": 0.22222,
        "precision_at_3": 0.13675,
        "precision_at_5": 0.10085,
        "precision_at_10": 0.06752,
        "precision_at_20": 0.03932,
        "precision_at_100": 0.01,
        "precision_at_1000": 0.001,
        "mrr_at_1": 0.222222,
        "mrr_at_3": 0.303419,
        "mrr_at_5": 0.324359,
        "mrr_at_10": 0.347494,
        "mrr_at_20": 0.35537,
        "mrr_at_100": 0.360658,
        "mrr_at_1000": 0.360658,
        "nauc_ndcg_at_1_max": 0.267744,
        "nauc_ndcg_at_1_std": -0.020069,
        "nauc_ndcg_at_1_diff1": 0.258848,
        "nauc_ndcg_at_3_max": 0.186377,
        "nauc_ndcg_at_3_std": -0.032392,
        "nauc_ndcg_at_3_diff1": 0.186721,
        "nauc_ndcg_at_5_max": 0.228231,
        "nauc_ndcg_at_5_std": -0.018975,
        "nauc_ndcg_at_5_diff1": 0.185489,
        "nauc_ndcg_at_10_max": 0.207425,
        "nauc_ndcg_at_10_std": -0.004106,
        "nauc_ndcg_at_10_diff1": 0.179535,
        "nauc_ndcg_at_20_max": 0.209717,
        "nauc_ndcg_at_20_std": 0.03254,
        "nauc_ndcg_at_20_diff1": 0.180412,
        "nauc_ndcg_at_100_max": 0.221201,
        "nauc_ndcg_at_100_std": -0.000163,
        "nauc_ndcg_at_100_diff1": 0.194917,
        "nauc_ndcg_at_1000_max": 0.221201,
        "nauc_ndcg_at_1000_std": -0.000163,
        "nauc_ndcg_at_1000_diff1": 0.194917,
        "nauc_map_at_1_max": 0.267744,
        "nauc_map_at_1_std": -0.020069,
        "nauc_map_at_1_diff1": 0.258848,
        "nauc_map_at_3_max": 0.212873,
        "nauc_map_at_3_std": -0.029929,
        "nauc_map_at_3_diff1": 0.210115,
        "nauc_map_at_5_max": 0.235357,
        "nauc_map_at_5_std": -0.023431,
        "nauc_map_at_5_diff1": 0.209702,
        "nauc_map_at_10_max": 0.228418,
        "nauc_map_at_10_std": -0.015822,
        "nauc_map_at_10_diff1": 0.208128,
        "nauc_map_at_20_max": 0.228603,
        "nauc_map_at_20_std": -0.006961,
        "nauc_map_at_20_diff1": 0.207687,
        "nauc_map_at_100_max": 0.22963,
        "nauc_map_at_100_std": -0.010558,
        "nauc_map_at_100_diff1": 0.208497,
        "nauc_map_at_1000_max": 0.22963,
        "nauc_map_at_1000_std": -0.010558,
        "nauc_map_at_1000_diff1": 0.208497,
        "nauc_recall_at_1_max": 0.267744,
        "nauc_recall_at_1_std": -0.020069,
        "nauc_recall_at_1_diff1": 0.258848,
        "nauc_recall_at_3_max": 0.11336,
        "nauc_recall_at_3_std": -0.038781,
        "nauc_recall_at_3_diff1": 0.122276,
        "nauc_recall_at_5_max": 0.213117,
        "nauc_recall_at_5_std": -0.003669,
        "nauc_recall_at_5_diff1": 0.116883,
        "nauc_recall_at_10_max": 0.128857,
        "nauc_recall_at_10_std": 0.042039,
        "nauc_recall_at_10_diff1": 0.076307,
        "nauc_recall_at_20_max": 0.120471,
        "nauc_recall_at_20_std": 0.275614,
        "nauc_recall_at_20_diff1": 0.054804,
        "nauc_recall_at_100_max": NaN,
        "nauc_recall_at_100_std": NaN,
        "nauc_recall_at_100_diff1": NaN,
        "nauc_recall_at_1000_max": NaN,
        "nauc_recall_at_1000_std": NaN,
        "nauc_recall_at_1000_diff1": NaN,
        "nauc_precision_at_1_max": 0.267744,
        "nauc_precision_at_1_std": -0.020069,
        "nauc_precision_at_1_diff1": 0.258848,
        "nauc_precision_at_3_max": 0.11336,
        "nauc_precision_at_3_std": -0.038781,
        "nauc_precision_at_3_diff1": 0.122276,
        "nauc_precision_at_5_max": 0.213117,
        "nauc_precision_at_5_std": -0.003669,
        "nauc_precision_at_5_diff1": 0.116883,
        "nauc_precision_at_10_max": 0.128857,
        "nauc_precision_at_10_std": 0.042039,
        "nauc_precision_at_10_diff1": 0.076307,
        "nauc_precision_at_20_max": 0.120471,
        "nauc_precision_at_20_std": 0.275614,
        "nauc_precision_at_20_diff1": 0.054804,
        "nauc_precision_at_100_max": NaN,
        "nauc_precision_at_100_std": NaN,
        "nauc_precision_at_100_diff1": NaN,
        "nauc_precision_at_1000_max": 1.0,
        "nauc_precision_at_1000_std": 1.0,
        "nauc_precision_at_1000_diff1": 1.0,
        "nauc_mrr_at_1_max": 0.267744,
        "nauc_mrr_at_1_std": -0.020069,
        "nauc_mrr_at_1_diff1": 0.258848,
        "nauc_mrr_at_3_max": 0.212873,
        "nauc_mrr_at_3_std": -0.029929,
        "nauc_mrr_at_3_diff1": 0.210115,
        "nauc_mrr_at_5_max": 0.235357,
        "nauc_mrr_at_5_std": -0.023431,
        "nauc_mrr_at_5_diff1": 0.209702,
        "nauc_mrr_at_10_max": 0.228418,
        "nauc_mrr_at_10_std": -0.015822,
        "nauc_mrr_at_10_diff1": 0.208128,
        "nauc_mrr_at_20_max": 0.228603,
        "nauc_mrr_at_20_std": -0.006961,
        "nauc_mrr_at_20_diff1": 0.207687,
        "nauc_mrr_at_100_max": 0.22963,
        "nauc_mrr_at_100_std": -0.010558,
        "nauc_mrr_at_100_diff1": 0.208497,
        "nauc_mrr_at_1000_max": 0.22963,
        "nauc_mrr_at_1000_std": -0.010558,
        "nauc_mrr_at_1000_diff1": 0.208497,
        "main_score": 0.42462,
        "hf_subset": "default",
        "languages": [
          "eng-Latn"
        ]
      }
    ]
  },
  "evaluation_time": 1.3151724338531494,
  "kg_co2_emissions": null
}