{
  "dataset_revision": "2095f248902963b4480ac96b774ba64b2104cbee",
  "task_name": "consumer-contracts-qa",
  "mteb_version": "1.39.7",
  "scores": {
    "test": [
      {
        "ndcg_at_1": 0.67172,
        "ndcg_at_3": 0.77423,
        "ndcg_at_5": 0.79705,
        "ndcg_at_10": 0.81472,
        "ndcg_at_20": 0.8223,
        "ndcg_at_100": 0.82643,
        "ndcg_at_1000": 0.82643,
        "map_at_1": 0.67172,
        "map_at_3": 0.75168,
        "map_at_5": 0.76431,
        "map_at_10": 0.77143,
        "map_at_20": 0.77346,
        "map_at_100": 0.77417,
        "map_at_1000": 0.77417,
        "recall_at_1": 0.67172,
        "recall_at_3": 0.83838,
        "recall_at_5": 0.89394,
        "recall_at_10": 0.94949,
        "recall_at_20": 0.9798,
        "recall_at_100": 1.0,
        "recall_at_1000": 1.0,
        "precision_at_1": 0.67172,
        "precision_at_3": 0.27946,
        "precision_at_5": 0.17879,
        "precision_at_10": 0.09495,
        "precision_at_20": 0.04899,
        "precision_at_100": 0.01,
        "precision_at_1000": 0.001,
        "mrr_at_1": 0.671717,
        "mrr_at_3": 0.751684,
        "mrr_at_5": 0.76431,
        "mrr_at_10": 0.771429,
        "mrr_at_20": 0.773461,
        "mrr_at_100": 0.774171,
        "mrr_at_1000": 0.774171,
        "nauc_ndcg_at_1_max": 0.565801,
        "nauc_ndcg_at_1_std": 0.178408,
        "nauc_ndcg_at_1_diff1": 0.768526,
        "nauc_ndcg_at_3_max": 0.641147,
        "nauc_ndcg_at_3_std": 0.244772,
        "nauc_ndcg_at_3_diff1": 0.696681,
        "nauc_ndcg_at_5_max": 0.638429,
        "nauc_ndcg_at_5_std": 0.283691,
        "nauc_ndcg_at_5_diff1": 0.689704,
        "nauc_ndcg_at_10_max": 0.636751,
        "nauc_ndcg_at_10_std": 0.28444,
        "nauc_ndcg_at_10_diff1": 0.714122,
        "nauc_ndcg_at_20_max": 0.624894,
        "nauc_ndcg_at_20_std": 0.267253,
        "nauc_ndcg_at_20_diff1": 0.72219,
        "nauc_ndcg_at_100_max": 0.621546,
        "nauc_ndcg_at_100_std": 0.252115,
        "nauc_ndcg_at_100_diff1": 0.719503,
        "nauc_ndcg_at_1000_max": 0.621546,
        "nauc_ndcg_at_1000_std": 0.252115,
        "nauc_ndcg_at_1000_diff1": 0.719503,
        "nauc_map_at_1_max": 0.565801,
        "nauc_map_at_1_std": 0.178408,
        "nauc_map_at_1_diff1": 0.768526,
        "nauc_map_at_3_max": 0.622485,
        "nauc_map_at_3_std": 0.230293,
        "nauc_map_at_3_diff1": 0.716605,
        "nauc_map_at_5_max": 0.620321,
        "nauc_map_at_5_std": 0.248617,
        "nauc_map_at_5_diff1": 0.714429,
        "nauc_map_at_10_max": 0.618834,
        "nauc_map_at_10_std": 0.247494,
        "nauc_map_at_10_diff1": 0.722886,
        "nauc_map_at_20_max": 0.616163,
        "nauc_map_at_20_std": 0.243426,
        "nauc_map_at_20_diff1": 0.724603,
        "nauc_map_at_100_max": 0.61574,
        "nauc_map_at_100_std": 0.241479,
        "nauc_map_at_100_diff1": 0.724271,
        "nauc_map_at_1000_max": 0.61574,
        "nauc_map_at_1000_std": 0.241479,
        "nauc_map_at_1000_diff1": 0.724271,
        "nauc_recall_at_1_max": 0.565801,
        "nauc_recall_at_1_std": 0.178408,
        "nauc_recall_at_1_diff1": 0.768526,
        "nauc_recall_at_3_max": 0.714728,
        "nauc_recall_at_3_std": 0.300451,
        "nauc_recall_at_3_diff1": 0.61659,
        "nauc_recall_at_5_max": 0.73588,
        "nauc_recall_at_5_std": 0.486871,
        "nauc_recall_at_5_diff1": 0.549545,
        "nauc_recall_at_10_max": 0.830648,
        "nauc_recall_at_10_std": 0.71788,
        "nauc_recall_at_10_diff1": 0.655546,
        "nauc_recall_at_20_max": 0.753523,
        "nauc_recall_at_20_std": 0.839593,
        "nauc_recall_at_20_diff1": 0.823097,
        "nauc_recall_at_100_max": NaN,
        "nauc_recall_at_100_std": NaN,
        "nauc_recall_at_100_diff1": NaN,
        "nauc_recall_at_1000_max": NaN,
        "nauc_recall_at_1000_std": NaN,
        "nauc_recall_at_1000_diff1": NaN,
        "nauc_precision_at_1_max": 0.565801,
        "nauc_precision_at_1_std": 0.178408,
        "nauc_precision_at_1_diff1": 0.768526,
        "nauc_precision_at_3_max": 0.714728,
        "nauc_precision_at_3_std": 0.300451,
        "nauc_precision_at_3_diff1": 0.61659,
        "nauc_precision_at_5_max": 0.73588,
        "nauc_precision_at_5_std": 0.486871,
        "nauc_precision_at_5_diff1": 0.549545,
        "nauc_precision_at_10_max": 0.830648,
        "nauc_precision_at_10_std": 0.71788,
        "nauc_precision_at_10_diff1": 0.655546,
        "nauc_precision_at_20_max": 0.753523,
        "nauc_precision_at_20_std": 0.839593,
        "nauc_precision_at_20_diff1": 0.823097,
        "nauc_precision_at_100_max": 1.0,
        "nauc_precision_at_100_std": 1.0,
        "nauc_precision_at_100_diff1": 1.0,
        "nauc_precision_at_1000_max": 1.0,
        "nauc_precision_at_1000_std": 1.0,
        "nauc_precision_at_1000_diff1": 1.0,
        "nauc_mrr_at_1_max": 0.565801,
        "nauc_mrr_at_1_std": 0.178408,
        "nauc_mrr_at_1_diff1": 0.768526,
        "nauc_mrr_at_3_max": 0.622485,
        "nauc_mrr_at_3_std": 0.230293,
        "nauc_mrr_at_3_diff1": 0.716605,
        "nauc_mrr_at_5_max": 0.620321,
        "nauc_mrr_at_5_std": 0.248617,
        "nauc_mrr_at_5_diff1": 0.714429,
        "nauc_mrr_at_10_max": 0.618834,
        "nauc_mrr_at_10_std": 0.247494,
        "nauc_mrr_at_10_diff1": 0.722886,
        "nauc_mrr_at_20_max": 0.616163,
        "nauc_mrr_at_20_std": 0.243426,
        "nauc_mrr_at_20_diff1": 0.724603,
        "nauc_mrr_at_100_max": 0.61574,
        "nauc_mrr_at_100_std": 0.241479,
        "nauc_mrr_at_100_diff1": 0.724271,
        "nauc_mrr_at_1000_max": 0.61574,
        "nauc_mrr_at_1000_std": 0.241479,
        "nauc_mrr_at_1000_diff1": 0.724271,
        "main_score": 0.81472,
        "hf_subset": "default",
        "languages": [
          "eng-Latn"
        ]
      }
    ]
  },
  "evaluation_time": 1.5618705749511719,
  "kg_co2_emissions": null
}