{
  "dataset_revision": "48ed7bcb1f50896a0f71461a04b2df0ca84329d9",
  "task_name": "contractual-clause-retrieval",
  "mteb_version": "1.39.7",
  "scores": {
    "test": [
      {
        "ndcg_at_1": 0.64444,
        "ndcg_at_3": 0.62693,
        "ndcg_at_5": 0.67268,
        "ndcg_at_10": 0.72087,
        "ndcg_at_20": 0.75253,
        "ndcg_at_100": 0.76576,
        "ndcg_at_1000": 0.76576,
        "map_at_1": 0.32222,
        "map_at_3": 0.57593,
        "map_at_5": 0.61315,
        "map_at_10": 0.63978,
        "map_at_20": 0.65281,
        "map_at_100": 0.65613,
        "map_at_1000": 0.65613,
        "recall_at_1": 0.32222,
        "recall_at_3": 0.63333,
        "recall_at_5": 0.72222,
        "recall_at_10": 0.84444,
        "recall_at_20": 0.94444,
        "recall_at_100": 1.0,
        "recall_at_1000": 1.0,
        "precision_at_1": 0.64444,
        "precision_at_3": 0.42222,
        "precision_at_5": 0.28889,
        "precision_at_10": 0.16889,
        "precision_at_20": 0.09444,
        "precision_at_100": 0.02,
        "precision_at_1000": 0.002,
        "mrr_at_1": 0.644444,
        "mrr_at_3": 0.722222,
        "mrr_at_5": 0.732222,
        "mrr_at_10": 0.743395,
        "mrr_at_20": 0.746834,
        "mrr_at_100": 0.746834,
        "mrr_at_1000": 0.746834,
        "nauc_ndcg_at_1_max": 0.569123,
        "nauc_ndcg_at_1_std": 0.011558,
        "nauc_ndcg_at_1_diff1": 0.534758,
        "nauc_ndcg_at_3_max": 0.463968,
        "nauc_ndcg_at_3_std": 0.158014,
        "nauc_ndcg_at_3_diff1": 0.276791,
        "nauc_ndcg_at_5_max": 0.536615,
        "nauc_ndcg_at_5_std": 0.135773,
        "nauc_ndcg_at_5_diff1": 0.334004,
        "nauc_ndcg_at_10_max": 0.526136,
        "nauc_ndcg_at_10_std": 0.165232,
        "nauc_ndcg_at_10_diff1": 0.327777,
        "nauc_ndcg_at_20_max": 0.516864,
        "nauc_ndcg_at_20_std": 0.126249,
        "nauc_ndcg_at_20_diff1": 0.33169,
        "nauc_ndcg_at_100_max": 0.524242,
        "nauc_ndcg_at_100_std": 0.125884,
        "nauc_ndcg_at_100_diff1": 0.348679,
        "nauc_ndcg_at_1000_max": 0.524242,
        "nauc_ndcg_at_1000_std": 0.125884,
        "nauc_ndcg_at_1000_diff1": 0.348679,
        "nauc_map_at_1_max": 0.569123,
        "nauc_map_at_1_std": 0.011558,
        "nauc_map_at_1_diff1": 0.534758,
        "nauc_map_at_3_max": 0.455766,
        "nauc_map_at_3_std": 0.160592,
        "nauc_map_at_3_diff1": 0.238949,
        "nauc_map_at_5_max": 0.517269,
        "nauc_map_at_5_std": 0.146279,
        "nauc_map_at_5_diff1": 0.283076,
        "nauc_map_at_10_max": 0.517804,
        "nauc_map_at_10_std": 0.171109,
        "nauc_map_at_10_diff1": 0.283014,
        "nauc_map_at_20_max": 0.512383,
        "nauc_map_at_20_std": 0.155411,
        "nauc_map_at_20_diff1": 0.282985,
        "nauc_map_at_100_max": 0.515053,
        "nauc_map_at_100_std": 0.155549,
        "nauc_map_at_100_diff1": 0.286686,
        "nauc_map_at_1000_max": 0.515053,
        "nauc_map_at_1000_std": 0.155549,
        "nauc_map_at_1000_diff1": 0.286686,
        "nauc_recall_at_1_max": 0.569123,
        "nauc_recall_at_1_std": 0.011558,
        "nauc_recall_at_1_diff1": 0.534758,
        "nauc_recall_at_3_max": 0.431012,
        "nauc_recall_at_3_std": 0.225554,
        "nauc_recall_at_3_diff1": 0.18615,
        "nauc_recall_at_5_max": 0.570448,
        "nauc_recall_at_5_std": 0.182999,
        "nauc_recall_at_5_diff1": 0.288149,
        "nauc_recall_at_10_max": 0.517845,
        "nauc_recall_at_10_std": 0.318231,
        "nauc_recall_at_10_diff1": 0.223162,
        "nauc_recall_at_20_max": 0.41057,
        "nauc_recall_at_20_std": 0.113816,
        "nauc_recall_at_20_diff1": 0.105799,
        "nauc_recall_at_100_max": NaN,
        "nauc_recall_at_100_std": NaN,
        "nauc_recall_at_100_diff1": NaN,
        "nauc_recall_at_1000_max": NaN,
        "nauc_recall_at_1000_std": NaN,
        "nauc_recall_at_1000_diff1": NaN,
        "nauc_precision_at_1_max": 0.569123,
        "nauc_precision_at_1_std": 0.011558,
        "nauc_precision_at_1_diff1": 0.534758,
        "nauc_precision_at_3_max": 0.431012,
        "nauc_precision_at_3_std": 0.225554,
        "nauc_precision_at_3_diff1": 0.18615,
        "nauc_precision_at_5_max": 0.570448,
        "nauc_precision_at_5_std": 0.182999,
        "nauc_precision_at_5_diff1": 0.288149,
        "nauc_precision_at_10_max": 0.517845,
        "nauc_precision_at_10_std": 0.318231,
        "nauc_precision_at_10_diff1": 0.223162,
        "nauc_precision_at_20_max": 0.41057,
        "nauc_precision_at_20_std": 0.113816,
        "nauc_precision_at_20_diff1": 0.105799,
        "nauc_precision_at_100_max": 1.0,
        "nauc_precision_at_100_std": 1.0,
        "nauc_precision_at_100_diff1": 1.0,
        "nauc_precision_at_1000_max": NaN,
        "nauc_precision_at_1000_std": NaN,
        "nauc_precision_at_1000_diff1": NaN,
        "nauc_mrr_at_1_max": 0.569123,
        "nauc_mrr_at_1_std": 0.011558,
        "nauc_mrr_at_1_diff1": 0.534758,
        "nauc_mrr_at_3_max": 0.536286,
        "nauc_mrr_at_3_std": 0.050589,
        "nauc_mrr_at_3_diff1": 0.511706,
        "nauc_mrr_at_5_max": 0.541347,
        "nauc_mrr_at_5_std": 0.03964,
        "nauc_mrr_at_5_diff1": 0.52825,
        "nauc_mrr_at_10_max": 0.52764,
        "nauc_mrr_at_10_std": 0.01803,
        "nauc_mrr_at_10_diff1": 0.519657,
        "nauc_mrr_at_20_max": 0.535701,
        "nauc_mrr_at_20_std": 0.024013,
        "nauc_mrr_at_20_diff1": 0.524251,
        "nauc_mrr_at_100_max": 0.535701,
        "nauc_mrr_at_100_std": 0.024013,
        "nauc_mrr_at_100_diff1": 0.524251,
        "nauc_mrr_at_1000_max": 0.535701,
        "nauc_mrr_at_1000_std": 0.024013,
        "nauc_mrr_at_1000_diff1": 0.524251,
        "main_score": 0.72087,
        "hf_subset": "default",
        "languages": [
          "eng-Latn"
        ]
      }
    ]
  },
  "evaluation_time": 0.8102641105651855,
  "kg_co2_emissions": null
}