{
  "dataset_revision": "f5452494f09a6d51c37b56883a65ef742ac07c99",
  "task_name": "echr-retrieval",
  "mteb_version": "1.39.7",
  "scores": {
    "test": [
      {
        "ndcg_at_1": 0.065,
        "ndcg_at_3": 0.08827,
        "ndcg_at_5": 0.10203,
        "ndcg_at_10": 0.12141,
        "ndcg_at_20": 0.14684,
        "ndcg_at_100": 0.2215,
        "ndcg_at_1000": 0.26095,
        "map_at_1": 0.065,
        "map_at_3": 0.0825,
        "map_at_5": 0.08975,
        "map_at_10": 0.09773,
        "map_at_20": 0.10478,
        "map_at_100": 0.11401,
        "map_at_1000": 0.1161,
        "recall_at_1": 0.065,
        "recall_at_3": 0.105,
        "recall_at_5": 0.14,
        "recall_at_10": 0.2,
        "recall_at_20": 0.3,
        "recall_at_100": 0.72,
        "recall_at_1000": 1.0,
        "precision_at_1": 0.065,
        "precision_at_3": 0.035,
        "precision_at_5": 0.028,
        "precision_at_10": 0.02,
        "precision_at_20": 0.015,
        "precision_at_100": 0.0072,
        "precision_at_1000": 0.001,
        "mrr_at_1": 0.065,
        "mrr_at_3": 0.0825,
        "mrr_at_5": 0.08975,
        "mrr_at_10": 0.097734,
        "mrr_at_20": 0.104783,
        "mrr_at_100": 0.114013,
        "mrr_at_1000": 0.116097,
        "nauc_ndcg_at_1_max": 0.315556,
        "nauc_ndcg_at_1_std": 0.134631,
        "nauc_ndcg_at_1_diff1": 0.349033,
        "nauc_ndcg_at_3_max": 0.343439,
        "nauc_ndcg_at_3_std": 0.197605,
        "nauc_ndcg_at_3_diff1": 0.25497,
        "nauc_ndcg_at_5_max": 0.334178,
        "nauc_ndcg_at_5_std": 0.203292,
        "nauc_ndcg_at_5_diff1": 0.214935,
        "nauc_ndcg_at_10_max": 0.357302,
        "nauc_ndcg_at_10_std": 0.234709,
        "nauc_ndcg_at_10_diff1": 0.181431,
        "nauc_ndcg_at_20_max": 0.343013,
        "nauc_ndcg_at_20_std": 0.235159,
        "nauc_ndcg_at_20_diff1": 0.148997,
        "nauc_ndcg_at_100_max": 0.328163,
        "nauc_ndcg_at_100_std": 0.232246,
        "nauc_ndcg_at_100_diff1": 0.174509,
        "nauc_ndcg_at_1000_max": 0.335032,
        "nauc_ndcg_at_1000_std": 0.220879,
        "nauc_ndcg_at_1000_diff1": 0.184161,
        "nauc_map_at_1_max": 0.315556,
        "nauc_map_at_1_std": 0.134631,
        "nauc_map_at_1_diff1": 0.349033,
        "nauc_map_at_3_max": 0.338499,
        "nauc_map_at_3_std": 0.18821,
        "nauc_map_at_3_diff1": 0.273743,
        "nauc_map_at_5_max": 0.334661,
        "nauc_map_at_5_std": 0.192839,
        "nauc_map_at_5_diff1": 0.2489,
        "nauc_map_at_10_max": 0.345931,
        "nauc_map_at_10_std": 0.209048,
        "nauc_map_at_10_diff1": 0.229009,
        "nauc_map_at_20_max": 0.340046,
        "nauc_map_at_20_std": 0.209897,
        "nauc_map_at_20_diff1": 0.214825,
        "nauc_map_at_100_max": 0.335154,
        "nauc_map_at_100_std": 0.208002,
        "nauc_map_at_100_diff1": 0.216576,
        "nauc_map_at_1000_max": 0.335993,
        "nauc_map_at_1000_std": 0.207264,
        "nauc_map_at_1000_diff1": 0.217523,
        "nauc_recall_at_1_max": 0.315556,
        "nauc_recall_at_1_std": 0.134631,
        "nauc_recall_at_1_diff1": 0.349033,
        "nauc_recall_at_3_max": 0.354617,
        "nauc_recall_at_3_std": 0.21824,
        "nauc_recall_at_3_diff1": 0.211747,
        "nauc_recall_at_5_max": 0.330837,
        "nauc_recall_at_5_std": 0.223302,
        "nauc_recall_at_5_diff1": 0.142857,
        "nauc_recall_at_10_max": 0.378649,
        "nauc_recall_at_10_std": 0.281531,
        "nauc_recall_at_10_diff1": 0.096545,
        "nauc_recall_at_20_max": 0.346568,
        "nauc_recall_at_20_std": 0.274889,
        "nauc_recall_at_20_diff1": 0.041244,
        "nauc_recall_at_100_max": 0.306939,
        "nauc_recall_at_100_std": 0.285419,
        "nauc_recall_at_100_diff1": 0.130647,
        "nauc_recall_at_1000_max": NaN,
        "nauc_recall_at_1000_std": NaN,
        "nauc_recall_at_1000_diff1": NaN,
        "nauc_precision_at_1_max": 0.315556,
        "nauc_precision_at_1_std": 0.134631,
        "nauc_precision_at_1_diff1": 0.349033,
        "nauc_precision_at_3_max": 0.354617,
        "nauc_precision_at_3_std": 0.21824,
        "nauc_precision_at_3_diff1": 0.211747,
        "nauc_precision_at_5_max": 0.330837,
        "nauc_precision_at_5_std": 0.223302,
        "nauc_precision_at_5_diff1": 0.142857,
        "nauc_precision_at_10_max": 0.378649,
        "nauc_precision_at_10_std": 0.281531,
        "nauc_precision_at_10_diff1": 0.096545,
        "nauc_precision_at_20_max": 0.346568,
        "nauc_precision_at_20_std": 0.274889,
        "nauc_precision_at_20_diff1": 0.041244,
        "nauc_precision_at_100_max": 0.306939,
        "nauc_precision_at_100_std": 0.285419,
        "nauc_precision_at_100_diff1": 0.130647,
        "nauc_precision_at_1000_max": 1.0,
        "nauc_precision_at_1000_std": 1.0,
        "nauc_precision_at_1000_diff1": 1.0,
        "nauc_mrr_at_1_max": 0.315556,
        "nauc_mrr_at_1_std": 0.134631,
        "nauc_mrr_at_1_diff1": 0.349033,
        "nauc_mrr_at_3_max": 0.338499,
        "nauc_mrr_at_3_std": 0.18821,
        "nauc_mrr_at_3_diff1": 0.273743,
        "nauc_mrr_at_5_max": 0.334661,
        "nauc_mrr_at_5_std": 0.192839,
        "nauc_mrr_at_5_diff1": 0.2489,
        "nauc_mrr_at_10_max": 0.345931,
        "nauc_mrr_at_10_std": 0.209048,
        "nauc_mrr_at_10_diff1": 0.229009,
        "nauc_mrr_at_20_max": 0.340046,
        "nauc_mrr_at_20_std": 0.209897,
        "nauc_mrr_at_20_diff1": 0.214825,
        "nauc_mrr_at_100_max": 0.335154,
        "nauc_mrr_at_100_std": 0.208002,
        "nauc_mrr_at_100_diff1": 0.216576,
        "nauc_mrr_at_1000_max": 0.335993,
        "nauc_mrr_at_1000_std": 0.207264,
        "nauc_mrr_at_1000_diff1": 0.217523,
        "main_score": 0.12141,
        "hf_subset": "default",
        "languages": [
          "eng-Latn"
        ]
      }
    ]
  },
  "evaluation_time": 4.693806171417236,
  "kg_co2_emissions": null
}