{
  "dataset_revision": "8d41f3d22bb73685b6f42b62ad95940ea3dfbf84",
  "task_name": "gdpr-holdings-retrieval",
  "mteb_version": "1.39.7",
  "scores": {
    "test": [
      {
        "ndcg_at_1": 0.736,
        "ndcg_at_3": 0.81252,
        "ndcg_at_5": 0.82819,
        "ndcg_at_10": 0.83671,
        "ndcg_at_20": 0.84342,
        "ndcg_at_100": 0.84672,
        "ndcg_at_1000": 0.85033,
        "map_at_1": 0.736,
        "map_at_3": 0.794,
        "map_at_5": 0.8027,
        "map_at_10": 0.80629,
        "map_at_20": 0.80819,
        "map_at_100": 0.80863,
        "map_at_1000": 0.80882,
        "recall_at_1": 0.736,
        "recall_at_3": 0.866,
        "recall_at_5": 0.904,
        "recall_at_10": 0.93,
        "recall_at_20": 0.956,
        "recall_at_100": 0.974,
        "recall_at_1000": 1.0,
        "precision_at_1": 0.736,
        "precision_at_3": 0.28867,
        "precision_at_5": 0.1808,
        "precision_at_10": 0.093,
        "precision_at_20": 0.0478,
        "precision_at_100": 0.00974,
        "precision_at_1000": 0.001,
        "mrr_at_1": 0.736,
        "mrr_at_3": 0.794,
        "mrr_at_5": 0.8027,
        "mrr_at_10": 0.806294,
        "mrr_at_20": 0.808194,
        "mrr_at_100": 0.808632,
        "mrr_at_1000": 0.808818,
        "nauc_ndcg_at_1_max": 0.556187,
        "nauc_ndcg_at_1_std": -0.261401,
        "nauc_ndcg_at_1_diff1": 0.832101,
        "nauc_ndcg_at_3_max": 0.613711,
        "nauc_ndcg_at_3_std": -0.207231,
        "nauc_ndcg_at_3_diff1": 0.788282,
        "nauc_ndcg_at_5_max": 0.611775,
        "nauc_ndcg_at_5_std": -0.211154,
        "nauc_ndcg_at_5_diff1": 0.791822,
        "nauc_ndcg_at_10_max": 0.606525,
        "nauc_ndcg_at_10_std": -0.204766,
        "nauc_ndcg_at_10_diff1": 0.793471,
        "nauc_ndcg_at_20_max": 0.600893,
        "nauc_ndcg_at_20_std": -0.211992,
        "nauc_ndcg_at_20_diff1": 0.796297,
        "nauc_ndcg_at_100_max": 0.599421,
        "nauc_ndcg_at_100_std": -0.215425,
        "nauc_ndcg_at_100_diff1": 0.79712,
        "nauc_ndcg_at_1000_max": 0.597462,
        "nauc_ndcg_at_1000_std": -0.220142,
        "nauc_ndcg_at_1000_diff1": 0.80072,
        "nauc_map_at_1_max": 0.556187,
        "nauc_map_at_1_std": -0.261401,
        "nauc_map_at_1_diff1": 0.832101,
        "nauc_map_at_3_max": 0.596963,
        "nauc_map_at_3_std": -0.226106,
        "nauc_map_at_3_diff1": 0.800781,
        "nauc_map_at_5_max": 0.59506,
        "nauc_map_at_5_std": -0.229746,
        "nauc_map_at_5_diff1": 0.80299,
        "nauc_map_at_10_max": 0.592817,
        "nauc_map_at_10_std": -0.227905,
        "nauc_map_at_10_diff1": 0.803949,
        "nauc_map_at_20_max": 0.591315,
        "nauc_map_at_20_std": -0.229707,
        "nauc_map_at_20_diff1": 0.804773,
        "nauc_map_at_100_max": 0.591255,
        "nauc_map_at_100_std": -0.229936,
        "nauc_map_at_100_diff1": 0.804981,
        "nauc_map_at_1000_max": 0.591228,
        "nauc_map_at_1000_std": -0.230028,
        "nauc_map_at_1000_diff1": 0.805167,
        "nauc_recall_at_1_max": 0.556187,
        "nauc_recall_at_1_std": -0.261401,
        "nauc_recall_at_1_diff1": 0.832101,
        "nauc_recall_at_3_max": 0.683332,
        "nauc_recall_at_3_std": -0.126858,
        "nauc_recall_at_3_diff1": 0.736483,
        "nauc_recall_at_5_max": 0.701758,
        "nauc_recall_at_5_std": -0.107435,
        "nauc_recall_at_5_diff1": 0.733047,
        "nauc_recall_at_10_max": 0.701,
        "nauc_recall_at_10_std": -0.025837,
        "nauc_recall_at_10_diff1": 0.720195,
        "nauc_recall_at_20_max": 0.68672,
        "nauc_recall_at_20_std": -0.015067,
        "nauc_recall_at_20_diff1": 0.71123,
        "nauc_recall_at_100_max": 0.690117,
        "nauc_recall_at_100_std": -0.003843,
        "nauc_recall_at_100_diff1": 0.669647,
        "nauc_recall_at_1000_max": NaN,
        "nauc_recall_at_1000_std": NaN,
        "nauc_recall_at_1000_diff1": NaN,
        "nauc_precision_at_1_max": 0.556187,
        "nauc_precision_at_1_std": -0.261401,
        "nauc_precision_at_1_diff1": 0.832101,
        "nauc_precision_at_3_max": 0.683332,
        "nauc_precision_at_3_std": -0.126858,
        "nauc_precision_at_3_diff1": 0.736483,
        "nauc_precision_at_5_max": 0.701758,
        "nauc_precision_at_5_std": -0.107435,
        "nauc_precision_at_5_diff1": 0.733047,
        "nauc_precision_at_10_max": 0.701,
        "nauc_precision_at_10_std": -0.025837,
        "nauc_precision_at_10_diff1": 0.720195,
        "nauc_precision_at_20_max": 0.68672,
        "nauc_precision_at_20_std": -0.015067,
        "nauc_precision_at_20_diff1": 0.71123,
        "nauc_precision_at_100_max": 0.690117,
        "nauc_precision_at_100_std": -0.003843,
        "nauc_precision_at_100_diff1": 0.669647,
        "nauc_precision_at_1000_max": 1.0,
        "nauc_precision_at_1000_std": 1.0,
        "nauc_precision_at_1000_diff1": 1.0,
        "nauc_mrr_at_1_max": 0.556187,
        "nauc_mrr_at_1_std": -0.261401,
        "nauc_mrr_at_1_diff1": 0.832101,
        "nauc_mrr_at_3_max": 0.596963,
        "nauc_mrr_at_3_std": -0.226106,
        "nauc_mrr_at_3_diff1": 0.800781,
        "nauc_mrr_at_5_max": 0.59506,
        "nauc_mrr_at_5_std": -0.229746,
        "nauc_mrr_at_5_diff1": 0.80299,
        "nauc_mrr_at_10_max": 0.592817,
        "nauc_mrr_at_10_std": -0.227905,
        "nauc_mrr_at_10_diff1": 0.803949,
        "nauc_mrr_at_20_max": 0.591315,
        "nauc_mrr_at_20_std": -0.229707,
        "nauc_mrr_at_20_diff1": 0.804773,
        "nauc_mrr_at_100_max": 0.591255,
        "nauc_mrr_at_100_std": -0.229936,
        "nauc_mrr_at_100_diff1": 0.804981,
        "nauc_mrr_at_1000_max": 0.591228,
        "nauc_mrr_at_1000_std": -0.230028,
        "nauc_mrr_at_1000_diff1": 0.805167,
        "main_score": 0.83671,
        "hf_subset": "default",
        "languages": [
          "eng-Latn"
        ]
      }
    ]
  },
  "evaluation_time": 5.495477676391602,
  "kg_co2_emissions": null
}