{
  "dataset_revision": "bbf8b2d84b7de5970b2ba4ea843c791285fdb1df",
  "task_name": "irish-legislative-summaries",
  "mteb_version": "1.39.7",
  "scores": {
    "test": [
      {
        "ndcg_at_1": 0.672,
        "ndcg_at_3": 0.74952,
        "ndcg_at_5": 0.77104,
        "ndcg_at_10": 0.78496,
        "ndcg_at_20": 0.79303,
        "ndcg_at_100": 0.80278,
        "ndcg_at_1000": 0.80487,
        "map_at_1": 0.672,
        "map_at_3": 0.73067,
        "map_at_5": 0.74267,
        "map_at_10": 0.74824,
        "map_at_20": 0.75044,
        "map_at_100": 0.75183,
        "map_at_1000": 0.75191,
        "recall_at_1": 0.672,
        "recall_at_3": 0.804,
        "recall_at_5": 0.856,
        "recall_at_10": 0.9,
        "recall_at_20": 0.932,
        "recall_at_100": 0.984,
        "recall_at_1000": 1.0,
        "precision_at_1": 0.672,
        "precision_at_3": 0.268,
        "precision_at_5": 0.1712,
        "precision_at_10": 0.09,
        "precision_at_20": 0.0466,
        "precision_at_100": 0.00984,
        "precision_at_1000": 0.001,
        "mrr_at_1": 0.672,
        "mrr_at_3": 0.730667,
        "mrr_at_5": 0.742667,
        "mrr_at_10": 0.748238,
        "mrr_at_20": 0.750441,
        "mrr_at_100": 0.751831,
        "mrr_at_1000": 0.751912,
        "nauc_ndcg_at_1_max": 0.647759,
        "nauc_ndcg_at_1_std": 0.064062,
        "nauc_ndcg_at_1_diff1": 0.781329,
        "nauc_ndcg_at_3_max": 0.675213,
        "nauc_ndcg_at_3_std": 0.038876,
        "nauc_ndcg_at_3_diff1": 0.754484,
        "nauc_ndcg_at_5_max": 0.68573,
        "nauc_ndcg_at_5_std": 0.056938,
        "nauc_ndcg_at_5_diff1": 0.755741,
        "nauc_ndcg_at_10_max": 0.684371,
        "nauc_ndcg_at_10_std": 0.062477,
        "nauc_ndcg_at_10_diff1": 0.75896,
        "nauc_ndcg_at_20_max": 0.681612,
        "nauc_ndcg_at_20_std": 0.061174,
        "nauc_ndcg_at_20_diff1": 0.755681,
        "nauc_ndcg_at_100_max": 0.679791,
        "nauc_ndcg_at_100_std": 0.061954,
        "nauc_ndcg_at_100_diff1": 0.760013,
        "nauc_ndcg_at_1000_max": 0.676672,
        "nauc_ndcg_at_1000_std": 0.058337,
        "nauc_ndcg_at_1000_diff1": 0.760455,
        "nauc_map_at_1_max": 0.647759,
        "nauc_map_at_1_std": 0.064062,
        "nauc_map_at_1_diff1": 0.781329,
        "nauc_map_at_3_max": 0.66865,
        "nauc_map_at_3_std": 0.044618,
        "nauc_map_at_3_diff1": 0.761322,
        "nauc_map_at_5_max": 0.673669,
        "nauc_map_at_5_std": 0.054352,
        "nauc_map_at_5_diff1": 0.762324,
        "nauc_map_at_10_max": 0.673278,
        "nauc_map_at_10_std": 0.055205,
        "nauc_map_at_10_diff1": 0.763741,
        "nauc_map_at_20_max": 0.672319,
        "nauc_map_at_20_std": 0.054819,
        "nauc_map_at_20_diff1": 0.763045,
        "nauc_map_at_100_max": 0.671957,
        "nauc_map_at_100_std": 0.055168,
        "nauc_map_at_100_diff1": 0.763446,
        "nauc_map_at_1000_max": 0.671855,
        "nauc_map_at_1000_std": 0.055088,
        "nauc_map_at_1000_diff1": 0.763459,
        "nauc_recall_at_1_max": 0.647759,
        "nauc_recall_at_1_std": 0.064062,
        "nauc_recall_at_1_diff1": 0.781329,
        "nauc_recall_at_3_max": 0.698788,
        "nauc_recall_at_3_std": 0.018425,
        "nauc_recall_at_3_diff1": 0.729657,
        "nauc_recall_at_5_max": 0.743624,
        "nauc_recall_at_5_std": 0.073333,
        "nauc_recall_at_5_diff1": 0.725666,
        "nauc_recall_at_10_max": 0.753567,
        "nauc_recall_at_10_std": 0.124613,
        "nauc_recall_at_10_diff1": 0.731867,
        "nauc_recall_at_20_max": 0.761699,
        "nauc_recall_at_20_std": 0.13996,
        "nauc_recall_at_20_diff1": 0.683954,
        "nauc_recall_at_100_max": 0.932598,
        "nauc_recall_at_100_std": 0.377743,
        "nauc_recall_at_100_diff1": 0.722514,
        "nauc_recall_at_1000_max": NaN,
        "nauc_recall_at_1000_std": NaN,
        "nauc_recall_at_1000_diff1": NaN,
        "nauc_precision_at_1_max": 0.647759,
        "nauc_precision_at_1_std": 0.064062,
        "nauc_precision_at_1_diff1": 0.781329,
        "nauc_precision_at_3_max": 0.698788,
        "nauc_precision_at_3_std": 0.018425,
        "nauc_precision_at_3_diff1": 0.729657,
        "nauc_precision_at_5_max": 0.743624,
        "nauc_precision_at_5_std": 0.073333,
        "nauc_precision_at_5_diff1": 0.725666,
        "nauc_precision_at_10_max": 0.753567,
        "nauc_precision_at_10_std": 0.124613,
        "nauc_precision_at_10_diff1": 0.731867,
        "nauc_precision_at_20_max": 0.761699,
        "nauc_precision_at_20_std": 0.13996,
        "nauc_precision_at_20_diff1": 0.683954,
        "nauc_precision_at_100_max": 0.932598,
        "nauc_precision_at_100_std": 0.377743,
        "nauc_precision_at_100_diff1": 0.722514,
        "nauc_precision_at_1000_max": 1.0,
        "nauc_precision_at_1000_std": 1.0,
        "nauc_precision_at_1000_diff1": 1.0,
        "nauc_mrr_at_1_max": 0.647759,
        "nauc_mrr_at_1_std": 0.064062,
        "nauc_mrr_at_1_diff1": 0.781329,
        "nauc_mrr_at_3_max": 0.66865,
        "nauc_mrr_at_3_std": 0.044618,
        "nauc_mrr_at_3_diff1": 0.761322,
        "nauc_mrr_at_5_max": 0.673669,
        "nauc_mrr_at_5_std": 0.054352,
        "nauc_mrr_at_5_diff1": 0.762324,
        "nauc_mrr_at_10_max": 0.673278,
        "nauc_mrr_at_10_std": 0.055205,
        "nauc_mrr_at_10_diff1": 0.763741,
        "nauc_mrr_at_20_max": 0.672319,
        "nauc_mrr_at_20_std": 0.054819,
        "nauc_mrr_at_20_diff1": 0.763045,
        "nauc_mrr_at_100_max": 0.671957,
        "nauc_mrr_at_100_std": 0.055168,
        "nauc_mrr_at_100_diff1": 0.763446,
        "nauc_mrr_at_1000_max": 0.671855,
        "nauc_mrr_at_1000_std": 0.055088,
        "nauc_mrr_at_1000_diff1": 0.763459,
        "main_score": 0.78496,
        "hf_subset": "default",
        "languages": [
          "eng-Latn"
        ]
      }
    ]
  },
  "evaluation_time": 10.109233617782593,
  "kg_co2_emissions": null
}