{
  "dataset_revision": "ca0f1732432ad623ba6172b15e8c726b76e50fad",
  "task_name": "legal-rag-bench",
  "mteb_version": "1.39.7",
  "scores": {
    "test": [
      {
        "ndcg_at_1": 0.17,
        "ndcg_at_3": 0.23547,
        "ndcg_at_5": 0.26949,
        "ndcg_at_10": 0.30139,
        "ndcg_at_20": 0.32218,
        "ndcg_at_100": 0.37631,
        "ndcg_at_1000": 0.39533,
        "map_at_1": 0.17,
        "map_at_3": 0.22,
        "map_at_5": 0.2395,
        "map_at_10": 0.25241,
        "map_at_20": 0.25843,
        "map_at_100": 0.26606,
        "map_at_1000": 0.26677,
        "recall_at_1": 0.17,
        "recall_at_3": 0.28,
        "recall_at_5": 0.36,
        "recall_at_10": 0.46,
        "recall_at_20": 0.54,
        "recall_at_100": 0.83,
        "recall_at_1000": 0.98,
        "precision_at_1": 0.17,
        "precision_at_3": 0.09333,
        "precision_at_5": 0.072,
        "precision_at_10": 0.046,
        "precision_at_20": 0.027,
        "precision_at_100": 0.0083,
        "precision_at_1000": 0.00098,
        "mrr_at_1": 0.17,
        "mrr_at_3": 0.22,
        "mrr_at_5": 0.2395,
        "mrr_at_10": 0.252413,
        "mrr_at_20": 0.258427,
        "mrr_at_100": 0.266059,
        "mrr_at_1000": 0.266765,
        "nauc_ndcg_at_1_max": 0.240525,
        "nauc_ndcg_at_1_std": 0.033426,
        "nauc_ndcg_at_1_diff1": 0.165515,
        "nauc_ndcg_at_3_max": 0.283889,
        "nauc_ndcg_at_3_std": 0.087417,
        "nauc_ndcg_at_3_diff1": 0.162138,
        "nauc_ndcg_at_5_max": 0.269989,
        "nauc_ndcg_at_5_std": 0.141759,
        "nauc_ndcg_at_5_diff1": 0.179755,
        "nauc_ndcg_at_10_max": 0.243911,
        "nauc_ndcg_at_10_std": 0.171789,
        "nauc_ndcg_at_10_diff1": 0.159201,
        "nauc_ndcg_at_20_max": 0.281568,
        "nauc_ndcg_at_20_std": 0.195149,
        "nauc_ndcg_at_20_diff1": 0.177258,
        "nauc_ndcg_at_100_max": 0.299417,
        "nauc_ndcg_at_100_std": 0.180035,
        "nauc_ndcg_at_100_diff1": 0.191631,
        "nauc_ndcg_at_1000_max": 0.279106,
        "nauc_ndcg_at_1000_std": 0.167703,
        "nauc_ndcg_at_1000_diff1": 0.168692,
        "nauc_map_at_1_max": 0.240525,
        "nauc_map_at_1_std": 0.033426,
        "nauc_map_at_1_diff1": 0.165515,
        "nauc_map_at_3_max": 0.273293,
        "nauc_map_at_3_std": 0.07634,
        "nauc_map_at_3_diff1": 0.164209,
        "nauc_map_at_5_max": 0.264096,
        "nauc_map_at_5_std": 0.11014,
        "nauc_map_at_5_diff1": 0.173496,
        "nauc_map_at_10_max": 0.25418,
        "nauc_map_at_10_std": 0.125016,
        "nauc_map_at_10_diff1": 0.163141,
        "nauc_map_at_20_max": 0.264202,
        "nauc_map_at_20_std": 0.131579,
        "nauc_map_at_20_diff1": 0.168587,
        "nauc_map_at_100_max": 0.265028,
        "nauc_map_at_100_std": 0.128957,
        "nauc_map_at_100_diff1": 0.16965,
        "nauc_map_at_1000_max": 0.264365,
        "nauc_map_at_1000_std": 0.12862,
        "nauc_map_at_1000_diff1": 0.168849,
        "nauc_recall_at_1_max": 0.240525,
        "nauc_recall_at_1_std": 0.033426,
        "nauc_recall_at_1_diff1": 0.165515,
        "nauc_recall_at_3_max": 0.311093,
        "nauc_recall_at_3_std": 0.115202,
        "nauc_recall_at_3_diff1": 0.156433,
        "nauc_recall_at_5_max": 0.284312,
        "nauc_recall_at_5_std": 0.222485,
        "nauc_recall_at_5_diff1": 0.197528,
        "nauc_recall_at_10_max": 0.207616,
        "nauc_recall_at_10_std": 0.296247,
        "nauc_recall_at_10_diff1": 0.148288,
        "nauc_recall_at_20_max": 0.346795,
        "nauc_recall_at_20_std": 0.386666,
        "nauc_recall_at_20_diff1": 0.211136,
        "nauc_recall_at_100_max": 0.610437,
        "nauc_recall_at_100_std": 0.44706,
        "nauc_recall_at_100_diff1": 0.402508,
        "nauc_recall_at_1000_max": 0.679038,
        "nauc_recall_at_1000_std": 0.934641,
        "nauc_recall_at_1000_diff1": -0.435341,
        "nauc_precision_at_1_max": 0.240525,
        "nauc_precision_at_1_std": 0.033426,
        "nauc_precision_at_1_diff1": 0.165515,
        "nauc_precision_at_3_max": 0.311093,
        "nauc_precision_at_3_std": 0.115202,
        "nauc_precision_at_3_diff1": 0.156433,
        "nauc_precision_at_5_max": 0.284312,
        "nauc_precision_at_5_std": 0.222485,
        "nauc_precision_at_5_diff1": 0.197528,
        "nauc_precision_at_10_max": 0.207616,
        "nauc_precision_at_10_std": 0.296247,
        "nauc_precision_at_10_diff1": 0.148288,
        "nauc_precision_at_20_max": 0.346795,
        "nauc_precision_at_20_std": 0.386666,
        "nauc_precision_at_20_diff1": 0.211136,
        "nauc_precision_at_100_max": 0.610437,
        "nauc_precision_at_100_std": 0.44706,
        "nauc_precision_at_100_diff1": 0.402508,
        "nauc_precision_at_1000_max": 0.679038,
        "nauc_precision_at_1000_std": 0.934641,
        "nauc_precision_at_1000_diff1": -0.435341,
        "nauc_mrr_at_1_max": 0.240525,
        "nauc_mrr_at_1_std": 0.033426,
        "nauc_mrr_at_1_diff1": 0.165515,
        "nauc_mrr_at_3_max": 0.273293,
        "nauc_mrr_at_3_std": 0.07634,
        "nauc_mrr_at_3_diff1": 0.164209,
        "nauc_mrr_at_5_max": 0.264096,
        "nauc_mrr_at_5_std": 0.11014,
        "nauc_mrr_at_5_diff1": 0.173496,
        "nauc_mrr_at_10_max": 0.25418,
        "nauc_mrr_at_10_std": 0.125016,
        "nauc_mrr_at_10_diff1": 0.163141,
        "nauc_mrr_at_20_max": 0.264202,
        "nauc_mrr_at_20_std": 0.131579,
        "nauc_mrr_at_20_diff1": 0.168587,
        "nauc_mrr_at_100_max": 0.265028,
        "nauc_mrr_at_100_std": 0.128957,
        "nauc_mrr_at_100_diff1": 0.16965,
        "nauc_mrr_at_1000_max": 0.264365,
        "nauc_mrr_at_1000_std": 0.12862,
        "nauc_mrr_at_1000_diff1": 0.168849,
        "main_score": 0.30139,
        "hf_subset": "default",
        "languages": [
          "eng-Latn"
        ]
      }
    ]
  },
  "evaluation_time": 24.82312297821045,
  "kg_co2_emissions": null
}