{
  "dataset_revision": "ec00129f88e9476e582131dc3a5db9220dfefa48",
  "task_name": "license-tldr-retrieval",
  "mteb_version": "1.39.7",
  "scores": {
    "test": [
      {
        "ndcg_at_1": 0.50769,
        "ndcg_at_3": 0.57161,
        "ndcg_at_5": 0.59676,
        "ndcg_at_10": 0.62756,
        "ndcg_at_20": 0.63561,
        "ndcg_at_100": 0.67394,
        "ndcg_at_1000": 0.67394,
        "map_at_1": 0.50769,
        "map_at_3": 0.55641,
        "map_at_5": 0.57026,
        "map_at_10": 0.58352,
        "map_at_20": 0.58588,
        "map_at_100": 0.59152,
        "map_at_1000": 0.59152,
        "recall_at_1": 0.50769,
        "recall_at_3": 0.61538,
        "recall_at_5": 0.67692,
        "recall_at_10": 0.76923,
        "recall_at_20": 0.8,
        "recall_at_100": 1.0,
        "recall_at_1000": 1.0,
        "precision_at_1": 0.50769,
        "precision_at_3": 0.20513,
        "precision_at_5": 0.13538,
        "precision_at_10": 0.07692,
        "precision_at_20": 0.04,
        "precision_at_100": 0.01,
        "precision_at_1000": 0.001,
        "mrr_at_1": 0.507692,
        "mrr_at_3": 0.55641,
        "mrr_at_5": 0.569487,
        "mrr_at_10": 0.582747,
        "mrr_at_20": 0.585107,
        "mrr_at_100": 0.590751,
        "mrr_at_1000": 0.590751,
        "nauc_ndcg_at_1_max": 0.517763,
        "nauc_ndcg_at_1_std": 0.260563,
        "nauc_ndcg_at_1_diff1": 0.630325,
        "nauc_ndcg_at_3_max": 0.508065,
        "nauc_ndcg_at_3_std": 0.301917,
        "nauc_ndcg_at_3_diff1": 0.585066,
        "nauc_ndcg_at_5_max": 0.563721,
        "nauc_ndcg_at_5_std": 0.339597,
        "nauc_ndcg_at_5_diff1": 0.577703,
        "nauc_ndcg_at_10_max": 0.538905,
        "nauc_ndcg_at_10_std": 0.367639,
        "nauc_ndcg_at_10_diff1": 0.573637,
        "nauc_ndcg_at_20_max": 0.539043,
        "nauc_ndcg_at_20_std": 0.388066,
        "nauc_ndcg_at_20_diff1": 0.589921,
        "nauc_ndcg_at_100_max": 0.527717,
        "nauc_ndcg_at_100_std": 0.341441,
        "nauc_ndcg_at_100_diff1": 0.587288,
        "nauc_ndcg_at_1000_max": 0.527717,
        "nauc_ndcg_at_1000_std": 0.341441,
        "nauc_ndcg_at_1000_diff1": 0.587288,
        "nauc_map_at_1_max": 0.517763,
        "nauc_map_at_1_std": 0.260563,
        "nauc_map_at_1_diff1": 0.630325,
        "nauc_map_at_3_max": 0.50878,
        "nauc_map_at_3_std": 0.288666,
        "nauc_map_at_3_diff1": 0.596591,
        "nauc_map_at_5_max": 0.538007,
        "nauc_map_at_5_std": 0.309978,
        "nauc_map_at_5_diff1": 0.592445,
        "nauc_map_at_10_max": 0.526196,
        "nauc_map_at_10_std": 0.320865,
        "nauc_map_at_10_diff1": 0.590403,
        "nauc_map_at_20_max": 0.525692,
        "nauc_map_at_20_std": 0.326733,
        "nauc_map_at_20_diff1": 0.593974,
        "nauc_map_at_100_max": 0.523956,
        "nauc_map_at_100_std": 0.320903,
        "nauc_map_at_100_diff1": 0.593192,
        "nauc_map_at_1000_max": 0.523956,
        "nauc_map_at_1000_std": 0.320903,
        "nauc_map_at_1000_diff1": 0.593192,
        "nauc_recall_at_1_max": 0.517763,
        "nauc_recall_at_1_std": 0.260563,
        "nauc_recall_at_1_diff1": 0.630325,
        "nauc_recall_at_3_max": 0.506627,
        "nauc_recall_at_3_std": 0.344247,
        "nauc_recall_at_3_diff1": 0.549301,
        "nauc_recall_at_5_max": 0.66253,
        "nauc_recall_at_5_std": 0.446144,
        "nauc_recall_at_5_diff1": 0.526903,
        "nauc_recall_at_10_max": 0.599766,
        "nauc_recall_at_10_std": 0.590129,
        "nauc_recall_at_10_diff1": 0.501431,
        "nauc_recall_at_20_max": 0.613477,
        "nauc_recall_at_20_std": 0.727041,
        "nauc_recall_at_20_diff1": 0.597465,
        "nauc_recall_at_100_max": NaN,
        "nauc_recall_at_100_std": NaN,
        "nauc_recall_at_100_diff1": NaN,
        "nauc_recall_at_1000_max": NaN,
        "nauc_recall_at_1000_std": NaN,
        "nauc_recall_at_1000_diff1": NaN,
        "nauc_precision_at_1_max": 0.517763,
        "nauc_precision_at_1_std": 0.260563,
        "nauc_precision_at_1_diff1": 0.630325,
        "nauc_precision_at_3_max": 0.506627,
        "nauc_precision_at_3_std": 0.344247,
        "nauc_precision_at_3_diff1": 0.549301,
        "nauc_precision_at_5_max": 0.66253,
        "nauc_precision_at_5_std": 0.446144,
        "nauc_precision_at_5_diff1": 0.526903,
        "nauc_precision_at_10_max": 0.599766,
        "nauc_precision_at_10_std": 0.590129,
        "nauc_precision_at_10_diff1": 0.501431,
        "nauc_precision_at_20_max": 0.613477,
        "nauc_precision_at_20_std": 0.727041,
        "nauc_precision_at_20_diff1": 0.597465,
        "nauc_precision_at_100_max": NaN,
        "nauc_precision_at_100_std": NaN,
        "nauc_precision_at_100_diff1": NaN,
        "nauc_precision_at_1000_max": 1.0,
        "nauc_precision_at_1000_std": 1.0,
        "nauc_precision_at_1000_diff1": 1.0,
        "nauc_mrr_at_1_max": 0.517763,
        "nauc_mrr_at_1_std": 0.260563,
        "nauc_mrr_at_1_diff1": 0.630325,
        "nauc_mrr_at_3_max": 0.50878,
        "nauc_mrr_at_3_std": 0.288666,
        "nauc_mrr_at_3_diff1": 0.596591,
        "nauc_mrr_at_5_max": 0.538617,
        "nauc_mrr_at_5_std": 0.305499,
        "nauc_mrr_at_5_diff1": 0.592515,
        "nauc_mrr_at_10_max": 0.52684,
        "nauc_mrr_at_10_std": 0.31624,
        "nauc_mrr_at_10_diff1": 0.590478,
        "nauc_mrr_at_20_max": 0.52634,
        "nauc_mrr_at_20_std": 0.322075,
        "nauc_mrr_at_20_diff1": 0.594045,
        "nauc_mrr_at_100_max": 0.524618,
        "nauc_mrr_at_100_std": 0.316175,
        "nauc_mrr_at_100_diff1": 0.593265,
        "nauc_mrr_at_1000_max": 0.524618,
        "nauc_mrr_at_1000_std": 0.316175,
        "nauc_mrr_at_1000_diff1": 0.593265,
        "main_score": 0.62756,
        "hf_subset": "default",
        "languages": [
          "eng-Latn"
        ]
      }
    ]
  },
  "evaluation_time": 0.9901139736175537,
  "kg_co2_emissions": null
}