{
  "dataset_revision": "319b6cc4b012d733f126a943a8a66bdf9df5dc40",
  "task_name": "scalr",
  "mteb_version": "1.39.7",
  "scores": {
    "test": [
      {
        "ndcg_at_1": 0.41667,
        "ndcg_at_3": 0.53412,
        "ndcg_at_5": 0.5517,
        "ndcg_at_10": 0.57839,
        "ndcg_at_20": 0.60181,
        "ndcg_at_100": 0.62446,
        "ndcg_at_1000": 0.63103,
        "map_at_1": 0.41667,
        "map_at_3": 0.50556,
        "map_at_5": 0.51556,
        "map_at_10": 0.52641,
        "map_at_20": 0.53295,
        "map_at_100": 0.53655,
        "map_at_1000": 0.53681,
        "recall_at_1": 0.41667,
        "recall_at_3": 0.61667,
        "recall_at_5": 0.65833,
        "recall_at_10": 0.74167,
        "recall_at_20": 0.83333,
        "recall_at_100": 0.95,
        "recall_at_1000": 1.0,
        "precision_at_1": 0.41667,
        "precision_at_3": 0.20556,
        "precision_at_5": 0.13167,
        "precision_at_10": 0.07417,
        "precision_at_20": 0.04167,
        "precision_at_100": 0.0095,
        "precision_at_1000": 0.001,
        "mrr_at_1": 0.416667,
        "mrr_at_3": 0.505556,
        "mrr_at_5": 0.515556,
        "mrr_at_10": 0.526409,
        "mrr_at_20": 0.532949,
        "mrr_at_100": 0.536545,
        "mrr_at_1000": 0.536814,
        "nauc_ndcg_at_1_max": 0.467364,
        "nauc_ndcg_at_1_std": 0.031503,
        "nauc_ndcg_at_1_diff1": 0.46744,
        "nauc_ndcg_at_3_max": 0.464939,
        "nauc_ndcg_at_3_std": 0.045008,
        "nauc_ndcg_at_3_diff1": 0.410932,
        "nauc_ndcg_at_5_max": 0.456434,
        "nauc_ndcg_at_5_std": 0.046158,
        "nauc_ndcg_at_5_diff1": 0.403359,
        "nauc_ndcg_at_10_max": 0.502454,
        "nauc_ndcg_at_10_std": 0.059575,
        "nauc_ndcg_at_10_diff1": 0.422896,
        "nauc_ndcg_at_20_max": 0.493078,
        "nauc_ndcg_at_20_std": 0.053708,
        "nauc_ndcg_at_20_diff1": 0.414837,
        "nauc_ndcg_at_100_max": 0.471022,
        "nauc_ndcg_at_100_std": 0.03036,
        "nauc_ndcg_at_100_diff1": 0.405039,
        "nauc_ndcg_at_1000_max": 0.475977,
        "nauc_ndcg_at_1000_std": 0.043216,
        "nauc_ndcg_at_1000_diff1": 0.414923,
        "nauc_map_at_1_max": 0.467364,
        "nauc_map_at_1_std": 0.031503,
        "nauc_map_at_1_diff1": 0.46744,
        "nauc_map_at_3_max": 0.464368,
        "nauc_map_at_3_std": 0.04212,
        "nauc_map_at_3_diff1": 0.424258,
        "nauc_map_at_5_max": 0.459523,
        "nauc_map_at_5_std": 0.043041,
        "nauc_map_at_5_diff1": 0.420554,
        "nauc_map_at_10_max": 0.476769,
        "nauc_map_at_10_std": 0.04653,
        "nauc_map_at_10_diff1": 0.428177,
        "nauc_map_at_20_max": 0.474104,
        "nauc_map_at_20_std": 0.045025,
        "nauc_map_at_20_diff1": 0.426025,
        "nauc_map_at_100_max": 0.471292,
        "nauc_map_at_100_std": 0.04245,
        "nauc_map_at_100_diff1": 0.424631,
        "nauc_map_at_1000_max": 0.471511,
        "nauc_map_at_1000_std": 0.043,
        "nauc_map_at_1000_diff1": 0.424844,
        "nauc_recall_at_1_max": 0.467364,
        "nauc_recall_at_1_std": 0.031503,
        "nauc_recall_at_1_diff1": 0.46744,
        "nauc_recall_at_3_max": 0.467305,
        "nauc_recall_at_3_std": 0.053949,
        "nauc_recall_at_3_diff1": 0.368989,
        "nauc_recall_at_5_max": 0.445546,
        "nauc_recall_at_5_std": 0.056115,
        "nauc_recall_at_5_diff1": 0.344163,
        "nauc_recall_at_10_max": 0.634815,
        "nauc_recall_at_10_std": 0.125363,
        "nauc_recall_at_10_diff1": 0.412113,
        "nauc_recall_at_20_max": 0.626921,
        "nauc_recall_at_20_std": 0.110591,
        "nauc_recall_at_20_diff1": 0.354384,
        "nauc_recall_at_100_max": 0.292951,
        "nauc_recall_at_100_std": -0.442577,
        "nauc_recall_at_100_diff1": -0.021008,
        "nauc_recall_at_1000_max": NaN,
        "nauc_recall_at_1000_std": NaN,
        "nauc_recall_at_1000_diff1": NaN,
        "nauc_precision_at_1_max": 0.467364,
        "nauc_precision_at_1_std": 0.031503,
        "nauc_precision_at_1_diff1": 0.46744,
        "nauc_precision_at_3_max": 0.467305,
        "nauc_precision_at_3_std": 0.053949,
        "nauc_precision_at_3_diff1": 0.368989,
        "nauc_precision_at_5_max": 0.445546,
        "nauc_precision_at_5_std": 0.056115,
        "nauc_precision_at_5_diff1": 0.344163,
        "nauc_precision_at_10_max": 0.634815,
        "nauc_precision_at_10_std": 0.125363,
        "nauc_precision_at_10_diff1": 0.412113,
        "nauc_precision_at_20_max": 0.626921,
        "nauc_precision_at_20_std": 0.110591,
        "nauc_precision_at_20_diff1": 0.354384,
        "nauc_precision_at_100_max": 0.292951,
        "nauc_precision_at_100_std": -0.442577,
        "nauc_precision_at_100_diff1": -0.021008,
        "nauc_precision_at_1000_max": 1.0,
        "nauc_precision_at_1000_std": 1.0,
        "nauc_precision_at_1000_diff1": 1.0,
        "nauc_mrr_at_1_max": 0.467364,
        "nauc_mrr_at_1_std": 0.031503,
        "nauc_mrr_at_1_diff1": 0.46744,
        "nauc_mrr_at_3_max": 0.464368,
        "nauc_mrr_at_3_std": 0.04212,
        "nauc_mrr_at_3_diff1": 0.424258,
        "nauc_mrr_at_5_max": 0.459523,
        "nauc_mrr_at_5_std": 0.043041,
        "nauc_mrr_at_5_diff1": 0.420554,
        "nauc_mrr_at_10_max": 0.476769,
        "nauc_mrr_at_10_std": 0.04653,
        "nauc_mrr_at_10_diff1": 0.428177,
        "nauc_mrr_at_20_max": 0.474104,
        "nauc_mrr_at_20_std": 0.045025,
        "nauc_mrr_at_20_diff1": 0.426025,
        "nauc_mrr_at_100_max": 0.471292,
        "nauc_mrr_at_100_std": 0.04245,
        "nauc_mrr_at_100_diff1": 0.424631,
        "nauc_mrr_at_1000_max": 0.471511,
        "nauc_mrr_at_1000_std": 0.043,
        "nauc_mrr_at_1000_diff1": 0.424844,
        "main_score": 0.57839,
        "hf_subset": "default",
        "languages": [
          "eng-Latn"
        ]
      }
    ]
  },
  "evaluation_time": 3.102759838104248,
  "kg_co2_emissions": null
}