{
  "dataset_revision": "427e2ae4b22cd9ad990ef8dd4647c16d79c89198",
  "task_name": "singaporean-judicial-keywords",
  "mteb_version": "1.39.7",
  "scores": {
    "test": [
      {
        "ndcg_at_1": 0.374,
        "ndcg_at_3": 0.45521,
        "ndcg_at_5": 0.48267,
        "ndcg_at_10": 0.5126,
        "ndcg_at_20": 0.53611,
        "ndcg_at_100": 0.56209,
        "ndcg_at_1000": 0.57451,
        "map_at_1": 0.374,
        "map_at_3": 0.43433,
        "map_at_5": 0.44973,
        "map_at_10": 0.46219,
        "map_at_20": 0.46878,
        "map_at_100": 0.47238,
        "map_at_1000": 0.4729,
        "recall_at_1": 0.374,
        "recall_at_3": 0.516,
        "recall_at_5": 0.582,
        "recall_at_10": 0.674,
        "recall_at_20": 0.766,
        "recall_at_100": 0.906,
        "recall_at_1000": 1.0,
        "precision_at_1": 0.374,
        "precision_at_3": 0.172,
        "precision_at_5": 0.1164,
        "precision_at_10": 0.0674,
        "precision_at_20": 0.0383,
        "precision_at_100": 0.00906,
        "precision_at_1000": 0.001,
        "mrr_at_1": 0.374,
        "mrr_at_3": 0.434333,
        "mrr_at_5": 0.449733,
        "mrr_at_10": 0.462193,
        "mrr_at_20": 0.468781,
        "mrr_at_100": 0.472376,
        "mrr_at_1000": 0.472899,
        "nauc_ndcg_at_1_max": 0.438932,
        "nauc_ndcg_at_1_std": -0.141851,
        "nauc_ndcg_at_1_diff1": 0.533031,
        "nauc_ndcg_at_3_max": 0.441322,
        "nauc_ndcg_at_3_std": -0.119692,
        "nauc_ndcg_at_3_diff1": 0.490866,
        "nauc_ndcg_at_5_max": 0.442432,
        "nauc_ndcg_at_5_std": -0.10872,
        "nauc_ndcg_at_5_diff1": 0.47326,
        "nauc_ndcg_at_10_max": 0.465004,
        "nauc_ndcg_at_10_std": -0.094331,
        "nauc_ndcg_at_10_diff1": 0.475056,
        "nauc_ndcg_at_20_max": 0.463081,
        "nauc_ndcg_at_20_std": -0.082485,
        "nauc_ndcg_at_20_diff1": 0.475708,
        "nauc_ndcg_at_100_max": 0.458887,
        "nauc_ndcg_at_100_std": -0.089254,
        "nauc_ndcg_at_100_diff1": 0.481487,
        "nauc_ndcg_at_1000_max": 0.453385,
        "nauc_ndcg_at_1000_std": -0.101353,
        "nauc_ndcg_at_1000_diff1": 0.485374,
        "nauc_map_at_1_max": 0.438932,
        "nauc_map_at_1_std": -0.141851,
        "nauc_map_at_1_diff1": 0.533031,
        "nauc_map_at_3_max": 0.440224,
        "nauc_map_at_3_std": -0.126002,
        "nauc_map_at_3_diff1": 0.502328,
        "nauc_map_at_5_max": 0.440807,
        "nauc_map_at_5_std": -0.120195,
        "nauc_map_at_5_diff1": 0.492771,
        "nauc_map_at_10_max": 0.449363,
        "nauc_map_at_10_std": -0.114885,
        "nauc_map_at_10_diff1": 0.493554,
        "nauc_map_at_20_max": 0.448766,
        "nauc_map_at_20_std": -0.112553,
        "nauc_map_at_20_diff1": 0.493621,
        "nauc_map_at_100_max": 0.447925,
        "nauc_map_at_100_std": -0.113476,
        "nauc_map_at_100_diff1": 0.494224,
        "nauc_map_at_1000_max": 0.447711,
        "nauc_map_at_1000_std": -0.113927,
        "nauc_map_at_1000_diff1": 0.494395,
        "nauc_recall_at_1_max": 0.438932,
        "nauc_recall_at_1_std": -0.141851,
        "nauc_recall_at_1_diff1": 0.533031,
        "nauc_recall_at_3_max": 0.444789,
        "nauc_recall_at_3_std": -0.100646,
        "nauc_recall_at_3_diff1": 0.456463,
        "nauc_recall_at_5_max": 0.447928,
        "nauc_recall_at_5_std": -0.07061,
        "nauc_recall_at_5_diff1": 0.409162,
        "nauc_recall_at_10_max": 0.534229,
        "nauc_recall_at_10_std": -0.009919,
        "nauc_recall_at_10_diff1": 0.406607,
        "nauc_recall_at_20_max": 0.542369,
        "nauc_recall_at_20_std": 0.088036,
        "nauc_recall_at_20_diff1": 0.394593,
        "nauc_recall_at_100_max": 0.582166,
        "nauc_recall_at_100_std": 0.183026,
        "nauc_recall_at_100_diff1": 0.398514,
        "nauc_recall_at_1000_max": NaN,
        "nauc_recall_at_1000_std": NaN,
        "nauc_recall_at_1000_diff1": NaN,
        "nauc_precision_at_1_max": 0.438932,
        "nauc_precision_at_1_std": -0.141851,
        "nauc_precision_at_1_diff1": 0.533031,
        "nauc_precision_at_3_max": 0.444789,
        "nauc_precision_at_3_std": -0.100646,
        "nauc_precision_at_3_diff1": 0.456463,
        "nauc_precision_at_5_max": 0.447928,
        "nauc_precision_at_5_std": -0.07061,
        "nauc_precision_at_5_diff1": 0.409162,
        "nauc_precision_at_10_max": 0.534229,
        "nauc_precision_at_10_std": -0.009919,
        "nauc_precision_at_10_diff1": 0.406607,
        "nauc_precision_at_20_max": 0.542369,
        "nauc_precision_at_20_std": 0.088036,
        "nauc_precision_at_20_diff1": 0.394593,
        "nauc_precision_at_100_max": 0.582166,
        "nauc_precision_at_100_std": 0.183026,
        "nauc_precision_at_100_diff1": 0.398514,
        "nauc_precision_at_1000_max": 1.0,
        "nauc_precision_at_1000_std": 1.0,
        "nauc_precision_at_1000_diff1": 1.0,
        "nauc_mrr_at_1_max": 0.438932,
        "nauc_mrr_at_1_std": -0.141851,
        "nauc_mrr_at_1_diff1": 0.533031,
        "nauc_mrr_at_3_max": 0.440224,
        "nauc_mrr_at_3_std": -0.126002,
        "nauc_mrr_at_3_diff1": 0.502328,
        "nauc_mrr_at_5_max": 0.440807,
        "nauc_mrr_at_5_std": -0.120195,
        "nauc_mrr_at_5_diff1": 0.492771,
        "nauc_mrr_at_10_max": 0.449363,
        "nauc_mrr_at_10_std": -0.114885,
        "nauc_mrr_at_10_diff1": 0.493554,
        "nauc_mrr_at_20_max": 0.448766,
        "nauc_mrr_at_20_std": -0.112553,
        "nauc_mrr_at_20_diff1": 0.493621,
        "nauc_mrr_at_100_max": 0.447925,
        "nauc_mrr_at_100_std": -0.113476,
        "nauc_mrr_at_100_diff1": 0.494224,
        "nauc_mrr_at_1000_max": 0.447711,
        "nauc_mrr_at_1000_std": -0.113927,
        "nauc_mrr_at_1000_diff1": 0.494395,
        "main_score": 0.5126,
        "hf_subset": "default",
        "languages": [
          "eng-Latn"
        ]
      }
    ]
  },
  "evaluation_time": 11.692636489868164,
  "kg_co2_emissions": null
}