{
  "dataset_revision": "c64c3baac6bfd5f934d2df6e5d42dcb7d87c8ba8",
  "task_name": "australian-tax-guidance-retrieval",
  "mteb_version": "1.38.49",
  "scores": {
    "test": [
      {
        "ndcg_at_1": 0.50893,
        "ndcg_at_3": 0.63244,
        "ndcg_at_5": 0.67663,
        "ndcg_at_10": 0.70313,
        "ndcg_at_20": 0.70983,
        "ndcg_at_100": 0.72213,
        "ndcg_at_1000": 0.72213,
        "map_at_1": 0.50893,
        "map_at_3": 0.60119,
        "map_at_5": 0.62574,
        "map_at_10": 0.63698,
        "map_at_20": 0.63877,
        "map_at_100": 0.64074,
        "map_at_1000": 0.64074,
        "recall_at_1": 0.50893,
        "recall_at_3": 0.72321,
        "recall_at_5": 0.83036,
        "recall_at_10": 0.91071,
        "recall_at_20": 0.9375,
        "recall_at_100": 1.0,
        "recall_at_1000": 1.0,
        "precision_at_1": 0.50893,
        "precision_at_3": 0.24107,
        "precision_at_5": 0.16607,
        "precision_at_10": 0.09107,
        "precision_at_20": 0.04688,
        "precision_at_100": 0.01,
        "precision_at_1000": 0.001,
        "mrr_at_1": 0.508929,
        "mrr_at_3": 0.60119,
        "mrr_at_5": 0.625744,
        "mrr_at_10": 0.636976,
        "mrr_at_20": 0.638767,
        "mrr_at_100": 0.640737,
        "mrr_at_1000": 0.640737,
        "nauc_ndcg_at_1_max": 0.267646,
        "nauc_ndcg_at_1_std": 0.106752,
        "nauc_ndcg_at_1_diff1": 0.630634,
        "nauc_ndcg_at_3_max": 0.314495,
        "nauc_ndcg_at_3_std": 0.14647,
        "nauc_ndcg_at_3_diff1": 0.545925,
        "nauc_ndcg_at_5_max": 0.317391,
        "nauc_ndcg_at_5_std": 0.143175,
        "nauc_ndcg_at_5_diff1": 0.592925,
        "nauc_ndcg_at_10_max": 0.300915,
        "nauc_ndcg_at_10_std": 0.152069,
        "nauc_ndcg_at_10_diff1": 0.57596,
        "nauc_ndcg_at_20_max": 0.297171,
        "nauc_ndcg_at_20_std": 0.146949,
        "nauc_ndcg_at_20_diff1": 0.565916,
        "nauc_ndcg_at_100_max": 0.29773,
        "nauc_ndcg_at_100_std": 0.135851,
        "nauc_ndcg_at_100_diff1": 0.579417,
        "nauc_ndcg_at_1000_max": 0.29773,
        "nauc_ndcg_at_1000_std": 0.135851,
        "nauc_ndcg_at_1000_diff1": 0.579417,
        "nauc_map_at_1_max": 0.267646,
        "nauc_map_at_1_std": 0.106752,
        "nauc_map_at_1_diff1": 0.630634,
        "nauc_map_at_3_max": 0.30246,
        "nauc_map_at_3_std": 0.130411,
        "nauc_map_at_3_diff1": 0.568648,
        "nauc_map_at_5_max": 0.302776,
        "nauc_map_at_5_std": 0.126617,
        "nauc_map_at_5_diff1": 0.593132,
        "nauc_map_at_10_max": 0.295444,
        "nauc_map_at_10_std": 0.129698,
        "nauc_map_at_10_diff1": 0.586924,
        "nauc_map_at_20_max": 0.294729,
        "nauc_map_at_20_std": 0.128541,
        "nauc_map_at_20_diff1": 0.584806,
        "nauc_map_at_100_max": 0.295013,
        "nauc_map_at_100_std": 0.127859,
        "nauc_map_at_100_diff1": 0.586051,
        "nauc_map_at_1000_max": 0.295013,
        "nauc_map_at_1000_std": 0.127859,
        "nauc_map_at_1000_diff1": 0.586051,
        "nauc_recall_at_1_max": 0.267646,
        "nauc_recall_at_1_std": 0.106752,
        "nauc_recall_at_1_diff1": 0.630634,
        "nauc_recall_at_3_max": 0.35765,
        "nauc_recall_at_3_std": 0.207316,
        "nauc_recall_at_3_diff1": 0.463911,
        "nauc_recall_at_5_max": 0.393184,
        "nauc_recall_at_5_std": 0.233755,
        "nauc_recall_at_5_diff1": 0.605258,
        "nauc_recall_at_10_max": 0.34001,
        "nauc_recall_at_10_std": 0.368296,
        "nauc_recall_at_10_diff1": 0.484758,
        "nauc_recall_at_20_max": 0.298381,
        "nauc_recall_at_20_std": 0.383838,
        "nauc_recall_at_20_diff1": 0.301214,
        "nauc_recall_at_100_max": NaN,
        "nauc_recall_at_100_std": NaN,
        "nauc_recall_at_100_diff1": NaN,
        "nauc_recall_at_1000_max": NaN,
        "nauc_recall_at_1000_std": NaN,
        "nauc_recall_at_1000_diff1": NaN,
        "nauc_precision_at_1_max": 0.267646,
        "nauc_precision_at_1_std": 0.106752,
        "nauc_precision_at_1_diff1": 0.630634,
        "nauc_precision_at_3_max": 0.35765,
        "nauc_precision_at_3_std": 0.207316,
        "nauc_precision_at_3_diff1": 0.463911,
        "nauc_precision_at_5_max": 0.393184,
        "nauc_precision_at_5_std": 0.233755,
        "nauc_precision_at_5_diff1": 0.605258,
        "nauc_precision_at_10_max": 0.34001,
        "nauc_precision_at_10_std": 0.368296,
        "nauc_precision_at_10_diff1": 0.484758,
        "nauc_precision_at_20_max": 0.298381,
        "nauc_precision_at_20_std": 0.383838,
        "nauc_precision_at_20_diff1": 0.301214,
        "nauc_precision_at_100_max": NaN,
        "nauc_precision_at_100_std": NaN,
        "nauc_precision_at_100_diff1": NaN,
        "nauc_precision_at_1000_max": 1.0,
        "nauc_precision_at_1000_std": 1.0,
        "nauc_precision_at_1000_diff1": 1.0,
        "nauc_mrr_at_1_max": 0.267646,
        "nauc_mrr_at_1_std": 0.106752,
        "nauc_mrr_at_1_diff1": 0.630634,
        "nauc_mrr_at_3_max": 0.30246,
        "nauc_mrr_at_3_std": 0.130411,
        "nauc_mrr_at_3_diff1": 0.568648,
        "nauc_mrr_at_5_max": 0.302776,
        "nauc_mrr_at_5_std": 0.126617,
        "nauc_mrr_at_5_diff1": 0.593132,
        "nauc_mrr_at_10_max": 0.295444,
        "nauc_mrr_at_10_std": 0.129698,
        "nauc_mrr_at_10_diff1": 0.586924,
        "nauc_mrr_at_20_max": 0.294729,
        "nauc_mrr_at_20_std": 0.128541,
        "nauc_mrr_at_20_diff1": 0.584806,
        "nauc_mrr_at_100_max": 0.295013,
        "nauc_mrr_at_100_std": 0.127859,
        "nauc_mrr_at_100_diff1": 0.586051,
        "nauc_mrr_at_1000_max": 0.295013,
        "nauc_mrr_at_1000_std": 0.127859,
        "nauc_mrr_at_1000_diff1": 0.586051,
        "main_score": 0.70313,
        "hf_subset": "default",
        "languages": [
          "eng-Latn"
        ]
      }
    ]
  },
  "evaluation_time": 3.555798053741455,
  "kg_co2_emissions": null
}