{
  "dataset_revision": "dd157bbfa479359488c656981e3999da6f42e4e9",
  "task_name": "bar-exam-qa",
  "mteb_version": "1.38.49",
  "scores": {
    "test": [
      {
        "ndcg_at_1": 0.20513,
        "ndcg_at_3": 0.30291,
        "ndcg_at_5": 0.32718,
        "ndcg_at_10": 0.36792,
        "ndcg_at_20": 0.40337,
        "ndcg_at_100": 0.45559,
        "ndcg_at_1000": 0.45684,
        "map_at_1": 0.20513,
        "map_at_3": 0.27778,
        "map_at_5": 0.29103,
        "map_at_10": 0.30743,
        "map_at_20": 0.31647,
        "map_at_100": 0.32364,
        "map_at_1000": 0.32371,
        "recall_at_1": 0.20513,
        "recall_at_3": 0.37607,
        "recall_at_5": 0.4359,
        "recall_at_10": 0.5641,
        "recall_at_20": 0.7094,
        "recall_at_100": 0.99145,
        "recall_at_1000": 1.0,
        "precision_at_1": 0.20513,
        "precision_at_3": 0.12536,
        "precision_at_5": 0.08718,
        "precision_at_10": 0.05641,
        "precision_at_20": 0.03547,
        "precision_at_100": 0.00991,
        "precision_at_1000": 0.001,
        "mrr_at_1": 0.205128,
        "mrr_at_3": 0.277778,
        "mrr_at_5": 0.291026,
        "mrr_at_10": 0.307431,
        "mrr_at_20": 0.316471,
        "mrr_at_100": 0.323637,
        "mrr_at_1000": 0.32371,
        "nauc_ndcg_at_1_max": 0.0404,
        "nauc_ndcg_at_1_std": -0.048481,
        "nauc_ndcg_at_1_diff1": 0.224662,
        "nauc_ndcg_at_3_max": -0.031237,
        "nauc_ndcg_at_3_std": -0.117386,
        "nauc_ndcg_at_3_diff1": 0.24524,
        "nauc_ndcg_at_5_max": -0.046631,
        "nauc_ndcg_at_5_std": -0.119495,
        "nauc_ndcg_at_5_diff1": 0.255864,
        "nauc_ndcg_at_10_max": -0.052515,
        "nauc_ndcg_at_10_std": -0.099441,
        "nauc_ndcg_at_10_diff1": 0.235093,
        "nauc_ndcg_at_20_max": -0.039305,
        "nauc_ndcg_at_20_std": -0.090754,
        "nauc_ndcg_at_20_diff1": 0.223251,
        "nauc_ndcg_at_100_max": -0.018463,
        "nauc_ndcg_at_100_std": -0.082034,
        "nauc_ndcg_at_100_diff1": 0.23798,
        "nauc_ndcg_at_1000_max": -0.022736,
        "nauc_ndcg_at_1000_std": -0.086612,
        "nauc_ndcg_at_1000_diff1": 0.234312,
        "nauc_map_at_1_max": 0.0404,
        "nauc_map_at_1_std": -0.048481,
        "nauc_map_at_1_diff1": 0.224662,
        "nauc_map_at_3_max": -0.015478,
        "nauc_map_at_3_std": -0.101779,
        "nauc_map_at_3_diff1": 0.234791,
        "nauc_map_at_5_max": -0.024412,
        "nauc_map_at_5_std": -0.103074,
        "nauc_map_at_5_diff1": 0.240392,
        "nauc_map_at_10_max": -0.026143,
        "nauc_map_at_10_std": -0.09521,
        "nauc_map_at_10_diff1": 0.231501,
        "nauc_map_at_20_max": -0.022717,
        "nauc_map_at_20_std": -0.093389,
        "nauc_map_at_20_diff1": 0.228479,
        "nauc_map_at_100_max": -0.018249,
        "nauc_map_at_100_std": -0.089841,
        "nauc_map_at_100_diff1": 0.231019,
        "nauc_map_at_1000_max": -0.018461,
        "nauc_map_at_1000_std": -0.09007,
        "nauc_map_at_1000_diff1": 0.230836,
        "nauc_recall_at_1_max": 0.0404,
        "nauc_recall_at_1_std": -0.048481,
        "nauc_recall_at_1_diff1": 0.224662,
        "nauc_recall_at_3_max": -0.072304,
        "nauc_recall_at_3_std": -0.158226,
        "nauc_recall_at_3_diff1": 0.274661,
        "nauc_recall_at_5_max": -0.106453,
        "nauc_recall_at_5_std": -0.162666,
        "nauc_recall_at_5_diff1": 0.300333,
        "nauc_recall_at_10_max": -0.13231,
        "nauc_recall_at_10_std": -0.102173,
        "nauc_recall_at_10_diff1": 0.241402,
        "nauc_recall_at_20_max": -0.089153,
        "nauc_recall_at_20_std": -0.056651,
        "nauc_recall_at_20_diff1": 0.184634,
        "nauc_recall_at_100_max": 0.868908,
        "nauc_recall_at_100_std": 0.868908,
        "nauc_recall_at_100_diff1": 1.0,
        "nauc_recall_at_1000_max": NaN,
        "nauc_recall_at_1000_std": NaN,
        "nauc_recall_at_1000_diff1": NaN,
        "nauc_precision_at_1_max": 0.0404,
        "nauc_precision_at_1_std": -0.048481,
        "nauc_precision_at_1_diff1": 0.224662,
        "nauc_precision_at_3_max": -0.072304,
        "nauc_precision_at_3_std": -0.158226,
        "nauc_precision_at_3_diff1": 0.274661,
        "nauc_precision_at_5_max": -0.106453,
        "nauc_precision_at_5_std": -0.162666,
        "nauc_precision_at_5_diff1": 0.300333,
        "nauc_precision_at_10_max": -0.13231,
        "nauc_precision_at_10_std": -0.102173,
        "nauc_precision_at_10_diff1": 0.241402,
        "nauc_precision_at_20_max": -0.089153,
        "nauc_precision_at_20_std": -0.056651,
        "nauc_precision_at_20_diff1": 0.184634,
        "nauc_precision_at_100_max": 0.868908,
        "nauc_precision_at_100_std": 0.868908,
        "nauc_precision_at_100_diff1": 1.0,
        "nauc_precision_at_1000_max": 1.0,
        "nauc_precision_at_1000_std": 1.0,
        "nauc_precision_at_1000_diff1": 1.0,
        "nauc_mrr_at_1_max": 0.0404,
        "nauc_mrr_at_1_std": -0.048481,
        "nauc_mrr_at_1_diff1": 0.224662,
        "nauc_mrr_at_3_max": -0.015478,
        "nauc_mrr_at_3_std": -0.101779,
        "nauc_mrr_at_3_diff1": 0.234791,
        "nauc_mrr_at_5_max": -0.024412,
        "nauc_mrr_at_5_std": -0.103074,
        "nauc_mrr_at_5_diff1": 0.240392,
        "nauc_mrr_at_10_max": -0.026143,
        "nauc_mrr_at_10_std": -0.09521,
        "nauc_mrr_at_10_diff1": 0.231501,
        "nauc_mrr_at_20_max": -0.022717,
        "nauc_mrr_at_20_std": -0.093389,
        "nauc_mrr_at_20_diff1": 0.228479,
        "nauc_mrr_at_100_max": -0.018249,
        "nauc_mrr_at_100_std": -0.089841,
        "nauc_mrr_at_100_diff1": 0.231019,
        "nauc_mrr_at_1000_max": -0.018461,
        "nauc_mrr_at_1000_std": -0.09007,
        "nauc_mrr_at_1000_diff1": 0.230836,
        "main_score": 0.36792,
        "hf_subset": "default",
        "languages": [
          "eng-Latn"
        ]
      }
    ]
  },
  "evaluation_time": 3.3594682216644287,
  "kg_co2_emissions": null
}