{
  "dataset_revision": "2095f248902963b4480ac96b774ba64b2104cbee",
  "task_name": "consumer-contracts-qa",
  "mteb_version": "1.38.49",
  "scores": {
    "test": [
      {
        "ndcg_at_1": 0.58081,
        "ndcg_at_3": 0.69715,
        "ndcg_at_5": 0.72693,
        "ndcg_at_10": 0.74222,
        "ndcg_at_20": 0.75881,
        "ndcg_at_100": 0.76691,
        "ndcg_at_1000": 0.76691,
        "map_at_1": 0.58081,
        "map_at_3": 0.66919,
        "map_at_5": 0.68611,
        "map_at_10": 0.69276,
        "map_at_20": 0.69729,
        "map_at_100": 0.69864,
        "map_at_1000": 0.69864,
        "recall_at_1": 0.58081,
        "recall_at_3": 0.77778,
        "recall_at_5": 0.84848,
        "recall_at_10": 0.89394,
        "recall_at_20": 0.9596,
        "recall_at_100": 1.0,
        "recall_at_1000": 1.0,
        "precision_at_1": 0.58081,
        "precision_at_3": 0.25926,
        "precision_at_5": 0.1697,
        "precision_at_10": 0.08939,
        "precision_at_20": 0.04798,
        "precision_at_100": 0.01,
        "precision_at_1000": 0.001,
        "mrr_at_1": 0.580808,
        "mrr_at_3": 0.669192,
        "mrr_at_5": 0.686111,
        "mrr_at_10": 0.692765,
        "mrr_at_20": 0.697295,
        "mrr_at_100": 0.698636,
        "mrr_at_1000": 0.698636,
        "nauc_ndcg_at_1_max": 0.445339,
        "nauc_ndcg_at_1_std": 0.168132,
        "nauc_ndcg_at_1_diff1": 0.585878,
        "nauc_ndcg_at_3_max": 0.487884,
        "nauc_ndcg_at_3_std": 0.190772,
        "nauc_ndcg_at_3_diff1": 0.497039,
        "nauc_ndcg_at_5_max": 0.495632,
        "nauc_ndcg_at_5_std": 0.237929,
        "nauc_ndcg_at_5_diff1": 0.506494,
        "nauc_ndcg_at_10_max": 0.502737,
        "nauc_ndcg_at_10_std": 0.249806,
        "nauc_ndcg_at_10_diff1": 0.501195,
        "nauc_ndcg_at_20_max": 0.494846,
        "nauc_ndcg_at_20_std": 0.225004,
        "nauc_ndcg_at_20_diff1": 0.514447,
        "nauc_ndcg_at_100_max": 0.48663,
        "nauc_ndcg_at_100_std": 0.213656,
        "nauc_ndcg_at_100_diff1": 0.523763,
        "nauc_ndcg_at_1000_max": 0.48663,
        "nauc_ndcg_at_1000_std": 0.213656,
        "nauc_ndcg_at_1000_diff1": 0.523763,
        "nauc_map_at_1_max": 0.445339,
        "nauc_map_at_1_std": 0.168132,
        "nauc_map_at_1_diff1": 0.585878,
        "nauc_map_at_3_max": 0.478718,
        "nauc_map_at_3_std": 0.185458,
        "nauc_map_at_3_diff1": 0.522617,
        "nauc_map_at_5_max": 0.481866,
        "nauc_map_at_5_std": 0.209185,
        "nauc_map_at_5_diff1": 0.528968,
        "nauc_map_at_10_max": 0.484467,
        "nauc_map_at_10_std": 0.213367,
        "nauc_map_at_10_diff1": 0.527084,
        "nauc_map_at_20_max": 0.482597,
        "nauc_map_at_20_std": 0.207466,
        "nauc_map_at_20_diff1": 0.530476,
        "nauc_map_at_100_max": 0.481321,
        "nauc_map_at_100_std": 0.205486,
        "nauc_map_at_100_diff1": 0.531802,
        "nauc_map_at_1000_max": 0.481321,
        "nauc_map_at_1000_std": 0.205486,
        "nauc_map_at_1000_diff1": 0.531802,
        "nauc_recall_at_1_max": 0.445339,
        "nauc_recall_at_1_std": 0.168132,
        "nauc_recall_at_1_diff1": 0.585878,
        "nauc_recall_at_3_max": 0.521274,
        "nauc_recall_at_3_std": 0.210448,
        "nauc_recall_at_3_diff1": 0.399164,
        "nauc_recall_at_5_max": 0.565701,
        "nauc_recall_at_5_std": 0.393579,
        "nauc_recall_at_5_diff1": 0.393773,
        "nauc_recall_at_10_max": 0.63188,
        "nauc_recall_at_10_std": 0.519085,
        "nauc_recall_at_10_diff1": 0.324791,
        "nauc_recall_at_20_max": 0.676977,
        "nauc_recall_at_20_std": 0.459635,
        "nauc_recall_at_20_diff1": 0.298742,
        "nauc_recall_at_100_max": NaN,
        "nauc_recall_at_100_std": NaN,
        "nauc_recall_at_100_diff1": NaN,
        "nauc_recall_at_1000_max": NaN,
        "nauc_recall_at_1000_std": NaN,
        "nauc_recall_at_1000_diff1": NaN,
        "nauc_precision_at_1_max": 0.445339,
        "nauc_precision_at_1_std": 0.168132,
        "nauc_precision_at_1_diff1": 0.585878,
        "nauc_precision_at_3_max": 0.521274,
        "nauc_precision_at_3_std": 0.210448,
        "nauc_precision_at_3_diff1": 0.399164,
        "nauc_precision_at_5_max": 0.565701,
        "nauc_precision_at_5_std": 0.393579,
        "nauc_precision_at_5_diff1": 0.393773,
        "nauc_precision_at_10_max": 0.63188,
        "nauc_precision_at_10_std": 0.519085,
        "nauc_precision_at_10_diff1": 0.324791,
        "nauc_precision_at_20_max": 0.676977,
        "nauc_precision_at_20_std": 0.459635,
        "nauc_precision_at_20_diff1": 0.298742,
        "nauc_precision_at_100_max": 1.0,
        "nauc_precision_at_100_std": 1.0,
        "nauc_precision_at_100_diff1": 1.0,
        "nauc_precision_at_1000_max": 1.0,
        "nauc_precision_at_1000_std": 1.0,
        "nauc_precision_at_1000_diff1": 1.0,
        "nauc_mrr_at_1_max": 0.445339,
        "nauc_mrr_at_1_std": 0.168132,
        "nauc_mrr_at_1_diff1": 0.585878,
        "nauc_mrr_at_3_max": 0.478718,
        "nauc_mrr_at_3_std": 0.185458,
        "nauc_mrr_at_3_diff1": 0.522617,
        "nauc_mrr_at_5_max": 0.481866,
        "nauc_mrr_at_5_std": 0.209185,
        "nauc_mrr_at_5_diff1": 0.528968,
        "nauc_mrr_at_10_max": 0.484467,
        "nauc_mrr_at_10_std": 0.213367,
        "nauc_mrr_at_10_diff1": 0.527084,
        "nauc_mrr_at_20_max": 0.482597,
        "nauc_mrr_at_20_std": 0.207466,
        "nauc_mrr_at_20_diff1": 0.530476,
        "nauc_mrr_at_100_max": 0.481321,
        "nauc_mrr_at_100_std": 0.205486,
        "nauc_mrr_at_100_diff1": 0.531802,
        "nauc_mrr_at_1000_max": 0.481321,
        "nauc_mrr_at_1000_std": 0.205486,
        "nauc_mrr_at_1000_diff1": 0.531802,
        "main_score": 0.74222,
        "hf_subset": "default",
        "languages": [
          "eng-Latn"
        ]
      }
    ]
  },
  "evaluation_time": 3.458892583847046,
  "kg_co2_emissions": null
}