{
  "dataset_revision": "48ed7bcb1f50896a0f71461a04b2df0ca84329d9",
  "task_name": "contractual-clause-retrieval",
  "mteb_version": "1.38.49",
  "scores": {
    "test": [
      {
        "ndcg_at_1": 0.62222,
        "ndcg_at_3": 0.60471,
        "ndcg_at_5": 0.64807,
        "ndcg_at_10": 0.68539,
        "ndcg_at_20": 0.72641,
        "ndcg_at_100": 0.74486,
        "ndcg_at_1000": 0.74486,
        "map_at_1": 0.31111,
        "map_at_3": 0.56667,
        "map_at_5": 0.6,
        "map_at_10": 0.62037,
        "map_at_20": 0.63529,
        "map_at_100": 0.63905,
        "map_at_1000": 0.63905,
        "recall_at_1": 0.31111,
        "recall_at_3": 0.61111,
        "recall_at_5": 0.7,
        "recall_at_10": 0.78889,
        "recall_at_20": 0.92222,
        "recall_at_100": 1.0,
        "recall_at_1000": 1.0,
        "precision_at_1": 0.62222,
        "precision_at_3": 0.40741,
        "precision_at_5": 0.28,
        "precision_at_10": 0.15778,
        "precision_at_20": 0.09222,
        "precision_at_100": 0.02,
        "precision_at_1000": 0.002,
        "mrr_at_1": 0.622222,
        "mrr_at_3": 0.674074,
        "mrr_at_5": 0.682963,
        "mrr_at_10": 0.696543,
        "mrr_at_20": 0.702815,
        "mrr_at_100": 0.704526,
        "mrr_at_1000": 0.704526,
        "nauc_ndcg_at_1_max": 0.311585,
        "nauc_ndcg_at_1_std": -0.068565,
        "nauc_ndcg_at_1_diff1": 0.751387,
        "nauc_ndcg_at_3_max": 0.281407,
        "nauc_ndcg_at_3_std": 0.106478,
        "nauc_ndcg_at_3_diff1": 0.5975,
        "nauc_ndcg_at_5_max": 0.287716,
        "nauc_ndcg_at_5_std": 0.154725,
        "nauc_ndcg_at_5_diff1": 0.611325,
        "nauc_ndcg_at_10_max": 0.349635,
        "nauc_ndcg_at_10_std": 0.18217,
        "nauc_ndcg_at_10_diff1": 0.669278,
        "nauc_ndcg_at_20_max": 0.312727,
        "nauc_ndcg_at_20_std": 0.169885,
        "nauc_ndcg_at_20_diff1": 0.669787,
        "nauc_ndcg_at_100_max": 0.304223,
        "nauc_ndcg_at_100_std": 0.109975,
        "nauc_ndcg_at_100_diff1": 0.65546,
        "nauc_ndcg_at_1000_max": 0.304223,
        "nauc_ndcg_at_1000_std": 0.109975,
        "nauc_ndcg_at_1000_diff1": 0.65546,
        "nauc_map_at_1_max": 0.311585,
        "nauc_map_at_1_std": -0.068565,
        "nauc_map_at_1_diff1": 0.751387,
        "nauc_map_at_3_max": 0.269488,
        "nauc_map_at_3_std": 0.089681,
        "nauc_map_at_3_diff1": 0.544269,
        "nauc_map_at_5_max": 0.27347,
        "nauc_map_at_5_std": 0.119884,
        "nauc_map_at_5_diff1": 0.560338,
        "nauc_map_at_10_max": 0.310956,
        "nauc_map_at_10_std": 0.120716,
        "nauc_map_at_10_diff1": 0.602044,
        "nauc_map_at_20_max": 0.298047,
        "nauc_map_at_20_std": 0.117068,
        "nauc_map_at_20_diff1": 0.5996,
        "nauc_map_at_100_max": 0.295103,
        "nauc_map_at_100_std": 0.106963,
        "nauc_map_at_100_diff1": 0.597117,
        "nauc_map_at_1000_max": 0.295103,
        "nauc_map_at_1000_std": 0.106963,
        "nauc_map_at_1000_diff1": 0.597117,
        "nauc_recall_at_1_max": 0.311585,
        "nauc_recall_at_1_std": -0.068565,
        "nauc_recall_at_1_diff1": 0.751387,
        "nauc_recall_at_3_max": 0.273947,
        "nauc_recall_at_3_std": 0.188376,
        "nauc_recall_at_3_diff1": 0.540013,
        "nauc_recall_at_5_max": 0.285953,
        "nauc_recall_at_5_std": 0.309792,
        "nauc_recall_at_5_diff1": 0.556941,
        "nauc_recall_at_10_max": 0.485567,
        "nauc_recall_at_10_std": 0.467893,
        "nauc_recall_at_10_diff1": 0.724679,
        "nauc_recall_at_20_max": 0.37438,
        "nauc_recall_at_20_std": 0.810907,
        "nauc_recall_at_20_diff1": 0.832311,
        "nauc_recall_at_100_max": NaN,
        "nauc_recall_at_100_std": NaN,
        "nauc_recall_at_100_diff1": NaN,
        "nauc_recall_at_1000_max": NaN,
        "nauc_recall_at_1000_std": NaN,
        "nauc_recall_at_1000_diff1": NaN,
        "nauc_precision_at_1_max": 0.311585,
        "nauc_precision_at_1_std": -0.068565,
        "nauc_precision_at_1_diff1": 0.751387,
        "nauc_precision_at_3_max": 0.273947,
        "nauc_precision_at_3_std": 0.188376,
        "nauc_precision_at_3_diff1": 0.540013,
        "nauc_precision_at_5_max": 0.285953,
        "nauc_precision_at_5_std": 0.309792,
        "nauc_precision_at_5_diff1": 0.556941,
        "nauc_precision_at_10_max": 0.485567,
        "nauc_precision_at_10_std": 0.467893,
        "nauc_precision_at_10_diff1": 0.724679,
        "nauc_precision_at_20_max": 0.37438,
        "nauc_precision_at_20_std": 0.810907,
        "nauc_precision_at_20_diff1": 0.832311,
        "nauc_precision_at_100_max": 1.0,
        "nauc_precision_at_100_std": 1.0,
        "nauc_precision_at_100_diff1": 1.0,
        "nauc_precision_at_1000_max": NaN,
        "nauc_precision_at_1000_std": NaN,
        "nauc_precision_at_1000_diff1": NaN,
        "nauc_mrr_at_1_max": 0.311585,
        "nauc_mrr_at_1_std": -0.068565,
        "nauc_mrr_at_1_diff1": 0.751387,
        "nauc_mrr_at_3_max": 0.311579,
        "nauc_mrr_at_3_std": 0.022606,
        "nauc_mrr_at_3_diff1": 0.785358,
        "nauc_mrr_at_5_max": 0.314178,
        "nauc_mrr_at_5_std": 0.036948,
        "nauc_mrr_at_5_diff1": 0.777671,
        "nauc_mrr_at_10_max": 0.320063,
        "nauc_mrr_at_10_std": 0.056824,
        "nauc_mrr_at_10_diff1": 0.777325,
        "nauc_mrr_at_20_max": 0.312719,
        "nauc_mrr_at_20_std": 0.041576,
        "nauc_mrr_at_20_diff1": 0.777999,
        "nauc_mrr_at_100_max": 0.31212,
        "nauc_mrr_at_100_std": 0.036092,
        "nauc_mrr_at_100_diff1": 0.777009,
        "nauc_mrr_at_1000_max": 0.31212,
        "nauc_mrr_at_1000_std": 0.036092,
        "nauc_mrr_at_1000_diff1": 0.777009,
        "main_score": 0.68539,
        "hf_subset": "default",
        "languages": [
          "eng-Latn"
        ]
      }
    ]
  },
  "evaluation_time": 1.9884121417999268,
  "kg_co2_emissions": null
}