{
  "dataset_revision": "f5452494f09a6d51c37b56883a65ef742ac07c99",
  "task_name": "echr-retrieval",
  "mteb_version": "1.39.7",
  "scores": {
    "test": [
      {
        "ndcg_at_1": 0.035,
        "ndcg_at_3": 0.07143,
        "ndcg_at_5": 0.08176,
        "ndcg_at_10": 0.10383,
        "ndcg_at_20": 0.13088,
        "ndcg_at_100": 0.20343,
        "ndcg_at_1000": 0.24384,
        "map_at_1": 0.035,
        "map_at_3": 0.06167,
        "map_at_5": 0.06742,
        "map_at_10": 0.07618,
        "map_at_20": 0.08322,
        "map_at_100": 0.09228,
        "map_at_1000": 0.09432,
        "recall_at_1": 0.035,
        "recall_at_3": 0.1,
        "recall_at_5": 0.125,
        "recall_at_10": 0.195,
        "recall_at_20": 0.305,
        "recall_at_100": 0.71,
        "recall_at_1000": 1.0,
        "precision_at_1": 0.035,
        "precision_at_3": 0.03333,
        "precision_at_5": 0.025,
        "precision_at_10": 0.0195,
        "precision_at_20": 0.01525,
        "precision_at_100": 0.0071,
        "precision_at_1000": 0.001,
        "mrr_at_1": 0.035,
        "mrr_at_3": 0.061667,
        "mrr_at_5": 0.067417,
        "mrr_at_10": 0.076185,
        "mrr_at_20": 0.083218,
        "mrr_at_100": 0.092279,
        "mrr_at_1000": 0.094321,
        "nauc_ndcg_at_1_max": 0.195753,
        "nauc_ndcg_at_1_std": 0.22795,
        "nauc_ndcg_at_1_diff1": -0.049331,
        "nauc_ndcg_at_3_max": 0.237256,
        "nauc_ndcg_at_3_std": 0.19857,
        "nauc_ndcg_at_3_diff1": -0.023343,
        "nauc_ndcg_at_5_max": 0.236745,
        "nauc_ndcg_at_5_std": 0.224448,
        "nauc_ndcg_at_5_diff1": -0.027035,
        "nauc_ndcg_at_10_max": 0.263077,
        "nauc_ndcg_at_10_std": 0.243889,
        "nauc_ndcg_at_10_diff1": -0.012926,
        "nauc_ndcg_at_20_max": 0.264024,
        "nauc_ndcg_at_20_std": 0.269383,
        "nauc_ndcg_at_20_diff1": 0.03489,
        "nauc_ndcg_at_100_max": 0.302437,
        "nauc_ndcg_at_100_std": 0.268203,
        "nauc_ndcg_at_100_diff1": 0.002818,
        "nauc_ndcg_at_1000_max": 0.262809,
        "nauc_ndcg_at_1000_std": 0.248826,
        "nauc_ndcg_at_1000_diff1": -0.001373,
        "nauc_map_at_1_max": 0.195753,
        "nauc_map_at_1_std": 0.22795,
        "nauc_map_at_1_diff1": -0.049331,
        "nauc_map_at_3_max": 0.222953,
        "nauc_map_at_3_std": 0.199914,
        "nauc_map_at_3_diff1": -0.028292,
        "nauc_map_at_5_max": 0.225089,
        "nauc_map_at_5_std": 0.21781,
        "nauc_map_at_5_diff1": -0.032051,
        "nauc_map_at_10_max": 0.238472,
        "nauc_map_at_10_std": 0.227473,
        "nauc_map_at_10_diff1": -0.024063,
        "nauc_map_at_20_max": 0.24046,
        "nauc_map_at_20_std": 0.23713,
        "nauc_map_at_20_diff1": -0.007077,
        "nauc_map_at_100_max": 0.246372,
        "nauc_map_at_100_std": 0.236677,
        "nauc_map_at_100_diff1": -0.013363,
        "nauc_map_at_1000_max": 0.243503,
        "nauc_map_at_1000_std": 0.234976,
        "nauc_map_at_1000_diff1": -0.013745,
        "nauc_recall_at_1_max": 0.195753,
        "nauc_recall_at_1_std": 0.22795,
        "nauc_recall_at_1_diff1": -0.049331,
        "nauc_recall_at_3_max": 0.264905,
        "nauc_recall_at_3_std": 0.196861,
        "nauc_recall_at_3_diff1": -0.01418,
        "nauc_recall_at_5_max": 0.256322,
        "nauc_recall_at_5_std": 0.23741,
        "nauc_recall_at_5_diff1": -0.017784,
        "nauc_recall_at_10_max": 0.301582,
        "nauc_recall_at_10_std": 0.271528,
        "nauc_recall_at_10_diff1": 0.004439,
        "nauc_recall_at_20_max": 0.294372,
        "nauc_recall_at_20_std": 0.319934,
        "nauc_recall_at_20_diff1": 0.102307,
        "nauc_recall_at_100_max": 0.445657,
        "nauc_recall_at_100_std": 0.333831,
        "nauc_recall_at_100_diff1": 0.018967,
        "nauc_recall_at_1000_max": NaN,
        "nauc_recall_at_1000_std": NaN,
        "nauc_recall_at_1000_diff1": NaN,
        "nauc_precision_at_1_max": 0.195753,
        "nauc_precision_at_1_std": 0.22795,
        "nauc_precision_at_1_diff1": -0.049331,
        "nauc_precision_at_3_max": 0.264905,
        "nauc_precision_at_3_std": 0.196861,
        "nauc_precision_at_3_diff1": -0.01418,
        "nauc_precision_at_5_max": 0.256322,
        "nauc_precision_at_5_std": 0.23741,
        "nauc_precision_at_5_diff1": -0.017784,
        "nauc_precision_at_10_max": 0.301582,
        "nauc_precision_at_10_std": 0.271528,
        "nauc_precision_at_10_diff1": 0.004439,
        "nauc_precision_at_20_max": 0.294372,
        "nauc_precision_at_20_std": 0.319934,
        "nauc_precision_at_20_diff1": 0.102307,
        "nauc_precision_at_100_max": 0.445657,
        "nauc_precision_at_100_std": 0.333831,
        "nauc_precision_at_100_diff1": 0.018967,
        "nauc_precision_at_1000_max": 1.0,
        "nauc_precision_at_1000_std": 1.0,
        "nauc_precision_at_1000_diff1": 1.0,
        "nauc_mrr_at_1_max": 0.195753,
        "nauc_mrr_at_1_std": 0.22795,
        "nauc_mrr_at_1_diff1": -0.049331,
        "nauc_mrr_at_3_max": 0.222953,
        "nauc_mrr_at_3_std": 0.199914,
        "nauc_mrr_at_3_diff1": -0.028292,
        "nauc_mrr_at_5_max": 0.225089,
        "nauc_mrr_at_5_std": 0.21781,
        "nauc_mrr_at_5_diff1": -0.032051,
        "nauc_mrr_at_10_max": 0.238472,
        "nauc_mrr_at_10_std": 0.227473,
        "nauc_mrr_at_10_diff1": -0.024063,
        "nauc_mrr_at_20_max": 0.24046,
        "nauc_mrr_at_20_std": 0.23713,
        "nauc_mrr_at_20_diff1": -0.007077,
        "nauc_mrr_at_100_max": 0.246372,
        "nauc_mrr_at_100_std": 0.236677,
        "nauc_mrr_at_100_diff1": -0.013363,
        "nauc_mrr_at_1000_max": 0.243503,
        "nauc_mrr_at_1000_std": 0.234976,
        "nauc_mrr_at_1000_diff1": -0.013745,
        "main_score": 0.10383,
        "hf_subset": "default",
        "languages": [
          "eng-Latn"
        ]
      }
    ]
  },
  "evaluation_time": 5.99582839012146,
  "kg_co2_emissions": null
}