{
  "dataset_revision": "8d41f3d22bb73685b6f42b62ad95940ea3dfbf84",
  "task_name": "gdpr-holdings-retrieval",
  "mteb_version": "1.38.49",
  "scores": {
    "test": [
      {
        "ndcg_at_1": 0.748,
        "ndcg_at_3": 0.82347,
        "ndcg_at_5": 0.83604,
        "ndcg_at_10": 0.84403,
        "ndcg_at_20": 0.8496,
        "ndcg_at_100": 0.85433,
        "ndcg_at_1000": 0.85704,
        "map_at_1": 0.748,
        "map_at_3": 0.80467,
        "map_at_5": 0.81177,
        "map_at_10": 0.81519,
        "map_at_20": 0.81673,
        "map_at_100": 0.81735,
        "map_at_1000": 0.81747,
        "recall_at_1": 0.748,
        "recall_at_3": 0.878,
        "recall_at_5": 0.908,
        "recall_at_10": 0.932,
        "recall_at_20": 0.954,
        "recall_at_100": 0.98,
        "recall_at_1000": 1.0,
        "precision_at_1": 0.748,
        "precision_at_3": 0.29267,
        "precision_at_5": 0.1816,
        "precision_at_10": 0.0932,
        "precision_at_20": 0.0477,
        "precision_at_100": 0.0098,
        "precision_at_1000": 0.001,
        "mrr_at_1": 0.748,
        "mrr_at_3": 0.804667,
        "mrr_at_5": 0.811767,
        "mrr_at_10": 0.815187,
        "mrr_at_20": 0.816725,
        "mrr_at_100": 0.817345,
        "mrr_at_1000": 0.817471,
        "nauc_ndcg_at_1_max": 0.391907,
        "nauc_ndcg_at_1_std": -0.158679,
        "nauc_ndcg_at_1_diff1": 0.823261,
        "nauc_ndcg_at_3_max": 0.434715,
        "nauc_ndcg_at_3_std": -0.064894,
        "nauc_ndcg_at_3_diff1": 0.812891,
        "nauc_ndcg_at_5_max": 0.433239,
        "nauc_ndcg_at_5_std": -0.077016,
        "nauc_ndcg_at_5_diff1": 0.807347,
        "nauc_ndcg_at_10_max": 0.448961,
        "nauc_ndcg_at_10_std": -0.062532,
        "nauc_ndcg_at_10_diff1": 0.808311,
        "nauc_ndcg_at_20_max": 0.446595,
        "nauc_ndcg_at_20_std": -0.069732,
        "nauc_ndcg_at_20_diff1": 0.808166,
        "nauc_ndcg_at_100_max": 0.441912,
        "nauc_ndcg_at_100_std": -0.075723,
        "nauc_ndcg_at_100_diff1": 0.810793,
        "nauc_ndcg_at_1000_max": 0.434914,
        "nauc_ndcg_at_1000_std": -0.086605,
        "nauc_ndcg_at_1000_diff1": 0.811434,
        "nauc_map_at_1_max": 0.391907,
        "nauc_map_at_1_std": -0.158679,
        "nauc_map_at_1_diff1": 0.823261,
        "nauc_map_at_3_max": 0.424253,
        "nauc_map_at_3_std": -0.094797,
        "nauc_map_at_3_diff1": 0.81504,
        "nauc_map_at_5_max": 0.422524,
        "nauc_map_at_5_std": -0.102402,
        "nauc_map_at_5_diff1": 0.812208,
        "nauc_map_at_10_max": 0.427785,
        "nauc_map_at_10_std": -0.097954,
        "nauc_map_at_10_diff1": 0.812467,
        "nauc_map_at_20_max": 0.42696,
        "nauc_map_at_20_std": -0.100039,
        "nauc_map_at_20_diff1": 0.812508,
        "nauc_map_at_100_max": 0.42638,
        "nauc_map_at_100_std": -0.100984,
        "nauc_map_at_100_diff1": 0.812981,
        "nauc_map_at_1000_max": 0.426116,
        "nauc_map_at_1000_std": -0.101359,
        "nauc_map_at_1000_diff1": 0.813007,
        "nauc_recall_at_1_max": 0.391907,
        "nauc_recall_at_1_std": -0.158679,
        "nauc_recall_at_1_diff1": 0.823261,
        "nauc_recall_at_3_max": 0.478555,
        "nauc_recall_at_3_std": 0.065769,
        "nauc_recall_at_3_diff1": 0.804181,
        "nauc_recall_at_5_max": 0.490358,
        "nauc_recall_at_5_std": 0.05993,
        "nauc_recall_at_5_diff1": 0.780853,
        "nauc_recall_at_10_max": 0.614256,
        "nauc_recall_at_10_std": 0.204921,
        "nauc_recall_at_10_diff1": 0.780043,
        "nauc_recall_at_20_max": 0.667479,
        "nauc_recall_at_20_std": 0.249706,
        "nauc_recall_at_20_diff1": 0.763853,
        "nauc_recall_at_100_max": 0.78226,
        "nauc_recall_at_100_std": 0.46774,
        "nauc_recall_at_100_diff1": 0.779645,
        "nauc_recall_at_1000_max": NaN,
        "nauc_recall_at_1000_std": NaN,
        "nauc_recall_at_1000_diff1": NaN,
        "nauc_precision_at_1_max": 0.391907,
        "nauc_precision_at_1_std": -0.158679,
        "nauc_precision_at_1_diff1": 0.823261,
        "nauc_precision_at_3_max": 0.478555,
        "nauc_precision_at_3_std": 0.065769,
        "nauc_precision_at_3_diff1": 0.804181,
        "nauc_precision_at_5_max": 0.490358,
        "nauc_precision_at_5_std": 0.05993,
        "nauc_precision_at_5_diff1": 0.780853,
        "nauc_precision_at_10_max": 0.614256,
        "nauc_precision_at_10_std": 0.204921,
        "nauc_precision_at_10_diff1": 0.780043,
        "nauc_precision_at_20_max": 0.667479,
        "nauc_precision_at_20_std": 0.249706,
        "nauc_precision_at_20_diff1": 0.763853,
        "nauc_precision_at_100_max": 0.78226,
        "nauc_precision_at_100_std": 0.46774,
        "nauc_precision_at_100_diff1": 0.779645,
        "nauc_precision_at_1000_max": 1.0,
        "nauc_precision_at_1000_std": 1.0,
        "nauc_precision_at_1000_diff1": 1.0,
        "nauc_mrr_at_1_max": 0.391907,
        "nauc_mrr_at_1_std": -0.158679,
        "nauc_mrr_at_1_diff1": 0.823261,
        "nauc_mrr_at_3_max": 0.424253,
        "nauc_mrr_at_3_std": -0.094797,
        "nauc_mrr_at_3_diff1": 0.81504,
        "nauc_mrr_at_5_max": 0.422524,
        "nauc_mrr_at_5_std": -0.102402,
        "nauc_mrr_at_5_diff1": 0.812208,
        "nauc_mrr_at_10_max": 0.427785,
        "nauc_mrr_at_10_std": -0.097954,
        "nauc_mrr_at_10_diff1": 0.812467,
        "nauc_mrr_at_20_max": 0.42696,
        "nauc_mrr_at_20_std": -0.100039,
        "nauc_mrr_at_20_diff1": 0.812508,
        "nauc_mrr_at_100_max": 0.42638,
        "nauc_mrr_at_100_std": -0.100984,
        "nauc_mrr_at_100_diff1": 0.812981,
        "nauc_mrr_at_1000_max": 0.426116,
        "nauc_mrr_at_1000_std": -0.101359,
        "nauc_mrr_at_1000_diff1": 0.813007,
        "main_score": 0.84403,
        "hf_subset": "default",
        "languages": [
          "eng-Latn"
        ]
      }
    ]
  },
  "evaluation_time": 12.43908405303955,
  "kg_co2_emissions": null
}