{
  "dataset_revision": "66d23b0ce609450ce24d0fc85e9bac69aba90b84",
  "task_name": "housing-qa",
  "mteb_version": "1.38.49",
  "scores": {
    "test": [
      {
        "ndcg_at_1": 0.14953,
        "ndcg_at_3": 0.14964,
        "ndcg_at_5": 0.14116,
        "ndcg_at_10": 0.16156,
        "ndcg_at_20": 0.20435,
        "ndcg_at_100": 0.31404,
        "ndcg_at_1000": 0.38031,
        "map_at_1": 0.0556,
        "map_at_3": 0.07783,
        "map_at_5": 0.0836,
        "map_at_10": 0.09744,
        "map_at_20": 0.11188,
        "map_at_100": 0.134,
        "map_at_1000": 0.14174,
        "recall_at_1": 0.0556,
        "recall_at_3": 0.10698,
        "recall_at_5": 0.12765,
        "recall_at_10": 0.2047,
        "recall_at_20": 0.3221,
        "recall_at_100": 0.69092,
        "recall_at_1000": 1.0,
        "precision_at_1": 0.14953,
        "precision_at_3": 0.1215,
        "precision_at_5": 0.08972,
        "precision_at_10": 0.07103,
        "precision_at_20": 0.05981,
        "precision_at_100": 0.03159,
        "precision_at_1000": 0.00467,
        "mrr_at_1": 0.149533,
        "mrr_at_3": 0.214953,
        "mrr_at_5": 0.230374,
        "mrr_at_10": 0.249414,
        "mrr_at_20": 0.261393,
        "mrr_at_100": 0.26817,
        "mrr_at_1000": 0.268665,
        "nauc_ndcg_at_1_max": 0.209834,
        "nauc_ndcg_at_1_std": 0.168014,
        "nauc_ndcg_at_1_diff1": 0.272414,
        "nauc_ndcg_at_3_max": 0.240591,
        "nauc_ndcg_at_3_std": 0.079935,
        "nauc_ndcg_at_3_diff1": 0.178402,
        "nauc_ndcg_at_5_max": 0.238558,
        "nauc_ndcg_at_5_std": 0.01803,
        "nauc_ndcg_at_5_diff1": 0.213437,
        "nauc_ndcg_at_10_max": 0.181825,
        "nauc_ndcg_at_10_std": -0.064165,
        "nauc_ndcg_at_10_diff1": 0.201035,
        "nauc_ndcg_at_20_max": 0.141344,
        "nauc_ndcg_at_20_std": -0.072486,
        "nauc_ndcg_at_20_diff1": 0.147615,
        "nauc_ndcg_at_100_max": 0.195801,
        "nauc_ndcg_at_100_std": 0.064078,
        "nauc_ndcg_at_100_diff1": 0.131383,
        "nauc_ndcg_at_1000_max": 0.236739,
        "nauc_ndcg_at_1000_std": 0.1507,
        "nauc_ndcg_at_1000_diff1": 0.099459,
        "nauc_map_at_1_max": 0.168698,
        "nauc_map_at_1_std": -0.008382,
        "nauc_map_at_1_diff1": 0.407728,
        "nauc_map_at_3_max": 0.191111,
        "nauc_map_at_3_std": -0.058318,
        "nauc_map_at_3_diff1": 0.323098,
        "nauc_map_at_5_max": 0.192876,
        "nauc_map_at_5_std": -0.070487,
        "nauc_map_at_5_diff1": 0.318212,
        "nauc_map_at_10_max": 0.155963,
        "nauc_map_at_10_std": -0.091314,
        "nauc_map_at_10_diff1": 0.288483,
        "nauc_map_at_20_max": 0.138718,
        "nauc_map_at_20_std": -0.090515,
        "nauc_map_at_20_diff1": 0.241494,
        "nauc_map_at_100_max": 0.152696,
        "nauc_map_at_100_std": -0.052806,
        "nauc_map_at_100_diff1": 0.227098,
        "nauc_map_at_1000_max": 0.16662,
        "nauc_map_at_1000_std": -0.027,
        "nauc_map_at_1000_diff1": 0.218869,
        "nauc_recall_at_1_max": 0.168698,
        "nauc_recall_at_1_std": -0.008382,
        "nauc_recall_at_1_diff1": 0.407728,
        "nauc_recall_at_3_max": 0.214478,
        "nauc_recall_at_3_std": -0.11315,
        "nauc_recall_at_3_diff1": 0.284001,
        "nauc_recall_at_5_max": 0.238338,
        "nauc_recall_at_5_std": -0.124855,
        "nauc_recall_at_5_diff1": 0.269743,
        "nauc_recall_at_10_max": 0.09232,
        "nauc_recall_at_10_std": -0.205629,
        "nauc_recall_at_10_diff1": 0.176767,
        "nauc_recall_at_20_max": 0.02423,
        "nauc_recall_at_20_std": -0.211992,
        "nauc_recall_at_20_diff1": 0.085561,
        "nauc_recall_at_100_max": 0.053471,
        "nauc_recall_at_100_std": -0.027412,
        "nauc_recall_at_100_diff1": 0.068671,
        "nauc_recall_at_1000_max": NaN,
        "nauc_recall_at_1000_std": NaN,
        "nauc_recall_at_1000_diff1": NaN,
        "nauc_precision_at_1_max": 0.209834,
        "nauc_precision_at_1_std": 0.168014,
        "nauc_precision_at_1_diff1": 0.272414,
        "nauc_precision_at_3_max": 0.238075,
        "nauc_precision_at_3_std": 0.1117,
        "nauc_precision_at_3_diff1": 0.030608,
        "nauc_precision_at_5_max": 0.215909,
        "nauc_precision_at_5_std": 0.04744,
        "nauc_precision_at_5_diff1": 0.012672,
        "nauc_precision_at_10_max": 0.173135,
        "nauc_precision_at_10_std": 0.06419,
        "nauc_precision_at_10_diff1": -0.103198,
        "nauc_precision_at_20_max": 0.128995,
        "nauc_precision_at_20_std": 0.142673,
        "nauc_precision_at_20_diff1": -0.213937,
        "nauc_precision_at_100_max": 0.222423,
        "nauc_precision_at_100_std": 0.43291,
        "nauc_precision_at_100_diff1": -0.202314,
        "nauc_precision_at_1000_max": 0.256221,
        "nauc_precision_at_1000_std": 0.539141,
        "nauc_precision_at_1000_diff1": -0.25368,
        "nauc_mrr_at_1_max": 0.209834,
        "nauc_mrr_at_1_std": 0.168014,
        "nauc_mrr_at_1_diff1": 0.272414,
        "nauc_mrr_at_3_max": 0.245328,
        "nauc_mrr_at_3_std": 0.142686,
        "nauc_mrr_at_3_diff1": 0.174226,
        "nauc_mrr_at_5_max": 0.247011,
        "nauc_mrr_at_5_std": 0.127194,
        "nauc_mrr_at_5_diff1": 0.164464,
        "nauc_mrr_at_10_max": 0.260702,
        "nauc_mrr_at_10_std": 0.132817,
        "nauc_mrr_at_10_diff1": 0.142893,
        "nauc_mrr_at_20_max": 0.249104,
        "nauc_mrr_at_20_std": 0.132372,
        "nauc_mrr_at_20_diff1": 0.148389,
        "nauc_mrr_at_100_max": 0.24933,
        "nauc_mrr_at_100_std": 0.137412,
        "nauc_mrr_at_100_diff1": 0.149964,
        "nauc_mrr_at_1000_max": 0.249265,
        "nauc_mrr_at_1000_std": 0.136935,
        "nauc_mrr_at_1000_diff1": 0.150697,
        "main_score": 0.16156,
        "hf_subset": "default",
        "languages": [
          "eng-Latn"
        ]
      }
    ]
  },
  "evaluation_time": 5.7417097091674805,
  "kg_co2_emissions": null
}