{
  "dataset_revision": "bbf8b2d84b7de5970b2ba4ea843c791285fdb1df",
  "task_name": "irish-legislative-summaries",
  "mteb_version": "1.38.49",
  "scores": {
    "test": [
      {
        "ndcg_at_1": 0.728,
        "ndcg_at_3": 0.79952,
        "ndcg_at_5": 0.81251,
        "ndcg_at_10": 0.82422,
        "ndcg_at_20": 0.8323,
        "ndcg_at_100": 0.84055,
        "ndcg_at_1000": 0.84196,
        "map_at_1": 0.728,
        "map_at_3": 0.78267,
        "map_at_5": 0.78977,
        "map_at_10": 0.79464,
        "map_at_20": 0.79685,
        "map_at_100": 0.79816,
        "map_at_1000": 0.79824,
        "recall_at_1": 0.728,
        "recall_at_3": 0.848,
        "recall_at_5": 0.88,
        "recall_at_10": 0.916,
        "recall_at_20": 0.948,
        "recall_at_100": 0.99,
        "recall_at_1000": 1.0,
        "precision_at_1": 0.728,
        "precision_at_3": 0.28267,
        "precision_at_5": 0.176,
        "precision_at_10": 0.0916,
        "precision_at_20": 0.0474,
        "precision_at_100": 0.0099,
        "precision_at_1000": 0.001,
        "mrr_at_1": 0.728,
        "mrr_at_3": 0.782667,
        "mrr_at_5": 0.789767,
        "mrr_at_10": 0.79464,
        "mrr_at_20": 0.796849,
        "mrr_at_100": 0.798163,
        "mrr_at_1000": 0.798239,
        "nauc_ndcg_at_1_max": 0.535026,
        "nauc_ndcg_at_1_std": 0.079569,
        "nauc_ndcg_at_1_diff1": 0.754752,
        "nauc_ndcg_at_3_max": 0.60306,
        "nauc_ndcg_at_3_std": 0.093987,
        "nauc_ndcg_at_3_diff1": 0.735057,
        "nauc_ndcg_at_5_max": 0.606458,
        "nauc_ndcg_at_5_std": 0.095885,
        "nauc_ndcg_at_5_diff1": 0.740229,
        "nauc_ndcg_at_10_max": 0.591472,
        "nauc_ndcg_at_10_std": 0.087341,
        "nauc_ndcg_at_10_diff1": 0.732114,
        "nauc_ndcg_at_20_max": 0.592917,
        "nauc_ndcg_at_20_std": 0.100323,
        "nauc_ndcg_at_20_diff1": 0.729725,
        "nauc_ndcg_at_100_max": 0.583261,
        "nauc_ndcg_at_100_std": 0.095776,
        "nauc_ndcg_at_100_diff1": 0.733867,
        "nauc_ndcg_at_1000_max": 0.583688,
        "nauc_ndcg_at_1000_std": 0.092235,
        "nauc_ndcg_at_1000_diff1": 0.736636,
        "nauc_map_at_1_max": 0.535026,
        "nauc_map_at_1_std": 0.079569,
        "nauc_map_at_1_diff1": 0.754752,
        "nauc_map_at_3_max": 0.583698,
        "nauc_map_at_3_std": 0.088592,
        "nauc_map_at_3_diff1": 0.740616,
        "nauc_map_at_5_max": 0.584372,
        "nauc_map_at_5_std": 0.088786,
        "nauc_map_at_5_diff1": 0.743309,
        "nauc_map_at_10_max": 0.578631,
        "nauc_map_at_10_std": 0.086084,
        "nauc_map_at_10_diff1": 0.740135,
        "nauc_map_at_20_max": 0.578909,
        "nauc_map_at_20_std": 0.089039,
        "nauc_map_at_20_diff1": 0.73967,
        "nauc_map_at_100_max": 0.577562,
        "nauc_map_at_100_std": 0.08863,
        "nauc_map_at_100_diff1": 0.740226,
        "nauc_map_at_1000_max": 0.577582,
        "nauc_map_at_1000_std": 0.088461,
        "nauc_map_at_1000_diff1": 0.740354,
        "nauc_recall_at_1_max": 0.535026,
        "nauc_recall_at_1_std": 0.079569,
        "nauc_recall_at_1_diff1": 0.754752,
        "nauc_recall_at_3_max": 0.678436,
        "nauc_recall_at_3_std": 0.115734,
        "nauc_recall_at_3_diff1": 0.713443,
        "nauc_recall_at_5_max": 0.711104,
        "nauc_recall_at_5_std": 0.131562,
        "nauc_recall_at_5_diff1": 0.727275,
        "nauc_recall_at_10_max": 0.661854,
        "nauc_recall_at_10_std": 0.088991,
        "nauc_recall_at_10_diff1": 0.678116,
        "nauc_recall_at_20_max": 0.71908,
        "nauc_recall_at_20_std": 0.241291,
        "nauc_recall_at_20_diff1": 0.617306,
        "nauc_recall_at_100_max": 0.542951,
        "nauc_recall_at_100_std": 0.444631,
        "nauc_recall_at_100_diff1": 0.45901,
        "nauc_recall_at_1000_max": NaN,
        "nauc_recall_at_1000_std": NaN,
        "nauc_recall_at_1000_diff1": NaN,
        "nauc_precision_at_1_max": 0.535026,
        "nauc_precision_at_1_std": 0.079569,
        "nauc_precision_at_1_diff1": 0.754752,
        "nauc_precision_at_3_max": 0.678436,
        "nauc_precision_at_3_std": 0.115734,
        "nauc_precision_at_3_diff1": 0.713443,
        "nauc_precision_at_5_max": 0.711104,
        "nauc_precision_at_5_std": 0.131562,
        "nauc_precision_at_5_diff1": 0.727275,
        "nauc_precision_at_10_max": 0.661854,
        "nauc_precision_at_10_std": 0.088991,
        "nauc_precision_at_10_diff1": 0.678116,
        "nauc_precision_at_20_max": 0.71908,
        "nauc_precision_at_20_std": 0.241291,
        "nauc_precision_at_20_diff1": 0.617306,
        "nauc_precision_at_100_max": 0.542951,
        "nauc_precision_at_100_std": 0.444631,
        "nauc_precision_at_100_diff1": 0.45901,
        "nauc_precision_at_1000_max": 1.0,
        "nauc_precision_at_1000_std": 1.0,
        "nauc_precision_at_1000_diff1": 1.0,
        "nauc_mrr_at_1_max": 0.535026,
        "nauc_mrr_at_1_std": 0.079569,
        "nauc_mrr_at_1_diff1": 0.754752,
        "nauc_mrr_at_3_max": 0.583698,
        "nauc_mrr_at_3_std": 0.088592,
        "nauc_mrr_at_3_diff1": 0.740616,
        "nauc_mrr_at_5_max": 0.584372,
        "nauc_mrr_at_5_std": 0.088786,
        "nauc_mrr_at_5_diff1": 0.743309,
        "nauc_mrr_at_10_max": 0.578631,
        "nauc_mrr_at_10_std": 0.086084,
        "nauc_mrr_at_10_diff1": 0.740135,
        "nauc_mrr_at_20_max": 0.578909,
        "nauc_mrr_at_20_std": 0.089039,
        "nauc_mrr_at_20_diff1": 0.73967,
        "nauc_mrr_at_100_max": 0.577562,
        "nauc_mrr_at_100_std": 0.08863,
        "nauc_mrr_at_100_diff1": 0.740226,
        "nauc_mrr_at_1000_max": 0.577582,
        "nauc_mrr_at_1000_std": 0.088461,
        "nauc_mrr_at_1000_diff1": 0.740354,
        "main_score": 0.82422,
        "hf_subset": "default",
        "languages": [
          "eng-Latn"
        ]
      }
    ]
  },
  "evaluation_time": 20.478540658950806,
  "kg_co2_emissions": null
}