{
  "dataset_revision": "ca0f1732432ad623ba6172b15e8c726b76e50fad",
  "task_name": "legal-rag-bench",
  "mteb_version": "1.39.7",
  "scores": {
    "test": [
      {
        "ndcg_at_1": 0.16,
        "ndcg_at_3": 0.20286,
        "ndcg_at_5": 0.23256,
        "ndcg_at_10": 0.26988,
        "ndcg_at_20": 0.27979,
        "ndcg_at_100": 0.33057,
        "ndcg_at_1000": 0.36268,
        "map_at_1": 0.16,
        "map_at_3": 0.19333,
        "map_at_5": 0.21033,
        "map_at_10": 0.22487,
        "map_at_20": 0.22749,
        "map_at_100": 0.23419,
        "map_at_1000": 0.23547,
        "recall_at_1": 0.16,
        "recall_at_3": 0.23,
        "recall_at_5": 0.3,
        "recall_at_10": 0.42,
        "recall_at_20": 0.46,
        "recall_at_100": 0.74,
        "recall_at_1000": 0.99,
        "precision_at_1": 0.16,
        "precision_at_3": 0.07667,
        "precision_at_5": 0.06,
        "precision_at_10": 0.042,
        "precision_at_20": 0.023,
        "precision_at_100": 0.0074,
        "precision_at_1000": 0.00099,
        "mrr_at_1": 0.16,
        "mrr_at_3": 0.193333,
        "mrr_at_5": 0.210333,
        "mrr_at_10": 0.224869,
        "mrr_at_20": 0.227491,
        "mrr_at_100": 0.234188,
        "mrr_at_1000": 0.235473,
        "nauc_ndcg_at_1_max": 0.291174,
        "nauc_ndcg_at_1_std": 0.112594,
        "nauc_ndcg_at_1_diff1": 0.478088,
        "nauc_ndcg_at_3_max": 0.207628,
        "nauc_ndcg_at_3_std": 0.12651,
        "nauc_ndcg_at_3_diff1": 0.35301,
        "nauc_ndcg_at_5_max": 0.172195,
        "nauc_ndcg_at_5_std": 0.154162,
        "nauc_ndcg_at_5_diff1": 0.363955,
        "nauc_ndcg_at_10_max": 0.133574,
        "nauc_ndcg_at_10_std": 0.130729,
        "nauc_ndcg_at_10_diff1": 0.35171,
        "nauc_ndcg_at_20_max": 0.166111,
        "nauc_ndcg_at_20_std": 0.13126,
        "nauc_ndcg_at_20_diff1": 0.371547,
        "nauc_ndcg_at_100_max": 0.195603,
        "nauc_ndcg_at_100_std": 0.156852,
        "nauc_ndcg_at_100_diff1": 0.384961,
        "nauc_ndcg_at_1000_max": 0.17192,
        "nauc_ndcg_at_1000_std": 0.126459,
        "nauc_ndcg_at_1000_diff1": 0.371505,
        "nauc_map_at_1_max": 0.291174,
        "nauc_map_at_1_std": 0.112594,
        "nauc_map_at_1_diff1": 0.478088,
        "nauc_map_at_3_max": 0.225598,
        "nauc_map_at_3_std": 0.125382,
        "nauc_map_at_3_diff1": 0.378524,
        "nauc_map_at_5_max": 0.204016,
        "nauc_map_at_5_std": 0.14193,
        "nauc_map_at_5_diff1": 0.383539,
        "nauc_map_at_10_max": 0.186709,
        "nauc_map_at_10_std": 0.131094,
        "nauc_map_at_10_diff1": 0.375521,
        "nauc_map_at_20_max": 0.195389,
        "nauc_map_at_20_std": 0.130065,
        "nauc_map_at_20_diff1": 0.382077,
        "nauc_map_at_100_max": 0.198314,
        "nauc_map_at_100_std": 0.131305,
        "nauc_map_at_100_diff1": 0.384924,
        "nauc_map_at_1000_max": 0.197218,
        "nauc_map_at_1000_std": 0.129903,
        "nauc_map_at_1000_diff1": 0.384161,
        "nauc_recall_at_1_max": 0.291174,
        "nauc_recall_at_1_std": 0.112594,
        "nauc_recall_at_1_diff1": 0.478088,
        "nauc_recall_at_3_max": 0.161239,
        "nauc_recall_at_3_std": 0.128735,
        "nauc_recall_at_3_diff1": 0.287656,
        "nauc_recall_at_5_max": 0.092906,
        "nauc_recall_at_5_std": 0.185461,
        "nauc_recall_at_5_diff1": 0.319903,
        "nauc_recall_at_10_max": -0.003927,
        "nauc_recall_at_10_std": 0.125995,
        "nauc_recall_at_10_diff1": 0.300775,
        "nauc_recall_at_20_max": 0.10913,
        "nauc_recall_at_20_std": 0.135029,
        "nauc_recall_at_20_diff1": 0.36254,
        "nauc_recall_at_100_max": 0.299805,
        "nauc_recall_at_100_std": 0.340457,
        "nauc_recall_at_100_diff1": 0.432586,
        "nauc_recall_at_1000_max": -1.739963,
        "nauc_recall_at_1000_std": -1.151727,
        "nauc_recall_at_1000_diff1": -0.563492,
        "nauc_precision_at_1_max": 0.291174,
        "nauc_precision_at_1_std": 0.112594,
        "nauc_precision_at_1_diff1": 0.478088,
        "nauc_precision_at_3_max": 0.161239,
        "nauc_precision_at_3_std": 0.128735,
        "nauc_precision_at_3_diff1": 0.287656,
        "nauc_precision_at_5_max": 0.092906,
        "nauc_precision_at_5_std": 0.185461,
        "nauc_precision_at_5_diff1": 0.319903,
        "nauc_precision_at_10_max": -0.003927,
        "nauc_precision_at_10_std": 0.125995,
        "nauc_precision_at_10_diff1": 0.300775,
        "nauc_precision_at_20_max": 0.10913,
        "nauc_precision_at_20_std": 0.135029,
        "nauc_precision_at_20_diff1": 0.36254,
        "nauc_precision_at_100_max": 0.299805,
        "nauc_precision_at_100_std": 0.340457,
        "nauc_precision_at_100_diff1": 0.432586,
        "nauc_precision_at_1000_max": -1.739963,
        "nauc_precision_at_1000_std": -1.151727,
        "nauc_precision_at_1000_diff1": -0.563492,
        "nauc_mrr_at_1_max": 0.291174,
        "nauc_mrr_at_1_std": 0.112594,
        "nauc_mrr_at_1_diff1": 0.478088,
        "nauc_mrr_at_3_max": 0.225598,
        "nauc_mrr_at_3_std": 0.125382,
        "nauc_mrr_at_3_diff1": 0.378524,
        "nauc_mrr_at_5_max": 0.204016,
        "nauc_mrr_at_5_std": 0.14193,
        "nauc_mrr_at_5_diff1": 0.383539,
        "nauc_mrr_at_10_max": 0.186709,
        "nauc_mrr_at_10_std": 0.131094,
        "nauc_mrr_at_10_diff1": 0.375521,
        "nauc_mrr_at_20_max": 0.195389,
        "nauc_mrr_at_20_std": 0.130065,
        "nauc_mrr_at_20_diff1": 0.382077,
        "nauc_mrr_at_100_max": 0.198314,
        "nauc_mrr_at_100_std": 0.131305,
        "nauc_mrr_at_100_diff1": 0.384924,
        "nauc_mrr_at_1000_max": 0.197218,
        "nauc_mrr_at_1000_std": 0.129903,
        "nauc_mrr_at_1000_diff1": 0.384161,
        "main_score": 0.26988,
        "hf_subset": "default",
        "languages": [
          "eng-Latn"
        ]
      }
    ]
  },
  "evaluation_time": 28.417052030563354,
  "kg_co2_emissions": null
}