{
  "dataset_revision": "ec00129f88e9476e582131dc3a5db9220dfefa48",
  "task_name": "license-tldr-retrieval",
  "mteb_version": "1.38.49",
  "scores": {
    "test": [
      {
        "ndcg_at_1": 0.36923,
        "ndcg_at_3": 0.46428,
        "ndcg_at_5": 0.51527,
        "ndcg_at_10": 0.54084,
        "ndcg_at_20": 0.56402,
        "ndcg_at_100": 0.60047,
        "ndcg_at_1000": 0.60047,
        "map_at_1": 0.36923,
        "map_at_3": 0.44359,
        "map_at_5": 0.47205,
        "map_at_10": 0.48301,
        "map_at_20": 0.48928,
        "map_at_100": 0.49513,
        "map_at_1000": 0.49513,
        "recall_at_1": 0.36923,
        "recall_at_3": 0.52308,
        "recall_at_5": 0.64615,
        "recall_at_10": 0.72308,
        "recall_at_20": 0.81538,
        "recall_at_100": 1.0,
        "recall_at_1000": 1.0,
        "precision_at_1": 0.36923,
        "precision_at_3": 0.17436,
        "precision_at_5": 0.12923,
        "precision_at_10": 0.07231,
        "precision_at_20": 0.04077,
        "precision_at_100": 0.01,
        "precision_at_1000": 0.001,
        "mrr_at_1": 0.369231,
        "mrr_at_3": 0.441026,
        "mrr_at_5": 0.465641,
        "mrr_at_10": 0.47953,
        "mrr_at_20": 0.485802,
        "mrr_at_100": 0.491654,
        "mrr_at_1000": 0.491654,
        "nauc_ndcg_at_1_max": 0.445055,
        "nauc_ndcg_at_1_std": 0.170471,
        "nauc_ndcg_at_1_diff1": 0.592921,
        "nauc_ndcg_at_3_max": 0.491316,
        "nauc_ndcg_at_3_std": 0.269409,
        "nauc_ndcg_at_3_diff1": 0.55325,
        "nauc_ndcg_at_5_max": 0.503084,
        "nauc_ndcg_at_5_std": 0.316796,
        "nauc_ndcg_at_5_diff1": 0.537824,
        "nauc_ndcg_at_10_max": 0.498701,
        "nauc_ndcg_at_10_std": 0.298072,
        "nauc_ndcg_at_10_diff1": 0.527751,
        "nauc_ndcg_at_20_max": 0.4791,
        "nauc_ndcg_at_20_std": 0.255636,
        "nauc_ndcg_at_20_diff1": 0.51451,
        "nauc_ndcg_at_100_max": 0.485504,
        "nauc_ndcg_at_100_std": 0.266768,
        "nauc_ndcg_at_100_diff1": 0.534791,
        "nauc_ndcg_at_1000_max": 0.485504,
        "nauc_ndcg_at_1000_std": 0.266768,
        "nauc_ndcg_at_1000_diff1": 0.534791,
        "nauc_map_at_1_max": 0.445055,
        "nauc_map_at_1_std": 0.170471,
        "nauc_map_at_1_diff1": 0.592921,
        "nauc_map_at_3_max": 0.483065,
        "nauc_map_at_3_std": 0.250665,
        "nauc_map_at_3_diff1": 0.5595,
        "nauc_map_at_5_max": 0.491497,
        "nauc_map_at_5_std": 0.27452,
        "nauc_map_at_5_diff1": 0.551972,
        "nauc_map_at_10_max": 0.488042,
        "nauc_map_at_10_std": 0.266358,
        "nauc_map_at_10_diff1": 0.546772,
        "nauc_map_at_20_max": 0.48296,
        "nauc_map_at_20_std": 0.255241,
        "nauc_map_at_20_diff1": 0.544097,
        "nauc_map_at_100_max": 0.483654,
        "nauc_map_at_100_std": 0.257332,
        "nauc_map_at_100_diff1": 0.545842,
        "nauc_map_at_1000_max": 0.483654,
        "nauc_map_at_1000_std": 0.257332,
        "nauc_map_at_1000_diff1": 0.545842,
        "nauc_recall_at_1_max": 0.445055,
        "nauc_recall_at_1_std": 0.170471,
        "nauc_recall_at_1_diff1": 0.592921,
        "nauc_recall_at_3_max": 0.514364,
        "nauc_recall_at_3_std": 0.322407,
        "nauc_recall_at_3_diff1": 0.536272,
        "nauc_recall_at_5_max": 0.5391,
        "nauc_recall_at_5_std": 0.4661,
        "nauc_recall_at_5_diff1": 0.488417,
        "nauc_recall_at_10_max": 0.539909,
        "nauc_recall_at_10_std": 0.421528,
        "nauc_recall_at_10_diff1": 0.450221,
        "nauc_recall_at_20_max": 0.425912,
        "nauc_recall_at_20_std": 0.188687,
        "nauc_recall_at_20_diff1": 0.32538,
        "nauc_recall_at_100_max": NaN,
        "nauc_recall_at_100_std": NaN,
        "nauc_recall_at_100_diff1": NaN,
        "nauc_recall_at_1000_max": NaN,
        "nauc_recall_at_1000_std": NaN,
        "nauc_recall_at_1000_diff1": NaN,
        "nauc_precision_at_1_max": 0.445055,
        "nauc_precision_at_1_std": 0.170471,
        "nauc_precision_at_1_diff1": 0.592921,
        "nauc_precision_at_3_max": 0.514364,
        "nauc_precision_at_3_std": 0.322407,
        "nauc_precision_at_3_diff1": 0.536272,
        "nauc_precision_at_5_max": 0.5391,
        "nauc_precision_at_5_std": 0.4661,
        "nauc_precision_at_5_diff1": 0.488417,
        "nauc_precision_at_10_max": 0.539909,
        "nauc_precision_at_10_std": 0.421528,
        "nauc_precision_at_10_diff1": 0.450221,
        "nauc_precision_at_20_max": 0.425912,
        "nauc_precision_at_20_std": 0.188687,
        "nauc_precision_at_20_diff1": 0.32538,
        "nauc_precision_at_100_max": NaN,
        "nauc_precision_at_100_std": NaN,
        "nauc_precision_at_100_diff1": NaN,
        "nauc_precision_at_1000_max": 1.0,
        "nauc_precision_at_1000_std": 1.0,
        "nauc_precision_at_1000_diff1": 1.0,
        "nauc_mrr_at_1_max": 0.445055,
        "nauc_mrr_at_1_std": 0.170471,
        "nauc_mrr_at_1_diff1": 0.592921,
        "nauc_mrr_at_3_max": 0.481389,
        "nauc_mrr_at_3_std": 0.249202,
        "nauc_mrr_at_3_diff1": 0.566299,
        "nauc_mrr_at_5_max": 0.473823,
        "nauc_mrr_at_5_std": 0.25831,
        "nauc_mrr_at_5_diff1": 0.567063,
        "nauc_mrr_at_10_max": 0.480478,
        "nauc_mrr_at_10_std": 0.260672,
        "nauc_mrr_at_10_diff1": 0.556127,
        "nauc_mrr_at_20_max": 0.475298,
        "nauc_mrr_at_20_std": 0.249497,
        "nauc_mrr_at_20_diff1": 0.553591,
        "nauc_mrr_at_100_max": 0.475864,
        "nauc_mrr_at_100_std": 0.251488,
        "nauc_mrr_at_100_diff1": 0.555489,
        "nauc_mrr_at_1000_max": 0.475864,
        "nauc_mrr_at_1000_std": 0.251488,
        "nauc_mrr_at_1000_diff1": 0.555489,
        "main_score": 0.54084,
        "hf_subset": "default",
        "languages": [
          "eng-Latn"
        ]
      }
    ]
  },
  "evaluation_time": 2.222940683364868,
  "kg_co2_emissions": null
}