{
  "dataset_revision": "319b6cc4b012d733f126a943a8a66bdf9df5dc40",
  "task_name": "scalr",
  "mteb_version": "1.38.49",
  "scores": {
    "test": [
      {
        "ndcg_at_1": 0.45833,
        "ndcg_at_3": 0.54732,
        "ndcg_at_5": 0.59069,
        "ndcg_at_10": 0.61521,
        "ndcg_at_20": 0.63246,
        "ndcg_at_100": 0.64544,
        "ndcg_at_1000": 0.65416,
        "map_at_1": 0.45833,
        "map_at_3": 0.52361,
        "map_at_5": 0.54694,
        "map_at_10": 0.55722,
        "map_at_20": 0.56216,
        "map_at_100": 0.56415,
        "map_at_1000": 0.5645,
        "recall_at_1": 0.45833,
        "recall_at_3": 0.61667,
        "recall_at_5": 0.725,
        "recall_at_10": 0.8,
        "recall_at_20": 0.86667,
        "recall_at_100": 0.93333,
        "recall_at_1000": 1.0,
        "precision_at_1": 0.45833,
        "precision_at_3": 0.20556,
        "precision_at_5": 0.145,
        "precision_at_10": 0.08,
        "precision_at_20": 0.04333,
        "precision_at_100": 0.00933,
        "precision_at_1000": 0.001,
        "mrr_at_1": 0.458333,
        "mrr_at_3": 0.523611,
        "mrr_at_5": 0.546944,
        "mrr_at_10": 0.557219,
        "mrr_at_20": 0.56216,
        "mrr_at_100": 0.564148,
        "mrr_at_1000": 0.564499,
        "nauc_ndcg_at_1_max": 0.349275,
        "nauc_ndcg_at_1_std": 0.141997,
        "nauc_ndcg_at_1_diff1": 0.515371,
        "nauc_ndcg_at_3_max": 0.35012,
        "nauc_ndcg_at_3_std": 0.081791,
        "nauc_ndcg_at_3_diff1": 0.402902,
        "nauc_ndcg_at_5_max": 0.354891,
        "nauc_ndcg_at_5_std": 0.067314,
        "nauc_ndcg_at_5_diff1": 0.394846,
        "nauc_ndcg_at_10_max": 0.377977,
        "nauc_ndcg_at_10_std": 0.1361,
        "nauc_ndcg_at_10_diff1": 0.398496,
        "nauc_ndcg_at_20_max": 0.389873,
        "nauc_ndcg_at_20_std": 0.114572,
        "nauc_ndcg_at_20_diff1": 0.413133,
        "nauc_ndcg_at_100_max": 0.371775,
        "nauc_ndcg_at_100_std": 0.101944,
        "nauc_ndcg_at_100_diff1": 0.404114,
        "nauc_ndcg_at_1000_max": 0.367258,
        "nauc_ndcg_at_1000_std": 0.108807,
        "nauc_ndcg_at_1000_diff1": 0.42003,
        "nauc_map_at_1_max": 0.349275,
        "nauc_map_at_1_std": 0.141997,
        "nauc_map_at_1_diff1": 0.515371,
        "nauc_map_at_3_max": 0.349949,
        "nauc_map_at_3_std": 0.100405,
        "nauc_map_at_3_diff1": 0.431104,
        "nauc_map_at_5_max": 0.350814,
        "nauc_map_at_5_std": 0.093283,
        "nauc_map_at_5_diff1": 0.428134,
        "nauc_map_at_10_max": 0.359319,
        "nauc_map_at_10_std": 0.120251,
        "nauc_map_at_10_diff1": 0.431436,
        "nauc_map_at_20_max": 0.362362,
        "nauc_map_at_20_std": 0.114756,
        "nauc_map_at_20_diff1": 0.435819,
        "nauc_map_at_100_max": 0.359691,
        "nauc_map_at_100_std": 0.113155,
        "nauc_map_at_100_diff1": 0.434783,
        "nauc_map_at_1000_max": 0.359548,
        "nauc_map_at_1000_std": 0.113275,
        "nauc_map_at_1000_diff1": 0.435419,
        "nauc_recall_at_1_max": 0.349275,
        "nauc_recall_at_1_std": 0.141997,
        "nauc_recall_at_1_diff1": 0.515371,
        "nauc_recall_at_3_max": 0.350641,
        "nauc_recall_at_3_std": 0.021215,
        "nauc_recall_at_3_diff1": 0.313588,
        "nauc_recall_at_5_max": 0.374256,
        "nauc_recall_at_5_std": -0.036953,
        "nauc_recall_at_5_diff1": 0.265124,
        "nauc_recall_at_10_max": 0.48874,
        "nauc_recall_at_10_std": 0.250978,
        "nauc_recall_at_10_diff1": 0.234432,
        "nauc_recall_at_20_max": 0.628891,
        "nauc_recall_at_20_std": 0.127172,
        "nauc_recall_at_20_diff1": 0.274011,
        "nauc_recall_at_100_max": 0.50496,
        "nauc_recall_at_100_std": -0.116013,
        "nauc_recall_at_100_diff1": -0.034372,
        "nauc_recall_at_1000_max": NaN,
        "nauc_recall_at_1000_std": NaN,
        "nauc_recall_at_1000_diff1": NaN,
        "nauc_precision_at_1_max": 0.349275,
        "nauc_precision_at_1_std": 0.141997,
        "nauc_precision_at_1_diff1": 0.515371,
        "nauc_precision_at_3_max": 0.350641,
        "nauc_precision_at_3_std": 0.021215,
        "nauc_precision_at_3_diff1": 0.313588,
        "nauc_precision_at_5_max": 0.374256,
        "nauc_precision_at_5_std": -0.036953,
        "nauc_precision_at_5_diff1": 0.265124,
        "nauc_precision_at_10_max": 0.48874,
        "nauc_precision_at_10_std": 0.250978,
        "nauc_precision_at_10_diff1": 0.234432,
        "nauc_precision_at_20_max": 0.628891,
        "nauc_precision_at_20_std": 0.127172,
        "nauc_precision_at_20_diff1": 0.274011,
        "nauc_precision_at_100_max": 0.50496,
        "nauc_precision_at_100_std": -0.116013,
        "nauc_precision_at_100_diff1": -0.034372,
        "nauc_precision_at_1000_max": 1.0,
        "nauc_precision_at_1000_std": 1.0,
        "nauc_precision_at_1000_diff1": 1.0,
        "nauc_mrr_at_1_max": 0.349275,
        "nauc_mrr_at_1_std": 0.141997,
        "nauc_mrr_at_1_diff1": 0.515371,
        "nauc_mrr_at_3_max": 0.349949,
        "nauc_mrr_at_3_std": 0.100405,
        "nauc_mrr_at_3_diff1": 0.431104,
        "nauc_mrr_at_5_max": 0.350814,
        "nauc_mrr_at_5_std": 0.093283,
        "nauc_mrr_at_5_diff1": 0.428134,
        "nauc_mrr_at_10_max": 0.359319,
        "nauc_mrr_at_10_std": 0.120251,
        "nauc_mrr_at_10_diff1": 0.431436,
        "nauc_mrr_at_20_max": 0.362362,
        "nauc_mrr_at_20_std": 0.114756,
        "nauc_mrr_at_20_diff1": 0.435819,
        "nauc_mrr_at_100_max": 0.359691,
        "nauc_mrr_at_100_std": 0.113155,
        "nauc_mrr_at_100_diff1": 0.434783,
        "nauc_mrr_at_1000_max": 0.359548,
        "nauc_mrr_at_1000_std": 0.113275,
        "nauc_mrr_at_1000_diff1": 0.435419,
        "main_score": 0.61521,
        "hf_subset": "default",
        "languages": [
          "eng-Latn"
        ]
      }
    ]
  },
  "evaluation_time": 7.738335609436035,
  "kg_co2_emissions": null
}