{
  "dataset_revision": "436d6a79d06cac556799e9e0be54a6fb90bf7182",
  "task_name": "uk-legislative-long-titles",
  "mteb_version": "1.38.49",
  "scores": {
    "test": [
      {
        "ndcg_at_1": 0.85897,
        "ndcg_at_3": 0.89606,
        "ndcg_at_5": 0.89606,
        "ndcg_at_10": 0.91333,
        "ndcg_at_20": 0.91629,
        "ndcg_at_100": 0.91837,
        "ndcg_at_1000": 0.91837,
        "map_at_1": 0.85897,
        "map_at_3": 0.88675,
        "map_at_5": 0.88675,
        "map_at_10": 0.89428,
        "map_at_20": 0.89496,
        "map_at_100": 0.89514,
        "map_at_1000": 0.89514,
        "recall_at_1": 0.85897,
        "recall_at_3": 0.92308,
        "recall_at_5": 0.92308,
        "recall_at_10": 0.97436,
        "recall_at_20": 0.98718,
        "recall_at_100": 1.0,
        "recall_at_1000": 1.0,
        "precision_at_1": 0.85897,
        "precision_at_3": 0.30769,
        "precision_at_5": 0.18462,
        "precision_at_10": 0.09744,
        "precision_at_20": 0.04936,
        "precision_at_100": 0.01,
        "precision_at_1000": 0.001,
        "mrr_at_1": 0.858974,
        "mrr_at_3": 0.886752,
        "mrr_at_5": 0.886752,
        "mrr_at_10": 0.894282,
        "mrr_at_20": 0.894956,
        "mrr_at_100": 0.895137,
        "mrr_at_1000": 0.895137,
        "nauc_ndcg_at_1_max": 0.869597,
        "nauc_ndcg_at_1_std": 0.726653,
        "nauc_ndcg_at_1_diff1": 0.905329,
        "nauc_ndcg_at_3_max": 0.874689,
        "nauc_ndcg_at_3_std": 0.680769,
        "nauc_ndcg_at_3_diff1": 0.888162,
        "nauc_ndcg_at_5_max": 0.874689,
        "nauc_ndcg_at_5_std": 0.680769,
        "nauc_ndcg_at_5_diff1": 0.888162,
        "nauc_ndcg_at_10_max": 0.878355,
        "nauc_ndcg_at_10_std": 0.725289,
        "nauc_ndcg_at_10_diff1": 0.892744,
        "nauc_ndcg_at_20_max": 0.878697,
        "nauc_ndcg_at_20_std": 0.720084,
        "nauc_ndcg_at_20_diff1": 0.893608,
        "nauc_ndcg_at_100_max": 0.875537,
        "nauc_ndcg_at_100_std": 0.712792,
        "nauc_ndcg_at_100_diff1": 0.890837,
        "nauc_ndcg_at_1000_max": 0.875537,
        "nauc_ndcg_at_1000_std": 0.712792,
        "nauc_ndcg_at_1000_diff1": 0.890837,
        "nauc_map_at_1_max": 0.869597,
        "nauc_map_at_1_std": 0.726653,
        "nauc_map_at_1_diff1": 0.905329,
        "nauc_map_at_3_max": 0.875217,
        "nauc_map_at_3_std": 0.696159,
        "nauc_map_at_3_diff1": 0.8901,
        "nauc_map_at_5_max": 0.875217,
        "nauc_map_at_5_std": 0.696159,
        "nauc_map_at_5_diff1": 0.8901,
        "nauc_map_at_10_max": 0.874963,
        "nauc_map_at_10_std": 0.712687,
        "nauc_map_at_10_diff1": 0.890952,
        "nauc_map_at_20_max": 0.875003,
        "nauc_map_at_20_std": 0.711659,
        "nauc_map_at_20_diff1": 0.891097,
        "nauc_map_at_100_max": 0.874782,
        "nauc_map_at_100_std": 0.71115,
        "nauc_map_at_100_diff1": 0.890905,
        "nauc_map_at_1000_max": 0.874782,
        "nauc_map_at_1000_std": 0.71115,
        "nauc_map_at_1000_diff1": 0.890905,
        "nauc_recall_at_1_max": 0.869597,
        "nauc_recall_at_1_std": 0.726653,
        "nauc_recall_at_1_diff1": 0.905329,
        "nauc_recall_at_3_max": 0.871286,
        "nauc_recall_at_3_std": 0.615773,
        "nauc_recall_at_3_diff1": 0.881978,
        "nauc_recall_at_5_max": 0.871286,
        "nauc_recall_at_5_std": 0.615773,
        "nauc_recall_at_5_diff1": 0.881978,
        "nauc_recall_at_10_max": 0.934454,
        "nauc_recall_at_10_std": 0.934454,
        "nauc_recall_at_10_diff1": 0.934454,
        "nauc_recall_at_20_max": 1.0,
        "nauc_recall_at_20_std": 1.0,
        "nauc_recall_at_20_diff1": 1.0,
        "nauc_recall_at_100_max": NaN,
        "nauc_recall_at_100_std": NaN,
        "nauc_recall_at_100_diff1": NaN,
        "nauc_recall_at_1000_max": NaN,
        "nauc_recall_at_1000_std": NaN,
        "nauc_recall_at_1000_diff1": NaN,
        "nauc_precision_at_1_max": 0.869597,
        "nauc_precision_at_1_std": 0.726653,
        "nauc_precision_at_1_diff1": 0.905329,
        "nauc_precision_at_3_max": 0.871286,
        "nauc_precision_at_3_std": 0.615773,
        "nauc_precision_at_3_diff1": 0.881978,
        "nauc_precision_at_5_max": 0.871286,
        "nauc_precision_at_5_std": 0.615773,
        "nauc_precision_at_5_diff1": 0.881978,
        "nauc_precision_at_10_max": 0.934454,
        "nauc_precision_at_10_std": 0.934454,
        "nauc_precision_at_10_diff1": 0.934454,
        "nauc_precision_at_20_max": 1.0,
        "nauc_precision_at_20_std": 1.0,
        "nauc_precision_at_20_diff1": 1.0,
        "nauc_precision_at_100_max": 1.0,
        "nauc_precision_at_100_std": 1.0,
        "nauc_precision_at_100_diff1": 1.0,
        "nauc_precision_at_1000_max": 1.0,
        "nauc_precision_at_1000_std": 1.0,
        "nauc_precision_at_1000_diff1": 1.0,
        "nauc_mrr_at_1_max": 0.869597,
        "nauc_mrr_at_1_std": 0.726653,
        "nauc_mrr_at_1_diff1": 0.905329,
        "nauc_mrr_at_3_max": 0.875217,
        "nauc_mrr_at_3_std": 0.696159,
        "nauc_mrr_at_3_diff1": 0.8901,
        "nauc_mrr_at_5_max": 0.875217,
        "nauc_mrr_at_5_std": 0.696159,
        "nauc_mrr_at_5_diff1": 0.8901,
        "nauc_mrr_at_10_max": 0.874963,
        "nauc_mrr_at_10_std": 0.712687,
        "nauc_mrr_at_10_diff1": 0.890952,
        "nauc_mrr_at_20_max": 0.875003,
        "nauc_mrr_at_20_std": 0.711659,
        "nauc_mrr_at_20_diff1": 0.891097,
        "nauc_mrr_at_100_max": 0.874782,
        "nauc_mrr_at_100_std": 0.71115,
        "nauc_mrr_at_100_diff1": 0.890905,
        "nauc_mrr_at_1000_max": 0.874782,
        "nauc_mrr_at_1000_std": 0.71115,
        "nauc_mrr_at_1000_diff1": 0.890905,
        "main_score": 0.91333,
        "hf_subset": "default",
        "languages": [
          "eng-Latn"
        ]
      }
    ]
  },
  "evaluation_time": 4.989961862564087,
  "kg_co2_emissions": null
}