{
  "dataset_revision": "c64c3baac6bfd5f934d2df6e5d42dcb7d87c8ba8",
  "task_name": "australian-tax-guidance-retrieval",
  "mteb_version": "1.38.49",
  "scores": {
    "test": [
      {
        "ndcg_at_1": 0.60714,
        "ndcg_at_3": 0.73745,
        "ndcg_at_5": 0.77512,
        "ndcg_at_10": 0.79592,
        "ndcg_at_20": 0.80024,
        "ndcg_at_100": 0.80024,
        "ndcg_at_1000": 0.80024,
        "map_at_1": 0.60714,
        "map_at_3": 0.70536,
        "map_at_5": 0.72679,
        "map_at_10": 0.7357,
        "map_at_20": 0.73678,
        "map_at_100": 0.73678,
        "map_at_1000": 0.73678,
        "recall_at_1": 0.60714,
        "recall_at_3": 0.83036,
        "recall_at_5": 0.91964,
        "recall_at_10": 0.98214,
        "recall_at_20": 1.0,
        "recall_at_100": 1.0,
        "recall_at_1000": 1.0,
        "precision_at_1": 0.60714,
        "precision_at_3": 0.27679,
        "precision_at_5": 0.18393,
        "precision_at_10": 0.09821,
        "precision_at_20": 0.05,
        "precision_at_100": 0.01,
        "precision_at_1000": 0.001,
        "mrr_at_1": 0.607143,
        "mrr_at_3": 0.705357,
        "mrr_at_5": 0.726786,
        "mrr_at_10": 0.735697,
        "mrr_at_20": 0.736781,
        "mrr_at_100": 0.736781,
        "mrr_at_1000": 0.736781,
        "nauc_ndcg_at_1_max": 0.329132,
        "nauc_ndcg_at_1_std": -0.051795,
        "nauc_ndcg_at_1_diff1": 0.712186,
        "nauc_ndcg_at_3_max": 0.394072,
        "nauc_ndcg_at_3_std": -0.049515,
        "nauc_ndcg_at_3_diff1": 0.650061,
        "nauc_ndcg_at_5_max": 0.353234,
        "nauc_ndcg_at_5_std": -0.055264,
        "nauc_ndcg_at_5_diff1": 0.642707,
        "nauc_ndcg_at_10_max": 0.371276,
        "nauc_ndcg_at_10_std": -0.053324,
        "nauc_ndcg_at_10_diff1": 0.665929,
        "nauc_ndcg_at_20_max": 0.358667,
        "nauc_ndcg_at_20_std": -0.057699,
        "nauc_ndcg_at_20_diff1": 0.666771,
        "nauc_ndcg_at_100_max": 0.358667,
        "nauc_ndcg_at_100_std": -0.057699,
        "nauc_ndcg_at_100_diff1": 0.666771,
        "nauc_ndcg_at_1000_max": 0.358667,
        "nauc_ndcg_at_1000_std": -0.057699,
        "nauc_ndcg_at_1000_diff1": 0.666771,
        "nauc_map_at_1_max": 0.329132,
        "nauc_map_at_1_std": -0.051795,
        "nauc_map_at_1_diff1": 0.712186,
        "nauc_map_at_3_max": 0.370672,
        "nauc_map_at_3_std": -0.057964,
        "nauc_map_at_3_diff1": 0.665774,
        "nauc_map_at_5_max": 0.349443,
        "nauc_map_at_5_std": -0.061221,
        "nauc_map_at_5_diff1": 0.662211,
        "nauc_map_at_10_max": 0.356834,
        "nauc_map_at_10_std": -0.059347,
        "nauc_map_at_10_diff1": 0.670427,
        "nauc_map_at_20_max": 0.354431,
        "nauc_map_at_20_std": -0.059793,
        "nauc_map_at_20_diff1": 0.67066,
        "nauc_map_at_100_max": 0.354431,
        "nauc_map_at_100_std": -0.059793,
        "nauc_map_at_100_diff1": 0.67066,
        "nauc_map_at_1000_max": 0.354431,
        "nauc_map_at_1000_std": -0.059793,
        "nauc_map_at_1000_diff1": 0.67066,
        "nauc_recall_at_1_max": 0.329132,
        "nauc_recall_at_1_std": -0.051795,
        "nauc_recall_at_1_diff1": 0.712186,
        "nauc_recall_at_3_max": 0.499885,
        "nauc_recall_at_3_std": -0.007225,
        "nauc_recall_at_3_diff1": 0.582583,
        "nauc_recall_at_5_max": 0.373253,
        "nauc_recall_at_5_std": 0.000269,
        "nauc_recall_at_5_diff1": 0.490252,
        "nauc_recall_at_10_max": 0.861567,
        "nauc_recall_at_10_std": 0.155717,
        "nauc_recall_at_10_diff1": 0.63867,
        "nauc_recall_at_20_max": NaN,
        "nauc_recall_at_20_std": NaN,
        "nauc_recall_at_20_diff1": NaN,
        "nauc_recall_at_100_max": NaN,
        "nauc_recall_at_100_std": NaN,
        "nauc_recall_at_100_diff1": NaN,
        "nauc_recall_at_1000_max": NaN,
        "nauc_recall_at_1000_std": NaN,
        "nauc_recall_at_1000_diff1": NaN,
        "nauc_precision_at_1_max": 0.329132,
        "nauc_precision_at_1_std": -0.051795,
        "nauc_precision_at_1_diff1": 0.712186,
        "nauc_precision_at_3_max": 0.499885,
        "nauc_precision_at_3_std": -0.007225,
        "nauc_precision_at_3_diff1": 0.582583,
        "nauc_precision_at_5_max": 0.373253,
        "nauc_precision_at_5_std": 0.000269,
        "nauc_precision_at_5_diff1": 0.490252,
        "nauc_precision_at_10_max": 0.861567,
        "nauc_precision_at_10_std": 0.155717,
        "nauc_precision_at_10_diff1": 0.63867,
        "nauc_precision_at_20_max": 1.0,
        "nauc_precision_at_20_std": 1.0,
        "nauc_precision_at_20_diff1": 1.0,
        "nauc_precision_at_100_max": NaN,
        "nauc_precision_at_100_std": NaN,
        "nauc_precision_at_100_diff1": NaN,
        "nauc_precision_at_1000_max": 1.0,
        "nauc_precision_at_1000_std": 1.0,
        "nauc_precision_at_1000_diff1": 1.0,
        "nauc_mrr_at_1_max": 0.329132,
        "nauc_mrr_at_1_std": -0.051795,
        "nauc_mrr_at_1_diff1": 0.712186,
        "nauc_mrr_at_3_max": 0.370672,
        "nauc_mrr_at_3_std": -0.057964,
        "nauc_mrr_at_3_diff1": 0.665774,
        "nauc_mrr_at_5_max": 0.349443,
        "nauc_mrr_at_5_std": -0.061221,
        "nauc_mrr_at_5_diff1": 0.662211,
        "nauc_mrr_at_10_max": 0.356834,
        "nauc_mrr_at_10_std": -0.059347,
        "nauc_mrr_at_10_diff1": 0.670427,
        "nauc_mrr_at_20_max": 0.354431,
        "nauc_mrr_at_20_std": -0.059793,
        "nauc_mrr_at_20_diff1": 0.67066,
        "nauc_mrr_at_100_max": 0.354431,
        "nauc_mrr_at_100_std": -0.059793,
        "nauc_mrr_at_100_diff1": 0.67066,
        "nauc_mrr_at_1000_max": 0.354431,
        "nauc_mrr_at_1000_std": -0.059793,
        "nauc_mrr_at_1000_diff1": 0.67066,
        "main_score": 0.79592,
        "hf_subset": "default",
        "languages": [
          "eng-Latn"
        ]
      }
    ]
  },
  "evaluation_time": 51.089279890060425,
  "kg_co2_emissions": null
}