{
  "dataset_revision": "dd157bbfa479359488c656981e3999da6f42e4e9",
  "task_name": "bar-exam-qa",
  "mteb_version": "1.38.49",
  "scores": {
    "test": [
      {
        "ndcg_at_1": 0.41026,
        "ndcg_at_3": 0.56939,
        "ndcg_at_5": 0.60395,
        "ndcg_at_10": 0.63445,
        "ndcg_at_20": 0.65327,
        "ndcg_at_100": 0.66105,
        "ndcg_at_1000": 0.66356,
        "map_at_1": 0.41026,
        "map_at_3": 0.52991,
        "map_at_5": 0.54872,
        "map_at_10": 0.56134,
        "map_at_20": 0.56618,
        "map_at_100": 0.56717,
        "map_at_1000": 0.56733,
        "recall_at_1": 0.41026,
        "recall_at_3": 0.68376,
        "recall_at_5": 0.76923,
        "recall_at_10": 0.86325,
        "recall_at_20": 0.94017,
        "recall_at_100": 0.98291,
        "recall_at_1000": 1.0,
        "precision_at_1": 0.41026,
        "precision_at_3": 0.22792,
        "precision_at_5": 0.15385,
        "precision_at_10": 0.08632,
        "precision_at_20": 0.04701,
        "precision_at_100": 0.00983,
        "precision_at_1000": 0.001,
        "mrr_at_1": 0.410256,
        "mrr_at_3": 0.529915,
        "mrr_at_5": 0.548718,
        "mrr_at_10": 0.561342,
        "mrr_at_20": 0.566179,
        "mrr_at_100": 0.567172,
        "mrr_at_1000": 0.567327,
        "nauc_ndcg_at_1_max": 0.27171,
        "nauc_ndcg_at_1_std": 0.044033,
        "nauc_ndcg_at_1_diff1": 0.410325,
        "nauc_ndcg_at_3_max": 0.409397,
        "nauc_ndcg_at_3_std": 0.025706,
        "nauc_ndcg_at_3_diff1": 0.467769,
        "nauc_ndcg_at_5_max": 0.397844,
        "nauc_ndcg_at_5_std": 0.034743,
        "nauc_ndcg_at_5_diff1": 0.446335,
        "nauc_ndcg_at_10_max": 0.384695,
        "nauc_ndcg_at_10_std": 0.075116,
        "nauc_ndcg_at_10_diff1": 0.450117,
        "nauc_ndcg_at_20_max": 0.359865,
        "nauc_ndcg_at_20_std": 0.045198,
        "nauc_ndcg_at_20_diff1": 0.440832,
        "nauc_ndcg_at_100_max": 0.369661,
        "nauc_ndcg_at_100_std": 0.049009,
        "nauc_ndcg_at_100_diff1": 0.447538,
        "nauc_ndcg_at_1000_max": 0.364356,
        "nauc_ndcg_at_1000_std": 0.045074,
        "nauc_ndcg_at_1000_diff1": 0.44306,
        "nauc_map_at_1_max": 0.27171,
        "nauc_map_at_1_std": 0.044033,
        "nauc_map_at_1_diff1": 0.410325,
        "nauc_map_at_3_max": 0.37447,
        "nauc_map_at_3_std": 0.029115,
        "nauc_map_at_3_diff1": 0.452879,
        "nauc_map_at_5_max": 0.36672,
        "nauc_map_at_5_std": 0.033035,
        "nauc_map_at_5_diff1": 0.441211,
        "nauc_map_at_10_max": 0.359506,
        "nauc_map_at_10_std": 0.046577,
        "nauc_map_at_10_diff1": 0.440483,
        "nauc_map_at_20_max": 0.353798,
        "nauc_map_at_20_std": 0.040057,
        "nauc_map_at_20_diff1": 0.438329,
        "nauc_map_at_100_max": 0.355147,
        "nauc_map_at_100_std": 0.040665,
        "nauc_map_at_100_diff1": 0.43945,
        "nauc_map_at_1000_max": 0.354882,
        "nauc_map_at_1000_std": 0.040475,
        "nauc_map_at_1000_diff1": 0.439227,
        "nauc_recall_at_1_max": 0.27171,
        "nauc_recall_at_1_std": 0.044033,
        "nauc_recall_at_1_diff1": 0.410325,
        "nauc_recall_at_3_max": 0.529944,
        "nauc_recall_at_3_std": 0.014599,
        "nauc_recall_at_3_diff1": 0.519327,
        "nauc_recall_at_5_max": 0.528098,
        "nauc_recall_at_5_std": 0.046551,
        "nauc_recall_at_5_diff1": 0.46348,
        "nauc_recall_at_10_max": 0.54073,
        "nauc_recall_at_10_std": 0.30925,
        "nauc_recall_at_10_diff1": 0.519405,
        "nauc_recall_at_20_max": 0.32062,
        "nauc_recall_at_20_std": 0.087062,
        "nauc_recall_at_20_diff1": 0.450592,
        "nauc_recall_at_100_max": 0.861237,
        "nauc_recall_at_100_std": 0.415904,
        "nauc_recall_at_100_diff1": 0.861237,
        "nauc_recall_at_1000_max": NaN,
        "nauc_recall_at_1000_std": NaN,
        "nauc_recall_at_1000_diff1": NaN,
        "nauc_precision_at_1_max": 0.27171,
        "nauc_precision_at_1_std": 0.044033,
        "nauc_precision_at_1_diff1": 0.410325,
        "nauc_precision_at_3_max": 0.529944,
        "nauc_precision_at_3_std": 0.014599,
        "nauc_precision_at_3_diff1": 0.519327,
        "nauc_precision_at_5_max": 0.528098,
        "nauc_precision_at_5_std": 0.046551,
        "nauc_precision_at_5_diff1": 0.46348,
        "nauc_precision_at_10_max": 0.54073,
        "nauc_precision_at_10_std": 0.30925,
        "nauc_precision_at_10_diff1": 0.519405,
        "nauc_precision_at_20_max": 0.32062,
        "nauc_precision_at_20_std": 0.087062,
        "nauc_precision_at_20_diff1": 0.450592,
        "nauc_precision_at_100_max": 0.861237,
        "nauc_precision_at_100_std": 0.415904,
        "nauc_precision_at_100_diff1": 0.861237,
        "nauc_precision_at_1000_max": 1.0,
        "nauc_precision_at_1000_std": 1.0,
        "nauc_precision_at_1000_diff1": 1.0,
        "nauc_mrr_at_1_max": 0.27171,
        "nauc_mrr_at_1_std": 0.044033,
        "nauc_mrr_at_1_diff1": 0.410325,
        "nauc_mrr_at_3_max": 0.37447,
        "nauc_mrr_at_3_std": 0.029115,
        "nauc_mrr_at_3_diff1": 0.452879,
        "nauc_mrr_at_5_max": 0.36672,
        "nauc_mrr_at_5_std": 0.033035,
        "nauc_mrr_at_5_diff1": 0.441211,
        "nauc_mrr_at_10_max": 0.359506,
        "nauc_mrr_at_10_std": 0.046577,
        "nauc_mrr_at_10_diff1": 0.440483,
        "nauc_mrr_at_20_max": 0.353798,
        "nauc_mrr_at_20_std": 0.040057,
        "nauc_mrr_at_20_diff1": 0.438329,
        "nauc_mrr_at_100_max": 0.355147,
        "nauc_mrr_at_100_std": 0.040665,
        "nauc_mrr_at_100_diff1": 0.43945,
        "nauc_mrr_at_1000_max": 0.354882,
        "nauc_mrr_at_1000_std": 0.040475,
        "nauc_mrr_at_1000_diff1": 0.439227,
        "main_score": 0.63445,
        "hf_subset": "default",
        "languages": [
          "eng-Latn"
        ]
      }
    ]
  },
  "evaluation_time": 46.315476417541504,
  "kg_co2_emissions": null
}