{
  "dataset_revision": "2095f248902963b4480ac96b774ba64b2104cbee",
  "task_name": "consumer-contracts-qa",
  "mteb_version": "1.38.49",
  "scores": {
    "test": [
      {
        "ndcg_at_1": 0.77273,
        "ndcg_at_3": 0.86808,
        "ndcg_at_5": 0.87656,
        "ndcg_at_10": 0.88455,
        "ndcg_at_20": 0.88728,
        "ndcg_at_100": 0.88933,
        "ndcg_at_1000": 0.88933,
        "map_at_1": 0.77273,
        "map_at_3": 0.84512,
        "map_at_5": 0.84992,
        "map_at_10": 0.85311,
        "map_at_20": 0.85395,
        "map_at_100": 0.8543,
        "map_at_1000": 0.8543,
        "recall_at_1": 0.77273,
        "recall_at_3": 0.93434,
        "recall_at_5": 0.95455,
        "recall_at_10": 0.9798,
        "recall_at_20": 0.9899,
        "recall_at_100": 1.0,
        "recall_at_1000": 1.0,
        "precision_at_1": 0.77273,
        "precision_at_3": 0.31145,
        "precision_at_5": 0.19091,
        "precision_at_10": 0.09798,
        "precision_at_20": 0.04949,
        "precision_at_100": 0.01,
        "precision_at_1000": 0.001,
        "mrr_at_1": 0.772727,
        "mrr_at_3": 0.845118,
        "mrr_at_5": 0.849916,
        "mrr_at_10": 0.853106,
        "mrr_at_20": 0.853954,
        "mrr_at_100": 0.854299,
        "mrr_at_1000": 0.854299,
        "nauc_ndcg_at_1_max": 0.598489,
        "nauc_ndcg_at_1_std": 0.071533,
        "nauc_ndcg_at_1_diff1": 0.786183,
        "nauc_ndcg_at_3_max": 0.64443,
        "nauc_ndcg_at_3_std": 0.23526,
        "nauc_ndcg_at_3_diff1": 0.754913,
        "nauc_ndcg_at_5_max": 0.640873,
        "nauc_ndcg_at_5_std": 0.214327,
        "nauc_ndcg_at_5_diff1": 0.752174,
        "nauc_ndcg_at_10_max": 0.63517,
        "nauc_ndcg_at_10_std": 0.185639,
        "nauc_ndcg_at_10_diff1": 0.765055,
        "nauc_ndcg_at_20_max": 0.631052,
        "nauc_ndcg_at_20_std": 0.181139,
        "nauc_ndcg_at_20_diff1": 0.764206,
        "nauc_ndcg_at_100_max": 0.623698,
        "nauc_ndcg_at_100_std": 0.164817,
        "nauc_ndcg_at_100_diff1": 0.763843,
        "nauc_ndcg_at_1000_max": 0.623698,
        "nauc_ndcg_at_1000_std": 0.164817,
        "nauc_ndcg_at_1000_diff1": 0.763843,
        "nauc_map_at_1_max": 0.598489,
        "nauc_map_at_1_std": 0.071533,
        "nauc_map_at_1_diff1": 0.786183,
        "nauc_map_at_3_max": 0.626766,
        "nauc_map_at_3_std": 0.176198,
        "nauc_map_at_3_diff1": 0.763706,
        "nauc_map_at_5_max": 0.623985,
        "nauc_map_at_5_std": 0.164531,
        "nauc_map_at_5_diff1": 0.762512,
        "nauc_map_at_10_max": 0.621537,
        "nauc_map_at_10_std": 0.155263,
        "nauc_map_at_10_diff1": 0.766328,
        "nauc_map_at_20_max": 0.620489,
        "nauc_map_at_20_std": 0.153994,
        "nauc_map_at_20_diff1": 0.766108,
        "nauc_map_at_100_max": 0.619521,
        "nauc_map_at_100_std": 0.151836,
        "nauc_map_at_100_diff1": 0.766032,
        "nauc_map_at_1000_max": 0.619521,
        "nauc_map_at_1000_std": 0.151836,
        "nauc_map_at_1000_diff1": 0.766032,
        "nauc_recall_at_1_max": 0.598489,
        "nauc_recall_at_1_std": 0.071533,
        "nauc_recall_at_1_diff1": 0.786183,
        "nauc_recall_at_3_max": 0.758184,
        "nauc_recall_at_3_std": 0.612426,
        "nauc_recall_at_3_diff1": 0.700928,
        "nauc_recall_at_5_max": 0.793609,
        "nauc_recall_at_5_std": 0.650833,
        "nauc_recall_at_5_diff1": 0.663012,
        "nauc_recall_at_10_max": 0.897709,
        "nauc_recall_at_10_std": 0.679185,
        "nauc_recall_at_10_diff1": 0.786239,
        "nauc_recall_at_20_max": 1.0,
        "nauc_recall_at_20_std": 1.0,
        "nauc_recall_at_20_diff1": 0.77706,
        "nauc_recall_at_100_max": NaN,
        "nauc_recall_at_100_std": NaN,
        "nauc_recall_at_100_diff1": NaN,
        "nauc_recall_at_1000_max": NaN,
        "nauc_recall_at_1000_std": NaN,
        "nauc_recall_at_1000_diff1": NaN,
        "nauc_precision_at_1_max": 0.598489,
        "nauc_precision_at_1_std": 0.071533,
        "nauc_precision_at_1_diff1": 0.786183,
        "nauc_precision_at_3_max": 0.758184,
        "nauc_precision_at_3_std": 0.612426,
        "nauc_precision_at_3_diff1": 0.700928,
        "nauc_precision_at_5_max": 0.793609,
        "nauc_precision_at_5_std": 0.650833,
        "nauc_precision_at_5_diff1": 0.663012,
        "nauc_precision_at_10_max": 0.897709,
        "nauc_precision_at_10_std": 0.679185,
        "nauc_precision_at_10_diff1": 0.786239,
        "nauc_precision_at_20_max": 1.0,
        "nauc_precision_at_20_std": 1.0,
        "nauc_precision_at_20_diff1": 0.77706,
        "nauc_precision_at_100_max": 1.0,
        "nauc_precision_at_100_std": 1.0,
        "nauc_precision_at_100_diff1": 1.0,
        "nauc_precision_at_1000_max": 1.0,
        "nauc_precision_at_1000_std": 1.0,
        "nauc_precision_at_1000_diff1": 1.0,
        "nauc_mrr_at_1_max": 0.598489,
        "nauc_mrr_at_1_std": 0.071533,
        "nauc_mrr_at_1_diff1": 0.786183,
        "nauc_mrr_at_3_max": 0.626766,
        "nauc_mrr_at_3_std": 0.176198,
        "nauc_mrr_at_3_diff1": 0.763706,
        "nauc_mrr_at_5_max": 0.623985,
        "nauc_mrr_at_5_std": 0.164531,
        "nauc_mrr_at_5_diff1": 0.762512,
        "nauc_mrr_at_10_max": 0.621537,
        "nauc_mrr_at_10_std": 0.155263,
        "nauc_mrr_at_10_diff1": 0.766328,
        "nauc_mrr_at_20_max": 0.620489,
        "nauc_mrr_at_20_std": 0.153994,
        "nauc_mrr_at_20_diff1": 0.766108,
        "nauc_mrr_at_100_max": 0.619521,
        "nauc_mrr_at_100_std": 0.151836,
        "nauc_mrr_at_100_diff1": 0.766032,
        "nauc_mrr_at_1000_max": 0.619521,
        "nauc_mrr_at_1000_std": 0.151836,
        "nauc_mrr_at_1000_diff1": 0.766032,
        "main_score": 0.88455,
        "hf_subset": "default",
        "languages": [
          "eng-Latn"
        ]
      }
    ]
  },
  "evaluation_time": 72.46026182174683,
  "kg_co2_emissions": null
}