{
  "dataset_revision": "48ed7bcb1f50896a0f71461a04b2df0ca84329d9",
  "task_name": "contractual-clause-retrieval",
  "mteb_version": "1.38.49",
  "scores": {
    "test": [
      {
        "ndcg_at_1": 0.86667,
        "ndcg_at_3": 0.86634,
        "ndcg_at_5": 0.90036,
        "ndcg_at_10": 0.90951,
        "ndcg_at_20": 0.9164,
        "ndcg_at_100": 0.91946,
        "ndcg_at_1000": 0.91946,
        "map_at_1": 0.43333,
        "map_at_3": 0.83889,
        "map_at_5": 0.86722,
        "map_at_10": 0.8737,
        "map_at_20": 0.87617,
        "map_at_100": 0.87723,
        "map_at_1000": 0.87723,
        "recall_at_1": 0.43333,
        "recall_at_3": 0.87778,
        "recall_at_5": 0.94444,
        "recall_at_10": 0.96667,
        "recall_at_20": 0.98889,
        "recall_at_100": 1.0,
        "recall_at_1000": 1.0,
        "precision_at_1": 0.86667,
        "precision_at_3": 0.58519,
        "precision_at_5": 0.37778,
        "precision_at_10": 0.19333,
        "precision_at_20": 0.09889,
        "precision_at_100": 0.02,
        "precision_at_1000": 0.002,
        "mrr_at_1": 0.866667,
        "mrr_at_3": 0.907407,
        "mrr_at_5": 0.912963,
        "mrr_at_10": 0.912963,
        "mrr_at_20": 0.914198,
        "mrr_at_100": 0.914198,
        "mrr_at_1000": 0.914198,
        "nauc_ndcg_at_1_max": 0.448526,
        "nauc_ndcg_at_1_std": -0.80895,
        "nauc_ndcg_at_1_diff1": 0.69636,
        "nauc_ndcg_at_3_max": 0.468927,
        "nauc_ndcg_at_3_std": -0.685528,
        "nauc_ndcg_at_3_diff1": 0.360467,
        "nauc_ndcg_at_5_max": 0.474193,
        "nauc_ndcg_at_5_std": -0.725274,
        "nauc_ndcg_at_5_diff1": 0.513138,
        "nauc_ndcg_at_10_max": 0.439987,
        "nauc_ndcg_at_10_std": -0.794683,
        "nauc_ndcg_at_10_diff1": 0.48315,
        "nauc_ndcg_at_20_max": 0.442551,
        "nauc_ndcg_at_20_std": -0.764422,
        "nauc_ndcg_at_20_diff1": 0.501689,
        "nauc_ndcg_at_100_max": 0.467418,
        "nauc_ndcg_at_100_std": -0.726593,
        "nauc_ndcg_at_100_diff1": 0.492632,
        "nauc_ndcg_at_1000_max": 0.467418,
        "nauc_ndcg_at_1000_std": -0.726593,
        "nauc_ndcg_at_1000_diff1": 0.492632,
        "nauc_map_at_1_max": 0.448526,
        "nauc_map_at_1_std": -0.80895,
        "nauc_map_at_1_diff1": 0.69636,
        "nauc_map_at_3_max": 0.498517,
        "nauc_map_at_3_std": -0.615858,
        "nauc_map_at_3_diff1": 0.338176,
        "nauc_map_at_5_max": 0.512203,
        "nauc_map_at_5_std": -0.639611,
        "nauc_map_at_5_diff1": 0.441069,
        "nauc_map_at_10_max": 0.495637,
        "nauc_map_at_10_std": -0.675339,
        "nauc_map_at_10_diff1": 0.420525,
        "nauc_map_at_20_max": 0.492082,
        "nauc_map_at_20_std": -0.670038,
        "nauc_map_at_20_diff1": 0.42757,
        "nauc_map_at_100_max": 0.498278,
        "nauc_map_at_100_std": -0.660433,
        "nauc_map_at_100_diff1": 0.424786,
        "nauc_map_at_1000_max": 0.498278,
        "nauc_map_at_1000_std": -0.660433,
        "nauc_map_at_1000_diff1": 0.424786,
        "nauc_recall_at_1_max": 0.448526,
        "nauc_recall_at_1_std": -0.80895,
        "nauc_recall_at_1_diff1": 0.69636,
        "nauc_recall_at_3_max": 0.439567,
        "nauc_recall_at_3_std": -0.699389,
        "nauc_recall_at_3_diff1": 0.207608,
        "nauc_recall_at_5_max": 0.417848,
        "nauc_recall_at_5_std": -0.850192,
        "nauc_recall_at_5_diff1": 0.566667,
        "nauc_recall_at_10_max": 0.178734,
        "nauc_recall_at_10_std": -1.319675,
        "nauc_recall_at_10_diff1": 0.426765,
        "nauc_recall_at_20_max": -0.167337,
        "nauc_recall_at_20_std": -1.692224,
        "nauc_recall_at_20_diff1": 0.723816,
        "nauc_recall_at_100_max": NaN,
        "nauc_recall_at_100_std": NaN,
        "nauc_recall_at_100_diff1": NaN,
        "nauc_recall_at_1000_max": NaN,
        "nauc_recall_at_1000_std": NaN,
        "nauc_recall_at_1000_diff1": NaN,
        "nauc_precision_at_1_max": 0.448526,
        "nauc_precision_at_1_std": -0.80895,
        "nauc_precision_at_1_diff1": 0.69636,
        "nauc_precision_at_3_max": 0.439567,
        "nauc_precision_at_3_std": -0.699389,
        "nauc_precision_at_3_diff1": 0.207608,
        "nauc_precision_at_5_max": 0.417848,
        "nauc_precision_at_5_std": -0.850192,
        "nauc_precision_at_5_diff1": 0.566667,
        "nauc_precision_at_10_max": 0.178734,
        "nauc_precision_at_10_std": -1.319675,
        "nauc_precision_at_10_diff1": 0.426765,
        "nauc_precision_at_20_max": -0.167337,
        "nauc_precision_at_20_std": -1.692224,
        "nauc_precision_at_20_diff1": 0.723816,
        "nauc_precision_at_100_max": 1.0,
        "nauc_precision_at_100_std": 1.0,
        "nauc_precision_at_100_diff1": 1.0,
        "nauc_precision_at_1000_max": NaN,
        "nauc_precision_at_1000_std": NaN,
        "nauc_precision_at_1000_diff1": NaN,
        "nauc_mrr_at_1_max": 0.448526,
        "nauc_mrr_at_1_std": -0.80895,
        "nauc_mrr_at_1_diff1": 0.69636,
        "nauc_mrr_at_3_max": 0.407966,
        "nauc_mrr_at_3_std": -0.892812,
        "nauc_mrr_at_3_diff1": 0.694546,
        "nauc_mrr_at_5_max": 0.39839,
        "nauc_mrr_at_5_std": -0.874991,
        "nauc_mrr_at_5_diff1": 0.703886,
        "nauc_mrr_at_10_max": 0.39839,
        "nauc_mrr_at_10_std": -0.874991,
        "nauc_mrr_at_10_diff1": 0.703886,
        "nauc_mrr_at_20_max": 0.406812,
        "nauc_mrr_at_20_std": -0.862825,
        "nauc_mrr_at_20_diff1": 0.703589,
        "nauc_mrr_at_100_max": 0.406812,
        "nauc_mrr_at_100_std": -0.862825,
        "nauc_mrr_at_100_diff1": 0.703589,
        "nauc_mrr_at_1000_max": 0.406812,
        "nauc_mrr_at_1000_std": -0.862825,
        "nauc_mrr_at_1000_diff1": 0.703589,
        "main_score": 0.90951,
        "hf_subset": "default",
        "languages": [
          "eng-Latn"
        ]
      }
    ]
  },
  "evaluation_time": 18.399121284484863,
  "kg_co2_emissions": null
}