{
  "dataset_revision": "f5452494f09a6d51c37b56883a65ef742ac07c99",
  "task_name": "echr-retrieval",
  "mteb_version": "1.39.7",
  "scores": {
    "test": [
      {
        "ndcg_at_1": 0.29,
        "ndcg_at_3": 0.45172,
        "ndcg_at_5": 0.49906,
        "ndcg_at_10": 0.54026,
        "ndcg_at_20": 0.57087,
        "ndcg_at_100": 0.58575,
        "ndcg_at_1000": 0.58575,
        "map_at_1": 0.29,
        "map_at_3": 0.4125,
        "map_at_5": 0.43875,
        "map_at_10": 0.45622,
        "map_at_20": 0.46477,
        "map_at_100": 0.46717,
        "map_at_1000": 0.46717,
        "recall_at_1": 0.29,
        "recall_at_3": 0.565,
        "recall_at_5": 0.68,
        "recall_at_10": 0.805,
        "recall_at_20": 0.925,
        "recall_at_100": 1.0,
        "recall_at_1000": 1.0,
        "precision_at_1": 0.29,
        "precision_at_3": 0.18833,
        "precision_at_5": 0.136,
        "precision_at_10": 0.0805,
        "precision_at_20": 0.04625,
        "precision_at_100": 0.01,
        "precision_at_1000": 0.001,
        "mrr_at_1": 0.29,
        "mrr_at_3": 0.4125,
        "mrr_at_5": 0.43875,
        "mrr_at_10": 0.456216,
        "mrr_at_20": 0.464771,
        "mrr_at_100": 0.467165,
        "mrr_at_1000": 0.467165,
        "nauc_ndcg_at_1_max": -0.069283,
        "nauc_ndcg_at_1_std": -0.154293,
        "nauc_ndcg_at_1_diff1": 0.392662,
        "nauc_ndcg_at_3_max": -0.058961,
        "nauc_ndcg_at_3_std": -0.206311,
        "nauc_ndcg_at_3_diff1": 0.331752,
        "nauc_ndcg_at_5_max": -0.061269,
        "nauc_ndcg_at_5_std": -0.195413,
        "nauc_ndcg_at_5_diff1": 0.305778,
        "nauc_ndcg_at_10_max": -0.069084,
        "nauc_ndcg_at_10_std": -0.229231,
        "nauc_ndcg_at_10_diff1": 0.314714,
        "nauc_ndcg_at_20_max": -0.06402,
        "nauc_ndcg_at_20_std": -0.220591,
        "nauc_ndcg_at_20_diff1": 0.326969,
        "nauc_ndcg_at_100_max": -0.06528,
        "nauc_ndcg_at_100_std": -0.202465,
        "nauc_ndcg_at_100_diff1": 0.33361,
        "nauc_ndcg_at_1000_max": -0.06528,
        "nauc_ndcg_at_1000_std": -0.202465,
        "nauc_ndcg_at_1000_diff1": 0.33361,
        "nauc_map_at_1_max": -0.069283,
        "nauc_map_at_1_std": -0.154293,
        "nauc_map_at_1_diff1": 0.392662,
        "nauc_map_at_3_max": -0.060744,
        "nauc_map_at_3_std": -0.193027,
        "nauc_map_at_3_diff1": 0.346906,
        "nauc_map_at_5_max": -0.062155,
        "nauc_map_at_5_std": -0.18711,
        "nauc_map_at_5_diff1": 0.334459,
        "nauc_map_at_10_max": -0.065877,
        "nauc_map_at_10_std": -0.201015,
        "nauc_map_at_10_diff1": 0.339388,
        "nauc_map_at_20_max": -0.065227,
        "nauc_map_at_20_std": -0.198267,
        "nauc_map_at_20_diff1": 0.341973,
        "nauc_map_at_100_max": -0.065098,
        "nauc_map_at_100_std": -0.195199,
        "nauc_map_at_100_diff1": 0.342473,
        "nauc_map_at_1000_max": -0.065098,
        "nauc_map_at_1000_std": -0.195199,
        "nauc_map_at_1000_diff1": 0.342473,
        "nauc_recall_at_1_max": -0.069283,
        "nauc_recall_at_1_std": -0.154293,
        "nauc_recall_at_1_diff1": 0.392662,
        "nauc_recall_at_3_max": -0.05395,
        "nauc_recall_at_3_std": -0.246195,
        "nauc_recall_at_3_diff1": 0.286415,
        "nauc_recall_at_5_max": -0.058816,
        "nauc_recall_at_5_std": -0.221987,
        "nauc_recall_at_5_diff1": 0.200142,
        "nauc_recall_at_10_max": -0.088241,
        "nauc_recall_at_10_std": -0.382354,
        "nauc_recall_at_10_diff1": 0.187732,
        "nauc_recall_at_20_max": -0.029132,
        "nauc_recall_at_20_std": -0.486741,
        "nauc_recall_at_20_diff1": 0.197168,
        "nauc_recall_at_100_max": NaN,
        "nauc_recall_at_100_std": NaN,
        "nauc_recall_at_100_diff1": NaN,
        "nauc_recall_at_1000_max": NaN,
        "nauc_recall_at_1000_std": NaN,
        "nauc_recall_at_1000_diff1": NaN,
        "nauc_precision_at_1_max": -0.069283,
        "nauc_precision_at_1_std": -0.154293,
        "nauc_precision_at_1_diff1": 0.392662,
        "nauc_precision_at_3_max": -0.05395,
        "nauc_precision_at_3_std": -0.246195,
        "nauc_precision_at_3_diff1": 0.286415,
        "nauc_precision_at_5_max": -0.058816,
        "nauc_precision_at_5_std": -0.221987,
        "nauc_precision_at_5_diff1": 0.200142,
        "nauc_precision_at_10_max": -0.088241,
        "nauc_precision_at_10_std": -0.382354,
        "nauc_precision_at_10_diff1": 0.187732,
        "nauc_precision_at_20_max": -0.029132,
        "nauc_precision_at_20_std": -0.486741,
        "nauc_precision_at_20_diff1": 0.197168,
        "nauc_precision_at_100_max": 1.0,
        "nauc_precision_at_100_std": 1.0,
        "nauc_precision_at_100_diff1": 1.0,
        "nauc_precision_at_1000_max": 1.0,
        "nauc_precision_at_1000_std": 1.0,
        "nauc_precision_at_1000_diff1": 1.0,
        "nauc_mrr_at_1_max": -0.069283,
        "nauc_mrr_at_1_std": -0.154293,
        "nauc_mrr_at_1_diff1": 0.392662,
        "nauc_mrr_at_3_max": -0.060744,
        "nauc_mrr_at_3_std": -0.193027,
        "nauc_mrr_at_3_diff1": 0.346906,
        "nauc_mrr_at_5_max": -0.062155,
        "nauc_mrr_at_5_std": -0.18711,
        "nauc_mrr_at_5_diff1": 0.334459,
        "nauc_mrr_at_10_max": -0.065877,
        "nauc_mrr_at_10_std": -0.201015,
        "nauc_mrr_at_10_diff1": 0.339388,
        "nauc_mrr_at_20_max": -0.065227,
        "nauc_mrr_at_20_std": -0.198267,
        "nauc_mrr_at_20_diff1": 0.341973,
        "nauc_mrr_at_100_max": -0.065098,
        "nauc_mrr_at_100_std": -0.195199,
        "nauc_mrr_at_100_diff1": 0.342473,
        "nauc_mrr_at_1000_max": -0.065098,
        "nauc_mrr_at_1000_std": -0.195199,
        "nauc_mrr_at_1000_diff1": 0.342473,
        "main_score": 0.54026,
        "hf_subset": "default",
        "languages": [
          "eng-Latn"
        ]
      }
    ]
  },
  "evaluation_time": 109.79949283599854,
  "kg_co2_emissions": null
}