{
  "dataset_revision": "8d41f3d22bb73685b6f42b62ad95940ea3dfbf84",
  "task_name": "gdpr-holdings-retrieval",
  "mteb_version": "1.38.49",
  "scores": {
    "test": [
      {
        "ndcg_at_1": 0.898,
        "ndcg_at_3": 0.93986,
        "ndcg_at_5": 0.94399,
        "ndcg_at_10": 0.94667,
        "ndcg_at_20": 0.94819,
        "ndcg_at_100": 0.94927,
        "ndcg_at_1000": 0.94975,
        "map_at_1": 0.898,
        "map_at_3": 0.93067,
        "map_at_5": 0.93297,
        "map_at_10": 0.93413,
        "map_at_20": 0.93454,
        "map_at_100": 0.93469,
        "map_at_1000": 0.9347,
        "recall_at_1": 0.898,
        "recall_at_3": 0.966,
        "recall_at_5": 0.976,
        "recall_at_10": 0.984,
        "recall_at_20": 0.99,
        "recall_at_100": 0.996,
        "recall_at_1000": 1.0,
        "precision_at_1": 0.898,
        "precision_at_3": 0.322,
        "precision_at_5": 0.1952,
        "precision_at_10": 0.0984,
        "precision_at_20": 0.0495,
        "precision_at_100": 0.00996,
        "precision_at_1000": 0.001,
        "mrr_at_1": 0.898,
        "mrr_at_3": 0.930667,
        "mrr_at_5": 0.932967,
        "mrr_at_10": 0.934133,
        "mrr_at_20": 0.934543,
        "mrr_at_100": 0.934685,
        "mrr_at_1000": 0.934697,
        "nauc_ndcg_at_1_max": 0.701685,
        "nauc_ndcg_at_1_std": 0.01562,
        "nauc_ndcg_at_1_diff1": 0.88396,
        "nauc_ndcg_at_3_max": 0.772292,
        "nauc_ndcg_at_3_std": 0.079645,
        "nauc_ndcg_at_3_diff1": 0.871829,
        "nauc_ndcg_at_5_max": 0.768629,
        "nauc_ndcg_at_5_std": 0.081533,
        "nauc_ndcg_at_5_diff1": 0.882594,
        "nauc_ndcg_at_10_max": 0.76025,
        "nauc_ndcg_at_10_std": 0.071813,
        "nauc_ndcg_at_10_diff1": 0.881935,
        "nauc_ndcg_at_20_max": 0.757551,
        "nauc_ndcg_at_20_std": 0.079851,
        "nauc_ndcg_at_20_diff1": 0.881169,
        "nauc_ndcg_at_100_max": 0.754205,
        "nauc_ndcg_at_100_std": 0.076004,
        "nauc_ndcg_at_100_diff1": 0.881591,
        "nauc_ndcg_at_1000_max": 0.751872,
        "nauc_ndcg_at_1000_std": 0.069376,
        "nauc_ndcg_at_1000_diff1": 0.880467,
        "nauc_map_at_1_max": 0.701685,
        "nauc_map_at_1_std": 0.01562,
        "nauc_map_at_1_diff1": 0.88396,
        "nauc_map_at_3_max": 0.751932,
        "nauc_map_at_3_std": 0.059724,
        "nauc_map_at_3_diff1": 0.875749,
        "nauc_map_at_5_max": 0.749317,
        "nauc_map_at_5_std": 0.060566,
        "nauc_map_at_5_diff1": 0.880434,
        "nauc_map_at_10_max": 0.746028,
        "nauc_map_at_10_std": 0.057468,
        "nauc_map_at_10_diff1": 0.880218,
        "nauc_map_at_20_max": 0.745346,
        "nauc_map_at_20_std": 0.05907,
        "nauc_map_at_20_diff1": 0.880034,
        "nauc_map_at_100_max": 0.744932,
        "nauc_map_at_100_std": 0.058636,
        "nauc_map_at_100_diff1": 0.88,
        "nauc_map_at_1000_max": 0.744886,
        "nauc_map_at_1000_std": 0.058508,
        "nauc_map_at_1000_diff1": 0.879978,
        "nauc_recall_at_1_max": 0.701685,
        "nauc_recall_at_1_std": 0.01562,
        "nauc_recall_at_1_diff1": 0.88396,
        "nauc_recall_at_3_max": 0.887955,
        "nauc_recall_at_3_std": 0.194321,
        "nauc_recall_at_3_diff1": 0.849124,
        "nauc_recall_at_5_max": 0.917912,
        "nauc_recall_at_5_std": 0.245254,
        "nauc_recall_at_5_diff1": 0.905657,
        "nauc_recall_at_10_max": 0.909547,
        "nauc_recall_at_10_std": 0.216445,
        "nauc_recall_at_10_diff1": 0.909547,
        "nauc_recall_at_20_max": 0.944444,
        "nauc_recall_at_20_std": 0.469748,
        "nauc_recall_at_20_diff1": 0.910831,
        "nauc_recall_at_100_max": 1.0,
        "nauc_recall_at_100_std": 0.777077,
        "nauc_recall_at_100_diff1": 1.0,
        "nauc_recall_at_1000_max": NaN,
        "nauc_recall_at_1000_std": NaN,
        "nauc_recall_at_1000_diff1": NaN,
        "nauc_precision_at_1_max": 0.701685,
        "nauc_precision_at_1_std": 0.01562,
        "nauc_precision_at_1_diff1": 0.88396,
        "nauc_precision_at_3_max": 0.887955,
        "nauc_precision_at_3_std": 0.194321,
        "nauc_precision_at_3_diff1": 0.849124,
        "nauc_precision_at_5_max": 0.917912,
        "nauc_precision_at_5_std": 0.245254,
        "nauc_precision_at_5_diff1": 0.905657,
        "nauc_precision_at_10_max": 0.909547,
        "nauc_precision_at_10_std": 0.216445,
        "nauc_precision_at_10_diff1": 0.909547,
        "nauc_precision_at_20_max": 0.944444,
        "nauc_precision_at_20_std": 0.469748,
        "nauc_precision_at_20_diff1": 0.910831,
        "nauc_precision_at_100_max": 1.0,
        "nauc_precision_at_100_std": 0.777077,
        "nauc_precision_at_100_diff1": 1.0,
        "nauc_precision_at_1000_max": 1.0,
        "nauc_precision_at_1000_std": 1.0,
        "nauc_precision_at_1000_diff1": 1.0,
        "nauc_mrr_at_1_max": 0.701685,
        "nauc_mrr_at_1_std": 0.01562,
        "nauc_mrr_at_1_diff1": 0.88396,
        "nauc_mrr_at_3_max": 0.751932,
        "nauc_mrr_at_3_std": 0.059724,
        "nauc_mrr_at_3_diff1": 0.875749,
        "nauc_mrr_at_5_max": 0.749317,
        "nauc_mrr_at_5_std": 0.060566,
        "nauc_mrr_at_5_diff1": 0.880434,
        "nauc_mrr_at_10_max": 0.746028,
        "nauc_mrr_at_10_std": 0.057468,
        "nauc_mrr_at_10_diff1": 0.880218,
        "nauc_mrr_at_20_max": 0.745346,
        "nauc_mrr_at_20_std": 0.05907,
        "nauc_mrr_at_20_diff1": 0.880034,
        "nauc_mrr_at_100_max": 0.744932,
        "nauc_mrr_at_100_std": 0.058636,
        "nauc_mrr_at_100_diff1": 0.88,
        "nauc_mrr_at_1000_max": 0.744886,
        "nauc_mrr_at_1000_std": 0.058508,
        "nauc_mrr_at_1000_diff1": 0.879978,
        "main_score": 0.94667,
        "hf_subset": "default",
        "languages": [
          "eng-Latn"
        ]
      }
    ]
  },
  "evaluation_time": 190.8115475177765,
  "kg_co2_emissions": null
}