{
  "dataset_revision": "66d23b0ce609450ce24d0fc85e9bac69aba90b84",
  "task_name": "housing-qa",
  "mteb_version": "1.38.49",
  "scores": {
    "test": [
      {
        "ndcg_at_1": 0.18692,
        "ndcg_at_3": 0.21618,
        "ndcg_at_5": 0.24299,
        "ndcg_at_10": 0.29694,
        "ndcg_at_20": 0.36434,
        "ndcg_at_100": 0.46558,
        "ndcg_at_1000": 0.48679,
        "map_at_1": 0.06121,
        "map_at_3": 0.11275,
        "map_at_5": 0.14691,
        "map_at_10": 0.18869,
        "map_at_20": 0.21724,
        "map_at_100": 0.24901,
        "map_at_1000": 0.25271,
        "recall_at_1": 0.06121,
        "recall_at_3": 0.15157,
        "recall_at_5": 0.26173,
        "recall_at_10": 0.41947,
        "recall_at_20": 0.6123,
        "recall_at_100": 0.91619,
        "recall_at_1000": 1.0,
        "precision_at_1": 0.18692,
        "precision_at_3": 0.18692,
        "precision_at_5": 0.17196,
        "precision_at_10": 0.1514,
        "precision_at_20": 0.11168,
        "precision_at_100": 0.04121,
        "precision_at_1000": 0.00467,
        "mrr_at_1": 0.186916,
        "mrr_at_3": 0.285047,
        "mrr_at_5": 0.315888,
        "mrr_at_10": 0.340936,
        "mrr_at_20": 0.354121,
        "mrr_at_100": 0.3563,
        "mrr_at_1000": 0.3563,
        "nauc_ndcg_at_1_max": 0.085389,
        "nauc_ndcg_at_1_std": 0.034886,
        "nauc_ndcg_at_1_diff1": 0.170492,
        "nauc_ndcg_at_3_max": 0.117179,
        "nauc_ndcg_at_3_std": -0.084026,
        "nauc_ndcg_at_3_diff1": 0.193229,
        "nauc_ndcg_at_5_max": 0.145426,
        "nauc_ndcg_at_5_std": -0.176721,
        "nauc_ndcg_at_5_diff1": 0.233791,
        "nauc_ndcg_at_10_max": 0.23538,
        "nauc_ndcg_at_10_std": -0.201524,
        "nauc_ndcg_at_10_diff1": 0.239116,
        "nauc_ndcg_at_20_max": 0.243155,
        "nauc_ndcg_at_20_std": -0.236144,
        "nauc_ndcg_at_20_diff1": 0.285557,
        "nauc_ndcg_at_100_max": 0.263881,
        "nauc_ndcg_at_100_std": -0.050208,
        "nauc_ndcg_at_100_diff1": 0.221063,
        "nauc_ndcg_at_1000_max": 0.252293,
        "nauc_ndcg_at_1000_std": -0.037203,
        "nauc_ndcg_at_1000_diff1": 0.223846,
        "nauc_map_at_1_max": 0.189071,
        "nauc_map_at_1_std": -0.289541,
        "nauc_map_at_1_diff1": 0.510994,
        "nauc_map_at_3_max": 0.142274,
        "nauc_map_at_3_std": -0.262088,
        "nauc_map_at_3_diff1": 0.355399,
        "nauc_map_at_5_max": 0.145859,
        "nauc_map_at_5_std": -0.292727,
        "nauc_map_at_5_diff1": 0.340515,
        "nauc_map_at_10_max": 0.204592,
        "nauc_map_at_10_std": -0.273498,
        "nauc_map_at_10_diff1": 0.307366,
        "nauc_map_at_20_max": 0.220001,
        "nauc_map_at_20_std": -0.271738,
        "nauc_map_at_20_diff1": 0.323386,
        "nauc_map_at_100_max": 0.23934,
        "nauc_map_at_100_std": -0.201035,
        "nauc_map_at_100_diff1": 0.309716,
        "nauc_map_at_1000_max": 0.24068,
        "nauc_map_at_1000_std": -0.197208,
        "nauc_map_at_1000_diff1": 0.310708,
        "nauc_recall_at_1_max": 0.189071,
        "nauc_recall_at_1_std": -0.289541,
        "nauc_recall_at_1_diff1": 0.510994,
        "nauc_recall_at_3_max": 0.116963,
        "nauc_recall_at_3_std": -0.239263,
        "nauc_recall_at_3_diff1": 0.270253,
        "nauc_recall_at_5_max": 0.11037,
        "nauc_recall_at_5_std": -0.319673,
        "nauc_recall_at_5_diff1": 0.221199,
        "nauc_recall_at_10_max": 0.22023,
        "nauc_recall_at_10_std": -0.279965,
        "nauc_recall_at_10_diff1": 0.190486,
        "nauc_recall_at_20_max": 0.216374,
        "nauc_recall_at_20_std": -0.400573,
        "nauc_recall_at_20_diff1": 0.27715,
        "nauc_recall_at_100_max": 0.30044,
        "nauc_recall_at_100_std": -0.033094,
        "nauc_recall_at_100_diff1": 0.076963,
        "nauc_recall_at_1000_max": NaN,
        "nauc_recall_at_1000_std": NaN,
        "nauc_recall_at_1000_diff1": NaN,
        "nauc_precision_at_1_max": 0.085389,
        "nauc_precision_at_1_std": 0.034886,
        "nauc_precision_at_1_diff1": 0.170492,
        "nauc_precision_at_3_max": 0.08804,
        "nauc_precision_at_3_std": -0.026227,
        "nauc_precision_at_3_diff1": 0.075914,
        "nauc_precision_at_5_max": 0.136744,
        "nauc_precision_at_5_std": -0.040256,
        "nauc_precision_at_5_diff1": 0.099871,
        "nauc_precision_at_10_max": 0.274913,
        "nauc_precision_at_10_std": 0.066301,
        "nauc_precision_at_10_diff1": 0.045113,
        "nauc_precision_at_20_max": 0.23395,
        "nauc_precision_at_20_std": 0.099015,
        "nauc_precision_at_20_diff1": 0.085468,
        "nauc_precision_at_100_max": 0.153246,
        "nauc_precision_at_100_std": 0.429919,
        "nauc_precision_at_100_diff1": -0.125196,
        "nauc_precision_at_1000_max": 0.11328,
        "nauc_precision_at_1000_std": 0.408997,
        "nauc_precision_at_1000_diff1": -0.1179,
        "nauc_mrr_at_1_max": 0.085389,
        "nauc_mrr_at_1_std": 0.034886,
        "nauc_mrr_at_1_diff1": 0.170492,
        "nauc_mrr_at_3_max": 0.070565,
        "nauc_mrr_at_3_std": -0.000338,
        "nauc_mrr_at_3_diff1": 0.143605,
        "nauc_mrr_at_5_max": 0.100628,
        "nauc_mrr_at_5_std": -0.013736,
        "nauc_mrr_at_5_diff1": 0.150039,
        "nauc_mrr_at_10_max": 0.135409,
        "nauc_mrr_at_10_std": 0.015365,
        "nauc_mrr_at_10_diff1": 0.147335,
        "nauc_mrr_at_20_max": 0.121519,
        "nauc_mrr_at_20_std": 0.003872,
        "nauc_mrr_at_20_diff1": 0.148122,
        "nauc_mrr_at_100_max": 0.118533,
        "nauc_mrr_at_100_std": 0.006953,
        "nauc_mrr_at_100_diff1": 0.148547,
        "nauc_mrr_at_1000_max": 0.118533,
        "nauc_mrr_at_1000_std": 0.006953,
        "nauc_mrr_at_1000_diff1": 0.148547,
        "main_score": 0.29694,
        "hf_subset": "default",
        "languages": [
          "eng-Latn"
        ]
      }
    ]
  },
  "evaluation_time": 52.14413857460022,
  "kg_co2_emissions": null
}