{
  "dataset_revision": "ca0f1732432ad623ba6172b15e8c726b76e50fad",
  "task_name": "legal-rag-bench",
  "mteb_version": "1.39.7",
  "scores": {
    "test": [
      {
        "ndcg_at_1": 0.42,
        "ndcg_at_3": 0.62904,
        "ndcg_at_5": 0.66904,
        "ndcg_at_10": 0.6795,
        "ndcg_at_20": 0.69183,
        "ndcg_at_100": 0.70122,
        "ndcg_at_1000": 0.70122,
        "map_at_1": 0.42,
        "map_at_3": 0.58,
        "map_at_5": 0.6015,
        "map_at_10": 0.60626,
        "map_at_20": 0.60948,
        "map_at_100": 0.61084,
        "map_at_1000": 0.61084,
        "recall_at_1": 0.42,
        "recall_at_3": 0.77,
        "recall_at_5": 0.87,
        "recall_at_10": 0.9,
        "recall_at_20": 0.95,
        "recall_at_100": 1.0,
        "recall_at_1000": 1.0,
        "precision_at_1": 0.42,
        "precision_at_3": 0.25667,
        "precision_at_5": 0.174,
        "precision_at_10": 0.09,
        "precision_at_20": 0.0475,
        "precision_at_100": 0.01,
        "precision_at_1000": 0.001,
        "mrr_at_1": 0.42,
        "mrr_at_3": 0.58,
        "mrr_at_5": 0.6015,
        "mrr_at_10": 0.606262,
        "mrr_at_20": 0.609477,
        "mrr_at_100": 0.610837,
        "mrr_at_1000": 0.610837,
        "nauc_ndcg_at_1_max": 0.216411,
        "nauc_ndcg_at_1_std": -0.114732,
        "nauc_ndcg_at_1_diff1": 0.299168,
        "nauc_ndcg_at_3_max": 0.316958,
        "nauc_ndcg_at_3_std": -0.022697,
        "nauc_ndcg_at_3_diff1": 0.354637,
        "nauc_ndcg_at_5_max": 0.272151,
        "nauc_ndcg_at_5_std": -0.071773,
        "nauc_ndcg_at_5_diff1": 0.28481,
        "nauc_ndcg_at_10_max": 0.25572,
        "nauc_ndcg_at_10_std": -0.08683,
        "nauc_ndcg_at_10_diff1": 0.276204,
        "nauc_ndcg_at_20_max": 0.240575,
        "nauc_ndcg_at_20_std": -0.097774,
        "nauc_ndcg_at_20_diff1": 0.316514,
        "nauc_ndcg_at_100_max": 0.265261,
        "nauc_ndcg_at_100_std": -0.075704,
        "nauc_ndcg_at_100_diff1": 0.315114,
        "nauc_ndcg_at_1000_max": 0.265261,
        "nauc_ndcg_at_1000_std": -0.075704,
        "nauc_ndcg_at_1000_diff1": 0.315114,
        "nauc_map_at_1_max": 0.216411,
        "nauc_map_at_1_std": -0.114732,
        "nauc_map_at_1_diff1": 0.299168,
        "nauc_map_at_3_max": 0.294079,
        "nauc_map_at_3_std": -0.042933,
        "nauc_map_at_3_diff1": 0.342618,
        "nauc_map_at_5_max": 0.271208,
        "nauc_map_at_5_std": -0.067636,
        "nauc_map_at_5_diff1": 0.308986,
        "nauc_map_at_10_max": 0.264755,
        "nauc_map_at_10_std": -0.073438,
        "nauc_map_at_10_diff1": 0.305748,
        "nauc_map_at_20_max": 0.26208,
        "nauc_map_at_20_std": -0.076102,
        "nauc_map_at_20_diff1": 0.315939,
        "nauc_map_at_100_max": 0.265761,
        "nauc_map_at_100_std": -0.073019,
        "nauc_map_at_100_diff1": 0.316269,
        "nauc_map_at_1000_max": 0.265761,
        "nauc_map_at_1000_std": -0.073019,
        "nauc_map_at_1000_diff1": 0.316269,
        "nauc_recall_at_1_max": 0.216411,
        "nauc_recall_at_1_std": -0.114732,
        "nauc_recall_at_1_diff1": 0.299168,
        "nauc_recall_at_3_max": 0.40628,
        "nauc_recall_at_3_std": 0.055773,
        "nauc_recall_at_3_diff1": 0.40111,
        "nauc_recall_at_5_max": 0.257017,
        "nauc_recall_at_5_std": -0.120751,
        "nauc_recall_at_5_diff1": 0.103162,
        "nauc_recall_at_10_max": 0.145892,
        "nauc_recall_at_10_std": -0.232213,
        "nauc_recall_at_10_diff1": 0.002754,
        "nauc_recall_at_20_max": -0.249486,
        "nauc_recall_at_20_std": -0.551447,
        "nauc_recall_at_20_diff1": 0.388049,
        "nauc_recall_at_100_max": NaN,
        "nauc_recall_at_100_std": NaN,
        "nauc_recall_at_100_diff1": NaN,
        "nauc_recall_at_1000_max": NaN,
        "nauc_recall_at_1000_std": NaN,
        "nauc_recall_at_1000_diff1": NaN,
        "nauc_precision_at_1_max": 0.216411,
        "nauc_precision_at_1_std": -0.114732,
        "nauc_precision_at_1_diff1": 0.299168,
        "nauc_precision_at_3_max": 0.40628,
        "nauc_precision_at_3_std": 0.055773,
        "nauc_precision_at_3_diff1": 0.40111,
        "nauc_precision_at_5_max": 0.257017,
        "nauc_precision_at_5_std": -0.120751,
        "nauc_precision_at_5_diff1": 0.103162,
        "nauc_precision_at_10_max": 0.145892,
        "nauc_precision_at_10_std": -0.232213,
        "nauc_precision_at_10_diff1": 0.002754,
        "nauc_precision_at_20_max": -0.249486,
        "nauc_precision_at_20_std": -0.551447,
        "nauc_precision_at_20_diff1": 0.388049,
        "nauc_precision_at_100_max": NaN,
        "nauc_precision_at_100_std": NaN,
        "nauc_precision_at_100_diff1": NaN,
        "nauc_precision_at_1000_max": NaN,
        "nauc_precision_at_1000_std": NaN,
        "nauc_precision_at_1000_diff1": NaN,
        "nauc_mrr_at_1_max": 0.216411,
        "nauc_mrr_at_1_std": -0.114732,
        "nauc_mrr_at_1_diff1": 0.299168,
        "nauc_mrr_at_3_max": 0.294079,
        "nauc_mrr_at_3_std": -0.042933,
        "nauc_mrr_at_3_diff1": 0.342618,
        "nauc_mrr_at_5_max": 0.271208,
        "nauc_mrr_at_5_std": -0.067636,
        "nauc_mrr_at_5_diff1": 0.308986,
        "nauc_mrr_at_10_max": 0.264755,
        "nauc_mrr_at_10_std": -0.073438,
        "nauc_mrr_at_10_diff1": 0.305748,
        "nauc_mrr_at_20_max": 0.26208,
        "nauc_mrr_at_20_std": -0.076102,
        "nauc_mrr_at_20_diff1": 0.315939,
        "nauc_mrr_at_100_max": 0.265761,
        "nauc_mrr_at_100_std": -0.073019,
        "nauc_mrr_at_100_diff1": 0.316269,
        "nauc_mrr_at_1000_max": 0.265761,
        "nauc_mrr_at_1000_std": -0.073019,
        "nauc_mrr_at_1000_diff1": 0.316269,
        "main_score": 0.6795,
        "hf_subset": "default",
        "languages": [
          "eng-Latn"
        ]
      }
    ]
  },
  "evaluation_time": 258.4231276512146,
  "kg_co2_emissions": null
}