{
  "dataset_revision": "ec00129f88e9476e582131dc3a5db9220dfefa48",
  "task_name": "license-tldr-retrieval",
  "mteb_version": "1.38.49",
  "scores": {
    "test": [
      {
        "ndcg_at_1": 0.61538,
        "ndcg_at_3": 0.71611,
        "ndcg_at_5": 0.73599,
        "ndcg_at_10": 0.7461,
        "ndcg_at_20": 0.76489,
        "ndcg_at_100": 0.77672,
        "ndcg_at_1000": 0.77672,
        "map_at_1": 0.61538,
        "map_at_3": 0.69231,
        "map_at_5": 0.70385,
        "map_at_10": 0.70812,
        "map_at_20": 0.71294,
        "map_at_100": 0.71469,
        "map_at_1000": 0.71469,
        "recall_at_1": 0.61538,
        "recall_at_3": 0.78462,
        "recall_at_5": 0.83077,
        "recall_at_10": 0.86154,
        "recall_at_20": 0.93846,
        "recall_at_100": 1.0,
        "recall_at_1000": 1.0,
        "precision_at_1": 0.61538,
        "precision_at_3": 0.26154,
        "precision_at_5": 0.16615,
        "precision_at_10": 0.08615,
        "precision_at_20": 0.04692,
        "precision_at_100": 0.01,
        "precision_at_1000": 0.001,
        "mrr_at_1": 0.615385,
        "mrr_at_3": 0.692308,
        "mrr_at_5": 0.703846,
        "mrr_at_10": 0.70812,
        "mrr_at_20": 0.712944,
        "mrr_at_100": 0.714692,
        "mrr_at_1000": 0.714692,
        "nauc_ndcg_at_1_max": 0.467137,
        "nauc_ndcg_at_1_std": 0.228241,
        "nauc_ndcg_at_1_diff1": 0.707325,
        "nauc_ndcg_at_3_max": 0.458802,
        "nauc_ndcg_at_3_std": 0.295656,
        "nauc_ndcg_at_3_diff1": 0.615052,
        "nauc_ndcg_at_5_max": 0.530506,
        "nauc_ndcg_at_5_std": 0.384948,
        "nauc_ndcg_at_5_diff1": 0.651799,
        "nauc_ndcg_at_10_max": 0.540852,
        "nauc_ndcg_at_10_std": 0.379607,
        "nauc_ndcg_at_10_diff1": 0.653775,
        "nauc_ndcg_at_20_max": 0.526915,
        "nauc_ndcg_at_20_std": 0.343092,
        "nauc_ndcg_at_20_diff1": 0.674801,
        "nauc_ndcg_at_100_max": 0.509651,
        "nauc_ndcg_at_100_std": 0.322055,
        "nauc_ndcg_at_100_diff1": 0.663128,
        "nauc_ndcg_at_1000_max": 0.509651,
        "nauc_ndcg_at_1000_std": 0.322055,
        "nauc_ndcg_at_1000_diff1": 0.663128,
        "nauc_map_at_1_max": 0.467137,
        "nauc_map_at_1_std": 0.228241,
        "nauc_map_at_1_diff1": 0.707325,
        "nauc_map_at_3_max": 0.464303,
        "nauc_map_at_3_std": 0.272065,
        "nauc_map_at_3_diff1": 0.6421,
        "nauc_map_at_5_max": 0.502382,
        "nauc_map_at_5_std": 0.318321,
        "nauc_map_at_5_diff1": 0.662541,
        "nauc_map_at_10_max": 0.506741,
        "nauc_map_at_10_std": 0.314696,
        "nauc_map_at_10_diff1": 0.663818,
        "nauc_map_at_20_max": 0.502564,
        "nauc_map_at_20_std": 0.305808,
        "nauc_map_at_20_diff1": 0.667401,
        "nauc_map_at_100_max": 0.500298,
        "nauc_map_at_100_std": 0.303134,
        "nauc_map_at_100_diff1": 0.66609,
        "nauc_map_at_1000_max": 0.500298,
        "nauc_map_at_1000_std": 0.303134,
        "nauc_map_at_1000_diff1": 0.66609,
        "nauc_recall_at_1_max": 0.467137,
        "nauc_recall_at_1_std": 0.228241,
        "nauc_recall_at_1_diff1": 0.707325,
        "nauc_recall_at_3_max": 0.436405,
        "nauc_recall_at_3_std": 0.386814,
        "nauc_recall_at_3_diff1": 0.512856,
        "nauc_recall_at_5_max": 0.666883,
        "nauc_recall_at_5_std": 0.702161,
        "nauc_recall_at_5_diff1": 0.609378,
        "nauc_recall_at_10_max": 0.737267,
        "nauc_recall_at_10_std": 0.745522,
        "nauc_recall_at_10_diff1": 0.607072,
        "nauc_recall_at_20_max": 0.796859,
        "nauc_recall_at_20_std": 0.679827,
        "nauc_recall_at_20_diff1": 0.866027,
        "nauc_recall_at_100_max": NaN,
        "nauc_recall_at_100_std": NaN,
        "nauc_recall_at_100_diff1": NaN,
        "nauc_recall_at_1000_max": NaN,
        "nauc_recall_at_1000_std": NaN,
        "nauc_recall_at_1000_diff1": NaN,
        "nauc_precision_at_1_max": 0.467137,
        "nauc_precision_at_1_std": 0.228241,
        "nauc_precision_at_1_diff1": 0.707325,
        "nauc_precision_at_3_max": 0.436405,
        "nauc_precision_at_3_std": 0.386814,
        "nauc_precision_at_3_diff1": 0.512856,
        "nauc_precision_at_5_max": 0.666883,
        "nauc_precision_at_5_std": 0.702161,
        "nauc_precision_at_5_diff1": 0.609378,
        "nauc_precision_at_10_max": 0.737267,
        "nauc_precision_at_10_std": 0.745522,
        "nauc_precision_at_10_diff1": 0.607072,
        "nauc_precision_at_20_max": 0.796859,
        "nauc_precision_at_20_std": 0.679827,
        "nauc_precision_at_20_diff1": 0.866027,
        "nauc_precision_at_100_max": NaN,
        "nauc_precision_at_100_std": NaN,
        "nauc_precision_at_100_diff1": NaN,
        "nauc_precision_at_1000_max": 1.0,
        "nauc_precision_at_1000_std": 1.0,
        "nauc_precision_at_1000_diff1": 1.0,
        "nauc_mrr_at_1_max": 0.467137,
        "nauc_mrr_at_1_std": 0.228241,
        "nauc_mrr_at_1_diff1": 0.707325,
        "nauc_mrr_at_3_max": 0.464303,
        "nauc_mrr_at_3_std": 0.272065,
        "nauc_mrr_at_3_diff1": 0.6421,
        "nauc_mrr_at_5_max": 0.502382,
        "nauc_mrr_at_5_std": 0.318321,
        "nauc_mrr_at_5_diff1": 0.662541,
        "nauc_mrr_at_10_max": 0.506741,
        "nauc_mrr_at_10_std": 0.314696,
        "nauc_mrr_at_10_diff1": 0.663818,
        "nauc_mrr_at_20_max": 0.502564,
        "nauc_mrr_at_20_std": 0.305808,
        "nauc_mrr_at_20_diff1": 0.667401,
        "nauc_mrr_at_100_max": 0.500298,
        "nauc_mrr_at_100_std": 0.303134,
        "nauc_mrr_at_100_diff1": 0.66609,
        "nauc_mrr_at_1000_max": 0.500298,
        "nauc_mrr_at_1000_std": 0.303134,
        "nauc_mrr_at_1000_diff1": 0.66609,
        "main_score": 0.7461,
        "hf_subset": "default",
        "languages": [
          "eng-Latn"
        ]
      }
    ]
  },
  "evaluation_time": 28.476733684539795,
  "kg_co2_emissions": null
}