{
  "dataset_revision": "319b6cc4b012d733f126a943a8a66bdf9df5dc40",
  "task_name": "scalr",
  "mteb_version": "1.38.49",
  "scores": {
    "test": [
      {
        "ndcg_at_1": 0.64167,
        "ndcg_at_3": 0.72232,
        "ndcg_at_5": 0.73631,
        "ndcg_at_10": 0.76199,
        "ndcg_at_20": 0.7687,
        "ndcg_at_100": 0.782,
        "ndcg_at_1000": 0.78306,
        "map_at_1": 0.64167,
        "map_at_3": 0.70139,
        "map_at_5": 0.70931,
        "map_at_10": 0.7192,
        "map_at_20": 0.72125,
        "map_at_100": 0.72343,
        "map_at_1000": 0.72347,
        "recall_at_1": 0.64167,
        "recall_at_3": 0.78333,
        "recall_at_5": 0.81667,
        "recall_at_10": 0.9,
        "recall_at_20": 0.925,
        "recall_at_100": 0.99167,
        "recall_at_1000": 1.0,
        "precision_at_1": 0.64167,
        "precision_at_3": 0.26111,
        "precision_at_5": 0.16333,
        "precision_at_10": 0.09,
        "precision_at_20": 0.04625,
        "precision_at_100": 0.00992,
        "precision_at_1000": 0.001,
        "mrr_at_1": 0.641667,
        "mrr_at_3": 0.701389,
        "mrr_at_5": 0.709306,
        "mrr_at_10": 0.7192,
        "mrr_at_20": 0.721247,
        "mrr_at_100": 0.723432,
        "mrr_at_1000": 0.723468,
        "nauc_ndcg_at_1_max": 0.607093,
        "nauc_ndcg_at_1_std": 0.035037,
        "nauc_ndcg_at_1_diff1": 0.651833,
        "nauc_ndcg_at_3_max": 0.606088,
        "nauc_ndcg_at_3_std": 0.020949,
        "nauc_ndcg_at_3_diff1": 0.613761,
        "nauc_ndcg_at_5_max": 0.589778,
        "nauc_ndcg_at_5_std": 0.045349,
        "nauc_ndcg_at_5_diff1": 0.594484,
        "nauc_ndcg_at_10_max": 0.611578,
        "nauc_ndcg_at_10_std": 0.088701,
        "nauc_ndcg_at_10_diff1": 0.604718,
        "nauc_ndcg_at_20_max": 0.61676,
        "nauc_ndcg_at_20_std": 0.083093,
        "nauc_ndcg_at_20_diff1": 0.615656,
        "nauc_ndcg_at_100_max": 0.605822,
        "nauc_ndcg_at_100_std": 0.061119,
        "nauc_ndcg_at_100_diff1": 0.608812,
        "nauc_ndcg_at_1000_max": 0.606119,
        "nauc_ndcg_at_1000_std": 0.058287,
        "nauc_ndcg_at_1000_diff1": 0.613294,
        "nauc_map_at_1_max": 0.607093,
        "nauc_map_at_1_std": 0.035037,
        "nauc_map_at_1_diff1": 0.651833,
        "nauc_map_at_3_max": 0.60817,
        "nauc_map_at_3_std": 0.027509,
        "nauc_map_at_3_diff1": 0.623374,
        "nauc_map_at_5_max": 0.599331,
        "nauc_map_at_5_std": 0.039311,
        "nauc_map_at_5_diff1": 0.61366,
        "nauc_map_at_10_max": 0.607468,
        "nauc_map_at_10_std": 0.05669,
        "nauc_map_at_10_diff1": 0.617394,
        "nauc_map_at_20_max": 0.608424,
        "nauc_map_at_20_std": 0.054702,
        "nauc_map_at_20_diff1": 0.620226,
        "nauc_map_at_100_max": 0.606444,
        "nauc_map_at_100_std": 0.050887,
        "nauc_map_at_100_diff1": 0.619275,
        "nauc_map_at_1000_max": 0.606452,
        "nauc_map_at_1000_std": 0.050809,
        "nauc_map_at_1000_diff1": 0.619398,
        "nauc_recall_at_1_max": 0.607093,
        "nauc_recall_at_1_std": 0.035037,
        "nauc_recall_at_1_diff1": 0.651833,
        "nauc_recall_at_3_max": 0.597493,
        "nauc_recall_at_3_std": -0.004536,
        "nauc_recall_at_3_diff1": 0.578957,
        "nauc_recall_at_5_max": 0.546859,
        "nauc_recall_at_5_std": 0.075196,
        "nauc_recall_at_5_diff1": 0.512048,
        "nauc_recall_at_10_max": 0.654217,
        "nauc_recall_at_10_std": 0.346172,
        "nauc_recall_at_10_diff1": 0.524899,
        "nauc_recall_at_20_max": 0.727202,
        "nauc_recall_at_20_std": 0.382353,
        "nauc_recall_at_20_diff1": 0.608673,
        "nauc_recall_at_100_max": 0.554155,
        "nauc_recall_at_100_std": 0.554155,
        "nauc_recall_at_100_diff1": -0.171335,
        "nauc_recall_at_1000_max": NaN,
        "nauc_recall_at_1000_std": NaN,
        "nauc_recall_at_1000_diff1": NaN,
        "nauc_precision_at_1_max": 0.607093,
        "nauc_precision_at_1_std": 0.035037,
        "nauc_precision_at_1_diff1": 0.651833,
        "nauc_precision_at_3_max": 0.597493,
        "nauc_precision_at_3_std": -0.004536,
        "nauc_precision_at_3_diff1": 0.578957,
        "nauc_precision_at_5_max": 0.546859,
        "nauc_precision_at_5_std": 0.075196,
        "nauc_precision_at_5_diff1": 0.512048,
        "nauc_precision_at_10_max": 0.654217,
        "nauc_precision_at_10_std": 0.346172,
        "nauc_precision_at_10_diff1": 0.524899,
        "nauc_precision_at_20_max": 0.727202,
        "nauc_precision_at_20_std": 0.382353,
        "nauc_precision_at_20_diff1": 0.608673,
        "nauc_precision_at_100_max": 0.554155,
        "nauc_precision_at_100_std": 0.554155,
        "nauc_precision_at_100_diff1": -0.171335,
        "nauc_precision_at_1000_max": 1.0,
        "nauc_precision_at_1000_std": 1.0,
        "nauc_precision_at_1000_diff1": 1.0,
        "nauc_mrr_at_1_max": 0.607093,
        "nauc_mrr_at_1_std": 0.035037,
        "nauc_mrr_at_1_diff1": 0.651833,
        "nauc_mrr_at_3_max": 0.60817,
        "nauc_mrr_at_3_std": 0.027509,
        "nauc_mrr_at_3_diff1": 0.623374,
        "nauc_mrr_at_5_max": 0.599331,
        "nauc_mrr_at_5_std": 0.039311,
        "nauc_mrr_at_5_diff1": 0.61366,
        "nauc_mrr_at_10_max": 0.607468,
        "nauc_mrr_at_10_std": 0.05669,
        "nauc_mrr_at_10_diff1": 0.617394,
        "nauc_mrr_at_20_max": 0.608424,
        "nauc_mrr_at_20_std": 0.054702,
        "nauc_mrr_at_20_diff1": 0.620226,
        "nauc_mrr_at_100_max": 0.606444,
        "nauc_mrr_at_100_std": 0.050887,
        "nauc_mrr_at_100_diff1": 0.619275,
        "nauc_mrr_at_1000_max": 0.606452,
        "nauc_mrr_at_1000_std": 0.050809,
        "nauc_mrr_at_1000_diff1": 0.619398,
        "main_score": 0.76199,
        "hf_subset": "default",
        "languages": [
          "eng-Latn"
        ]
      }
    ]
  },
  "evaluation_time": 53.784592151641846,
  "kg_co2_emissions": null
}