{
  "dataset_revision": "427e2ae4b22cd9ad990ef8dd4647c16d79c89198",
  "task_name": "singaporean-judicial-keywords",
  "mteb_version": "1.38.49",
  "scores": {
    "test": [
      {
        "ndcg_at_1": 0.956,
        "ndcg_at_3": 0.97083,
        "ndcg_at_5": 0.9741,
        "ndcg_at_10": 0.97548,
        "ndcg_at_20": 0.97598,
        "ndcg_at_100": 0.97673,
        "ndcg_at_1000": 0.97673,
        "map_at_1": 0.956,
        "map_at_3": 0.967,
        "map_at_5": 0.9688,
        "map_at_10": 0.96942,
        "map_at_20": 0.96955,
        "map_at_100": 0.96965,
        "map_at_1000": 0.96965,
        "recall_at_1": 0.956,
        "recall_at_3": 0.982,
        "recall_at_5": 0.99,
        "recall_at_10": 0.994,
        "recall_at_20": 0.996,
        "recall_at_100": 1.0,
        "recall_at_1000": 1.0,
        "precision_at_1": 0.956,
        "precision_at_3": 0.32733,
        "precision_at_5": 0.198,
        "precision_at_10": 0.0994,
        "precision_at_20": 0.0498,
        "precision_at_100": 0.01,
        "precision_at_1000": 0.001,
        "mrr_at_1": 0.956,
        "mrr_at_3": 0.967,
        "mrr_at_5": 0.9688,
        "mrr_at_10": 0.969419,
        "mrr_at_20": 0.969552,
        "mrr_at_100": 0.969653,
        "mrr_at_1000": 0.969653,
        "nauc_ndcg_at_1_max": 0.505581,
        "nauc_ndcg_at_1_std": 0.088872,
        "nauc_ndcg_at_1_diff1": 0.949283,
        "nauc_ndcg_at_3_max": 0.620149,
        "nauc_ndcg_at_3_std": 0.116623,
        "nauc_ndcg_at_3_diff1": 0.959611,
        "nauc_ndcg_at_5_max": 0.633859,
        "nauc_ndcg_at_5_std": 0.095188,
        "nauc_ndcg_at_5_diff1": 0.95451,
        "nauc_ndcg_at_10_max": 0.613264,
        "nauc_ndcg_at_10_std": 0.110371,
        "nauc_ndcg_at_10_diff1": 0.951952,
        "nauc_ndcg_at_20_max": 0.605213,
        "nauc_ndcg_at_20_std": 0.1244,
        "nauc_ndcg_at_20_diff1": 0.950951,
        "nauc_ndcg_at_100_max": 0.592541,
        "nauc_ndcg_at_100_std": 0.110187,
        "nauc_ndcg_at_100_diff1": 0.951447,
        "nauc_ndcg_at_1000_max": 0.592541,
        "nauc_ndcg_at_1000_std": 0.110187,
        "nauc_ndcg_at_1000_diff1": 0.951447,
        "nauc_map_at_1_max": 0.505581,
        "nauc_map_at_1_std": 0.088872,
        "nauc_map_at_1_diff1": 0.949283,
        "nauc_map_at_3_max": 0.588829,
        "nauc_map_at_3_std": 0.111356,
        "nauc_map_at_3_diff1": 0.954918,
        "nauc_map_at_5_max": 0.593112,
        "nauc_map_at_5_std": 0.098987,
        "nauc_map_at_5_diff1": 0.952317,
        "nauc_map_at_10_max": 0.584875,
        "nauc_map_at_10_std": 0.105423,
        "nauc_map_at_10_diff1": 0.951352,
        "nauc_map_at_20_max": 0.583057,
        "nauc_map_at_20_std": 0.108352,
        "nauc_map_at_20_diff1": 0.951139,
        "nauc_map_at_100_max": 0.58168,
        "nauc_map_at_100_std": 0.106783,
        "nauc_map_at_100_diff1": 0.951183,
        "nauc_map_at_1000_max": 0.58168,
        "nauc_map_at_1000_std": 0.106783,
        "nauc_map_at_1000_diff1": 0.951183,
        "nauc_recall_at_1_max": 0.505581,
        "nauc_recall_at_1_std": 0.088872,
        "nauc_recall_at_1_diff1": 0.949283,
        "nauc_recall_at_3_max": 0.781668,
        "nauc_recall_at_3_std": 0.141716,
        "nauc_recall_at_3_diff1": 0.985476,
        "nauc_recall_at_5_max": 1.0,
        "nauc_recall_at_5_std": 0.055369,
        "nauc_recall_at_5_diff1": 0.973856,
        "nauc_recall_at_10_max": 1.0,
        "nauc_recall_at_10_std": 0.18643,
        "nauc_recall_at_10_diff1": 0.956427,
        "nauc_recall_at_20_max": 1.0,
        "nauc_recall_at_20_std": 0.561391,
        "nauc_recall_at_20_diff1": 0.934641,
        "nauc_recall_at_100_max": NaN,
        "nauc_recall_at_100_std": NaN,
        "nauc_recall_at_100_diff1": NaN,
        "nauc_recall_at_1000_max": NaN,
        "nauc_recall_at_1000_std": NaN,
        "nauc_recall_at_1000_diff1": NaN,
        "nauc_precision_at_1_max": 0.505581,
        "nauc_precision_at_1_std": 0.088872,
        "nauc_precision_at_1_diff1": 0.949283,
        "nauc_precision_at_3_max": 0.781668,
        "nauc_precision_at_3_std": 0.141716,
        "nauc_precision_at_3_diff1": 0.985476,
        "nauc_precision_at_5_max": 1.0,
        "nauc_precision_at_5_std": 0.055369,
        "nauc_precision_at_5_diff1": 0.973856,
        "nauc_precision_at_10_max": 1.0,
        "nauc_precision_at_10_std": 0.18643,
        "nauc_precision_at_10_diff1": 0.956427,
        "nauc_precision_at_20_max": 1.0,
        "nauc_precision_at_20_std": 0.561391,
        "nauc_precision_at_20_diff1": 0.934641,
        "nauc_precision_at_100_max": 1.0,
        "nauc_precision_at_100_std": 1.0,
        "nauc_precision_at_100_diff1": 1.0,
        "nauc_precision_at_1000_max": 1.0,
        "nauc_precision_at_1000_std": 1.0,
        "nauc_precision_at_1000_diff1": 1.0,
        "nauc_mrr_at_1_max": 0.505581,
        "nauc_mrr_at_1_std": 0.088872,
        "nauc_mrr_at_1_diff1": 0.949283,
        "nauc_mrr_at_3_max": 0.588829,
        "nauc_mrr_at_3_std": 0.111356,
        "nauc_mrr_at_3_diff1": 0.954918,
        "nauc_mrr_at_5_max": 0.593112,
        "nauc_mrr_at_5_std": 0.098987,
        "nauc_mrr_at_5_diff1": 0.952317,
        "nauc_mrr_at_10_max": 0.584875,
        "nauc_mrr_at_10_std": 0.105423,
        "nauc_mrr_at_10_diff1": 0.951352,
        "nauc_mrr_at_20_max": 0.583057,
        "nauc_mrr_at_20_std": 0.108352,
        "nauc_mrr_at_20_diff1": 0.951139,
        "nauc_mrr_at_100_max": 0.58168,
        "nauc_mrr_at_100_std": 0.106783,
        "nauc_mrr_at_100_diff1": 0.951183,
        "nauc_mrr_at_1000_max": 0.58168,
        "nauc_mrr_at_1000_std": 0.106783,
        "nauc_mrr_at_1000_diff1": 0.951183,
        "main_score": 0.97548,
        "hf_subset": "default",
        "languages": [
          "eng-Latn"
        ]
      }
    ]
  },
  "evaluation_time": 308.00051498413086,
  "kg_co2_emissions": null
}