{
  "dataset_revision": "c64c3baac6bfd5f934d2df6e5d42dcb7d87c8ba8",
  "task_name": "australian-tax-guidance-retrieval",
  "mteb_version": "1.38.49",
  "scores": {
    "test": [
      {
        "ndcg_at_1": 0.58036,
        "ndcg_at_3": 0.67783,
        "ndcg_at_5": 0.71934,
        "ndcg_at_10": 0.73742,
        "ndcg_at_20": 0.74653,
        "ndcg_at_100": 0.75659,
        "ndcg_at_1000": 0.75659,
        "map_at_1": 0.58036,
        "map_at_3": 0.6503,
        "map_at_5": 0.67396,
        "map_at_10": 0.68187,
        "map_at_20": 0.68441,
        "map_at_100": 0.68583,
        "map_at_1000": 0.68583,
        "recall_at_1": 0.58036,
        "recall_at_3": 0.75893,
        "recall_at_5": 0.85714,
        "recall_at_10": 0.91071,
        "recall_at_20": 0.94643,
        "recall_at_100": 1.0,
        "recall_at_1000": 1.0,
        "precision_at_1": 0.58036,
        "precision_at_3": 0.25298,
        "precision_at_5": 0.17143,
        "precision_at_10": 0.09107,
        "precision_at_20": 0.04732,
        "precision_at_100": 0.01,
        "precision_at_1000": 0.001,
        "mrr_at_1": 0.580357,
        "mrr_at_3": 0.650298,
        "mrr_at_5": 0.673958,
        "mrr_at_10": 0.681866,
        "mrr_at_20": 0.684409,
        "mrr_at_100": 0.685827,
        "mrr_at_1000": 0.685827,
        "nauc_ndcg_at_1_max": 0.391248,
        "nauc_ndcg_at_1_std": 0.039824,
        "nauc_ndcg_at_1_diff1": 0.542527,
        "nauc_ndcg_at_3_max": 0.375284,
        "nauc_ndcg_at_3_std": 0.094731,
        "nauc_ndcg_at_3_diff1": 0.495835,
        "nauc_ndcg_at_5_max": 0.351054,
        "nauc_ndcg_at_5_std": 0.027005,
        "nauc_ndcg_at_5_diff1": 0.527667,
        "nauc_ndcg_at_10_max": 0.392636,
        "nauc_ndcg_at_10_std": 0.077542,
        "nauc_ndcg_at_10_diff1": 0.524968,
        "nauc_ndcg_at_20_max": 0.407242,
        "nauc_ndcg_at_20_std": 0.097499,
        "nauc_ndcg_at_20_diff1": 0.53591,
        "nauc_ndcg_at_100_max": 0.391902,
        "nauc_ndcg_at_100_std": 0.077159,
        "nauc_ndcg_at_100_diff1": 0.527434,
        "nauc_ndcg_at_1000_max": 0.391902,
        "nauc_ndcg_at_1000_std": 0.077159,
        "nauc_ndcg_at_1000_diff1": 0.527434,
        "nauc_map_at_1_max": 0.391248,
        "nauc_map_at_1_std": 0.039824,
        "nauc_map_at_1_diff1": 0.542527,
        "nauc_map_at_3_max": 0.384387,
        "nauc_map_at_3_std": 0.08007,
        "nauc_map_at_3_diff1": 0.511553,
        "nauc_map_at_5_max": 0.372228,
        "nauc_map_at_5_std": 0.04451,
        "nauc_map_at_5_diff1": 0.528671,
        "nauc_map_at_10_max": 0.389306,
        "nauc_map_at_10_std": 0.065473,
        "nauc_map_at_10_diff1": 0.526788,
        "nauc_map_at_20_max": 0.391807,
        "nauc_map_at_20_std": 0.070353,
        "nauc_map_at_20_diff1": 0.529134,
        "nauc_map_at_100_max": 0.390237,
        "nauc_map_at_100_std": 0.068822,
        "nauc_map_at_100_diff1": 0.528012,
        "nauc_map_at_1000_max": 0.390237,
        "nauc_map_at_1000_std": 0.068822,
        "nauc_map_at_1000_diff1": 0.528012,
        "nauc_recall_at_1_max": 0.391248,
        "nauc_recall_at_1_std": 0.039824,
        "nauc_recall_at_1_diff1": 0.542527,
        "nauc_recall_at_3_max": 0.338517,
        "nauc_recall_at_3_std": 0.14961,
        "nauc_recall_at_3_diff1": 0.435189,
        "nauc_recall_at_5_max": 0.225531,
        "nauc_recall_at_5_std": -0.085971,
        "nauc_recall_at_5_diff1": 0.52771,
        "nauc_recall_at_10_max": 0.438334,
        "nauc_recall_at_10_std": 0.186973,
        "nauc_recall_at_10_diff1": 0.521918,
        "nauc_recall_at_20_max": 0.71796,
        "nauc_recall_at_20_std": 0.545573,
        "nauc_recall_at_20_diff1": 0.690874,
        "nauc_recall_at_100_max": NaN,
        "nauc_recall_at_100_std": NaN,
        "nauc_recall_at_100_diff1": NaN,
        "nauc_recall_at_1000_max": NaN,
        "nauc_recall_at_1000_std": NaN,
        "nauc_recall_at_1000_diff1": NaN,
        "nauc_precision_at_1_max": 0.391248,
        "nauc_precision_at_1_std": 0.039824,
        "nauc_precision_at_1_diff1": 0.542527,
        "nauc_precision_at_3_max": 0.338517,
        "nauc_precision_at_3_std": 0.14961,
        "nauc_precision_at_3_diff1": 0.435189,
        "nauc_precision_at_5_max": 0.225531,
        "nauc_precision_at_5_std": -0.085971,
        "nauc_precision_at_5_diff1": 0.52771,
        "nauc_precision_at_10_max": 0.438334,
        "nauc_precision_at_10_std": 0.186973,
        "nauc_precision_at_10_diff1": 0.521918,
        "nauc_precision_at_20_max": 0.71796,
        "nauc_precision_at_20_std": 0.545573,
        "nauc_precision_at_20_diff1": 0.690874,
        "nauc_precision_at_100_max": NaN,
        "nauc_precision_at_100_std": NaN,
        "nauc_precision_at_100_diff1": NaN,
        "nauc_precision_at_1000_max": 1.0,
        "nauc_precision_at_1000_std": 1.0,
        "nauc_precision_at_1000_diff1": 1.0,
        "nauc_mrr_at_1_max": 0.391248,
        "nauc_mrr_at_1_std": 0.039824,
        "nauc_mrr_at_1_diff1": 0.542527,
        "nauc_mrr_at_3_max": 0.384387,
        "nauc_mrr_at_3_std": 0.08007,
        "nauc_mrr_at_3_diff1": 0.511553,
        "nauc_mrr_at_5_max": 0.372228,
        "nauc_mrr_at_5_std": 0.04451,
        "nauc_mrr_at_5_diff1": 0.528671,
        "nauc_mrr_at_10_max": 0.389306,
        "nauc_mrr_at_10_std": 0.065473,
        "nauc_mrr_at_10_diff1": 0.526788,
        "nauc_mrr_at_20_max": 0.391807,
        "nauc_mrr_at_20_std": 0.070353,
        "nauc_mrr_at_20_diff1": 0.529134,
        "nauc_mrr_at_100_max": 0.390237,
        "nauc_mrr_at_100_std": 0.068822,
        "nauc_mrr_at_100_diff1": 0.528012,
        "nauc_mrr_at_1000_max": 0.390237,
        "nauc_mrr_at_1000_std": 0.068822,
        "nauc_mrr_at_1000_diff1": 0.528012,
        "main_score": 0.73742,
        "hf_subset": "default",
        "languages": [
          "eng-Latn"
        ]
      }
    ]
  },
  "evaluation_time": 7.180877208709717,
  "kg_co2_emissions": null
}