{
  "dataset_revision": "2095f248902963b4480ac96b774ba64b2104cbee",
  "task_name": "consumer-contracts-qa",
  "mteb_version": "1.38.49",
  "scores": {
    "test": [
      {
        "ndcg_at_1": 0.68687,
        "ndcg_at_3": 0.77772,
        "ndcg_at_5": 0.7925,
        "ndcg_at_10": 0.8142,
        "ndcg_at_20": 0.82201,
        "ndcg_at_100": 0.82717,
        "ndcg_at_1000": 0.82717,
        "map_at_1": 0.68687,
        "map_at_3": 0.75505,
        "map_at_5": 0.76338,
        "map_at_10": 0.77263,
        "map_at_20": 0.77484,
        "map_at_100": 0.77573,
        "map_at_1000": 0.77573,
        "recall_at_1": 0.68687,
        "recall_at_3": 0.84343,
        "recall_at_5": 0.87879,
        "recall_at_10": 0.94444,
        "recall_at_20": 0.97475,
        "recall_at_100": 1.0,
        "recall_at_1000": 1.0,
        "precision_at_1": 0.68687,
        "precision_at_3": 0.28114,
        "precision_at_5": 0.17576,
        "precision_at_10": 0.09444,
        "precision_at_20": 0.04874,
        "precision_at_100": 0.01,
        "precision_at_1000": 0.001,
        "mrr_at_1": 0.686869,
        "mrr_at_3": 0.755051,
        "mrr_at_5": 0.763384,
        "mrr_at_10": 0.772627,
        "mrr_at_20": 0.774842,
        "mrr_at_100": 0.775726,
        "mrr_at_1000": 0.775726,
        "nauc_ndcg_at_1_max": 0.420721,
        "nauc_ndcg_at_1_std": 0.034495,
        "nauc_ndcg_at_1_diff1": 0.595825,
        "nauc_ndcg_at_3_max": 0.451587,
        "nauc_ndcg_at_3_std": 0.090309,
        "nauc_ndcg_at_3_diff1": 0.567271,
        "nauc_ndcg_at_5_max": 0.483342,
        "nauc_ndcg_at_5_std": 0.128952,
        "nauc_ndcg_at_5_diff1": 0.562145,
        "nauc_ndcg_at_10_max": 0.460053,
        "nauc_ndcg_at_10_std": 0.113577,
        "nauc_ndcg_at_10_diff1": 0.577384,
        "nauc_ndcg_at_20_max": 0.455343,
        "nauc_ndcg_at_20_std": 0.092401,
        "nauc_ndcg_at_20_diff1": 0.584665,
        "nauc_ndcg_at_100_max": 0.447935,
        "nauc_ndcg_at_100_std": 0.091185,
        "nauc_ndcg_at_100_diff1": 0.579548,
        "nauc_ndcg_at_1000_max": 0.447935,
        "nauc_ndcg_at_1000_std": 0.091185,
        "nauc_ndcg_at_1000_diff1": 0.579548,
        "nauc_map_at_1_max": 0.420721,
        "nauc_map_at_1_std": 0.034495,
        "nauc_map_at_1_diff1": 0.595825,
        "nauc_map_at_3_max": 0.440162,
        "nauc_map_at_3_std": 0.076036,
        "nauc_map_at_3_diff1": 0.576107,
        "nauc_map_at_5_max": 0.454912,
        "nauc_map_at_5_std": 0.094421,
        "nauc_map_at_5_diff1": 0.574099,
        "nauc_map_at_10_max": 0.445416,
        "nauc_map_at_10_std": 0.089485,
        "nauc_map_at_10_diff1": 0.579769,
        "nauc_map_at_20_max": 0.444118,
        "nauc_map_at_20_std": 0.084347,
        "nauc_map_at_20_diff1": 0.581491,
        "nauc_map_at_100_max": 0.443037,
        "nauc_map_at_100_std": 0.083986,
        "nauc_map_at_100_diff1": 0.580778,
        "nauc_map_at_1000_max": 0.443037,
        "nauc_map_at_1000_std": 0.083986,
        "nauc_map_at_1000_diff1": 0.580778,
        "nauc_recall_at_1_max": 0.420721,
        "nauc_recall_at_1_std": 0.034495,
        "nauc_recall_at_1_diff1": 0.595825,
        "nauc_recall_at_3_max": 0.500703,
        "nauc_recall_at_3_std": 0.148598,
        "nauc_recall_at_3_diff1": 0.530118,
        "nauc_recall_at_5_max": 0.638628,
        "nauc_recall_at_5_std": 0.312792,
        "nauc_recall_at_5_diff1": 0.499328,
        "nauc_recall_at_10_max": 0.605477,
        "nauc_recall_at_10_std": 0.344977,
        "nauc_recall_at_10_diff1": 0.569786,
        "nauc_recall_at_20_max": 0.670116,
        "nauc_recall_at_20_std": 0.114245,
        "nauc_recall_at_20_diff1": 0.734182,
        "nauc_recall_at_100_max": NaN,
        "nauc_recall_at_100_std": NaN,
        "nauc_recall_at_100_diff1": NaN,
        "nauc_recall_at_1000_max": NaN,
        "nauc_recall_at_1000_std": NaN,
        "nauc_recall_at_1000_diff1": NaN,
        "nauc_precision_at_1_max": 0.420721,
        "nauc_precision_at_1_std": 0.034495,
        "nauc_precision_at_1_diff1": 0.595825,
        "nauc_precision_at_3_max": 0.500703,
        "nauc_precision_at_3_std": 0.148598,
        "nauc_precision_at_3_diff1": 0.530118,
        "nauc_precision_at_5_max": 0.638628,
        "nauc_precision_at_5_std": 0.312792,
        "nauc_precision_at_5_diff1": 0.499328,
        "nauc_precision_at_10_max": 0.605477,
        "nauc_precision_at_10_std": 0.344977,
        "nauc_precision_at_10_diff1": 0.569786,
        "nauc_precision_at_20_max": 0.670116,
        "nauc_precision_at_20_std": 0.114245,
        "nauc_precision_at_20_diff1": 0.734182,
        "nauc_precision_at_100_max": 1.0,
        "nauc_precision_at_100_std": 1.0,
        "nauc_precision_at_100_diff1": 1.0,
        "nauc_precision_at_1000_max": 1.0,
        "nauc_precision_at_1000_std": 1.0,
        "nauc_precision_at_1000_diff1": 1.0,
        "nauc_mrr_at_1_max": 0.420721,
        "nauc_mrr_at_1_std": 0.034495,
        "nauc_mrr_at_1_diff1": 0.595825,
        "nauc_mrr_at_3_max": 0.440162,
        "nauc_mrr_at_3_std": 0.076036,
        "nauc_mrr_at_3_diff1": 0.576107,
        "nauc_mrr_at_5_max": 0.454912,
        "nauc_mrr_at_5_std": 0.094421,
        "nauc_mrr_at_5_diff1": 0.574099,
        "nauc_mrr_at_10_max": 0.445416,
        "nauc_mrr_at_10_std": 0.089485,
        "nauc_mrr_at_10_diff1": 0.579769,
        "nauc_mrr_at_20_max": 0.444118,
        "nauc_mrr_at_20_std": 0.084347,
        "nauc_mrr_at_20_diff1": 0.581491,
        "nauc_mrr_at_100_max": 0.443037,
        "nauc_mrr_at_100_std": 0.083986,
        "nauc_mrr_at_100_diff1": 0.580778,
        "nauc_mrr_at_1000_max": 0.443037,
        "nauc_mrr_at_1000_std": 0.083986,
        "nauc_mrr_at_1000_diff1": 0.580778,
        "main_score": 0.8142,
        "hf_subset": "default",
        "languages": [
          "eng-Latn"
        ]
      }
    ]
  },
  "evaluation_time": 5.400963544845581,
  "kg_co2_emissions": null
}