{
  "dataset_revision": "48ed7bcb1f50896a0f71461a04b2df0ca84329d9",
  "task_name": "contractual-clause-retrieval",
  "mteb_version": "1.38.49",
  "scores": {
    "test": [
      {
        "ndcg_at_1": 0.57778,
        "ndcg_at_3": 0.57892,
        "ndcg_at_5": 0.63581,
        "ndcg_at_10": 0.65885,
        "ndcg_at_20": 0.70014,
        "ndcg_at_100": 0.72475,
        "ndcg_at_1000": 0.72475,
        "map_at_1": 0.28889,
        "map_at_3": 0.53704,
        "map_at_5": 0.57648,
        "map_at_10": 0.5914,
        "map_at_20": 0.60587,
        "map_at_100": 0.61176,
        "map_at_1000": 0.61176,
        "recall_at_1": 0.28889,
        "recall_at_3": 0.6,
        "recall_at_5": 0.71111,
        "recall_at_10": 0.76667,
        "recall_at_20": 0.9,
        "recall_at_100": 1.0,
        "recall_at_1000": 1.0,
        "precision_at_1": 0.57778,
        "precision_at_3": 0.4,
        "precision_at_5": 0.28444,
        "precision_at_10": 0.15333,
        "precision_at_20": 0.09,
        "precision_at_100": 0.02,
        "precision_at_1000": 0.002,
        "mrr_at_1": 0.577778,
        "mrr_at_3": 0.637037,
        "mrr_at_5": 0.662593,
        "mrr_at_10": 0.665767,
        "mrr_at_20": 0.673576,
        "mrr_at_100": 0.675225,
        "mrr_at_1000": 0.675225,
        "nauc_ndcg_at_1_max": 0.446613,
        "nauc_ndcg_at_1_std": -0.113903,
        "nauc_ndcg_at_1_diff1": 0.854163,
        "nauc_ndcg_at_3_max": 0.468124,
        "nauc_ndcg_at_3_std": 0.009032,
        "nauc_ndcg_at_3_diff1": 0.609446,
        "nauc_ndcg_at_5_max": 0.440066,
        "nauc_ndcg_at_5_std": -0.028913,
        "nauc_ndcg_at_5_diff1": 0.622434,
        "nauc_ndcg_at_10_max": 0.415344,
        "nauc_ndcg_at_10_std": -0.047646,
        "nauc_ndcg_at_10_diff1": 0.61365,
        "nauc_ndcg_at_20_max": 0.405886,
        "nauc_ndcg_at_20_std": -0.063547,
        "nauc_ndcg_at_20_diff1": 0.613206,
        "nauc_ndcg_at_100_max": 0.435785,
        "nauc_ndcg_at_100_std": -0.046812,
        "nauc_ndcg_at_100_diff1": 0.641434,
        "nauc_ndcg_at_1000_max": 0.435785,
        "nauc_ndcg_at_1000_std": -0.046812,
        "nauc_ndcg_at_1000_diff1": 0.641434,
        "nauc_map_at_1_max": 0.446613,
        "nauc_map_at_1_std": -0.113903,
        "nauc_map_at_1_diff1": 0.854163,
        "nauc_map_at_3_max": 0.45632,
        "nauc_map_at_3_std": 0.012179,
        "nauc_map_at_3_diff1": 0.555699,
        "nauc_map_at_5_max": 0.442032,
        "nauc_map_at_5_std": -0.003863,
        "nauc_map_at_5_diff1": 0.576949,
        "nauc_map_at_10_max": 0.4287,
        "nauc_map_at_10_std": -0.013756,
        "nauc_map_at_10_diff1": 0.572645,
        "nauc_map_at_20_max": 0.426504,
        "nauc_map_at_20_std": -0.020117,
        "nauc_map_at_20_diff1": 0.570988,
        "nauc_map_at_100_max": 0.433572,
        "nauc_map_at_100_std": -0.017423,
        "nauc_map_at_100_diff1": 0.577537,
        "nauc_map_at_1000_max": 0.433572,
        "nauc_map_at_1000_std": -0.017423,
        "nauc_map_at_1000_diff1": 0.577537,
        "nauc_recall_at_1_max": 0.446613,
        "nauc_recall_at_1_std": -0.113903,
        "nauc_recall_at_1_diff1": 0.854163,
        "nauc_recall_at_3_max": 0.459474,
        "nauc_recall_at_3_std": 0.057144,
        "nauc_recall_at_3_diff1": 0.520231,
        "nauc_recall_at_5_max": 0.407307,
        "nauc_recall_at_5_std": -0.010933,
        "nauc_recall_at_5_diff1": 0.540917,
        "nauc_recall_at_10_max": 0.325064,
        "nauc_recall_at_10_std": -0.060734,
        "nauc_recall_at_10_diff1": 0.492198,
        "nauc_recall_at_20_max": 0.147341,
        "nauc_recall_at_20_std": -0.193398,
        "nauc_recall_at_20_diff1": 0.345309,
        "nauc_recall_at_100_max": NaN,
        "nauc_recall_at_100_std": NaN,
        "nauc_recall_at_100_diff1": NaN,
        "nauc_recall_at_1000_max": NaN,
        "nauc_recall_at_1000_std": NaN,
        "nauc_recall_at_1000_diff1": NaN,
        "nauc_precision_at_1_max": 0.446613,
        "nauc_precision_at_1_std": -0.113903,
        "nauc_precision_at_1_diff1": 0.854163,
        "nauc_precision_at_3_max": 0.459474,
        "nauc_precision_at_3_std": 0.057144,
        "nauc_precision_at_3_diff1": 0.520231,
        "nauc_precision_at_5_max": 0.407307,
        "nauc_precision_at_5_std": -0.010933,
        "nauc_precision_at_5_diff1": 0.540917,
        "nauc_precision_at_10_max": 0.325064,
        "nauc_precision_at_10_std": -0.060734,
        "nauc_precision_at_10_diff1": 0.492198,
        "nauc_precision_at_20_max": 0.147341,
        "nauc_precision_at_20_std": -0.193398,
        "nauc_precision_at_20_diff1": 0.345309,
        "nauc_precision_at_100_max": 1.0,
        "nauc_precision_at_100_std": 1.0,
        "nauc_precision_at_100_diff1": 1.0,
        "nauc_precision_at_1000_max": NaN,
        "nauc_precision_at_1000_std": NaN,
        "nauc_precision_at_1000_diff1": NaN,
        "nauc_mrr_at_1_max": 0.446613,
        "nauc_mrr_at_1_std": -0.113903,
        "nauc_mrr_at_1_diff1": 0.854163,
        "nauc_mrr_at_3_max": 0.47909,
        "nauc_mrr_at_3_std": -0.06646,
        "nauc_mrr_at_3_diff1": 0.821561,
        "nauc_mrr_at_5_max": 0.453739,
        "nauc_mrr_at_5_std": -0.108985,
        "nauc_mrr_at_5_diff1": 0.80292,
        "nauc_mrr_at_10_max": 0.448133,
        "nauc_mrr_at_10_std": -0.11431,
        "nauc_mrr_at_10_diff1": 0.800897,
        "nauc_mrr_at_20_max": 0.448331,
        "nauc_mrr_at_20_std": -0.112173,
        "nauc_mrr_at_20_diff1": 0.80647,
        "nauc_mrr_at_100_max": 0.451329,
        "nauc_mrr_at_100_std": -0.109017,
        "nauc_mrr_at_100_diff1": 0.80811,
        "nauc_mrr_at_1000_max": 0.451329,
        "nauc_mrr_at_1000_std": -0.109017,
        "nauc_mrr_at_1000_diff1": 0.80811,
        "main_score": 0.65885,
        "hf_subset": "default",
        "languages": [
          "eng-Latn"
        ]
      }
    ]
  },
  "evaluation_time": 2.683804988861084,
  "kg_co2_emissions": null
}