{
  "dataset_revision": "8d41f3d22bb73685b6f42b62ad95940ea3dfbf84",
  "task_name": "gdpr-holdings-retrieval",
  "mteb_version": "1.38.49",
  "scores": {
    "test": [
      {
        "ndcg_at_1": 0.76,
        "ndcg_at_3": 0.82726,
        "ndcg_at_5": 0.84714,
        "ndcg_at_10": 0.85567,
        "ndcg_at_20": 0.86068,
        "ndcg_at_100": 0.86412,
        "ndcg_at_1000": 0.86615,
        "map_at_1": 0.76,
        "map_at_3": 0.81167,
        "map_at_5": 0.82277,
        "map_at_10": 0.82635,
        "map_at_20": 0.8277,
        "map_at_100": 0.82821,
        "map_at_1000": 0.82829,
        "recall_at_1": 0.76,
        "recall_at_3": 0.872,
        "recall_at_5": 0.92,
        "recall_at_10": 0.946,
        "recall_at_20": 0.966,
        "recall_at_100": 0.984,
        "recall_at_1000": 1.0,
        "precision_at_1": 0.76,
        "precision_at_3": 0.29067,
        "precision_at_5": 0.184,
        "precision_at_10": 0.0946,
        "precision_at_20": 0.0483,
        "precision_at_100": 0.00984,
        "precision_at_1000": 0.001,
        "mrr_at_1": 0.76,
        "mrr_at_3": 0.811667,
        "mrr_at_5": 0.822767,
        "mrr_at_10": 0.826348,
        "mrr_at_20": 0.827704,
        "mrr_at_100": 0.828213,
        "mrr_at_1000": 0.828286,
        "nauc_ndcg_at_1_max": 0.460794,
        "nauc_ndcg_at_1_std": -0.108216,
        "nauc_ndcg_at_1_diff1": 0.863632,
        "nauc_ndcg_at_3_max": 0.513462,
        "nauc_ndcg_at_3_std": -0.045333,
        "nauc_ndcg_at_3_diff1": 0.841005,
        "nauc_ndcg_at_5_max": 0.493751,
        "nauc_ndcg_at_5_std": -0.038011,
        "nauc_ndcg_at_5_diff1": 0.840757,
        "nauc_ndcg_at_10_max": 0.487021,
        "nauc_ndcg_at_10_std": -0.036078,
        "nauc_ndcg_at_10_diff1": 0.836462,
        "nauc_ndcg_at_20_max": 0.503527,
        "nauc_ndcg_at_20_std": -0.019471,
        "nauc_ndcg_at_20_diff1": 0.838772,
        "nauc_ndcg_at_100_max": 0.50032,
        "nauc_ndcg_at_100_std": -0.029678,
        "nauc_ndcg_at_100_diff1": 0.842077,
        "nauc_ndcg_at_1000_max": 0.495251,
        "nauc_ndcg_at_1000_std": -0.043684,
        "nauc_ndcg_at_1000_diff1": 0.843982,
        "nauc_map_at_1_max": 0.460794,
        "nauc_map_at_1_std": -0.108216,
        "nauc_map_at_1_diff1": 0.863632,
        "nauc_map_at_3_max": 0.499931,
        "nauc_map_at_3_std": -0.062883,
        "nauc_map_at_3_diff1": 0.847501,
        "nauc_map_at_5_max": 0.489439,
        "nauc_map_at_5_std": -0.059832,
        "nauc_map_at_5_diff1": 0.847528,
        "nauc_map_at_10_max": 0.487098,
        "nauc_map_at_10_std": -0.058954,
        "nauc_map_at_10_diff1": 0.846085,
        "nauc_map_at_20_max": 0.490741,
        "nauc_map_at_20_std": -0.055781,
        "nauc_map_at_20_diff1": 0.846863,
        "nauc_map_at_100_max": 0.490226,
        "nauc_map_at_100_std": -0.057702,
        "nauc_map_at_100_diff1": 0.847331,
        "nauc_map_at_1000_max": 0.490088,
        "nauc_map_at_1000_std": -0.058117,
        "nauc_map_at_1000_diff1": 0.847402,
        "nauc_recall_at_1_max": 0.460794,
        "nauc_recall_at_1_std": -0.108216,
        "nauc_recall_at_1_diff1": 0.863632,
        "nauc_recall_at_3_max": 0.566765,
        "nauc_recall_at_3_std": 0.024736,
        "nauc_recall_at_3_diff1": 0.814956,
        "nauc_recall_at_5_max": 0.511835,
        "nauc_recall_at_5_std": 0.090219,
        "nauc_recall_at_5_diff1": 0.801622,
        "nauc_recall_at_10_max": 0.467735,
        "nauc_recall_at_10_std": 0.156015,
        "nauc_recall_at_10_diff1": 0.751496,
        "nauc_recall_at_20_max": 0.705663,
        "nauc_recall_at_20_std": 0.529659,
        "nauc_recall_at_20_diff1": 0.729966,
        "nauc_recall_at_100_max": 0.812967,
        "nauc_recall_at_100_std": 0.817635,
        "nauc_recall_at_100_diff1": 0.735119,
        "nauc_recall_at_1000_max": NaN,
        "nauc_recall_at_1000_std": NaN,
        "nauc_recall_at_1000_diff1": NaN,
        "nauc_precision_at_1_max": 0.460794,
        "nauc_precision_at_1_std": -0.108216,
        "nauc_precision_at_1_diff1": 0.863632,
        "nauc_precision_at_3_max": 0.566765,
        "nauc_precision_at_3_std": 0.024736,
        "nauc_precision_at_3_diff1": 0.814956,
        "nauc_precision_at_5_max": 0.511835,
        "nauc_precision_at_5_std": 0.090219,
        "nauc_precision_at_5_diff1": 0.801622,
        "nauc_precision_at_10_max": 0.467735,
        "nauc_precision_at_10_std": 0.156015,
        "nauc_precision_at_10_diff1": 0.751496,
        "nauc_precision_at_20_max": 0.705663,
        "nauc_precision_at_20_std": 0.529659,
        "nauc_precision_at_20_diff1": 0.729966,
        "nauc_precision_at_100_max": 0.812967,
        "nauc_precision_at_100_std": 0.817635,
        "nauc_precision_at_100_diff1": 0.735119,
        "nauc_precision_at_1000_max": 1.0,
        "nauc_precision_at_1000_std": 1.0,
        "nauc_precision_at_1000_diff1": 1.0,
        "nauc_mrr_at_1_max": 0.460794,
        "nauc_mrr_at_1_std": -0.108216,
        "nauc_mrr_at_1_diff1": 0.863632,
        "nauc_mrr_at_3_max": 0.499931,
        "nauc_mrr_at_3_std": -0.062883,
        "nauc_mrr_at_3_diff1": 0.847501,
        "nauc_mrr_at_5_max": 0.489439,
        "nauc_mrr_at_5_std": -0.059832,
        "nauc_mrr_at_5_diff1": 0.847528,
        "nauc_mrr_at_10_max": 0.487098,
        "nauc_mrr_at_10_std": -0.058954,
        "nauc_mrr_at_10_diff1": 0.846085,
        "nauc_mrr_at_20_max": 0.490741,
        "nauc_mrr_at_20_std": -0.055781,
        "nauc_mrr_at_20_diff1": 0.846863,
        "nauc_mrr_at_100_max": 0.490226,
        "nauc_mrr_at_100_std": -0.057702,
        "nauc_mrr_at_100_diff1": 0.847331,
        "nauc_mrr_at_1000_max": 0.490088,
        "nauc_mrr_at_1000_std": -0.058117,
        "nauc_mrr_at_1000_diff1": 0.847402,
        "main_score": 0.85567,
        "hf_subset": "default",
        "languages": [
          "eng-Latn"
        ]
      }
    ]
  },
  "evaluation_time": 19.779075384140015,
  "kg_co2_emissions": null
}