{
  "dataset_revision": "66d23b0ce609450ce24d0fc85e9bac69aba90b84",
  "task_name": "housing-qa",
  "mteb_version": "1.38.49",
  "scores": {
    "test": [
      {
        "ndcg_at_1": 0.11215,
        "ndcg_at_3": 0.17151,
        "ndcg_at_5": 0.16888,
        "ndcg_at_10": 0.19599,
        "ndcg_at_20": 0.23508,
        "ndcg_at_100": 0.34809,
        "ndcg_at_1000": 0.40433,
        "map_at_1": 0.04009,
        "map_at_3": 0.10074,
        "map_at_5": 0.11008,
        "map_at_10": 0.12586,
        "map_at_20": 0.13928,
        "map_at_100": 0.16417,
        "map_at_1000": 0.17136,
        "recall_at_1": 0.04009,
        "recall_at_3": 0.15981,
        "recall_at_5": 0.18299,
        "recall_at_10": 0.26999,
        "recall_at_20": 0.36558,
        "recall_at_100": 0.75764,
        "recall_at_1000": 1.0,
        "precision_at_1": 0.11215,
        "precision_at_3": 0.1433,
        "precision_at_5": 0.10841,
        "precision_at_10": 0.08785,
        "precision_at_20": 0.06822,
        "precision_at_100": 0.0328,
        "precision_at_1000": 0.00467,
        "mrr_at_1": 0.11215,
        "mrr_at_3": 0.202492,
        "mrr_at_5": 0.215576,
        "mrr_at_10": 0.239549,
        "mrr_at_20": 0.252284,
        "mrr_at_100": 0.258091,
        "mrr_at_1000": 0.258296,
        "nauc_ndcg_at_1_max": 0.134861,
        "nauc_ndcg_at_1_std": 0.161917,
        "nauc_ndcg_at_1_diff1": 0.11828,
        "nauc_ndcg_at_3_max": 0.046536,
        "nauc_ndcg_at_3_std": 0.092367,
        "nauc_ndcg_at_3_diff1": 0.033359,
        "nauc_ndcg_at_5_max": 0.012994,
        "nauc_ndcg_at_5_std": 0.054437,
        "nauc_ndcg_at_5_diff1": -0.003613,
        "nauc_ndcg_at_10_max": 0.001049,
        "nauc_ndcg_at_10_std": 0.029314,
        "nauc_ndcg_at_10_diff1": 0.019598,
        "nauc_ndcg_at_20_max": 0.049928,
        "nauc_ndcg_at_20_std": 0.039606,
        "nauc_ndcg_at_20_diff1": 0.051292,
        "nauc_ndcg_at_100_max": 0.097132,
        "nauc_ndcg_at_100_std": 0.08193,
        "nauc_ndcg_at_100_diff1": 0.095586,
        "nauc_ndcg_at_1000_max": 0.104212,
        "nauc_ndcg_at_1000_std": 0.183203,
        "nauc_ndcg_at_1000_diff1": 0.025638,
        "nauc_map_at_1_max": 0.147369,
        "nauc_map_at_1_std": 0.274648,
        "nauc_map_at_1_diff1": 0.094182,
        "nauc_map_at_3_max": 0.0164,
        "nauc_map_at_3_std": 0.060296,
        "nauc_map_at_3_diff1": 0.02132,
        "nauc_map_at_5_max": -0.003014,
        "nauc_map_at_5_std": 0.035178,
        "nauc_map_at_5_diff1": 0.013461,
        "nauc_map_at_10_max": 0.007181,
        "nauc_map_at_10_std": 0.045108,
        "nauc_map_at_10_diff1": 0.027415,
        "nauc_map_at_20_max": 0.023697,
        "nauc_map_at_20_std": 0.047669,
        "nauc_map_at_20_diff1": 0.03766,
        "nauc_map_at_100_max": 0.046907,
        "nauc_map_at_100_std": 0.064942,
        "nauc_map_at_100_diff1": 0.049706,
        "nauc_map_at_1000_max": 0.050412,
        "nauc_map_at_1000_std": 0.084398,
        "nauc_map_at_1000_diff1": 0.038773,
        "nauc_recall_at_1_max": 0.147369,
        "nauc_recall_at_1_std": 0.274648,
        "nauc_recall_at_1_diff1": 0.094182,
        "nauc_recall_at_3_max": -0.051143,
        "nauc_recall_at_3_std": -0.057684,
        "nauc_recall_at_3_diff1": -0.01569,
        "nauc_recall_at_5_max": -0.077134,
        "nauc_recall_at_5_std": -0.08637,
        "nauc_recall_at_5_diff1": -0.043972,
        "nauc_recall_at_10_max": -0.063065,
        "nauc_recall_at_10_std": -0.080877,
        "nauc_recall_at_10_diff1": 0.013782,
        "nauc_recall_at_20_max": 0.030775,
        "nauc_recall_at_20_std": -0.081596,
        "nauc_recall_at_20_diff1": 0.082203,
        "nauc_recall_at_100_max": 0.074677,
        "nauc_recall_at_100_std": -0.17844,
        "nauc_recall_at_100_diff1": 0.284603,
        "nauc_recall_at_1000_max": NaN,
        "nauc_recall_at_1000_std": NaN,
        "nauc_recall_at_1000_diff1": NaN,
        "nauc_precision_at_1_max": 0.134861,
        "nauc_precision_at_1_std": 0.161917,
        "nauc_precision_at_1_diff1": 0.11828,
        "nauc_precision_at_3_max": 0.064217,
        "nauc_precision_at_3_std": 0.122148,
        "nauc_precision_at_3_diff1": 0.061344,
        "nauc_precision_at_5_max": 0.048336,
        "nauc_precision_at_5_std": 0.122556,
        "nauc_precision_at_5_diff1": -0.002806,
        "nauc_precision_at_10_max": 0.083836,
        "nauc_precision_at_10_std": 0.156468,
        "nauc_precision_at_10_diff1": -0.007789,
        "nauc_precision_at_20_max": 0.181487,
        "nauc_precision_at_20_std": 0.238173,
        "nauc_precision_at_20_diff1": 0.014965,
        "nauc_precision_at_100_max": 0.178767,
        "nauc_precision_at_100_std": 0.306705,
        "nauc_precision_at_100_diff1": 0.008837,
        "nauc_precision_at_1000_max": 0.146331,
        "nauc_precision_at_1000_std": 0.440285,
        "nauc_precision_at_1000_diff1": -0.138416,
        "nauc_mrr_at_1_max": 0.134861,
        "nauc_mrr_at_1_std": 0.161917,
        "nauc_mrr_at_1_diff1": 0.11828,
        "nauc_mrr_at_3_max": 0.074493,
        "nauc_mrr_at_3_std": 0.084663,
        "nauc_mrr_at_3_diff1": 0.088797,
        "nauc_mrr_at_5_max": 0.080067,
        "nauc_mrr_at_5_std": 0.106193,
        "nauc_mrr_at_5_diff1": 0.057167,
        "nauc_mrr_at_10_max": 0.060891,
        "nauc_mrr_at_10_std": 0.110901,
        "nauc_mrr_at_10_diff1": 0.039402,
        "nauc_mrr_at_20_max": 0.082195,
        "nauc_mrr_at_20_std": 0.127837,
        "nauc_mrr_at_20_diff1": 0.05122,
        "nauc_mrr_at_100_max": 0.082905,
        "nauc_mrr_at_100_std": 0.123315,
        "nauc_mrr_at_100_diff1": 0.054956,
        "nauc_mrr_at_1000_max": 0.082402,
        "nauc_mrr_at_1000_std": 0.123041,
        "nauc_mrr_at_1000_diff1": 0.054738,
        "main_score": 0.19599,
        "hf_subset": "default",
        "languages": [
          "eng-Latn"
        ]
      }
    ]
  },
  "evaluation_time": 8.188620328903198,
  "kg_co2_emissions": null
}