{
  "dataset_revision": "bbf8b2d84b7de5970b2ba4ea843c791285fdb1df",
  "task_name": "irish-legislative-summaries",
  "mteb_version": "1.38.49",
  "scores": {
    "test": [
      {
        "ndcg_at_1": 0.734,
        "ndcg_at_3": 0.81526,
        "ndcg_at_5": 0.8286,
        "ndcg_at_10": 0.83885,
        "ndcg_at_20": 0.84522,
        "ndcg_at_100": 0.85042,
        "ndcg_at_1000": 0.85144,
        "map_at_1": 0.734,
        "map_at_3": 0.795,
        "map_at_5": 0.8025,
        "map_at_10": 0.80667,
        "map_at_20": 0.80831,
        "map_at_100": 0.80902,
        "map_at_1000": 0.80906,
        "recall_at_1": 0.734,
        "recall_at_3": 0.874,
        "recall_at_5": 0.906,
        "recall_at_10": 0.938,
        "recall_at_20": 0.964,
        "recall_at_100": 0.992,
        "recall_at_1000": 1.0,
        "precision_at_1": 0.734,
        "precision_at_3": 0.29133,
        "precision_at_5": 0.1812,
        "precision_at_10": 0.0938,
        "precision_at_20": 0.0482,
        "precision_at_100": 0.00992,
        "precision_at_1000": 0.001,
        "mrr_at_1": 0.734,
        "mrr_at_3": 0.795,
        "mrr_at_5": 0.8025,
        "mrr_at_10": 0.806671,
        "mrr_at_20": 0.808307,
        "mrr_at_100": 0.809023,
        "mrr_at_1000": 0.809061,
        "nauc_ndcg_at_1_max": 0.50561,
        "nauc_ndcg_at_1_std": -0.174045,
        "nauc_ndcg_at_1_diff1": 0.824785,
        "nauc_ndcg_at_3_max": 0.549308,
        "nauc_ndcg_at_3_std": -0.119584,
        "nauc_ndcg_at_3_diff1": 0.80962,
        "nauc_ndcg_at_5_max": 0.562092,
        "nauc_ndcg_at_5_std": -0.115136,
        "nauc_ndcg_at_5_diff1": 0.815103,
        "nauc_ndcg_at_10_max": 0.552476,
        "nauc_ndcg_at_10_std": -0.124942,
        "nauc_ndcg_at_10_diff1": 0.812019,
        "nauc_ndcg_at_20_max": 0.557954,
        "nauc_ndcg_at_20_std": -0.114242,
        "nauc_ndcg_at_20_diff1": 0.815066,
        "nauc_ndcg_at_100_max": 0.549924,
        "nauc_ndcg_at_100_std": -0.118935,
        "nauc_ndcg_at_100_diff1": 0.814765,
        "nauc_ndcg_at_1000_max": 0.546521,
        "nauc_ndcg_at_1000_std": -0.126828,
        "nauc_ndcg_at_1000_diff1": 0.81387,
        "nauc_map_at_1_max": 0.50561,
        "nauc_map_at_1_std": -0.174045,
        "nauc_map_at_1_diff1": 0.824785,
        "nauc_map_at_3_max": 0.53699,
        "nauc_map_at_3_std": -0.137637,
        "nauc_map_at_3_diff1": 0.812561,
        "nauc_map_at_5_max": 0.542578,
        "nauc_map_at_5_std": -0.136245,
        "nauc_map_at_5_diff1": 0.814953,
        "nauc_map_at_10_max": 0.538831,
        "nauc_map_at_10_std": -0.139537,
        "nauc_map_at_10_diff1": 0.813886,
        "nauc_map_at_20_max": 0.53963,
        "nauc_map_at_20_std": -0.137449,
        "nauc_map_at_20_diff1": 0.814373,
        "nauc_map_at_100_max": 0.538843,
        "nauc_map_at_100_std": -0.137793,
        "nauc_map_at_100_diff1": 0.814312,
        "nauc_map_at_1000_max": 0.538742,
        "nauc_map_at_1000_std": -0.138021,
        "nauc_map_at_1000_diff1": 0.814287,
        "nauc_recall_at_1_max": 0.50561,
        "nauc_recall_at_1_std": -0.174045,
        "nauc_recall_at_1_diff1": 0.824785,
        "nauc_recall_at_3_max": 0.602768,
        "nauc_recall_at_3_std": -0.039412,
        "nauc_recall_at_3_diff1": 0.797762,
        "nauc_recall_at_5_max": 0.672825,
        "nauc_recall_at_5_std": 0.004023,
        "nauc_recall_at_5_diff1": 0.819675,
        "nauc_recall_at_10_max": 0.658143,
        "nauc_recall_at_10_std": -0.01643,
        "nauc_recall_at_10_diff1": 0.799117,
        "nauc_recall_at_20_max": 0.830921,
        "nauc_recall_at_20_std": 0.234075,
        "nauc_recall_at_20_diff1": 0.84516,
        "nauc_recall_at_100_max": 1.0,
        "nauc_recall_at_100_std": 0.930556,
        "nauc_recall_at_100_diff1": 0.934641,
        "nauc_recall_at_1000_max": NaN,
        "nauc_recall_at_1000_std": NaN,
        "nauc_recall_at_1000_diff1": NaN,
        "nauc_precision_at_1_max": 0.50561,
        "nauc_precision_at_1_std": -0.174045,
        "nauc_precision_at_1_diff1": 0.824785,
        "nauc_precision_at_3_max": 0.602768,
        "nauc_precision_at_3_std": -0.039412,
        "nauc_precision_at_3_diff1": 0.797762,
        "nauc_precision_at_5_max": 0.672825,
        "nauc_precision_at_5_std": 0.004023,
        "nauc_precision_at_5_diff1": 0.819675,
        "nauc_precision_at_10_max": 0.658143,
        "nauc_precision_at_10_std": -0.01643,
        "nauc_precision_at_10_diff1": 0.799117,
        "nauc_precision_at_20_max": 0.830921,
        "nauc_precision_at_20_std": 0.234075,
        "nauc_precision_at_20_diff1": 0.84516,
        "nauc_precision_at_100_max": 1.0,
        "nauc_precision_at_100_std": 0.930556,
        "nauc_precision_at_100_diff1": 0.934641,
        "nauc_precision_at_1000_max": 1.0,
        "nauc_precision_at_1000_std": 1.0,
        "nauc_precision_at_1000_diff1": 1.0,
        "nauc_mrr_at_1_max": 0.50561,
        "nauc_mrr_at_1_std": -0.174045,
        "nauc_mrr_at_1_diff1": 0.824785,
        "nauc_mrr_at_3_max": 0.53699,
        "nauc_mrr_at_3_std": -0.137637,
        "nauc_mrr_at_3_diff1": 0.812561,
        "nauc_mrr_at_5_max": 0.542578,
        "nauc_mrr_at_5_std": -0.136245,
        "nauc_mrr_at_5_diff1": 0.814953,
        "nauc_mrr_at_10_max": 0.538831,
        "nauc_mrr_at_10_std": -0.139537,
        "nauc_mrr_at_10_diff1": 0.813886,
        "nauc_mrr_at_20_max": 0.53963,
        "nauc_mrr_at_20_std": -0.137449,
        "nauc_mrr_at_20_diff1": 0.814373,
        "nauc_mrr_at_100_max": 0.538843,
        "nauc_mrr_at_100_std": -0.137793,
        "nauc_mrr_at_100_diff1": 0.814312,
        "nauc_mrr_at_1000_max": 0.538742,
        "nauc_mrr_at_1000_std": -0.138021,
        "nauc_mrr_at_1000_diff1": 0.814287,
        "main_score": 0.83885,
        "hf_subset": "default",
        "languages": [
          "eng-Latn"
        ]
      }
    ]
  },
  "evaluation_time": 65.11789083480835,
  "kg_co2_emissions": null
}