{
  "dataset_revision": "ec00129f88e9476e582131dc3a5db9220dfefa48",
  "task_name": "license-tldr-retrieval",
  "mteb_version": "1.38.49",
  "scores": {
    "test": [
      {
        "ndcg_at_1": 0.41538,
        "ndcg_at_3": 0.5315,
        "ndcg_at_5": 0.58248,
        "ndcg_at_10": 0.60114,
        "ndcg_at_20": 0.60868,
        "ndcg_at_100": 0.64072,
        "ndcg_at_1000": 0.64072,
        "map_at_1": 0.41538,
        "map_at_3": 0.50256,
        "map_at_5": 0.53103,
        "map_at_10": 0.53801,
        "map_at_20": 0.53996,
        "map_at_100": 0.54452,
        "map_at_1000": 0.54452,
        "recall_at_1": 0.41538,
        "recall_at_3": 0.61538,
        "recall_at_5": 0.73846,
        "recall_at_10": 0.8,
        "recall_at_20": 0.83077,
        "recall_at_100": 1.0,
        "recall_at_1000": 1.0,
        "precision_at_1": 0.41538,
        "precision_at_3": 0.20513,
        "precision_at_5": 0.14769,
        "precision_at_10": 0.08,
        "precision_at_20": 0.04154,
        "precision_at_100": 0.01,
        "precision_at_1000": 0.001,
        "mrr_at_1": 0.415385,
        "mrr_at_3": 0.502564,
        "mrr_at_5": 0.531026,
        "mrr_at_10": 0.53801,
        "mrr_at_20": 0.539962,
        "mrr_at_100": 0.54452,
        "mrr_at_1000": 0.54452,
        "nauc_ndcg_at_1_max": 0.523638,
        "nauc_ndcg_at_1_std": 0.248249,
        "nauc_ndcg_at_1_diff1": 0.727084,
        "nauc_ndcg_at_3_max": 0.470556,
        "nauc_ndcg_at_3_std": 0.292678,
        "nauc_ndcg_at_3_diff1": 0.597589,
        "nauc_ndcg_at_5_max": 0.467855,
        "nauc_ndcg_at_5_std": 0.376474,
        "nauc_ndcg_at_5_diff1": 0.538596,
        "nauc_ndcg_at_10_max": 0.456847,
        "nauc_ndcg_at_10_std": 0.394052,
        "nauc_ndcg_at_10_diff1": 0.516443,
        "nauc_ndcg_at_20_max": 0.473473,
        "nauc_ndcg_at_20_std": 0.385589,
        "nauc_ndcg_at_20_diff1": 0.544237,
        "nauc_ndcg_at_100_max": 0.474869,
        "nauc_ndcg_at_100_std": 0.339377,
        "nauc_ndcg_at_100_diff1": 0.58499,
        "nauc_ndcg_at_1000_max": 0.474869,
        "nauc_ndcg_at_1000_std": 0.339377,
        "nauc_ndcg_at_1000_diff1": 0.58499,
        "nauc_map_at_1_max": 0.523638,
        "nauc_map_at_1_std": 0.248249,
        "nauc_map_at_1_diff1": 0.727084,
        "nauc_map_at_3_max": 0.476545,
        "nauc_map_at_3_std": 0.272966,
        "nauc_map_at_3_diff1": 0.63171,
        "nauc_map_at_5_max": 0.475037,
        "nauc_map_at_5_std": 0.315456,
        "nauc_map_at_5_diff1": 0.601872,
        "nauc_map_at_10_max": 0.471865,
        "nauc_map_at_10_std": 0.322476,
        "nauc_map_at_10_diff1": 0.594977,
        "nauc_map_at_20_max": 0.476655,
        "nauc_map_at_20_std": 0.320426,
        "nauc_map_at_20_diff1": 0.602851,
        "nauc_map_at_100_max": 0.47712,
        "nauc_map_at_100_std": 0.314627,
        "nauc_map_at_100_diff1": 0.608497,
        "nauc_map_at_1000_max": 0.47712,
        "nauc_map_at_1000_std": 0.314627,
        "nauc_map_at_1000_diff1": 0.608497,
        "nauc_recall_at_1_max": 0.523638,
        "nauc_recall_at_1_std": 0.248249,
        "nauc_recall_at_1_diff1": 0.727084,
        "nauc_recall_at_3_max": 0.454961,
        "nauc_recall_at_3_std": 0.35922,
        "nauc_recall_at_3_diff1": 0.488545,
        "nauc_recall_at_5_max": 0.443837,
        "nauc_recall_at_5_std": 0.643473,
        "nauc_recall_at_5_diff1": 0.273806,
        "nauc_recall_at_10_max": 0.378304,
        "nauc_recall_at_10_std": 0.777123,
        "nauc_recall_at_10_diff1": 0.102285,
        "nauc_recall_at_20_max": 0.469823,
        "nauc_recall_at_20_std": 0.776687,
        "nauc_recall_at_20_diff1": 0.214359,
        "nauc_recall_at_100_max": NaN,
        "nauc_recall_at_100_std": NaN,
        "nauc_recall_at_100_diff1": NaN,
        "nauc_recall_at_1000_max": NaN,
        "nauc_recall_at_1000_std": NaN,
        "nauc_recall_at_1000_diff1": NaN,
        "nauc_precision_at_1_max": 0.523638,
        "nauc_precision_at_1_std": 0.248249,
        "nauc_precision_at_1_diff1": 0.727084,
        "nauc_precision_at_3_max": 0.454961,
        "nauc_precision_at_3_std": 0.35922,
        "nauc_precision_at_3_diff1": 0.488545,
        "nauc_precision_at_5_max": 0.443837,
        "nauc_precision_at_5_std": 0.643473,
        "nauc_precision_at_5_diff1": 0.273806,
        "nauc_precision_at_10_max": 0.378304,
        "nauc_precision_at_10_std": 0.777123,
        "nauc_precision_at_10_diff1": 0.102285,
        "nauc_precision_at_20_max": 0.469823,
        "nauc_precision_at_20_std": 0.776687,
        "nauc_precision_at_20_diff1": 0.214359,
        "nauc_precision_at_100_max": NaN,
        "nauc_precision_at_100_std": NaN,
        "nauc_precision_at_100_diff1": NaN,
        "nauc_precision_at_1000_max": 1.0,
        "nauc_precision_at_1000_std": 1.0,
        "nauc_precision_at_1000_diff1": 1.0,
        "nauc_mrr_at_1_max": 0.523638,
        "nauc_mrr_at_1_std": 0.248249,
        "nauc_mrr_at_1_diff1": 0.727084,
        "nauc_mrr_at_3_max": 0.476545,
        "nauc_mrr_at_3_std": 0.272966,
        "nauc_mrr_at_3_diff1": 0.63171,
        "nauc_mrr_at_5_max": 0.475037,
        "nauc_mrr_at_5_std": 0.315456,
        "nauc_mrr_at_5_diff1": 0.601872,
        "nauc_mrr_at_10_max": 0.471865,
        "nauc_mrr_at_10_std": 0.322476,
        "nauc_mrr_at_10_diff1": 0.594977,
        "nauc_mrr_at_20_max": 0.476655,
        "nauc_mrr_at_20_std": 0.320426,
        "nauc_mrr_at_20_diff1": 0.602851,
        "nauc_mrr_at_100_max": 0.47712,
        "nauc_mrr_at_100_std": 0.314627,
        "nauc_mrr_at_100_diff1": 0.608497,
        "nauc_mrr_at_1000_max": 0.47712,
        "nauc_mrr_at_1000_std": 0.314627,
        "nauc_mrr_at_1000_diff1": 0.608497,
        "main_score": 0.60114,
        "hf_subset": "default",
        "languages": [
          "eng-Latn"
        ]
      }
    ]
  },
  "evaluation_time": 4.441833257675171,
  "kg_co2_emissions": null
}