{
  "dataset_revision": "319b6cc4b012d733f126a943a8a66bdf9df5dc40",
  "task_name": "scalr",
  "mteb_version": "1.38.49",
  "scores": {
    "test": [
      {
        "ndcg_at_1": 0.48333,
        "ndcg_at_3": 0.58174,
        "ndcg_at_5": 0.62013,
        "ndcg_at_10": 0.64452,
        "ndcg_at_20": 0.66767,
        "ndcg_at_100": 0.67785,
        "ndcg_at_1000": 0.68091,
        "map_at_1": 0.48333,
        "map_at_3": 0.55556,
        "map_at_5": 0.57722,
        "map_at_10": 0.58736,
        "map_at_20": 0.59371,
        "map_at_100": 0.59488,
        "map_at_1000": 0.59497,
        "recall_at_1": 0.48333,
        "recall_at_3": 0.65833,
        "recall_at_5": 0.75,
        "recall_at_10": 0.825,
        "recall_at_20": 0.91667,
        "recall_at_100": 0.975,
        "recall_at_1000": 1.0,
        "precision_at_1": 0.48333,
        "precision_at_3": 0.21944,
        "precision_at_5": 0.15,
        "precision_at_10": 0.0825,
        "precision_at_20": 0.04583,
        "precision_at_100": 0.00975,
        "precision_at_1000": 0.001,
        "mrr_at_1": 0.483333,
        "mrr_at_3": 0.555556,
        "mrr_at_5": 0.577222,
        "mrr_at_10": 0.587358,
        "mrr_at_20": 0.593708,
        "mrr_at_100": 0.594879,
        "mrr_at_1000": 0.594968,
        "nauc_ndcg_at_1_max": 0.504316,
        "nauc_ndcg_at_1_std": 0.119974,
        "nauc_ndcg_at_1_diff1": 0.565076,
        "nauc_ndcg_at_3_max": 0.424528,
        "nauc_ndcg_at_3_std": 0.02851,
        "nauc_ndcg_at_3_diff1": 0.479999,
        "nauc_ndcg_at_5_max": 0.412027,
        "nauc_ndcg_at_5_std": 0.018493,
        "nauc_ndcg_at_5_diff1": 0.465093,
        "nauc_ndcg_at_10_max": 0.432429,
        "nauc_ndcg_at_10_std": 0.024053,
        "nauc_ndcg_at_10_diff1": 0.471417,
        "nauc_ndcg_at_20_max": 0.44805,
        "nauc_ndcg_at_20_std": 0.030765,
        "nauc_ndcg_at_20_diff1": 0.466432,
        "nauc_ndcg_at_100_max": 0.452486,
        "nauc_ndcg_at_100_std": 0.044296,
        "nauc_ndcg_at_100_diff1": 0.476276,
        "nauc_ndcg_at_1000_max": 0.452656,
        "nauc_ndcg_at_1000_std": 0.045634,
        "nauc_ndcg_at_1000_diff1": 0.484471,
        "nauc_map_at_1_max": 0.504316,
        "nauc_map_at_1_std": 0.119974,
        "nauc_map_at_1_diff1": 0.565076,
        "nauc_map_at_3_max": 0.450269,
        "nauc_map_at_3_std": 0.052934,
        "nauc_map_at_3_diff1": 0.504407,
        "nauc_map_at_5_max": 0.444344,
        "nauc_map_at_5_std": 0.048068,
        "nauc_map_at_5_diff1": 0.49685,
        "nauc_map_at_10_max": 0.453729,
        "nauc_map_at_10_std": 0.051634,
        "nauc_map_at_10_diff1": 0.500607,
        "nauc_map_at_20_max": 0.459461,
        "nauc_map_at_20_std": 0.055762,
        "nauc_map_at_20_diff1": 0.4999,
        "nauc_map_at_100_max": 0.45979,
        "nauc_map_at_100_std": 0.056752,
        "nauc_map_at_100_diff1": 0.501057,
        "nauc_map_at_1000_max": 0.459769,
        "nauc_map_at_1000_std": 0.056787,
        "nauc_map_at_1000_diff1": 0.501179,
        "nauc_recall_at_1_max": 0.504316,
        "nauc_recall_at_1_std": 0.119974,
        "nauc_recall_at_1_diff1": 0.565076,
        "nauc_recall_at_3_max": 0.336761,
        "nauc_recall_at_3_std": -0.052807,
        "nauc_recall_at_3_diff1": 0.397949,
        "nauc_recall_at_5_max": 0.277691,
        "nauc_recall_at_5_std": -0.101395,
        "nauc_recall_at_5_diff1": 0.334729,
        "nauc_recall_at_10_max": 0.323748,
        "nauc_recall_at_10_std": -0.122721,
        "nauc_recall_at_10_diff1": 0.315199,
        "nauc_recall_at_20_max": 0.356349,
        "nauc_recall_at_20_std": -0.242437,
        "nauc_recall_at_20_diff1": 0.104295,
        "nauc_recall_at_100_max": 0.417367,
        "nauc_recall_at_100_std": -0.060224,
        "nauc_recall_at_100_diff1": -0.219888,
        "nauc_recall_at_1000_max": NaN,
        "nauc_recall_at_1000_std": NaN,
        "nauc_recall_at_1000_diff1": NaN,
        "nauc_precision_at_1_max": 0.504316,
        "nauc_precision_at_1_std": 0.119974,
        "nauc_precision_at_1_diff1": 0.565076,
        "nauc_precision_at_3_max": 0.336761,
        "nauc_precision_at_3_std": -0.052807,
        "nauc_precision_at_3_diff1": 0.397949,
        "nauc_precision_at_5_max": 0.277691,
        "nauc_precision_at_5_std": -0.101395,
        "nauc_precision_at_5_diff1": 0.334729,
        "nauc_precision_at_10_max": 0.323748,
        "nauc_precision_at_10_std": -0.122721,
        "nauc_precision_at_10_diff1": 0.315199,
        "nauc_precision_at_20_max": 0.356349,
        "nauc_precision_at_20_std": -0.242437,
        "nauc_precision_at_20_diff1": 0.104295,
        "nauc_precision_at_100_max": 0.417367,
        "nauc_precision_at_100_std": -0.060224,
        "nauc_precision_at_100_diff1": -0.219888,
        "nauc_precision_at_1000_max": 1.0,
        "nauc_precision_at_1000_std": 1.0,
        "nauc_precision_at_1000_diff1": 1.0,
        "nauc_mrr_at_1_max": 0.504316,
        "nauc_mrr_at_1_std": 0.119974,
        "nauc_mrr_at_1_diff1": 0.565076,
        "nauc_mrr_at_3_max": 0.450269,
        "nauc_mrr_at_3_std": 0.052934,
        "nauc_mrr_at_3_diff1": 0.504407,
        "nauc_mrr_at_5_max": 0.444344,
        "nauc_mrr_at_5_std": 0.048068,
        "nauc_mrr_at_5_diff1": 0.49685,
        "nauc_mrr_at_10_max": 0.453729,
        "nauc_mrr_at_10_std": 0.051634,
        "nauc_mrr_at_10_diff1": 0.500607,
        "nauc_mrr_at_20_max": 0.459461,
        "nauc_mrr_at_20_std": 0.055762,
        "nauc_mrr_at_20_diff1": 0.4999,
        "nauc_mrr_at_100_max": 0.45979,
        "nauc_mrr_at_100_std": 0.056752,
        "nauc_mrr_at_100_diff1": 0.501057,
        "nauc_mrr_at_1000_max": 0.459769,
        "nauc_mrr_at_1000_std": 0.056787,
        "nauc_mrr_at_1000_diff1": 0.501179,
        "main_score": 0.64452,
        "hf_subset": "default",
        "languages": [
          "eng-Latn"
        ]
      }
    ]
  },
  "evaluation_time": 12.023211479187012,
  "kg_co2_emissions": null
}