{
  "dataset_revision": "427e2ae4b22cd9ad990ef8dd4647c16d79c89198",
  "task_name": "singaporean-judicial-keywords",
  "mteb_version": "1.38.49",
  "scores": {
    "test": [
      {
        "ndcg_at_1": 0.6,
        "ndcg_at_3": 0.69935,
        "ndcg_at_5": 0.72682,
        "ndcg_at_10": 0.74832,
        "ndcg_at_20": 0.75834,
        "ndcg_at_100": 0.76676,
        "ndcg_at_1000": 0.76839,
        "map_at_1": 0.6,
        "map_at_3": 0.67433,
        "map_at_5": 0.68973,
        "map_at_10": 0.6987,
        "map_at_20": 0.7014,
        "map_at_100": 0.70264,
        "map_at_1000": 0.70271,
        "recall_at_1": 0.6,
        "recall_at_3": 0.772,
        "recall_at_5": 0.838,
        "recall_at_10": 0.904,
        "recall_at_20": 0.944,
        "recall_at_100": 0.988,
        "recall_at_1000": 1.0,
        "precision_at_1": 0.6,
        "precision_at_3": 0.25733,
        "precision_at_5": 0.1676,
        "precision_at_10": 0.0904,
        "precision_at_20": 0.0472,
        "precision_at_100": 0.00988,
        "precision_at_1000": 0.001,
        "mrr_at_1": 0.6,
        "mrr_at_3": 0.674333,
        "mrr_at_5": 0.689733,
        "mrr_at_10": 0.698701,
        "mrr_at_20": 0.7014,
        "mrr_at_100": 0.702639,
        "mrr_at_1000": 0.702714,
        "nauc_ndcg_at_1_max": 0.41932,
        "nauc_ndcg_at_1_std": -0.012381,
        "nauc_ndcg_at_1_diff1": 0.678198,
        "nauc_ndcg_at_3_max": 0.479425,
        "nauc_ndcg_at_3_std": -0.019089,
        "nauc_ndcg_at_3_diff1": 0.64406,
        "nauc_ndcg_at_5_max": 0.510185,
        "nauc_ndcg_at_5_std": -0.00837,
        "nauc_ndcg_at_5_diff1": 0.664834,
        "nauc_ndcg_at_10_max": 0.499108,
        "nauc_ndcg_at_10_std": 0.011344,
        "nauc_ndcg_at_10_diff1": 0.668037,
        "nauc_ndcg_at_20_max": 0.489661,
        "nauc_ndcg_at_20_std": 0.016414,
        "nauc_ndcg_at_20_diff1": 0.667278,
        "nauc_ndcg_at_100_max": 0.482068,
        "nauc_ndcg_at_100_std": 0.005888,
        "nauc_ndcg_at_100_diff1": 0.666934,
        "nauc_ndcg_at_1000_max": 0.479249,
        "nauc_ndcg_at_1000_std": 0.001524,
        "nauc_ndcg_at_1000_diff1": 0.666787,
        "nauc_map_at_1_max": 0.41932,
        "nauc_map_at_1_std": -0.012381,
        "nauc_map_at_1_diff1": 0.678198,
        "nauc_map_at_3_max": 0.462846,
        "nauc_map_at_3_std": -0.01683,
        "nauc_map_at_3_diff1": 0.654594,
        "nauc_map_at_5_max": 0.477138,
        "nauc_map_at_5_std": -0.011357,
        "nauc_map_at_5_diff1": 0.665951,
        "nauc_map_at_10_max": 0.472273,
        "nauc_map_at_10_std": -0.004827,
        "nauc_map_at_10_diff1": 0.667116,
        "nauc_map_at_20_max": 0.469857,
        "nauc_map_at_20_std": -0.003517,
        "nauc_map_at_20_diff1": 0.666858,
        "nauc_map_at_100_max": 0.46909,
        "nauc_map_at_100_std": -0.004792,
        "nauc_map_at_100_diff1": 0.666941,
        "nauc_map_at_1000_max": 0.468983,
        "nauc_map_at_1000_std": -0.004935,
        "nauc_map_at_1000_diff1": 0.666944,
        "nauc_recall_at_1_max": 0.41932,
        "nauc_recall_at_1_std": -0.012381,
        "nauc_recall_at_1_diff1": 0.678198,
        "nauc_recall_at_3_max": 0.541432,
        "nauc_recall_at_3_std": -0.027761,
        "nauc_recall_at_3_diff1": 0.604049,
        "nauc_recall_at_5_max": 0.677058,
        "nauc_recall_at_5_std": 0.008288,
        "nauc_recall_at_5_diff1": 0.662757,
        "nauc_recall_at_10_max": 0.700912,
        "nauc_recall_at_10_std": 0.157252,
        "nauc_recall_at_10_diff1": 0.683357,
        "nauc_recall_at_20_max": 0.709434,
        "nauc_recall_at_20_std": 0.322329,
        "nauc_recall_at_20_diff1": 0.685758,
        "nauc_recall_at_100_max": 0.814037,
        "nauc_recall_at_100_std": 0.535559,
        "nauc_recall_at_100_diff1": 0.68962,
        "nauc_recall_at_1000_max": NaN,
        "nauc_recall_at_1000_std": NaN,
        "nauc_recall_at_1000_diff1": NaN,
        "nauc_precision_at_1_max": 0.41932,
        "nauc_precision_at_1_std": -0.012381,
        "nauc_precision_at_1_diff1": 0.678198,
        "nauc_precision_at_3_max": 0.541432,
        "nauc_precision_at_3_std": -0.027761,
        "nauc_precision_at_3_diff1": 0.604049,
        "nauc_precision_at_5_max": 0.677058,
        "nauc_precision_at_5_std": 0.008288,
        "nauc_precision_at_5_diff1": 0.662757,
        "nauc_precision_at_10_max": 0.700912,
        "nauc_precision_at_10_std": 0.157252,
        "nauc_precision_at_10_diff1": 0.683357,
        "nauc_precision_at_20_max": 0.709434,
        "nauc_precision_at_20_std": 0.322329,
        "nauc_precision_at_20_diff1": 0.685758,
        "nauc_precision_at_100_max": 0.814037,
        "nauc_precision_at_100_std": 0.535559,
        "nauc_precision_at_100_diff1": 0.68962,
        "nauc_precision_at_1000_max": 1.0,
        "nauc_precision_at_1000_std": 1.0,
        "nauc_precision_at_1000_diff1": 1.0,
        "nauc_mrr_at_1_max": 0.41932,
        "nauc_mrr_at_1_std": -0.012381,
        "nauc_mrr_at_1_diff1": 0.678198,
        "nauc_mrr_at_3_max": 0.462846,
        "nauc_mrr_at_3_std": -0.01683,
        "nauc_mrr_at_3_diff1": 0.654594,
        "nauc_mrr_at_5_max": 0.477138,
        "nauc_mrr_at_5_std": -0.011357,
        "nauc_mrr_at_5_diff1": 0.665951,
        "nauc_mrr_at_10_max": 0.472273,
        "nauc_mrr_at_10_std": -0.004827,
        "nauc_mrr_at_10_diff1": 0.667116,
        "nauc_mrr_at_20_max": 0.469857,
        "nauc_mrr_at_20_std": -0.003517,
        "nauc_mrr_at_20_diff1": 0.666858,
        "nauc_mrr_at_100_max": 0.46909,
        "nauc_mrr_at_100_std": -0.004792,
        "nauc_mrr_at_100_diff1": 0.666941,
        "nauc_mrr_at_1000_max": 0.468983,
        "nauc_mrr_at_1000_std": -0.004935,
        "nauc_mrr_at_1000_diff1": 0.666944,
        "main_score": 0.74832,
        "hf_subset": "default",
        "languages": [
          "eng-Latn"
        ]
      }
    ]
  },
  "evaluation_time": 98.793377161026,
  "kg_co2_emissions": null
}