{
  "dataset_revision": "436d6a79d06cac556799e9e0be54a6fb90bf7182",
  "task_name": "uk-legislative-long-titles",
  "mteb_version": "1.38.49",
  "scores": {
    "test": [
      {
        "ndcg_at_1": 0.89744,
        "ndcg_at_3": 0.92643,
        "ndcg_at_5": 0.92643,
        "ndcg_at_10": 0.93557,
        "ndcg_at_20": 0.93893,
        "ndcg_at_100": 0.94101,
        "ndcg_at_1000": 0.94101,
        "map_at_1": 0.89744,
        "map_at_3": 0.9188,
        "map_at_5": 0.9188,
        "map_at_10": 0.92308,
        "map_at_20": 0.92406,
        "map_at_100": 0.92424,
        "map_at_1000": 0.92424,
        "recall_at_1": 0.89744,
        "recall_at_3": 0.94872,
        "recall_at_5": 0.94872,
        "recall_at_10": 0.97436,
        "recall_at_20": 0.98718,
        "recall_at_100": 1.0,
        "recall_at_1000": 1.0,
        "precision_at_1": 0.89744,
        "precision_at_3": 0.31624,
        "precision_at_5": 0.18974,
        "precision_at_10": 0.09744,
        "precision_at_20": 0.04936,
        "precision_at_100": 0.01,
        "precision_at_1000": 0.001,
        "mrr_at_1": 0.897436,
        "mrr_at_3": 0.918803,
        "mrr_at_5": 0.918803,
        "mrr_at_10": 0.923077,
        "mrr_at_20": 0.924063,
        "mrr_at_100": 0.924241,
        "mrr_at_1000": 0.924241,
        "nauc_ndcg_at_1_max": 0.903465,
        "nauc_ndcg_at_1_std": 0.661661,
        "nauc_ndcg_at_1_diff1": 0.965112,
        "nauc_ndcg_at_3_max": 0.935697,
        "nauc_ndcg_at_3_std": 0.591472,
        "nauc_ndcg_at_3_diff1": 0.97568,
        "nauc_ndcg_at_5_max": 0.935697,
        "nauc_ndcg_at_5_std": 0.591472,
        "nauc_ndcg_at_5_diff1": 0.97568,
        "nauc_ndcg_at_10_max": 0.926582,
        "nauc_ndcg_at_10_std": 0.664725,
        "nauc_ndcg_at_10_diff1": 0.972233,
        "nauc_ndcg_at_20_max": 0.922534,
        "nauc_ndcg_at_20_std": 0.653465,
        "nauc_ndcg_at_20_diff1": 0.970702,
        "nauc_ndcg_at_100_max": 0.919814,
        "nauc_ndcg_at_100_std": 0.641299,
        "nauc_ndcg_at_100_diff1": 0.969673,
        "nauc_ndcg_at_1000_max": 0.919814,
        "nauc_ndcg_at_1000_std": 0.641299,
        "nauc_ndcg_at_1000_diff1": 0.969673,
        "nauc_map_at_1_max": 0.903465,
        "nauc_map_at_1_std": 0.661661,
        "nauc_map_at_1_diff1": 0.965112,
        "nauc_map_at_3_max": 0.922157,
        "nauc_map_at_3_std": 0.610785,
        "nauc_map_at_3_diff1": 0.970621,
        "nauc_map_at_5_max": 0.922157,
        "nauc_map_at_5_std": 0.610785,
        "nauc_map_at_5_diff1": 0.970621,
        "nauc_map_at_10_max": 0.917832,
        "nauc_map_at_10_std": 0.640566,
        "nauc_map_at_10_diff1": 0.968989,
        "nauc_map_at_20_max": 0.916765,
        "nauc_map_at_20_std": 0.637601,
        "nauc_map_at_20_diff1": 0.968586,
        "nauc_map_at_100_max": 0.91657,
        "nauc_map_at_100_std": 0.636749,
        "nauc_map_at_100_diff1": 0.968512,
        "nauc_map_at_1000_max": 0.91657,
        "nauc_map_at_1000_std": 0.636749,
        "nauc_map_at_1000_diff1": 0.968512,
        "nauc_recall_at_1_max": 0.903465,
        "nauc_recall_at_1_std": 0.661661,
        "nauc_recall_at_1_diff1": 0.965112,
        "nauc_recall_at_3_max": 1.0,
        "nauc_recall_at_3_std": 0.504583,
        "nauc_recall_at_3_diff1": 1.0,
        "nauc_recall_at_5_max": 1.0,
        "nauc_recall_at_5_std": 0.504583,
        "nauc_recall_at_5_diff1": 1.0,
        "nauc_recall_at_10_max": 1.0,
        "nauc_recall_at_10_std": 0.934454,
        "nauc_recall_at_10_diff1": 1.0,
        "nauc_recall_at_20_max": 1.0,
        "nauc_recall_at_20_std": 1.0,
        "nauc_recall_at_20_diff1": 1.0,
        "nauc_recall_at_100_max": NaN,
        "nauc_recall_at_100_std": NaN,
        "nauc_recall_at_100_diff1": NaN,
        "nauc_recall_at_1000_max": NaN,
        "nauc_recall_at_1000_std": NaN,
        "nauc_recall_at_1000_diff1": NaN,
        "nauc_precision_at_1_max": 0.903465,
        "nauc_precision_at_1_std": 0.661661,
        "nauc_precision_at_1_diff1": 0.965112,
        "nauc_precision_at_3_max": 1.0,
        "nauc_precision_at_3_std": 0.504583,
        "nauc_precision_at_3_diff1": 1.0,
        "nauc_precision_at_5_max": 1.0,
        "nauc_precision_at_5_std": 0.504583,
        "nauc_precision_at_5_diff1": 1.0,
        "nauc_precision_at_10_max": 1.0,
        "nauc_precision_at_10_std": 0.934454,
        "nauc_precision_at_10_diff1": 1.0,
        "nauc_precision_at_20_max": 1.0,
        "nauc_precision_at_20_std": 1.0,
        "nauc_precision_at_20_diff1": 1.0,
        "nauc_precision_at_100_max": 1.0,
        "nauc_precision_at_100_std": 1.0,
        "nauc_precision_at_100_diff1": 1.0,
        "nauc_precision_at_1000_max": 1.0,
        "nauc_precision_at_1000_std": 1.0,
        "nauc_precision_at_1000_diff1": 1.0,
        "nauc_mrr_at_1_max": 0.903465,
        "nauc_mrr_at_1_std": 0.661661,
        "nauc_mrr_at_1_diff1": 0.965112,
        "nauc_mrr_at_3_max": 0.922157,
        "nauc_mrr_at_3_std": 0.610785,
        "nauc_mrr_at_3_diff1": 0.970621,
        "nauc_mrr_at_5_max": 0.922157,
        "nauc_mrr_at_5_std": 0.610785,
        "nauc_mrr_at_5_diff1": 0.970621,
        "nauc_mrr_at_10_max": 0.917832,
        "nauc_mrr_at_10_std": 0.640566,
        "nauc_mrr_at_10_diff1": 0.968989,
        "nauc_mrr_at_20_max": 0.916765,
        "nauc_mrr_at_20_std": 0.637601,
        "nauc_mrr_at_20_diff1": 0.968586,
        "nauc_mrr_at_100_max": 0.91657,
        "nauc_mrr_at_100_std": 0.636749,
        "nauc_mrr_at_100_diff1": 0.968512,
        "nauc_mrr_at_1000_max": 0.91657,
        "nauc_mrr_at_1000_std": 0.636749,
        "nauc_mrr_at_1000_diff1": 0.968512,
        "main_score": 0.93557,
        "hf_subset": "default",
        "languages": [
          "eng-Latn"
        ]
      }
    ]
  },
  "evaluation_time": 14.39134407043457,
  "kg_co2_emissions": null
}