{
  "dataset_revision": "c64c3baac6bfd5f934d2df6e5d42dcb7d87c8ba8",
  "task_name": "australian-tax-guidance-retrieval",
  "mteb_version": "1.38.49",
  "scores": {
    "test": [
      {
        "ndcg_at_1": 0.52679,
        "ndcg_at_3": 0.68197,
        "ndcg_at_5": 0.70465,
        "ndcg_at_10": 0.72396,
        "ndcg_at_20": 0.73522,
        "ndcg_at_100": 0.74648,
        "ndcg_at_1000": 0.74648,
        "map_at_1": 0.52679,
        "map_at_3": 0.64583,
        "map_at_5": 0.65878,
        "map_at_10": 0.66622,
        "map_at_20": 0.6693,
        "map_at_100": 0.67139,
        "map_at_1000": 0.67139,
        "recall_at_1": 0.52679,
        "recall_at_3": 0.78571,
        "recall_at_5": 0.83929,
        "recall_at_10": 0.90179,
        "recall_at_20": 0.94643,
        "recall_at_100": 1.0,
        "recall_at_1000": 1.0,
        "precision_at_1": 0.52679,
        "precision_at_3": 0.2619,
        "precision_at_5": 0.16786,
        "precision_at_10": 0.09018,
        "precision_at_20": 0.04732,
        "precision_at_100": 0.01,
        "precision_at_1000": 0.001,
        "mrr_at_1": 0.526786,
        "mrr_at_3": 0.645833,
        "mrr_at_5": 0.65878,
        "mrr_at_10": 0.666217,
        "mrr_at_20": 0.669299,
        "mrr_at_100": 0.671389,
        "mrr_at_1000": 0.671389,
        "nauc_ndcg_at_1_max": 0.144869,
        "nauc_ndcg_at_1_std": -0.117112,
        "nauc_ndcg_at_1_diff1": 0.495363,
        "nauc_ndcg_at_3_max": 0.198835,
        "nauc_ndcg_at_3_std": 0.042626,
        "nauc_ndcg_at_3_diff1": 0.32916,
        "nauc_ndcg_at_5_max": 0.219095,
        "nauc_ndcg_at_5_std": 0.064034,
        "nauc_ndcg_at_5_diff1": 0.340741,
        "nauc_ndcg_at_10_max": 0.205875,
        "nauc_ndcg_at_10_std": 0.060062,
        "nauc_ndcg_at_10_diff1": 0.317314,
        "nauc_ndcg_at_20_max": 0.24124,
        "nauc_ndcg_at_20_std": 0.063417,
        "nauc_ndcg_at_20_diff1": 0.365733,
        "nauc_ndcg_at_100_max": 0.207375,
        "nauc_ndcg_at_100_std": 0.025482,
        "nauc_ndcg_at_100_diff1": 0.372043,
        "nauc_ndcg_at_1000_max": 0.207375,
        "nauc_ndcg_at_1000_std": 0.025482,
        "nauc_ndcg_at_1000_diff1": 0.372043,
        "nauc_map_at_1_max": 0.144869,
        "nauc_map_at_1_std": -0.117112,
        "nauc_map_at_1_diff1": 0.495363,
        "nauc_map_at_3_max": 0.191285,
        "nauc_map_at_3_std": 0.008376,
        "nauc_map_at_3_diff1": 0.370164,
        "nauc_map_at_5_max": 0.200385,
        "nauc_map_at_5_std": 0.016622,
        "nauc_map_at_5_diff1": 0.37839,
        "nauc_map_at_10_max": 0.196072,
        "nauc_map_at_10_std": 0.015309,
        "nauc_map_at_10_diff1": 0.37109,
        "nauc_map_at_20_max": 0.204316,
        "nauc_map_at_20_std": 0.015189,
        "nauc_map_at_20_diff1": 0.383592,
        "nauc_map_at_100_max": 0.199178,
        "nauc_map_at_100_std": 0.009098,
        "nauc_map_at_100_diff1": 0.384679,
        "nauc_map_at_1000_max": 0.199178,
        "nauc_map_at_1000_std": 0.009098,
        "nauc_map_at_1000_diff1": 0.384679,
        "nauc_recall_at_1_max": 0.144869,
        "nauc_recall_at_1_std": -0.117112,
        "nauc_recall_at_1_diff1": 0.495363,
        "nauc_recall_at_3_max": 0.224523,
        "nauc_recall_at_3_std": 0.173874,
        "nauc_recall_at_3_diff1": 0.167702,
        "nauc_recall_at_5_max": 0.312986,
        "nauc_recall_at_5_std": 0.299661,
        "nauc_recall_at_5_diff1": 0.158726,
        "nauc_recall_at_10_max": 0.261485,
        "nauc_recall_at_10_std": 0.384059,
        "nauc_recall_at_10_diff1": -0.104119,
        "nauc_recall_at_20_max": 0.839824,
        "nauc_recall_at_20_std": 0.71796,
        "nauc_recall_at_20_diff1": 0.256648,
        "nauc_recall_at_100_max": NaN,
        "nauc_recall_at_100_std": NaN,
        "nauc_recall_at_100_diff1": NaN,
        "nauc_recall_at_1000_max": NaN,
        "nauc_recall_at_1000_std": NaN,
        "nauc_recall_at_1000_diff1": NaN,
        "nauc_precision_at_1_max": 0.144869,
        "nauc_precision_at_1_std": -0.117112,
        "nauc_precision_at_1_diff1": 0.495363,
        "nauc_precision_at_3_max": 0.224523,
        "nauc_precision_at_3_std": 0.173874,
        "nauc_precision_at_3_diff1": 0.167702,
        "nauc_precision_at_5_max": 0.312986,
        "nauc_precision_at_5_std": 0.299661,
        "nauc_precision_at_5_diff1": 0.158726,
        "nauc_precision_at_10_max": 0.261485,
        "nauc_precision_at_10_std": 0.384059,
        "nauc_precision_at_10_diff1": -0.104119,
        "nauc_precision_at_20_max": 0.839824,
        "nauc_precision_at_20_std": 0.71796,
        "nauc_precision_at_20_diff1": 0.256648,
        "nauc_precision_at_100_max": NaN,
        "nauc_precision_at_100_std": NaN,
        "nauc_precision_at_100_diff1": NaN,
        "nauc_precision_at_1000_max": 1.0,
        "nauc_precision_at_1000_std": 1.0,
        "nauc_precision_at_1000_diff1": 1.0,
        "nauc_mrr_at_1_max": 0.144869,
        "nauc_mrr_at_1_std": -0.117112,
        "nauc_mrr_at_1_diff1": 0.495363,
        "nauc_mrr_at_3_max": 0.191285,
        "nauc_mrr_at_3_std": 0.008376,
        "nauc_mrr_at_3_diff1": 0.370164,
        "nauc_mrr_at_5_max": 0.200385,
        "nauc_mrr_at_5_std": 0.016622,
        "nauc_mrr_at_5_diff1": 0.37839,
        "nauc_mrr_at_10_max": 0.196072,
        "nauc_mrr_at_10_std": 0.015309,
        "nauc_mrr_at_10_diff1": 0.37109,
        "nauc_mrr_at_20_max": 0.204316,
        "nauc_mrr_at_20_std": 0.015189,
        "nauc_mrr_at_20_diff1": 0.383592,
        "nauc_mrr_at_100_max": 0.199178,
        "nauc_mrr_at_100_std": 0.009098,
        "nauc_mrr_at_100_diff1": 0.384679,
        "nauc_mrr_at_1000_max": 0.199178,
        "nauc_mrr_at_1000_std": 0.009098,
        "nauc_mrr_at_1000_diff1": 0.384679,
        "main_score": 0.72396,
        "hf_subset": "default",
        "languages": [
          "eng-Latn"
        ]
      }
    ]
  },
  "evaluation_time": 6.690587759017944,
  "kg_co2_emissions": null
}