{
  "dataset_revision": "2095f248902963b4480ac96b774ba64b2104cbee",
  "task_name": "consumer-contracts-qa",
  "mteb_version": "1.38.49",
  "scores": {
    "test": [
      {
        "ndcg_at_1": 0.73232,
        "ndcg_at_3": 0.82317,
        "ndcg_at_5": 0.84381,
        "ndcg_at_10": 0.85743,
        "ndcg_at_20": 0.86127,
        "ndcg_at_100": 0.86226,
        "ndcg_at_1000": 0.86226,
        "map_at_1": 0.73232,
        "map_at_3": 0.80051,
        "map_at_5": 0.81187,
        "map_at_10": 0.81782,
        "map_at_20": 0.81888,
        "map_at_100": 0.81903,
        "map_at_1000": 0.81903,
        "recall_at_1": 0.73232,
        "recall_at_3": 0.88889,
        "recall_at_5": 0.93939,
        "recall_at_10": 0.9798,
        "recall_at_20": 0.99495,
        "recall_at_100": 1.0,
        "recall_at_1000": 1.0,
        "precision_at_1": 0.73232,
        "precision_at_3": 0.2963,
        "precision_at_5": 0.18788,
        "precision_at_10": 0.09798,
        "precision_at_20": 0.04975,
        "precision_at_100": 0.01,
        "precision_at_1000": 0.001,
        "mrr_at_1": 0.732323,
        "mrr_at_3": 0.800505,
        "mrr_at_5": 0.811869,
        "mrr_at_10": 0.817815,
        "mrr_at_20": 0.818877,
        "mrr_at_100": 0.81903,
        "mrr_at_1000": 0.81903,
        "nauc_ndcg_at_1_max": 0.576746,
        "nauc_ndcg_at_1_std": 0.332268,
        "nauc_ndcg_at_1_diff1": 0.632399,
        "nauc_ndcg_at_3_max": 0.528971,
        "nauc_ndcg_at_3_std": 0.350533,
        "nauc_ndcg_at_3_diff1": 0.506107,
        "nauc_ndcg_at_5_max": 0.558589,
        "nauc_ndcg_at_5_std": 0.40356,
        "nauc_ndcg_at_5_diff1": 0.513466,
        "nauc_ndcg_at_10_max": 0.547918,
        "nauc_ndcg_at_10_std": 0.381154,
        "nauc_ndcg_at_10_diff1": 0.513508,
        "nauc_ndcg_at_20_max": 0.54949,
        "nauc_ndcg_at_20_std": 0.367809,
        "nauc_ndcg_at_20_diff1": 0.536958,
        "nauc_ndcg_at_100_max": 0.55101,
        "nauc_ndcg_at_100_std": 0.363821,
        "nauc_ndcg_at_100_diff1": 0.545736,
        "nauc_ndcg_at_1000_max": 0.55101,
        "nauc_ndcg_at_1000_std": 0.363821,
        "nauc_ndcg_at_1000_diff1": 0.545736,
        "nauc_map_at_1_max": 0.576746,
        "nauc_map_at_1_std": 0.332268,
        "nauc_map_at_1_diff1": 0.632399,
        "nauc_map_at_3_max": 0.542777,
        "nauc_map_at_3_std": 0.347533,
        "nauc_map_at_3_diff1": 0.543796,
        "nauc_map_at_5_max": 0.556166,
        "nauc_map_at_5_std": 0.370707,
        "nauc_map_at_5_diff1": 0.549202,
        "nauc_map_at_10_max": 0.552199,
        "nauc_map_at_10_std": 0.362107,
        "nauc_map_at_10_diff1": 0.549775,
        "nauc_map_at_20_max": 0.55279,
        "nauc_map_at_20_std": 0.359168,
        "nauc_map_at_20_diff1": 0.555414,
        "nauc_map_at_100_max": 0.552972,
        "nauc_map_at_100_std": 0.358691,
        "nauc_map_at_100_diff1": 0.556464,
        "nauc_map_at_1000_max": 0.552972,
        "nauc_map_at_1000_std": 0.358691,
        "nauc_map_at_1000_diff1": 0.556464,
        "nauc_recall_at_1_max": 0.576746,
        "nauc_recall_at_1_std": 0.332268,
        "nauc_recall_at_1_diff1": 0.632399,
        "nauc_recall_at_3_max": 0.463802,
        "nauc_recall_at_3_std": 0.363003,
        "nauc_recall_at_3_diff1": 0.327328,
        "nauc_recall_at_5_max": 0.595997,
        "nauc_recall_at_5_std": 0.692887,
        "nauc_recall_at_5_diff1": 0.229808,
        "nauc_recall_at_10_max": 0.477072,
        "nauc_recall_at_10_std": 0.832276,
        "nauc_recall_at_10_diff1": -0.304459,
        "nauc_recall_at_20_max": 0.358371,
        "nauc_recall_at_20_std": 0.869134,
        "nauc_recall_at_20_diff1": -0.566601,
        "nauc_recall_at_100_max": NaN,
        "nauc_recall_at_100_std": NaN,
        "nauc_recall_at_100_diff1": NaN,
        "nauc_recall_at_1000_max": NaN,
        "nauc_recall_at_1000_std": NaN,
        "nauc_recall_at_1000_diff1": NaN,
        "nauc_precision_at_1_max": 0.576746,
        "nauc_precision_at_1_std": 0.332268,
        "nauc_precision_at_1_diff1": 0.632399,
        "nauc_precision_at_3_max": 0.463802,
        "nauc_precision_at_3_std": 0.363003,
        "nauc_precision_at_3_diff1": 0.327328,
        "nauc_precision_at_5_max": 0.595997,
        "nauc_precision_at_5_std": 0.692887,
        "nauc_precision_at_5_diff1": 0.229808,
        "nauc_precision_at_10_max": 0.477072,
        "nauc_precision_at_10_std": 0.832276,
        "nauc_precision_at_10_diff1": -0.304459,
        "nauc_precision_at_20_max": 0.358371,
        "nauc_precision_at_20_std": 0.869134,
        "nauc_precision_at_20_diff1": -0.566601,
        "nauc_precision_at_100_max": 1.0,
        "nauc_precision_at_100_std": 1.0,
        "nauc_precision_at_100_diff1": 1.0,
        "nauc_precision_at_1000_max": 1.0,
        "nauc_precision_at_1000_std": 1.0,
        "nauc_precision_at_1000_diff1": 1.0,
        "nauc_mrr_at_1_max": 0.576746,
        "nauc_mrr_at_1_std": 0.332268,
        "nauc_mrr_at_1_diff1": 0.632399,
        "nauc_mrr_at_3_max": 0.542777,
        "nauc_mrr_at_3_std": 0.347533,
        "nauc_mrr_at_3_diff1": 0.543796,
        "nauc_mrr_at_5_max": 0.556166,
        "nauc_mrr_at_5_std": 0.370707,
        "nauc_mrr_at_5_diff1": 0.549202,
        "nauc_mrr_at_10_max": 0.552199,
        "nauc_mrr_at_10_std": 0.362107,
        "nauc_mrr_at_10_diff1": 0.549775,
        "nauc_mrr_at_20_max": 0.55279,
        "nauc_mrr_at_20_std": 0.359168,
        "nauc_mrr_at_20_diff1": 0.555414,
        "nauc_mrr_at_100_max": 0.552972,
        "nauc_mrr_at_100_std": 0.358691,
        "nauc_mrr_at_100_diff1": 0.556464,
        "nauc_mrr_at_1000_max": 0.552972,
        "nauc_mrr_at_1000_std": 0.358691,
        "nauc_mrr_at_1000_diff1": 0.556464,
        "main_score": 0.85743,
        "hf_subset": "default",
        "languages": [
          "eng-Latn"
        ]
      }
    ]
  },
  "evaluation_time": 3.4634416103363037,
  "kg_co2_emissions": null
}