{
  "dataset_revision": "48ed7bcb1f50896a0f71461a04b2df0ca84329d9",
  "task_name": "contractual-clause-retrieval",
  "mteb_version": "1.38.49",
  "scores": {
    "test": [
      {
        "ndcg_at_1": 0.75556,
        "ndcg_at_3": 0.71225,
        "ndcg_at_5": 0.78028,
        "ndcg_at_10": 0.81129,
        "ndcg_at_20": 0.8147,
        "ndcg_at_100": 0.83068,
        "ndcg_at_1000": 0.83068,
        "map_at_1": 0.37778,
        "map_at_3": 0.66481,
        "map_at_5": 0.72037,
        "map_at_10": 0.73979,
        "map_at_20": 0.74127,
        "map_at_100": 0.74455,
        "map_at_1000": 0.74455,
        "recall_at_1": 0.37778,
        "recall_at_3": 0.71111,
        "recall_at_5": 0.84444,
        "recall_at_10": 0.92222,
        "recall_at_20": 0.93333,
        "recall_at_100": 1.0,
        "recall_at_1000": 1.0,
        "precision_at_1": 0.75556,
        "precision_at_3": 0.47407,
        "precision_at_5": 0.33778,
        "precision_at_10": 0.18444,
        "precision_at_20": 0.09333,
        "precision_at_100": 0.02,
        "precision_at_1000": 0.002,
        "mrr_at_1": 0.755556,
        "mrr_at_3": 0.811111,
        "mrr_at_5": 0.824444,
        "mrr_at_10": 0.827619,
        "mrr_at_20": 0.827619,
        "mrr_at_100": 0.829168,
        "mrr_at_1000": 0.829168,
        "nauc_ndcg_at_1_max": 0.593739,
        "nauc_ndcg_at_1_std": 0.069783,
        "nauc_ndcg_at_1_diff1": 0.457422,
        "nauc_ndcg_at_3_max": 0.574042,
        "nauc_ndcg_at_3_std": 0.049068,
        "nauc_ndcg_at_3_diff1": 0.316589,
        "nauc_ndcg_at_5_max": 0.6268,
        "nauc_ndcg_at_5_std": 0.049736,
        "nauc_ndcg_at_5_diff1": 0.348695,
        "nauc_ndcg_at_10_max": 0.632207,
        "nauc_ndcg_at_10_std": 0.135216,
        "nauc_ndcg_at_10_diff1": 0.386911,
        "nauc_ndcg_at_20_max": 0.630606,
        "nauc_ndcg_at_20_std": 0.14118,
        "nauc_ndcg_at_20_diff1": 0.374174,
        "nauc_ndcg_at_100_max": 0.614966,
        "nauc_ndcg_at_100_std": 0.087702,
        "nauc_ndcg_at_100_diff1": 0.366488,
        "nauc_ndcg_at_1000_max": 0.614966,
        "nauc_ndcg_at_1000_std": 0.087702,
        "nauc_ndcg_at_1000_diff1": 0.366488,
        "nauc_map_at_1_max": 0.593739,
        "nauc_map_at_1_std": 0.069783,
        "nauc_map_at_1_diff1": 0.457422,
        "nauc_map_at_3_max": 0.574447,
        "nauc_map_at_3_std": 0.059788,
        "nauc_map_at_3_diff1": 0.297543,
        "nauc_map_at_5_max": 0.61594,
        "nauc_map_at_5_std": 0.067676,
        "nauc_map_at_5_diff1": 0.31533,
        "nauc_map_at_10_max": 0.614905,
        "nauc_map_at_10_std": 0.09504,
        "nauc_map_at_10_diff1": 0.337447,
        "nauc_map_at_20_max": 0.614118,
        "nauc_map_at_20_std": 0.096762,
        "nauc_map_at_20_diff1": 0.332879,
        "nauc_map_at_100_max": 0.611239,
        "nauc_map_at_100_std": 0.08744,
        "nauc_map_at_100_diff1": 0.331114,
        "nauc_map_at_1000_max": 0.611239,
        "nauc_map_at_1000_std": 0.08744,
        "nauc_map_at_1000_diff1": 0.331114,
        "nauc_recall_at_1_max": 0.593739,
        "nauc_recall_at_1_std": 0.069783,
        "nauc_recall_at_1_diff1": 0.457422,
        "nauc_recall_at_3_max": 0.546434,
        "nauc_recall_at_3_std": 0.038319,
        "nauc_recall_at_3_diff1": 0.269651,
        "nauc_recall_at_5_max": 0.670306,
        "nauc_recall_at_5_std": 0.034089,
        "nauc_recall_at_5_diff1": 0.334188,
        "nauc_recall_at_10_max": 0.730049,
        "nauc_recall_at_10_std": 0.495531,
        "nauc_recall_at_10_diff1": 0.497481,
        "nauc_recall_at_20_max": 0.743839,
        "nauc_recall_at_20_std": 0.595345,
        "nauc_recall_at_20_diff1": 0.424542,
        "nauc_recall_at_100_max": NaN,
        "nauc_recall_at_100_std": NaN,
        "nauc_recall_at_100_diff1": NaN,
        "nauc_recall_at_1000_max": NaN,
        "nauc_recall_at_1000_std": NaN,
        "nauc_recall_at_1000_diff1": NaN,
        "nauc_precision_at_1_max": 0.593739,
        "nauc_precision_at_1_std": 0.069783,
        "nauc_precision_at_1_diff1": 0.457422,
        "nauc_precision_at_3_max": 0.546434,
        "nauc_precision_at_3_std": 0.038319,
        "nauc_precision_at_3_diff1": 0.269651,
        "nauc_precision_at_5_max": 0.670306,
        "nauc_precision_at_5_std": 0.034089,
        "nauc_precision_at_5_diff1": 0.334188,
        "nauc_precision_at_10_max": 0.730049,
        "nauc_precision_at_10_std": 0.495531,
        "nauc_precision_at_10_diff1": 0.497481,
        "nauc_precision_at_20_max": 0.743839,
        "nauc_precision_at_20_std": 0.595345,
        "nauc_precision_at_20_diff1": 0.424542,
        "nauc_precision_at_100_max": 1.0,
        "nauc_precision_at_100_std": 1.0,
        "nauc_precision_at_100_diff1": 1.0,
        "nauc_precision_at_1000_max": NaN,
        "nauc_precision_at_1000_std": NaN,
        "nauc_precision_at_1000_diff1": NaN,
        "nauc_mrr_at_1_max": 0.593739,
        "nauc_mrr_at_1_std": 0.069783,
        "nauc_mrr_at_1_diff1": 0.457422,
        "nauc_mrr_at_3_max": 0.606891,
        "nauc_mrr_at_3_std": 0.035413,
        "nauc_mrr_at_3_diff1": 0.45233,
        "nauc_mrr_at_5_max": 0.605795,
        "nauc_mrr_at_5_std": 0.018497,
        "nauc_mrr_at_5_diff1": 0.466105,
        "nauc_mrr_at_10_max": 0.610815,
        "nauc_mrr_at_10_std": 0.053012,
        "nauc_mrr_at_10_diff1": 0.460905,
        "nauc_mrr_at_20_max": 0.610815,
        "nauc_mrr_at_20_std": 0.053012,
        "nauc_mrr_at_20_diff1": 0.460905,
        "nauc_mrr_at_100_max": 0.608938,
        "nauc_mrr_at_100_std": 0.049003,
        "nauc_mrr_at_100_diff1": 0.459926,
        "nauc_mrr_at_1000_max": 0.608938,
        "nauc_mrr_at_1000_std": 0.049003,
        "nauc_mrr_at_1000_diff1": 0.459926,
        "main_score": 0.81129,
        "hf_subset": "default",
        "languages": [
          "eng-Latn"
        ]
      }
    ]
  },
  "evaluation_time": 1.161073923110962,
  "kg_co2_emissions": null
}