{
  "dataset_revision": "f5452494f09a6d51c37b56883a65ef742ac07c99",
  "task_name": "echr-retrieval",
  "mteb_version": "1.39.7",
  "scores": {
    "test": [
      {
        "ndcg_at_1": 0.085,
        "ndcg_at_3": 0.11958,
        "ndcg_at_5": 0.13809,
        "ndcg_at_10": 0.17497,
        "ndcg_at_20": 0.19899,
        "ndcg_at_100": 0.26854,
        "ndcg_at_1000": 0.29809,
        "map_at_1": 0.085,
        "map_at_3": 0.11083,
        "map_at_5": 0.12108,
        "map_at_10": 0.13612,
        "map_at_20": 0.14271,
        "map_at_100": 0.15166,
        "map_at_1000": 0.15307,
        "recall_at_1": 0.085,
        "recall_at_3": 0.145,
        "recall_at_5": 0.19,
        "recall_at_10": 0.305,
        "recall_at_20": 0.4,
        "recall_at_100": 0.785,
        "recall_at_1000": 1.0,
        "precision_at_1": 0.085,
        "precision_at_3": 0.04833,
        "precision_at_5": 0.038,
        "precision_at_10": 0.0305,
        "precision_at_20": 0.02,
        "precision_at_100": 0.00785,
        "precision_at_1000": 0.001,
        "mrr_at_1": 0.085,
        "mrr_at_3": 0.110833,
        "mrr_at_5": 0.121083,
        "mrr_at_10": 0.136115,
        "mrr_at_20": 0.14271,
        "mrr_at_100": 0.151659,
        "mrr_at_1000": 0.153066,
        "nauc_ndcg_at_1_max": -0.001152,
        "nauc_ndcg_at_1_std": -0.048801,
        "nauc_ndcg_at_1_diff1": 0.245048,
        "nauc_ndcg_at_3_max": 0.072731,
        "nauc_ndcg_at_3_std": 0.052402,
        "nauc_ndcg_at_3_diff1": 0.16667,
        "nauc_ndcg_at_5_max": 0.093896,
        "nauc_ndcg_at_5_std": 0.082421,
        "nauc_ndcg_at_5_diff1": 0.133091,
        "nauc_ndcg_at_10_max": 0.125021,
        "nauc_ndcg_at_10_std": 0.07165,
        "nauc_ndcg_at_10_diff1": 0.142115,
        "nauc_ndcg_at_20_max": 0.11133,
        "nauc_ndcg_at_20_std": 0.090259,
        "nauc_ndcg_at_20_diff1": 0.157843,
        "nauc_ndcg_at_100_max": 0.096104,
        "nauc_ndcg_at_100_std": 0.120477,
        "nauc_ndcg_at_100_diff1": 0.149905,
        "nauc_ndcg_at_1000_max": 0.09725,
        "nauc_ndcg_at_1000_std": 0.078768,
        "nauc_ndcg_at_1000_diff1": 0.155879,
        "nauc_map_at_1_max": -0.001152,
        "nauc_map_at_1_std": -0.048801,
        "nauc_map_at_1_diff1": 0.245048,
        "nauc_map_at_3_max": 0.058929,
        "nauc_map_at_3_std": 0.032389,
        "nauc_map_at_3_diff1": 0.184167,
        "nauc_map_at_5_max": 0.070627,
        "nauc_map_at_5_std": 0.05104,
        "nauc_map_at_5_diff1": 0.163031,
        "nauc_map_at_10_max": 0.086671,
        "nauc_map_at_10_std": 0.046859,
        "nauc_map_at_10_diff1": 0.163519,
        "nauc_map_at_20_max": 0.082187,
        "nauc_map_at_20_std": 0.052362,
        "nauc_map_at_20_diff1": 0.168677,
        "nauc_map_at_100_max": 0.08097,
        "nauc_map_at_100_std": 0.055989,
        "nauc_map_at_100_diff1": 0.166087,
        "nauc_map_at_1000_max": 0.081019,
        "nauc_map_at_1000_std": 0.053757,
        "nauc_map_at_1000_diff1": 0.166664,
        "nauc_recall_at_1_max": -0.001152,
        "nauc_recall_at_1_std": -0.048801,
        "nauc_recall_at_1_diff1": 0.245048,
        "nauc_recall_at_3_max": 0.104617,
        "nauc_recall_at_3_std": 0.099025,
        "nauc_recall_at_3_diff1": 0.125249,
        "nauc_recall_at_5_max": 0.144587,
        "nauc_recall_at_5_std": 0.149572,
        "nauc_recall_at_5_diff1": 0.068359,
        "nauc_recall_at_10_max": 0.200233,
        "nauc_recall_at_10_std": 0.114842,
        "nauc_recall_at_10_diff1": 0.107664,
        "nauc_recall_at_20_max": 0.161979,
        "nauc_recall_at_20_std": 0.164721,
        "nauc_recall_at_20_diff1": 0.149929,
        "nauc_recall_at_100_max": 0.091784,
        "nauc_recall_at_100_std": 0.406759,
        "nauc_recall_at_100_diff1": 0.116665,
        "nauc_recall_at_1000_max": NaN,
        "nauc_recall_at_1000_std": NaN,
        "nauc_recall_at_1000_diff1": NaN,
        "nauc_precision_at_1_max": -0.001152,
        "nauc_precision_at_1_std": -0.048801,
        "nauc_precision_at_1_diff1": 0.245048,
        "nauc_precision_at_3_max": 0.104617,
        "nauc_precision_at_3_std": 0.099025,
        "nauc_precision_at_3_diff1": 0.125249,
        "nauc_precision_at_5_max": 0.144587,
        "nauc_precision_at_5_std": 0.149572,
        "nauc_precision_at_5_diff1": 0.068359,
        "nauc_precision_at_10_max": 0.200233,
        "nauc_precision_at_10_std": 0.114842,
        "nauc_precision_at_10_diff1": 0.107664,
        "nauc_precision_at_20_max": 0.161979,
        "nauc_precision_at_20_std": 0.164721,
        "nauc_precision_at_20_diff1": 0.149929,
        "nauc_precision_at_100_max": 0.091784,
        "nauc_precision_at_100_std": 0.406759,
        "nauc_precision_at_100_diff1": 0.116665,
        "nauc_precision_at_1000_max": 1.0,
        "nauc_precision_at_1000_std": 1.0,
        "nauc_precision_at_1000_diff1": 1.0,
        "nauc_mrr_at_1_max": -0.001152,
        "nauc_mrr_at_1_std": -0.048801,
        "nauc_mrr_at_1_diff1": 0.245048,
        "nauc_mrr_at_3_max": 0.058929,
        "nauc_mrr_at_3_std": 0.032389,
        "nauc_mrr_at_3_diff1": 0.184167,
        "nauc_mrr_at_5_max": 0.070627,
        "nauc_mrr_at_5_std": 0.05104,
        "nauc_mrr_at_5_diff1": 0.163031,
        "nauc_mrr_at_10_max": 0.086671,
        "nauc_mrr_at_10_std": 0.046859,
        "nauc_mrr_at_10_diff1": 0.163519,
        "nauc_mrr_at_20_max": 0.082187,
        "nauc_mrr_at_20_std": 0.052362,
        "nauc_mrr_at_20_diff1": 0.168677,
        "nauc_mrr_at_100_max": 0.08097,
        "nauc_mrr_at_100_std": 0.055989,
        "nauc_mrr_at_100_diff1": 0.166087,
        "nauc_mrr_at_1000_max": 0.081019,
        "nauc_mrr_at_1000_std": 0.053757,
        "nauc_mrr_at_1000_diff1": 0.166664,
        "main_score": 0.17497,
        "hf_subset": "default",
        "languages": [
          "eng-Latn"
        ]
      }
    ]
  },
  "evaluation_time": 31.70721673965454,
  "kg_co2_emissions": null
}