{
  "dataset_revision": "8d41f3d22bb73685b6f42b62ad95940ea3dfbf84",
  "task_name": "gdpr-holdings-retrieval",
  "mteb_version": "1.38.49",
  "scores": {
    "test": [
      {
        "ndcg_at_1": 0.8,
        "ndcg_at_3": 0.86043,
        "ndcg_at_5": 0.8686,
        "ndcg_at_10": 0.87834,
        "ndcg_at_20": 0.88282,
        "ndcg_at_100": 0.88635,
        "ndcg_at_1000": 0.88768,
        "map_at_1": 0.8,
        "map_at_3": 0.846,
        "map_at_5": 0.8505,
        "map_at_10": 0.85454,
        "map_at_20": 0.85573,
        "map_at_100": 0.85617,
        "map_at_1000": 0.85623,
        "recall_at_1": 0.8,
        "recall_at_3": 0.902,
        "recall_at_5": 0.922,
        "recall_at_10": 0.952,
        "recall_at_20": 0.97,
        "recall_at_100": 0.99,
        "recall_at_1000": 1.0,
        "precision_at_1": 0.8,
        "precision_at_3": 0.30067,
        "precision_at_5": 0.1844,
        "precision_at_10": 0.0952,
        "precision_at_20": 0.0485,
        "precision_at_100": 0.0099,
        "precision_at_1000": 0.001,
        "mrr_at_1": 0.8,
        "mrr_at_3": 0.846,
        "mrr_at_5": 0.8505,
        "mrr_at_10": 0.854537,
        "mrr_at_20": 0.85573,
        "mrr_at_100": 0.856165,
        "mrr_at_1000": 0.856227,
        "nauc_ndcg_at_1_max": 0.568437,
        "nauc_ndcg_at_1_std": -0.240504,
        "nauc_ndcg_at_1_diff1": 0.891788,
        "nauc_ndcg_at_3_max": 0.656559,
        "nauc_ndcg_at_3_std": -0.241868,
        "nauc_ndcg_at_3_diff1": 0.87926,
        "nauc_ndcg_at_5_max": 0.66448,
        "nauc_ndcg_at_5_std": -0.210236,
        "nauc_ndcg_at_5_diff1": 0.879326,
        "nauc_ndcg_at_10_max": 0.651575,
        "nauc_ndcg_at_10_std": -0.194259,
        "nauc_ndcg_at_10_diff1": 0.880916,
        "nauc_ndcg_at_20_max": 0.641783,
        "nauc_ndcg_at_20_std": -0.198608,
        "nauc_ndcg_at_20_diff1": 0.879857,
        "nauc_ndcg_at_100_max": 0.642369,
        "nauc_ndcg_at_100_std": -0.199243,
        "nauc_ndcg_at_100_diff1": 0.881872,
        "nauc_ndcg_at_1000_max": 0.638251,
        "nauc_ndcg_at_1000_std": -0.210036,
        "nauc_ndcg_at_1000_diff1": 0.881328,
        "nauc_map_at_1_max": 0.568437,
        "nauc_map_at_1_std": -0.240504,
        "nauc_map_at_1_diff1": 0.891788,
        "nauc_map_at_3_max": 0.633383,
        "nauc_map_at_3_std": -0.24313,
        "nauc_map_at_3_diff1": 0.882674,
        "nauc_map_at_5_max": 0.63657,
        "nauc_map_at_5_std": -0.227442,
        "nauc_map_at_5_diff1": 0.882787,
        "nauc_map_at_10_max": 0.631417,
        "nauc_map_at_10_std": -0.221049,
        "nauc_map_at_10_diff1": 0.883383,
        "nauc_map_at_20_max": 0.629098,
        "nauc_map_at_20_std": -0.222713,
        "nauc_map_at_20_diff1": 0.883208,
        "nauc_map_at_100_max": 0.629251,
        "nauc_map_at_100_std": -0.222015,
        "nauc_map_at_100_diff1": 0.883185,
        "nauc_map_at_1000_max": 0.629098,
        "nauc_map_at_1000_std": -0.222441,
        "nauc_map_at_1000_diff1": 0.883161,
        "nauc_recall_at_1_max": 0.568437,
        "nauc_recall_at_1_std": -0.240504,
        "nauc_recall_at_1_diff1": 0.891788,
        "nauc_recall_at_3_max": 0.754387,
        "nauc_recall_at_3_std": -0.23537,
        "nauc_recall_at_3_diff1": 0.864765,
        "nauc_recall_at_5_max": 0.810362,
        "nauc_recall_at_5_std": -0.11092,
        "nauc_recall_at_5_diff1": 0.861512,
        "nauc_recall_at_10_max": 0.802793,
        "nauc_recall_at_10_std": 0.050848,
        "nauc_recall_at_10_diff1": 0.863173,
        "nauc_recall_at_20_max": 0.74765,
        "nauc_recall_at_20_std": 0.14958,
        "nauc_recall_at_20_diff1": 0.835543,
        "nauc_recall_at_100_max": 0.973856,
        "nauc_recall_at_100_std": 0.649113,
        "nauc_recall_at_100_diff1": 0.921569,
        "nauc_recall_at_1000_max": NaN,
        "nauc_recall_at_1000_std": NaN,
        "nauc_recall_at_1000_diff1": NaN,
        "nauc_precision_at_1_max": 0.568437,
        "nauc_precision_at_1_std": -0.240504,
        "nauc_precision_at_1_diff1": 0.891788,
        "nauc_precision_at_3_max": 0.754387,
        "nauc_precision_at_3_std": -0.23537,
        "nauc_precision_at_3_diff1": 0.864765,
        "nauc_precision_at_5_max": 0.810362,
        "nauc_precision_at_5_std": -0.11092,
        "nauc_precision_at_5_diff1": 0.861512,
        "nauc_precision_at_10_max": 0.802793,
        "nauc_precision_at_10_std": 0.050848,
        "nauc_precision_at_10_diff1": 0.863173,
        "nauc_precision_at_20_max": 0.74765,
        "nauc_precision_at_20_std": 0.14958,
        "nauc_precision_at_20_diff1": 0.835543,
        "nauc_precision_at_100_max": 0.973856,
        "nauc_precision_at_100_std": 0.649113,
        "nauc_precision_at_100_diff1": 0.921569,
        "nauc_precision_at_1000_max": 1.0,
        "nauc_precision_at_1000_std": 1.0,
        "nauc_precision_at_1000_diff1": 1.0,
        "nauc_mrr_at_1_max": 0.568437,
        "nauc_mrr_at_1_std": -0.240504,
        "nauc_mrr_at_1_diff1": 0.891788,
        "nauc_mrr_at_3_max": 0.633383,
        "nauc_mrr_at_3_std": -0.24313,
        "nauc_mrr_at_3_diff1": 0.882674,
        "nauc_mrr_at_5_max": 0.63657,
        "nauc_mrr_at_5_std": -0.227442,
        "nauc_mrr_at_5_diff1": 0.882787,
        "nauc_mrr_at_10_max": 0.631417,
        "nauc_mrr_at_10_std": -0.221049,
        "nauc_mrr_at_10_diff1": 0.883383,
        "nauc_mrr_at_20_max": 0.629098,
        "nauc_mrr_at_20_std": -0.222713,
        "nauc_mrr_at_20_diff1": 0.883208,
        "nauc_mrr_at_100_max": 0.629251,
        "nauc_mrr_at_100_std": -0.222015,
        "nauc_mrr_at_100_diff1": 0.883185,
        "nauc_mrr_at_1000_max": 0.629098,
        "nauc_mrr_at_1000_std": -0.222441,
        "nauc_mrr_at_1000_diff1": 0.883161,
        "main_score": 0.87834,
        "hf_subset": "default",
        "languages": [
          "eng-Latn"
        ]
      }
    ]
  },
  "evaluation_time": 12.82652473449707,
  "kg_co2_emissions": null
}