{
  "dataset_revision": "66d23b0ce609450ce24d0fc85e9bac69aba90b84",
  "task_name": "housing-qa",
  "mteb_version": "1.38.49",
  "scores": {
    "test": [
      {
        "ndcg_at_1": 0.16822,
        "ndcg_at_3": 0.19854,
        "ndcg_at_5": 0.19979,
        "ndcg_at_10": 0.22639,
        "ndcg_at_20": 0.28721,
        "ndcg_at_100": 0.39369,
        "ndcg_at_1000": 0.43598,
        "map_at_1": 0.06623,
        "map_at_3": 0.1122,
        "map_at_5": 0.12394,
        "map_at_10": 0.14698,
        "map_at_20": 0.16967,
        "map_at_100": 0.19428,
        "map_at_1000": 0.20002,
        "recall_at_1": 0.06623,
        "recall_at_3": 0.16212,
        "recall_at_5": 0.19494,
        "recall_at_10": 0.28457,
        "recall_at_20": 0.45635,
        "recall_at_100": 0.82045,
        "recall_at_1000": 1.0,
        "precision_at_1": 0.16822,
        "precision_at_3": 0.15888,
        "precision_at_5": 0.13084,
        "precision_at_10": 0.10748,
        "precision_at_20": 0.08645,
        "precision_at_100": 0.03589,
        "precision_at_1000": 0.00467,
        "mrr_at_1": 0.168224,
        "mrr_at_3": 0.26324,
        "mrr_at_5": 0.280062,
        "mrr_at_10": 0.298294,
        "mrr_at_20": 0.311289,
        "mrr_at_100": 0.316068,
        "mrr_at_1000": 0.316252,
        "nauc_ndcg_at_1_max": 0.181125,
        "nauc_ndcg_at_1_std": 0.085865,
        "nauc_ndcg_at_1_diff1": 0.014948,
        "nauc_ndcg_at_3_max": 0.152099,
        "nauc_ndcg_at_3_std": -0.007954,
        "nauc_ndcg_at_3_diff1": 0.028109,
        "nauc_ndcg_at_5_max": 0.201555,
        "nauc_ndcg_at_5_std": -0.036216,
        "nauc_ndcg_at_5_diff1": 0.063954,
        "nauc_ndcg_at_10_max": 0.233103,
        "nauc_ndcg_at_10_std": -0.059759,
        "nauc_ndcg_at_10_diff1": 0.117452,
        "nauc_ndcg_at_20_max": 0.27189,
        "nauc_ndcg_at_20_std": -0.017831,
        "nauc_ndcg_at_20_diff1": 0.131894,
        "nauc_ndcg_at_100_max": 0.258061,
        "nauc_ndcg_at_100_std": 0.024346,
        "nauc_ndcg_at_100_diff1": 0.10592,
        "nauc_ndcg_at_1000_max": 0.267657,
        "nauc_ndcg_at_1000_std": 0.099191,
        "nauc_ndcg_at_1000_diff1": 0.062383,
        "nauc_map_at_1_max": 0.195142,
        "nauc_map_at_1_std": -0.118329,
        "nauc_map_at_1_diff1": 0.184111,
        "nauc_map_at_3_max": 0.161947,
        "nauc_map_at_3_std": -0.160524,
        "nauc_map_at_3_diff1": 0.180358,
        "nauc_map_at_5_max": 0.192506,
        "nauc_map_at_5_std": -0.139359,
        "nauc_map_at_5_diff1": 0.174775,
        "nauc_map_at_10_max": 0.21172,
        "nauc_map_at_10_std": -0.120298,
        "nauc_map_at_10_diff1": 0.154447,
        "nauc_map_at_20_max": 0.231707,
        "nauc_map_at_20_std": -0.091291,
        "nauc_map_at_20_diff1": 0.144574,
        "nauc_map_at_100_max": 0.235417,
        "nauc_map_at_100_std": -0.069366,
        "nauc_map_at_100_diff1": 0.137392,
        "nauc_map_at_1000_max": 0.240623,
        "nauc_map_at_1000_std": -0.05178,
        "nauc_map_at_1000_diff1": 0.129377,
        "nauc_recall_at_1_max": 0.195142,
        "nauc_recall_at_1_std": -0.118329,
        "nauc_recall_at_1_diff1": 0.184111,
        "nauc_recall_at_3_max": 0.090994,
        "nauc_recall_at_3_std": -0.210951,
        "nauc_recall_at_3_diff1": 0.163048,
        "nauc_recall_at_5_max": 0.168339,
        "nauc_recall_at_5_std": -0.183374,
        "nauc_recall_at_5_diff1": 0.186166,
        "nauc_recall_at_10_max": 0.236828,
        "nauc_recall_at_10_std": -0.132442,
        "nauc_recall_at_10_diff1": 0.180555,
        "nauc_recall_at_20_max": 0.273657,
        "nauc_recall_at_20_std": -0.058589,
        "nauc_recall_at_20_diff1": 0.195567,
        "nauc_recall_at_100_max": 0.150685,
        "nauc_recall_at_100_std": -0.198019,
        "nauc_recall_at_100_diff1": 0.231957,
        "nauc_recall_at_1000_max": NaN,
        "nauc_recall_at_1000_std": NaN,
        "nauc_recall_at_1000_diff1": NaN,
        "nauc_precision_at_1_max": 0.181125,
        "nauc_precision_at_1_std": 0.085865,
        "nauc_precision_at_1_diff1": 0.014948,
        "nauc_precision_at_3_max": 0.10675,
        "nauc_precision_at_3_std": 0.06494,
        "nauc_precision_at_3_diff1": -0.079929,
        "nauc_precision_at_5_max": 0.208541,
        "nauc_precision_at_5_std": 0.115668,
        "nauc_precision_at_5_diff1": -0.093815,
        "nauc_precision_at_10_max": 0.235924,
        "nauc_precision_at_10_std": 0.185979,
        "nauc_precision_at_10_diff1": -0.078635,
        "nauc_precision_at_20_max": 0.298361,
        "nauc_precision_at_20_std": 0.351672,
        "nauc_precision_at_20_diff1": -0.098473,
        "nauc_precision_at_100_max": 0.131487,
        "nauc_precision_at_100_std": 0.440158,
        "nauc_precision_at_100_diff1": -0.18967,
        "nauc_precision_at_1000_max": 0.111386,
        "nauc_precision_at_1000_std": 0.50128,
        "nauc_precision_at_1000_diff1": -0.23755,
        "nauc_mrr_at_1_max": 0.181125,
        "nauc_mrr_at_1_std": 0.085865,
        "nauc_mrr_at_1_diff1": 0.014948,
        "nauc_mrr_at_3_max": 0.142735,
        "nauc_mrr_at_3_std": 0.057833,
        "nauc_mrr_at_3_diff1": -0.013333,
        "nauc_mrr_at_5_max": 0.177667,
        "nauc_mrr_at_5_std": 0.056068,
        "nauc_mrr_at_5_diff1": 0.001855,
        "nauc_mrr_at_10_max": 0.193775,
        "nauc_mrr_at_10_std": 0.08736,
        "nauc_mrr_at_10_diff1": 0.009243,
        "nauc_mrr_at_20_max": 0.205274,
        "nauc_mrr_at_20_std": 0.096084,
        "nauc_mrr_at_20_diff1": 0.01609,
        "nauc_mrr_at_100_max": 0.200767,
        "nauc_mrr_at_100_std": 0.089833,
        "nauc_mrr_at_100_diff1": 0.015017,
        "nauc_mrr_at_1000_max": 0.200532,
        "nauc_mrr_at_1000_std": 0.090021,
        "nauc_mrr_at_1000_diff1": 0.014791,
        "main_score": 0.22639,
        "hf_subset": "default",
        "languages": [
          "eng-Latn"
        ]
      }
    ]
  },
  "evaluation_time": 5.347895383834839,
  "kg_co2_emissions": null
}