{
  "dataset_revision": "bbf8b2d84b7de5970b2ba4ea843c791285fdb1df",
  "task_name": "irish-legislative-summaries",
  "mteb_version": "1.38.49",
  "scores": {
    "test": [
      {
        "ndcg_at_1": 0.61,
        "ndcg_at_3": 0.70666,
        "ndcg_at_5": 0.72293,
        "ndcg_at_10": 0.7459,
        "ndcg_at_20": 0.75889,
        "ndcg_at_100": 0.76862,
        "ndcg_at_1000": 0.77023,
        "map_at_1": 0.61,
        "map_at_3": 0.68333,
        "map_at_5": 0.69223,
        "map_at_10": 0.7019,
        "map_at_20": 0.70539,
        "map_at_100": 0.70676,
        "map_at_1000": 0.70683,
        "recall_at_1": 0.61,
        "recall_at_3": 0.774,
        "recall_at_5": 0.814,
        "recall_at_10": 0.884,
        "recall_at_20": 0.936,
        "recall_at_100": 0.988,
        "recall_at_1000": 1.0,
        "precision_at_1": 0.61,
        "precision_at_3": 0.258,
        "precision_at_5": 0.1628,
        "precision_at_10": 0.0884,
        "precision_at_20": 0.0468,
        "precision_at_100": 0.00988,
        "precision_at_1000": 0.001,
        "mrr_at_1": 0.61,
        "mrr_at_3": 0.683333,
        "mrr_at_5": 0.692233,
        "mrr_at_10": 0.701905,
        "mrr_at_20": 0.705389,
        "mrr_at_100": 0.706757,
        "mrr_at_1000": 0.706829,
        "nauc_ndcg_at_1_max": 0.5159,
        "nauc_ndcg_at_1_std": -0.06882,
        "nauc_ndcg_at_1_diff1": 0.716052,
        "nauc_ndcg_at_3_max": 0.52194,
        "nauc_ndcg_at_3_std": -0.112064,
        "nauc_ndcg_at_3_diff1": 0.678295,
        "nauc_ndcg_at_5_max": 0.518508,
        "nauc_ndcg_at_5_std": -0.114086,
        "nauc_ndcg_at_5_diff1": 0.671613,
        "nauc_ndcg_at_10_max": 0.52045,
        "nauc_ndcg_at_10_std": -0.109625,
        "nauc_ndcg_at_10_diff1": 0.672775,
        "nauc_ndcg_at_20_max": 0.51993,
        "nauc_ndcg_at_20_std": -0.083943,
        "nauc_ndcg_at_20_diff1": 0.671804,
        "nauc_ndcg_at_100_max": 0.523241,
        "nauc_ndcg_at_100_std": -0.090141,
        "nauc_ndcg_at_100_diff1": 0.6837,
        "nauc_ndcg_at_1000_max": 0.52207,
        "nauc_ndcg_at_1000_std": -0.093275,
        "nauc_ndcg_at_1000_diff1": 0.683235,
        "nauc_map_at_1_max": 0.5159,
        "nauc_map_at_1_std": -0.06882,
        "nauc_map_at_1_diff1": 0.716052,
        "nauc_map_at_3_max": 0.521544,
        "nauc_map_at_3_std": -0.09957,
        "nauc_map_at_3_diff1": 0.688532,
        "nauc_map_at_5_max": 0.51985,
        "nauc_map_at_5_std": -0.100358,
        "nauc_map_at_5_diff1": 0.685517,
        "nauc_map_at_10_max": 0.520755,
        "nauc_map_at_10_std": -0.098388,
        "nauc_map_at_10_diff1": 0.686762,
        "nauc_map_at_20_max": 0.52069,
        "nauc_map_at_20_std": -0.092669,
        "nauc_map_at_20_diff1": 0.686818,
        "nauc_map_at_100_max": 0.521321,
        "nauc_map_at_100_std": -0.093057,
        "nauc_map_at_100_diff1": 0.68832,
        "nauc_map_at_1000_max": 0.521275,
        "nauc_map_at_1000_std": -0.093184,
        "nauc_map_at_1000_diff1": 0.688299,
        "nauc_recall_at_1_max": 0.5159,
        "nauc_recall_at_1_std": -0.06882,
        "nauc_recall_at_1_diff1": 0.716052,
        "nauc_recall_at_3_max": 0.522711,
        "nauc_recall_at_3_std": -0.158417,
        "nauc_recall_at_3_diff1": 0.640667,
        "nauc_recall_at_5_max": 0.511172,
        "nauc_recall_at_5_std": -0.172713,
        "nauc_recall_at_5_diff1": 0.611324,
        "nauc_recall_at_10_max": 0.516927,
        "nauc_recall_at_10_std": -0.176752,
        "nauc_recall_at_10_diff1": 0.581872,
        "nauc_recall_at_20_max": 0.50623,
        "nauc_recall_at_20_std": 0.102941,
        "nauc_recall_at_20_diff1": 0.496032,
        "nauc_recall_at_100_max": 0.661298,
        "nauc_recall_at_100_std": 0.27381,
        "nauc_recall_at_100_diff1": 0.733505,
        "nauc_recall_at_1000_max": NaN,
        "nauc_recall_at_1000_std": NaN,
        "nauc_recall_at_1000_diff1": NaN,
        "nauc_precision_at_1_max": 0.5159,
        "nauc_precision_at_1_std": -0.06882,
        "nauc_precision_at_1_diff1": 0.716052,
        "nauc_precision_at_3_max": 0.522711,
        "nauc_precision_at_3_std": -0.158417,
        "nauc_precision_at_3_diff1": 0.640667,
        "nauc_precision_at_5_max": 0.511172,
        "nauc_precision_at_5_std": -0.172713,
        "nauc_precision_at_5_diff1": 0.611324,
        "nauc_precision_at_10_max": 0.516927,
        "nauc_precision_at_10_std": -0.176752,
        "nauc_precision_at_10_diff1": 0.581872,
        "nauc_precision_at_20_max": 0.50623,
        "nauc_precision_at_20_std": 0.102941,
        "nauc_precision_at_20_diff1": 0.496032,
        "nauc_precision_at_100_max": 0.661298,
        "nauc_precision_at_100_std": 0.27381,
        "nauc_precision_at_100_diff1": 0.733505,
        "nauc_precision_at_1000_max": 1.0,
        "nauc_precision_at_1000_std": 1.0,
        "nauc_precision_at_1000_diff1": 1.0,
        "nauc_mrr_at_1_max": 0.5159,
        "nauc_mrr_at_1_std": -0.06882,
        "nauc_mrr_at_1_diff1": 0.716052,
        "nauc_mrr_at_3_max": 0.521544,
        "nauc_mrr_at_3_std": -0.09957,
        "nauc_mrr_at_3_diff1": 0.688532,
        "nauc_mrr_at_5_max": 0.51985,
        "nauc_mrr_at_5_std": -0.100358,
        "nauc_mrr_at_5_diff1": 0.685517,
        "nauc_mrr_at_10_max": 0.520755,
        "nauc_mrr_at_10_std": -0.098388,
        "nauc_mrr_at_10_diff1": 0.686762,
        "nauc_mrr_at_20_max": 0.52069,
        "nauc_mrr_at_20_std": -0.092669,
        "nauc_mrr_at_20_diff1": 0.686818,
        "nauc_mrr_at_100_max": 0.521321,
        "nauc_mrr_at_100_std": -0.093057,
        "nauc_mrr_at_100_diff1": 0.68832,
        "nauc_mrr_at_1000_max": 0.521275,
        "nauc_mrr_at_1000_std": -0.093184,
        "nauc_mrr_at_1000_diff1": 0.688299,
        "main_score": 0.7459,
        "hf_subset": "default",
        "languages": [
          "eng-Latn"
        ]
      }
    ]
  },
  "evaluation_time": 81.09796285629272,
  "kg_co2_emissions": null
}