{
  "dataset_revision": "ca0f1732432ad623ba6172b15e8c726b76e50fad",
  "task_name": "legal-rag-bench",
  "mteb_version": "1.39.7",
  "scores": {
    "test": [
      {
        "ndcg_at_1": 0.25,
        "ndcg_at_3": 0.31524,
        "ndcg_at_5": 0.34838,
        "ndcg_at_10": 0.40161,
        "ndcg_at_20": 0.42206,
        "ndcg_at_100": 0.46147,
        "ndcg_at_1000": 0.47284,
        "map_at_1": 0.25,
        "map_at_3": 0.29667,
        "map_at_5": 0.31517,
        "map_at_10": 0.338,
        "map_at_20": 0.34373,
        "map_at_100": 0.34936,
        "map_at_1000": 0.34977,
        "recall_at_1": 0.25,
        "recall_at_3": 0.37,
        "recall_at_5": 0.45,
        "recall_at_10": 0.61,
        "recall_at_20": 0.69,
        "recall_at_100": 0.9,
        "recall_at_1000": 0.99,
        "precision_at_1": 0.25,
        "precision_at_3": 0.12333,
        "precision_at_5": 0.09,
        "precision_at_10": 0.061,
        "precision_at_20": 0.0345,
        "precision_at_100": 0.009,
        "precision_at_1000": 0.00099,
        "mrr_at_1": 0.25,
        "mrr_at_3": 0.296667,
        "mrr_at_5": 0.315167,
        "mrr_at_10": 0.338238,
        "mrr_at_20": 0.343967,
        "mrr_at_100": 0.349594,
        "mrr_at_1000": 0.350007,
        "nauc_ndcg_at_1_max": 0.102847,
        "nauc_ndcg_at_1_std": 0.169386,
        "nauc_ndcg_at_1_diff1": 0.32128,
        "nauc_ndcg_at_3_max": 0.126946,
        "nauc_ndcg_at_3_std": 0.16933,
        "nauc_ndcg_at_3_diff1": 0.261197,
        "nauc_ndcg_at_5_max": 0.082647,
        "nauc_ndcg_at_5_std": 0.117839,
        "nauc_ndcg_at_5_diff1": 0.276885,
        "nauc_ndcg_at_10_max": 0.120306,
        "nauc_ndcg_at_10_std": 0.131535,
        "nauc_ndcg_at_10_diff1": 0.270439,
        "nauc_ndcg_at_20_max": 0.145782,
        "nauc_ndcg_at_20_std": 0.131874,
        "nauc_ndcg_at_20_diff1": 0.26995,
        "nauc_ndcg_at_100_max": 0.161274,
        "nauc_ndcg_at_100_std": 0.177178,
        "nauc_ndcg_at_100_diff1": 0.267251,
        "nauc_ndcg_at_1000_max": 0.138538,
        "nauc_ndcg_at_1000_std": 0.15621,
        "nauc_ndcg_at_1000_diff1": 0.272152,
        "nauc_map_at_1_max": 0.102847,
        "nauc_map_at_1_std": 0.169386,
        "nauc_map_at_1_diff1": 0.32128,
        "nauc_map_at_3_max": 0.12795,
        "nauc_map_at_3_std": 0.167945,
        "nauc_map_at_3_diff1": 0.283359,
        "nauc_map_at_5_max": 0.101819,
        "nauc_map_at_5_std": 0.138024,
        "nauc_map_at_5_diff1": 0.292637,
        "nauc_map_at_10_max": 0.118914,
        "nauc_map_at_10_std": 0.144653,
        "nauc_map_at_10_diff1": 0.290756,
        "nauc_map_at_20_max": 0.125666,
        "nauc_map_at_20_std": 0.144831,
        "nauc_map_at_20_diff1": 0.289763,
        "nauc_map_at_100_max": 0.128398,
        "nauc_map_at_100_std": 0.150565,
        "nauc_map_at_100_diff1": 0.288579,
        "nauc_map_at_1000_max": 0.127618,
        "nauc_map_at_1000_std": 0.149837,
        "nauc_map_at_1000_diff1": 0.28884,
        "nauc_recall_at_1_max": 0.102847,
        "nauc_recall_at_1_std": 0.169386,
        "nauc_recall_at_1_diff1": 0.32128,
        "nauc_recall_at_3_max": 0.121717,
        "nauc_recall_at_3_std": 0.173612,
        "nauc_recall_at_3_diff1": 0.198109,
        "nauc_recall_at_5_max": 0.023492,
        "nauc_recall_at_5_std": 0.05771,
        "nauc_recall_at_5_diff1": 0.232633,
        "nauc_recall_at_10_max": 0.129273,
        "nauc_recall_at_10_std": 0.089239,
        "nauc_recall_at_10_diff1": 0.202469,
        "nauc_recall_at_20_max": 0.249572,
        "nauc_recall_at_20_std": 0.084061,
        "nauc_recall_at_20_diff1": 0.19837,
        "nauc_recall_at_100_max": 0.60957,
        "nauc_recall_at_100_std": 0.70056,
        "nauc_recall_at_100_diff1": 0.087068,
        "nauc_recall_at_1000_max": -0.171335,
        "nauc_recall_at_1000_std": 1.0,
        "nauc_recall_at_1000_diff1": -0.563492,
        "nauc_precision_at_1_max": 0.102847,
        "nauc_precision_at_1_std": 0.169386,
        "nauc_precision_at_1_diff1": 0.32128,
        "nauc_precision_at_3_max": 0.121717,
        "nauc_precision_at_3_std": 0.173612,
        "nauc_precision_at_3_diff1": 0.198109,
        "nauc_precision_at_5_max": 0.023492,
        "nauc_precision_at_5_std": 0.05771,
        "nauc_precision_at_5_diff1": 0.232633,
        "nauc_precision_at_10_max": 0.129273,
        "nauc_precision_at_10_std": 0.089239,
        "nauc_precision_at_10_diff1": 0.202469,
        "nauc_precision_at_20_max": 0.249572,
        "nauc_precision_at_20_std": 0.084061,
        "nauc_precision_at_20_diff1": 0.19837,
        "nauc_precision_at_100_max": 0.60957,
        "nauc_precision_at_100_std": 0.70056,
        "nauc_precision_at_100_diff1": 0.087068,
        "nauc_precision_at_1000_max": -0.171335,
        "nauc_precision_at_1000_std": 1.0,
        "nauc_precision_at_1000_diff1": -0.563492,
        "nauc_mrr_at_1_max": 0.102847,
        "nauc_mrr_at_1_std": 0.169386,
        "nauc_mrr_at_1_diff1": 0.32128,
        "nauc_mrr_at_3_max": 0.12795,
        "nauc_mrr_at_3_std": 0.167945,
        "nauc_mrr_at_3_diff1": 0.283359,
        "nauc_mrr_at_5_max": 0.101819,
        "nauc_mrr_at_5_std": 0.138024,
        "nauc_mrr_at_5_diff1": 0.292637,
        "nauc_mrr_at_10_max": 0.119781,
        "nauc_mrr_at_10_std": 0.145527,
        "nauc_mrr_at_10_diff1": 0.290201,
        "nauc_mrr_at_20_max": 0.126544,
        "nauc_mrr_at_20_std": 0.145714,
        "nauc_mrr_at_20_diff1": 0.289202,
        "nauc_mrr_at_100_max": 0.129288,
        "nauc_mrr_at_100_std": 0.151461,
        "nauc_mrr_at_100_diff1": 0.28801,
        "nauc_mrr_at_1000_max": 0.128509,
        "nauc_mrr_at_1000_std": 0.150734,
        "nauc_mrr_at_1000_diff1": 0.28827,
        "main_score": 0.40161,
        "hf_subset": "default",
        "languages": [
          "eng-Latn"
        ]
      }
    ]
  },
  "evaluation_time": 26.743546724319458,
  "kg_co2_emissions": null
}