{
  "dataset_revision": "ec00129f88e9476e582131dc3a5db9220dfefa48",
  "task_name": "license-tldr-retrieval",
  "mteb_version": "1.38.49",
  "scores": {
    "test": [
      {
        "ndcg_at_1": 0.47692,
        "ndcg_at_3": 0.56795,
        "ndcg_at_5": 0.58782,
        "ndcg_at_10": 0.62351,
        "ndcg_at_20": 0.63895,
        "ndcg_at_100": 0.6685,
        "ndcg_at_1000": 0.6685,
        "map_at_1": 0.47692,
        "map_at_3": 0.54615,
        "map_at_5": 0.55769,
        "map_at_10": 0.57292,
        "map_at_20": 0.5771,
        "map_at_100": 0.58149,
        "map_at_1000": 0.58149,
        "recall_at_1": 0.47692,
        "recall_at_3": 0.63077,
        "recall_at_5": 0.67692,
        "recall_at_10": 0.78462,
        "recall_at_20": 0.84615,
        "recall_at_100": 1.0,
        "recall_at_1000": 1.0,
        "precision_at_1": 0.47692,
        "precision_at_3": 0.21026,
        "precision_at_5": 0.13538,
        "precision_at_10": 0.07846,
        "precision_at_20": 0.04231,
        "precision_at_100": 0.01,
        "precision_at_1000": 0.001,
        "mrr_at_1": 0.476923,
        "mrr_at_3": 0.546154,
        "mrr_at_5": 0.557692,
        "mrr_at_10": 0.572924,
        "mrr_at_20": 0.577101,
        "mrr_at_100": 0.581491,
        "mrr_at_1000": 0.581491,
        "nauc_ndcg_at_1_max": 0.488271,
        "nauc_ndcg_at_1_std": 0.498225,
        "nauc_ndcg_at_1_diff1": 0.707432,
        "nauc_ndcg_at_3_max": 0.561645,
        "nauc_ndcg_at_3_std": 0.595302,
        "nauc_ndcg_at_3_diff1": 0.60477,
        "nauc_ndcg_at_5_max": 0.594715,
        "nauc_ndcg_at_5_std": 0.581493,
        "nauc_ndcg_at_5_diff1": 0.636512,
        "nauc_ndcg_at_10_max": 0.590324,
        "nauc_ndcg_at_10_std": 0.615723,
        "nauc_ndcg_at_10_diff1": 0.620868,
        "nauc_ndcg_at_20_max": 0.570922,
        "nauc_ndcg_at_20_std": 0.607392,
        "nauc_ndcg_at_20_diff1": 0.615214,
        "nauc_ndcg_at_100_max": 0.566595,
        "nauc_ndcg_at_100_std": 0.584938,
        "nauc_ndcg_at_100_diff1": 0.638739,
        "nauc_ndcg_at_1000_max": 0.566595,
        "nauc_ndcg_at_1000_std": 0.584938,
        "nauc_ndcg_at_1000_diff1": 0.638739,
        "nauc_map_at_1_max": 0.488271,
        "nauc_map_at_1_std": 0.498225,
        "nauc_map_at_1_diff1": 0.707432,
        "nauc_map_at_3_max": 0.546908,
        "nauc_map_at_3_std": 0.573173,
        "nauc_map_at_3_diff1": 0.633421,
        "nauc_map_at_5_max": 0.56507,
        "nauc_map_at_5_std": 0.565028,
        "nauc_map_at_5_diff1": 0.651702,
        "nauc_map_at_10_max": 0.562251,
        "nauc_map_at_10_std": 0.578599,
        "nauc_map_at_10_diff1": 0.646101,
        "nauc_map_at_20_max": 0.557177,
        "nauc_map_at_20_std": 0.576141,
        "nauc_map_at_20_diff1": 0.645272,
        "nauc_map_at_100_max": 0.556967,
        "nauc_map_at_100_std": 0.572916,
        "nauc_map_at_100_diff1": 0.64857,
        "nauc_map_at_1000_max": 0.556967,
        "nauc_map_at_1000_std": 0.572916,
        "nauc_map_at_1000_diff1": 0.64857,
        "nauc_recall_at_1_max": 0.488271,
        "nauc_recall_at_1_std": 0.498225,
        "nauc_recall_at_1_diff1": 0.707432,
        "nauc_recall_at_3_max": 0.606637,
        "nauc_recall_at_3_std": 0.664403,
        "nauc_recall_at_3_diff1": 0.512593,
        "nauc_recall_at_5_max": 0.698174,
        "nauc_recall_at_5_std": 0.634419,
        "nauc_recall_at_5_diff1": 0.587765,
        "nauc_recall_at_10_max": 0.719392,
        "nauc_recall_at_10_std": 0.797733,
        "nauc_recall_at_10_diff1": 0.501063,
        "nauc_recall_at_20_max": 0.622548,
        "nauc_recall_at_20_std": 0.800475,
        "nauc_recall_at_20_diff1": 0.413141,
        "nauc_recall_at_100_max": NaN,
        "nauc_recall_at_100_std": NaN,
        "nauc_recall_at_100_diff1": NaN,
        "nauc_recall_at_1000_max": NaN,
        "nauc_recall_at_1000_std": NaN,
        "nauc_recall_at_1000_diff1": NaN,
        "nauc_precision_at_1_max": 0.488271,
        "nauc_precision_at_1_std": 0.498225,
        "nauc_precision_at_1_diff1": 0.707432,
        "nauc_precision_at_3_max": 0.606637,
        "nauc_precision_at_3_std": 0.664403,
        "nauc_precision_at_3_diff1": 0.512593,
        "nauc_precision_at_5_max": 0.698174,
        "nauc_precision_at_5_std": 0.634419,
        "nauc_precision_at_5_diff1": 0.587765,
        "nauc_precision_at_10_max": 0.719392,
        "nauc_precision_at_10_std": 0.797733,
        "nauc_precision_at_10_diff1": 0.501063,
        "nauc_precision_at_20_max": 0.622548,
        "nauc_precision_at_20_std": 0.800475,
        "nauc_precision_at_20_diff1": 0.413141,
        "nauc_precision_at_100_max": NaN,
        "nauc_precision_at_100_std": NaN,
        "nauc_precision_at_100_diff1": NaN,
        "nauc_precision_at_1000_max": 1.0,
        "nauc_precision_at_1000_std": 1.0,
        "nauc_precision_at_1000_diff1": 1.0,
        "nauc_mrr_at_1_max": 0.488271,
        "nauc_mrr_at_1_std": 0.498225,
        "nauc_mrr_at_1_diff1": 0.707432,
        "nauc_mrr_at_3_max": 0.546908,
        "nauc_mrr_at_3_std": 0.573173,
        "nauc_mrr_at_3_diff1": 0.633421,
        "nauc_mrr_at_5_max": 0.56507,
        "nauc_mrr_at_5_std": 0.565028,
        "nauc_mrr_at_5_diff1": 0.651702,
        "nauc_mrr_at_10_max": 0.562251,
        "nauc_mrr_at_10_std": 0.578599,
        "nauc_mrr_at_10_diff1": 0.646101,
        "nauc_mrr_at_20_max": 0.557177,
        "nauc_mrr_at_20_std": 0.576141,
        "nauc_mrr_at_20_diff1": 0.645272,
        "nauc_mrr_at_100_max": 0.556967,
        "nauc_mrr_at_100_std": 0.572916,
        "nauc_mrr_at_100_diff1": 0.64857,
        "nauc_mrr_at_1000_max": 0.556967,
        "nauc_mrr_at_1000_std": 0.572916,
        "nauc_mrr_at_1000_diff1": 0.64857,
        "main_score": 0.62351,
        "hf_subset": "default",
        "languages": [
          "eng-Latn"
        ]
      }
    ]
  },
  "evaluation_time": 5.2919392585754395,
  "kg_co2_emissions": null
}