{
  "dataset_revision": "427e2ae4b22cd9ad990ef8dd4647c16d79c89198",
  "task_name": "singaporean-judicial-keywords",
  "mteb_version": "1.38.49",
  "scores": {
    "test": [
      {
        "ndcg_at_1": 0.646,
        "ndcg_at_3": 0.73888,
        "ndcg_at_5": 0.75618,
        "ndcg_at_10": 0.77163,
        "ndcg_at_20": 0.78077,
        "ndcg_at_100": 0.79083,
        "ndcg_at_1000": 0.79329,
        "map_at_1": 0.646,
        "map_at_3": 0.71633,
        "map_at_5": 0.72593,
        "map_at_10": 0.73226,
        "map_at_20": 0.73479,
        "map_at_100": 0.73634,
        "map_at_1000": 0.73646,
        "recall_at_1": 0.646,
        "recall_at_3": 0.804,
        "recall_at_5": 0.846,
        "recall_at_10": 0.894,
        "recall_at_20": 0.93,
        "recall_at_100": 0.982,
        "recall_at_1000": 1.0,
        "precision_at_1": 0.646,
        "precision_at_3": 0.268,
        "precision_at_5": 0.1692,
        "precision_at_10": 0.0894,
        "precision_at_20": 0.0465,
        "precision_at_100": 0.00982,
        "precision_at_1000": 0.001,
        "mrr_at_1": 0.646,
        "mrr_at_3": 0.716333,
        "mrr_at_5": 0.725933,
        "mrr_at_10": 0.732261,
        "mrr_at_20": 0.734792,
        "mrr_at_100": 0.736342,
        "mrr_at_1000": 0.736459,
        "nauc_ndcg_at_1_max": 0.590464,
        "nauc_ndcg_at_1_std": 0.029406,
        "nauc_ndcg_at_1_diff1": 0.763552,
        "nauc_ndcg_at_3_max": 0.618764,
        "nauc_ndcg_at_3_std": 0.005139,
        "nauc_ndcg_at_3_diff1": 0.72797,
        "nauc_ndcg_at_5_max": 0.635397,
        "nauc_ndcg_at_5_std": 0.024137,
        "nauc_ndcg_at_5_diff1": 0.737297,
        "nauc_ndcg_at_10_max": 0.627608,
        "nauc_ndcg_at_10_std": 0.035586,
        "nauc_ndcg_at_10_diff1": 0.73613,
        "nauc_ndcg_at_20_max": 0.630944,
        "nauc_ndcg_at_20_std": 0.04903,
        "nauc_ndcg_at_20_diff1": 0.740374,
        "nauc_ndcg_at_100_max": 0.625762,
        "nauc_ndcg_at_100_std": 0.04132,
        "nauc_ndcg_at_100_diff1": 0.740247,
        "nauc_ndcg_at_1000_max": 0.621797,
        "nauc_ndcg_at_1000_std": 0.033137,
        "nauc_ndcg_at_1000_diff1": 0.740148,
        "nauc_map_at_1_max": 0.590464,
        "nauc_map_at_1_std": 0.029406,
        "nauc_map_at_1_diff1": 0.763552,
        "nauc_map_at_3_max": 0.611845,
        "nauc_map_at_3_std": 0.013307,
        "nauc_map_at_3_diff1": 0.73646,
        "nauc_map_at_5_max": 0.619651,
        "nauc_map_at_5_std": 0.02294,
        "nauc_map_at_5_diff1": 0.740924,
        "nauc_map_at_10_max": 0.616514,
        "nauc_map_at_10_std": 0.026839,
        "nauc_map_at_10_diff1": 0.740731,
        "nauc_map_at_20_max": 0.6173,
        "nauc_map_at_20_std": 0.029805,
        "nauc_map_at_20_diff1": 0.74168,
        "nauc_map_at_100_max": 0.616348,
        "nauc_map_at_100_std": 0.028428,
        "nauc_map_at_100_diff1": 0.741754,
        "nauc_map_at_1000_max": 0.616188,
        "nauc_map_at_1000_std": 0.028109,
        "nauc_map_at_1000_diff1": 0.741748,
        "nauc_recall_at_1_max": 0.590464,
        "nauc_recall_at_1_std": 0.029406,
        "nauc_recall_at_1_diff1": 0.763552,
        "nauc_recall_at_3_max": 0.644511,
        "nauc_recall_at_3_std": -0.02669,
        "nauc_recall_at_3_diff1": 0.696513,
        "nauc_recall_at_5_max": 0.711356,
        "nauc_recall_at_5_std": 0.0335,
        "nauc_recall_at_5_diff1": 0.724936,
        "nauc_recall_at_10_max": 0.695437,
        "nauc_recall_at_10_std": 0.105914,
        "nauc_recall_at_10_diff1": 0.711659,
        "nauc_recall_at_20_max": 0.762278,
        "nauc_recall_at_20_std": 0.286675,
        "nauc_recall_at_20_diff1": 0.746792,
        "nauc_recall_at_100_max": 0.909223,
        "nauc_recall_at_100_std": 0.629733,
        "nauc_recall_at_100_diff1": 0.745876,
        "nauc_recall_at_1000_max": NaN,
        "nauc_recall_at_1000_std": NaN,
        "nauc_recall_at_1000_diff1": NaN,
        "nauc_precision_at_1_max": 0.590464,
        "nauc_precision_at_1_std": 0.029406,
        "nauc_precision_at_1_diff1": 0.763552,
        "nauc_precision_at_3_max": 0.644511,
        "nauc_precision_at_3_std": -0.02669,
        "nauc_precision_at_3_diff1": 0.696513,
        "nauc_precision_at_5_max": 0.711356,
        "nauc_precision_at_5_std": 0.0335,
        "nauc_precision_at_5_diff1": 0.724936,
        "nauc_precision_at_10_max": 0.695437,
        "nauc_precision_at_10_std": 0.105914,
        "nauc_precision_at_10_diff1": 0.711659,
        "nauc_precision_at_20_max": 0.762278,
        "nauc_precision_at_20_std": 0.286675,
        "nauc_precision_at_20_diff1": 0.746792,
        "nauc_precision_at_100_max": 0.909223,
        "nauc_precision_at_100_std": 0.629733,
        "nauc_precision_at_100_diff1": 0.745876,
        "nauc_precision_at_1000_max": 1.0,
        "nauc_precision_at_1000_std": 1.0,
        "nauc_precision_at_1000_diff1": 1.0,
        "nauc_mrr_at_1_max": 0.590464,
        "nauc_mrr_at_1_std": 0.029406,
        "nauc_mrr_at_1_diff1": 0.763552,
        "nauc_mrr_at_3_max": 0.611845,
        "nauc_mrr_at_3_std": 0.013307,
        "nauc_mrr_at_3_diff1": 0.73646,
        "nauc_mrr_at_5_max": 0.619651,
        "nauc_mrr_at_5_std": 0.02294,
        "nauc_mrr_at_5_diff1": 0.740924,
        "nauc_mrr_at_10_max": 0.616514,
        "nauc_mrr_at_10_std": 0.026839,
        "nauc_mrr_at_10_diff1": 0.740731,
        "nauc_mrr_at_20_max": 0.6173,
        "nauc_mrr_at_20_std": 0.029805,
        "nauc_mrr_at_20_diff1": 0.74168,
        "nauc_mrr_at_100_max": 0.616348,
        "nauc_mrr_at_100_std": 0.028428,
        "nauc_mrr_at_100_diff1": 0.741754,
        "nauc_mrr_at_1000_max": 0.616188,
        "nauc_mrr_at_1000_std": 0.028109,
        "nauc_mrr_at_1000_diff1": 0.741748,
        "main_score": 0.77163,
        "hf_subset": "default",
        "languages": [
          "eng-Latn"
        ]
      }
    ]
  },
  "evaluation_time": 130.30948948860168,
  "kg_co2_emissions": null
}