{
  "dataset_revision": "436d6a79d06cac556799e9e0be54a6fb90bf7182",
  "task_name": "uk-legislative-long-titles",
  "mteb_version": "1.38.49",
  "scores": {
    "test": [
      {
        "ndcg_at_1": 0.83333,
        "ndcg_at_3": 0.8866,
        "ndcg_at_5": 0.89652,
        "ndcg_at_10": 0.90536,
        "ndcg_at_20": 0.90872,
        "ndcg_at_100": 0.91119,
        "ndcg_at_1000": 0.91119,
        "map_at_1": 0.83333,
        "map_at_3": 0.87393,
        "map_at_5": 0.87906,
        "map_at_10": 0.88303,
        "map_at_20": 0.88401,
        "map_at_100": 0.88437,
        "map_at_1000": 0.88437,
        "recall_at_1": 0.83333,
        "recall_at_3": 0.92308,
        "recall_at_5": 0.94872,
        "recall_at_10": 0.97436,
        "recall_at_20": 0.98718,
        "recall_at_100": 1.0,
        "recall_at_1000": 1.0,
        "precision_at_1": 0.83333,
        "precision_at_3": 0.30769,
        "precision_at_5": 0.18974,
        "precision_at_10": 0.09744,
        "precision_at_20": 0.04936,
        "precision_at_100": 0.01,
        "precision_at_1000": 0.001,
        "mrr_at_1": 0.833333,
        "mrr_at_3": 0.873932,
        "mrr_at_5": 0.87906,
        "mrr_at_10": 0.883028,
        "mrr_at_20": 0.884014,
        "mrr_at_100": 0.88437,
        "mrr_at_1000": 0.88437,
        "nauc_ndcg_at_1_max": 0.815583,
        "nauc_ndcg_at_1_std": 0.354642,
        "nauc_ndcg_at_1_diff1": 0.977391,
        "nauc_ndcg_at_3_max": 0.839556,
        "nauc_ndcg_at_3_std": 0.351258,
        "nauc_ndcg_at_3_diff1": 0.955951,
        "nauc_ndcg_at_5_max": 0.843969,
        "nauc_ndcg_at_5_std": 0.422726,
        "nauc_ndcg_at_5_diff1": 0.965388,
        "nauc_ndcg_at_10_max": 0.8289,
        "nauc_ndcg_at_10_std": 0.389225,
        "nauc_ndcg_at_10_diff1": 0.962045,
        "nauc_ndcg_at_20_max": 0.839397,
        "nauc_ndcg_at_20_std": 0.399372,
        "nauc_ndcg_at_20_diff1": 0.965602,
        "nauc_ndcg_at_100_max": 0.834785,
        "nauc_ndcg_at_100_std": 0.382127,
        "nauc_ndcg_at_100_diff1": 0.964615,
        "nauc_ndcg_at_1000_max": 0.834785,
        "nauc_ndcg_at_1000_std": 0.382127,
        "nauc_ndcg_at_1000_diff1": 0.964615,
        "nauc_map_at_1_max": 0.815583,
        "nauc_map_at_1_std": 0.354642,
        "nauc_map_at_1_diff1": 0.977391,
        "nauc_map_at_3_max": 0.835219,
        "nauc_map_at_3_std": 0.356938,
        "nauc_map_at_3_diff1": 0.961444,
        "nauc_map_at_5_max": 0.83699,
        "nauc_map_at_5_std": 0.388959,
        "nauc_map_at_5_diff1": 0.965881,
        "nauc_map_at_10_max": 0.831254,
        "nauc_map_at_10_std": 0.375906,
        "nauc_map_at_10_diff1": 0.96468,
        "nauc_map_at_20_max": 0.833699,
        "nauc_map_at_20_std": 0.378133,
        "nauc_map_at_20_diff1": 0.965525,
        "nauc_map_at_100_max": 0.833168,
        "nauc_map_at_100_std": 0.376146,
        "nauc_map_at_100_diff1": 0.965415,
        "nauc_map_at_1000_max": 0.833168,
        "nauc_map_at_1000_std": 0.376146,
        "nauc_map_at_1000_diff1": 0.965415,
        "nauc_recall_at_1_max": 0.815583,
        "nauc_recall_at_1_std": 0.354642,
        "nauc_recall_at_1_diff1": 0.977391,
        "nauc_recall_at_3_max": 0.85731,
        "nauc_recall_at_3_std": 0.322266,
        "nauc_recall_at_3_diff1": 0.931635,
        "nauc_recall_at_5_max": 0.888514,
        "nauc_recall_at_5_std": 0.669393,
        "nauc_recall_at_5_diff1": 0.967227,
        "nauc_recall_at_10_max": 0.777028,
        "nauc_recall_at_10_std": 0.561758,
        "nauc_recall_at_10_diff1": 0.934454,
        "nauc_recall_at_20_max": 1.0,
        "nauc_recall_at_20_std": 1.0,
        "nauc_recall_at_20_diff1": 1.0,
        "nauc_recall_at_100_max": NaN,
        "nauc_recall_at_100_std": NaN,
        "nauc_recall_at_100_diff1": NaN,
        "nauc_recall_at_1000_max": NaN,
        "nauc_recall_at_1000_std": NaN,
        "nauc_recall_at_1000_diff1": NaN,
        "nauc_precision_at_1_max": 0.815583,
        "nauc_precision_at_1_std": 0.354642,
        "nauc_precision_at_1_diff1": 0.977391,
        "nauc_precision_at_3_max": 0.85731,
        "nauc_precision_at_3_std": 0.322266,
        "nauc_precision_at_3_diff1": 0.931635,
        "nauc_precision_at_5_max": 0.888514,
        "nauc_precision_at_5_std": 0.669393,
        "nauc_precision_at_5_diff1": 0.967227,
        "nauc_precision_at_10_max": 0.777028,
        "nauc_precision_at_10_std": 0.561758,
        "nauc_precision_at_10_diff1": 0.934454,
        "nauc_precision_at_20_max": 1.0,
        "nauc_precision_at_20_std": 1.0,
        "nauc_precision_at_20_diff1": 1.0,
        "nauc_precision_at_100_max": 1.0,
        "nauc_precision_at_100_std": 1.0,
        "nauc_precision_at_100_diff1": 1.0,
        "nauc_precision_at_1000_max": 1.0,
        "nauc_precision_at_1000_std": 1.0,
        "nauc_precision_at_1000_diff1": 1.0,
        "nauc_mrr_at_1_max": 0.815583,
        "nauc_mrr_at_1_std": 0.354642,
        "nauc_mrr_at_1_diff1": 0.977391,
        "nauc_mrr_at_3_max": 0.835219,
        "nauc_mrr_at_3_std": 0.356938,
        "nauc_mrr_at_3_diff1": 0.961444,
        "nauc_mrr_at_5_max": 0.83699,
        "nauc_mrr_at_5_std": 0.388959,
        "nauc_mrr_at_5_diff1": 0.965881,
        "nauc_mrr_at_10_max": 0.831254,
        "nauc_mrr_at_10_std": 0.375906,
        "nauc_mrr_at_10_diff1": 0.96468,
        "nauc_mrr_at_20_max": 0.833699,
        "nauc_mrr_at_20_std": 0.378133,
        "nauc_mrr_at_20_diff1": 0.965525,
        "nauc_mrr_at_100_max": 0.833168,
        "nauc_mrr_at_100_std": 0.376146,
        "nauc_mrr_at_100_diff1": 0.965415,
        "nauc_mrr_at_1000_max": 0.833168,
        "nauc_mrr_at_1000_std": 0.376146,
        "nauc_mrr_at_1000_diff1": 0.965415,
        "main_score": 0.90536,
        "hf_subset": "default",
        "languages": [
          "eng-Latn"
        ]
      }
    ]
  },
  "evaluation_time": 16.981897115707397,
  "kg_co2_emissions": null
}