{
  "dataset_revision": "c64c3baac6bfd5f934d2df6e5d42dcb7d87c8ba8",
  "task_name": "australian-tax-guidance-retrieval",
  "mteb_version": "1.38.49",
  "scores": {
    "test": [
      {
        "ndcg_at_1": 0.59821,
        "ndcg_at_3": 0.70387,
        "ndcg_at_5": 0.74115,
        "ndcg_at_10": 0.76358,
        "ndcg_at_20": 0.77326,
        "ndcg_at_100": 0.7781,
        "ndcg_at_1000": 0.7781,
        "map_at_1": 0.59821,
        "map_at_3": 0.67857,
        "map_at_5": 0.69955,
        "map_at_10": 0.70842,
        "map_at_20": 0.71142,
        "map_at_100": 0.71204,
        "map_at_1000": 0.71204,
        "recall_at_1": 0.59821,
        "recall_at_3": 0.77679,
        "recall_at_5": 0.86607,
        "recall_at_10": 0.9375,
        "recall_at_20": 0.97321,
        "recall_at_100": 1.0,
        "recall_at_1000": 1.0,
        "precision_at_1": 0.59821,
        "precision_at_3": 0.25893,
        "precision_at_5": 0.17321,
        "precision_at_10": 0.09375,
        "precision_at_20": 0.04866,
        "precision_at_100": 0.01,
        "precision_at_1000": 0.001,
        "mrr_at_1": 0.598214,
        "mrr_at_3": 0.678571,
        "mrr_at_5": 0.699554,
        "mrr_at_10": 0.708418,
        "mrr_at_20": 0.711424,
        "mrr_at_100": 0.712041,
        "mrr_at_1000": 0.712041,
        "nauc_ndcg_at_1_max": 0.169774,
        "nauc_ndcg_at_1_std": -0.002282,
        "nauc_ndcg_at_1_diff1": 0.500139,
        "nauc_ndcg_at_3_max": 0.20819,
        "nauc_ndcg_at_3_std": 0.001601,
        "nauc_ndcg_at_3_diff1": 0.474659,
        "nauc_ndcg_at_5_max": 0.259578,
        "nauc_ndcg_at_5_std": 0.06404,
        "nauc_ndcg_at_5_diff1": 0.481056,
        "nauc_ndcg_at_10_max": 0.214423,
        "nauc_ndcg_at_10_std": 0.072051,
        "nauc_ndcg_at_10_diff1": 0.457704,
        "nauc_ndcg_at_20_max": 0.19918,
        "nauc_ndcg_at_20_std": 0.041045,
        "nauc_ndcg_at_20_diff1": 0.483877,
        "nauc_ndcg_at_100_max": 0.205956,
        "nauc_ndcg_at_100_std": 0.036793,
        "nauc_ndcg_at_100_diff1": 0.483062,
        "nauc_ndcg_at_1000_max": 0.205956,
        "nauc_ndcg_at_1000_std": 0.036793,
        "nauc_ndcg_at_1000_diff1": 0.483062,
        "nauc_map_at_1_max": 0.169774,
        "nauc_map_at_1_std": -0.002282,
        "nauc_map_at_1_diff1": 0.500139,
        "nauc_map_at_3_max": 0.195603,
        "nauc_map_at_3_std": 0.001303,
        "nauc_map_at_3_diff1": 0.480695,
        "nauc_map_at_5_max": 0.220373,
        "nauc_map_at_5_std": 0.032463,
        "nauc_map_at_5_diff1": 0.485188,
        "nauc_map_at_10_max": 0.203959,
        "nauc_map_at_10_std": 0.035799,
        "nauc_map_at_10_diff1": 0.477373,
        "nauc_map_at_20_max": 0.20023,
        "nauc_map_at_20_std": 0.027779,
        "nauc_map_at_20_diff1": 0.484518,
        "nauc_map_at_100_max": 0.201147,
        "nauc_map_at_100_std": 0.02776,
        "nauc_map_at_100_diff1": 0.484477,
        "nauc_map_at_1000_max": 0.201147,
        "nauc_map_at_1000_std": 0.02776,
        "nauc_map_at_1000_diff1": 0.484477,
        "nauc_recall_at_1_max": 0.169774,
        "nauc_recall_at_1_std": -0.002282,
        "nauc_recall_at_1_diff1": 0.500139,
        "nauc_recall_at_3_max": 0.256595,
        "nauc_recall_at_3_std": 0.002284,
        "nauc_recall_at_3_diff1": 0.452538,
        "nauc_recall_at_5_max": 0.491262,
        "nauc_recall_at_5_std": 0.254101,
        "nauc_recall_at_5_diff1": 0.458685,
        "nauc_recall_at_10_max": 0.291376,
        "nauc_recall_at_10_std": 0.502051,
        "nauc_recall_at_10_diff1": 0.206299,
        "nauc_recall_at_20_max": -0.010944,
        "nauc_recall_at_20_std": 0.266479,
        "nauc_recall_at_20_diff1": 0.522839,
        "nauc_recall_at_100_max": NaN,
        "nauc_recall_at_100_std": NaN,
        "nauc_recall_at_100_diff1": NaN,
        "nauc_recall_at_1000_max": NaN,
        "nauc_recall_at_1000_std": NaN,
        "nauc_recall_at_1000_diff1": NaN,
        "nauc_precision_at_1_max": 0.169774,
        "nauc_precision_at_1_std": -0.002282,
        "nauc_precision_at_1_diff1": 0.500139,
        "nauc_precision_at_3_max": 0.256595,
        "nauc_precision_at_3_std": 0.002284,
        "nauc_precision_at_3_diff1": 0.452538,
        "nauc_precision_at_5_max": 0.491262,
        "nauc_precision_at_5_std": 0.254101,
        "nauc_precision_at_5_diff1": 0.458685,
        "nauc_precision_at_10_max": 0.291376,
        "nauc_precision_at_10_std": 0.502051,
        "nauc_precision_at_10_diff1": 0.206299,
        "nauc_precision_at_20_max": -0.010944,
        "nauc_precision_at_20_std": 0.266479,
        "nauc_precision_at_20_diff1": 0.522839,
        "nauc_precision_at_100_max": NaN,
        "nauc_precision_at_100_std": NaN,
        "nauc_precision_at_100_diff1": NaN,
        "nauc_precision_at_1000_max": 1.0,
        "nauc_precision_at_1000_std": 1.0,
        "nauc_precision_at_1000_diff1": 1.0,
        "nauc_mrr_at_1_max": 0.169774,
        "nauc_mrr_at_1_std": -0.002282,
        "nauc_mrr_at_1_diff1": 0.500139,
        "nauc_mrr_at_3_max": 0.195603,
        "nauc_mrr_at_3_std": 0.001303,
        "nauc_mrr_at_3_diff1": 0.480695,
        "nauc_mrr_at_5_max": 0.220373,
        "nauc_mrr_at_5_std": 0.032463,
        "nauc_mrr_at_5_diff1": 0.485188,
        "nauc_mrr_at_10_max": 0.203959,
        "nauc_mrr_at_10_std": 0.035799,
        "nauc_mrr_at_10_diff1": 0.477373,
        "nauc_mrr_at_20_max": 0.20023,
        "nauc_mrr_at_20_std": 0.027779,
        "nauc_mrr_at_20_diff1": 0.484518,
        "nauc_mrr_at_100_max": 0.201147,
        "nauc_mrr_at_100_std": 0.02776,
        "nauc_mrr_at_100_diff1": 0.484477,
        "nauc_mrr_at_1000_max": 0.201147,
        "nauc_mrr_at_1000_std": 0.02776,
        "nauc_mrr_at_1000_diff1": 0.484477,
        "main_score": 0.76358,
        "hf_subset": "default",
        "languages": [
          "eng-Latn"
        ]
      }
    ]
  },
  "evaluation_time": 35.04663681983948,
  "kg_co2_emissions": null
}