{
  "dataset_revision": "dd157bbfa479359488c656981e3999da6f42e4e9",
  "task_name": "bar-exam-qa",
  "mteb_version": "1.38.49",
  "scores": {
    "test": [
      {
        "ndcg_at_1": 0.33333,
        "ndcg_at_3": 0.50213,
        "ndcg_at_5": 0.53008,
        "ndcg_at_10": 0.55535,
        "ndcg_at_20": 0.58486,
        "ndcg_at_100": 0.607,
        "ndcg_at_1000": 0.607,
        "map_at_1": 0.33333,
        "map_at_3": 0.46011,
        "map_at_5": 0.4755,
        "map_at_10": 0.48616,
        "map_at_20": 0.49388,
        "map_at_100": 0.49752,
        "map_at_1000": 0.49752,
        "recall_at_1": 0.33333,
        "recall_at_3": 0.62393,
        "recall_at_5": 0.69231,
        "recall_at_10": 0.76923,
        "recall_at_20": 0.88889,
        "recall_at_100": 1.0,
        "recall_at_1000": 1.0,
        "precision_at_1": 0.33333,
        "precision_at_3": 0.20798,
        "precision_at_5": 0.13846,
        "precision_at_10": 0.07692,
        "precision_at_20": 0.04444,
        "precision_at_100": 0.01,
        "precision_at_1000": 0.001,
        "mrr_at_1": 0.333333,
        "mrr_at_3": 0.460114,
        "mrr_at_5": 0.475499,
        "mrr_at_10": 0.486155,
        "mrr_at_20": 0.493878,
        "mrr_at_100": 0.497523,
        "mrr_at_1000": 0.497523,
        "nauc_ndcg_at_1_max": 0.051538,
        "nauc_ndcg_at_1_std": -0.024761,
        "nauc_ndcg_at_1_diff1": 0.270329,
        "nauc_ndcg_at_3_max": 0.090726,
        "nauc_ndcg_at_3_std": -0.020942,
        "nauc_ndcg_at_3_diff1": 0.30399,
        "nauc_ndcg_at_5_max": 0.142231,
        "nauc_ndcg_at_5_std": 0.046793,
        "nauc_ndcg_at_5_diff1": 0.319206,
        "nauc_ndcg_at_10_max": 0.111658,
        "nauc_ndcg_at_10_std": 0.007709,
        "nauc_ndcg_at_10_diff1": 0.323976,
        "nauc_ndcg_at_20_max": 0.090874,
        "nauc_ndcg_at_20_std": -0.016282,
        "nauc_ndcg_at_20_diff1": 0.315504,
        "nauc_ndcg_at_100_max": 0.096666,
        "nauc_ndcg_at_100_std": -0.000553,
        "nauc_ndcg_at_100_diff1": 0.306707,
        "nauc_ndcg_at_1000_max": 0.096666,
        "nauc_ndcg_at_1000_std": -0.000553,
        "nauc_ndcg_at_1000_diff1": 0.306707,
        "nauc_map_at_1_max": 0.051538,
        "nauc_map_at_1_std": -0.024761,
        "nauc_map_at_1_diff1": 0.270329,
        "nauc_map_at_3_max": 0.081102,
        "nauc_map_at_3_std": -0.023066,
        "nauc_map_at_3_diff1": 0.292363,
        "nauc_map_at_5_max": 0.107231,
        "nauc_map_at_5_std": 0.012642,
        "nauc_map_at_5_diff1": 0.299278,
        "nauc_map_at_10_max": 0.095929,
        "nauc_map_at_10_std": -0.00186,
        "nauc_map_at_10_diff1": 0.302146,
        "nauc_map_at_20_max": 0.090646,
        "nauc_map_at_20_std": -0.007597,
        "nauc_map_at_20_diff1": 0.299595,
        "nauc_map_at_100_max": 0.091494,
        "nauc_map_at_100_std": -0.004693,
        "nauc_map_at_100_diff1": 0.298862,
        "nauc_map_at_1000_max": 0.091494,
        "nauc_map_at_1000_std": -0.004693,
        "nauc_map_at_1000_diff1": 0.298862,
        "nauc_recall_at_1_max": 0.051538,
        "nauc_recall_at_1_std": -0.024761,
        "nauc_recall_at_1_diff1": 0.270329,
        "nauc_recall_at_3_max": 0.121314,
        "nauc_recall_at_3_std": -0.013632,
        "nauc_recall_at_3_diff1": 0.342528,
        "nauc_recall_at_5_max": 0.277322,
        "nauc_recall_at_5_std": 0.181333,
        "nauc_recall_at_5_diff1": 0.395798,
        "nauc_recall_at_10_max": 0.171504,
        "nauc_recall_at_10_std": 0.038548,
        "nauc_recall_at_10_diff1": 0.424419,
        "nauc_recall_at_20_max": 0.026456,
        "nauc_recall_at_20_std": -0.167299,
        "nauc_recall_at_20_diff1": 0.43468,
        "nauc_recall_at_100_max": NaN,
        "nauc_recall_at_100_std": NaN,
        "nauc_recall_at_100_diff1": NaN,
        "nauc_recall_at_1000_max": NaN,
        "nauc_recall_at_1000_std": NaN,
        "nauc_recall_at_1000_diff1": NaN,
        "nauc_precision_at_1_max": 0.051538,
        "nauc_precision_at_1_std": -0.024761,
        "nauc_precision_at_1_diff1": 0.270329,
        "nauc_precision_at_3_max": 0.121314,
        "nauc_precision_at_3_std": -0.013632,
        "nauc_precision_at_3_diff1": 0.342528,
        "nauc_precision_at_5_max": 0.277322,
        "nauc_precision_at_5_std": 0.181333,
        "nauc_precision_at_5_diff1": 0.395798,
        "nauc_precision_at_10_max": 0.171504,
        "nauc_precision_at_10_std": 0.038548,
        "nauc_precision_at_10_diff1": 0.424419,
        "nauc_precision_at_20_max": 0.026456,
        "nauc_precision_at_20_std": -0.167299,
        "nauc_precision_at_20_diff1": 0.43468,
        "nauc_precision_at_100_max": NaN,
        "nauc_precision_at_100_std": NaN,
        "nauc_precision_at_100_diff1": NaN,
        "nauc_precision_at_1000_max": 1.0,
        "nauc_precision_at_1000_std": 1.0,
        "nauc_precision_at_1000_diff1": 1.0,
        "nauc_mrr_at_1_max": 0.051538,
        "nauc_mrr_at_1_std": -0.024761,
        "nauc_mrr_at_1_diff1": 0.270329,
        "nauc_mrr_at_3_max": 0.081102,
        "nauc_mrr_at_3_std": -0.023066,
        "nauc_mrr_at_3_diff1": 0.292363,
        "nauc_mrr_at_5_max": 0.107231,
        "nauc_mrr_at_5_std": 0.012642,
        "nauc_mrr_at_5_diff1": 0.299278,
        "nauc_mrr_at_10_max": 0.095929,
        "nauc_mrr_at_10_std": -0.00186,
        "nauc_mrr_at_10_diff1": 0.302146,
        "nauc_mrr_at_20_max": 0.090646,
        "nauc_mrr_at_20_std": -0.007597,
        "nauc_mrr_at_20_diff1": 0.299595,
        "nauc_mrr_at_100_max": 0.091494,
        "nauc_mrr_at_100_std": -0.004693,
        "nauc_mrr_at_100_diff1": 0.298862,
        "nauc_mrr_at_1000_max": 0.091494,
        "nauc_mrr_at_1000_std": -0.004693,
        "nauc_mrr_at_1000_diff1": 0.298862,
        "main_score": 0.55535,
        "hf_subset": "default",
        "languages": [
          "eng-Latn"
        ]
      }
    ]
  },
  "evaluation_time": 32.570188760757446,
  "kg_co2_emissions": null
}