{
  "dataset_revision": "2095f248902963b4480ac96b774ba64b2104cbee",
  "task_name": "consumer-contracts-qa",
  "mteb_version": "1.38.49",
  "scores": {
    "test": [
      {
        "ndcg_at_1": 0.77778,
        "ndcg_at_3": 0.86249,
        "ndcg_at_5": 0.87292,
        "ndcg_at_10": 0.88241,
        "ndcg_at_20": 0.89018,
        "ndcg_at_100": 0.89018,
        "ndcg_at_1000": 0.89018,
        "map_at_1": 0.77778,
        "map_at_3": 0.84428,
        "map_at_5": 0.85008,
        "map_at_10": 0.85382,
        "map_at_20": 0.85601,
        "map_at_100": 0.85601,
        "map_at_1000": 0.85601,
        "recall_at_1": 0.77778,
        "recall_at_3": 0.91414,
        "recall_at_5": 0.93939,
        "recall_at_10": 0.9697,
        "recall_at_20": 1.0,
        "recall_at_100": 1.0,
        "recall_at_1000": 1.0,
        "precision_at_1": 0.77778,
        "precision_at_3": 0.30471,
        "precision_at_5": 0.18788,
        "precision_at_10": 0.09697,
        "precision_at_20": 0.05,
        "precision_at_100": 0.01,
        "precision_at_1000": 0.001,
        "mrr_at_1": 0.777778,
        "mrr_at_3": 0.844276,
        "mrr_at_5": 0.850084,
        "mrr_at_10": 0.853816,
        "mrr_at_20": 0.856009,
        "mrr_at_100": 0.856009,
        "mrr_at_1000": 0.856009,
        "nauc_ndcg_at_1_max": 0.448871,
        "nauc_ndcg_at_1_std": -0.014144,
        "nauc_ndcg_at_1_diff1": 0.793144,
        "nauc_ndcg_at_3_max": 0.497903,
        "nauc_ndcg_at_3_std": 0.022341,
        "nauc_ndcg_at_3_diff1": 0.697181,
        "nauc_ndcg_at_5_max": 0.499236,
        "nauc_ndcg_at_5_std": 0.002376,
        "nauc_ndcg_at_5_diff1": 0.729672,
        "nauc_ndcg_at_10_max": 0.510679,
        "nauc_ndcg_at_10_std": 0.010489,
        "nauc_ndcg_at_10_diff1": 0.744444,
        "nauc_ndcg_at_20_max": 0.487375,
        "nauc_ndcg_at_20_std": 0.009517,
        "nauc_ndcg_at_20_diff1": 0.74299,
        "nauc_ndcg_at_100_max": 0.487375,
        "nauc_ndcg_at_100_std": 0.009517,
        "nauc_ndcg_at_100_diff1": 0.74299,
        "nauc_ndcg_at_1000_max": 0.487375,
        "nauc_ndcg_at_1000_std": 0.009517,
        "nauc_ndcg_at_1000_diff1": 0.74299,
        "nauc_map_at_1_max": 0.448871,
        "nauc_map_at_1_std": -0.014144,
        "nauc_map_at_1_diff1": 0.793144,
        "nauc_map_at_3_max": 0.484262,
        "nauc_map_at_3_std": 0.011395,
        "nauc_map_at_3_diff1": 0.725895,
        "nauc_map_at_5_max": 0.483437,
        "nauc_map_at_5_std": 0.001377,
        "nauc_map_at_5_diff1": 0.742462,
        "nauc_map_at_10_max": 0.487767,
        "nauc_map_at_10_std": 0.005547,
        "nauc_map_at_10_diff1": 0.747686,
        "nauc_map_at_20_max": 0.48231,
        "nauc_map_at_20_std": 0.006296,
        "nauc_map_at_20_diff1": 0.747116,
        "nauc_map_at_100_max": 0.48231,
        "nauc_map_at_100_std": 0.006296,
        "nauc_map_at_100_diff1": 0.747116,
        "nauc_map_at_1000_max": 0.48231,
        "nauc_map_at_1000_std": 0.006296,
        "nauc_map_at_1000_diff1": 0.747116,
        "nauc_recall_at_1_max": 0.448871,
        "nauc_recall_at_1_std": -0.014144,
        "nauc_recall_at_1_diff1": 0.793144,
        "nauc_recall_at_3_max": 0.563017,
        "nauc_recall_at_3_std": 0.075262,
        "nauc_recall_at_3_diff1": 0.558413,
        "nauc_recall_at_5_max": 0.605136,
        "nauc_recall_at_5_std": 0.002135,
        "nauc_recall_at_5_diff1": 0.657283,
        "nauc_recall_at_10_max": 0.81723,
        "nauc_recall_at_10_std": 0.057874,
        "nauc_recall_at_10_diff1": 0.753315,
        "nauc_recall_at_20_max": NaN,
        "nauc_recall_at_20_std": NaN,
        "nauc_recall_at_20_diff1": NaN,
        "nauc_recall_at_100_max": NaN,
        "nauc_recall_at_100_std": NaN,
        "nauc_recall_at_100_diff1": NaN,
        "nauc_recall_at_1000_max": NaN,
        "nauc_recall_at_1000_std": NaN,
        "nauc_recall_at_1000_diff1": NaN,
        "nauc_precision_at_1_max": 0.448871,
        "nauc_precision_at_1_std": -0.014144,
        "nauc_precision_at_1_diff1": 0.793144,
        "nauc_precision_at_3_max": 0.563017,
        "nauc_precision_at_3_std": 0.075262,
        "nauc_precision_at_3_diff1": 0.558413,
        "nauc_precision_at_5_max": 0.605136,
        "nauc_precision_at_5_std": 0.002135,
        "nauc_precision_at_5_diff1": 0.657283,
        "nauc_precision_at_10_max": 0.81723,
        "nauc_precision_at_10_std": 0.057874,
        "nauc_precision_at_10_diff1": 0.753315,
        "nauc_precision_at_20_max": 1.0,
        "nauc_precision_at_20_std": 1.0,
        "nauc_precision_at_20_diff1": 1.0,
        "nauc_precision_at_100_max": 1.0,
        "nauc_precision_at_100_std": 1.0,
        "nauc_precision_at_100_diff1": 1.0,
        "nauc_precision_at_1000_max": 1.0,
        "nauc_precision_at_1000_std": 1.0,
        "nauc_precision_at_1000_diff1": 1.0,
        "nauc_mrr_at_1_max": 0.448871,
        "nauc_mrr_at_1_std": -0.014144,
        "nauc_mrr_at_1_diff1": 0.793144,
        "nauc_mrr_at_3_max": 0.484262,
        "nauc_mrr_at_3_std": 0.011395,
        "nauc_mrr_at_3_diff1": 0.725895,
        "nauc_mrr_at_5_max": 0.483437,
        "nauc_mrr_at_5_std": 0.001377,
        "nauc_mrr_at_5_diff1": 0.742462,
        "nauc_mrr_at_10_max": 0.487767,
        "nauc_mrr_at_10_std": 0.005547,
        "nauc_mrr_at_10_diff1": 0.747686,
        "nauc_mrr_at_20_max": 0.48231,
        "nauc_mrr_at_20_std": 0.006296,
        "nauc_mrr_at_20_diff1": 0.747116,
        "nauc_mrr_at_100_max": 0.48231,
        "nauc_mrr_at_100_std": 0.006296,
        "nauc_mrr_at_100_diff1": 0.747116,
        "nauc_mrr_at_1000_max": 0.48231,
        "nauc_mrr_at_1000_std": 0.006296,
        "nauc_mrr_at_1000_diff1": 0.747116,
        "main_score": 0.88241,
        "hf_subset": "default",
        "languages": [
          "eng-Latn"
        ]
      }
    ]
  },
  "evaluation_time": 48.39362812042236,
  "kg_co2_emissions": null
}