{
  "dataset_revision": "48ed7bcb1f50896a0f71461a04b2df0ca84329d9",
  "task_name": "contractual-clause-retrieval",
  "mteb_version": "1.38.49",
  "scores": {
    "test": [
      {
        "ndcg_at_1": 0.86667,
        "ndcg_at_3": 0.85775,
        "ndcg_at_5": 0.8853,
        "ndcg_at_10": 0.89855,
        "ndcg_at_20": 0.90851,
        "ndcg_at_100": 0.91126,
        "ndcg_at_1000": 0.91126,
        "map_at_1": 0.43333,
        "map_at_3": 0.83519,
        "map_at_5": 0.85463,
        "map_at_10": 0.86358,
        "map_at_20": 0.86709,
        "map_at_100": 0.86783,
        "map_at_1000": 0.86783,
        "recall_at_1": 0.43333,
        "recall_at_3": 0.86667,
        "recall_at_5": 0.92222,
        "recall_at_10": 0.95556,
        "recall_at_20": 0.98889,
        "recall_at_100": 1.0,
        "recall_at_1000": 1.0,
        "precision_at_1": 0.86667,
        "precision_at_3": 0.57778,
        "precision_at_5": 0.36889,
        "precision_at_10": 0.19111,
        "precision_at_20": 0.09889,
        "precision_at_100": 0.02,
        "precision_at_1000": 0.002,
        "mrr_at_1": 0.866667,
        "mrr_at_3": 0.892593,
        "mrr_at_5": 0.902593,
        "mrr_at_10": 0.902593,
        "mrr_at_20": 0.903827,
        "mrr_at_100": 0.903827,
        "mrr_at_1000": 0.903827,
        "nauc_ndcg_at_1_max": 0.567774,
        "nauc_ndcg_at_1_std": -0.365677,
        "nauc_ndcg_at_1_diff1": 0.770073,
        "nauc_ndcg_at_3_max": 0.431233,
        "nauc_ndcg_at_3_std": -0.179027,
        "nauc_ndcg_at_3_diff1": 0.407284,
        "nauc_ndcg_at_5_max": 0.355939,
        "nauc_ndcg_at_5_std": -0.310061,
        "nauc_ndcg_at_5_diff1": 0.444659,
        "nauc_ndcg_at_10_max": 0.458272,
        "nauc_ndcg_at_10_std": -0.320566,
        "nauc_ndcg_at_10_diff1": 0.506242,
        "nauc_ndcg_at_20_max": 0.447854,
        "nauc_ndcg_at_20_std": -0.336044,
        "nauc_ndcg_at_20_diff1": 0.515308,
        "nauc_ndcg_at_100_max": 0.468178,
        "nauc_ndcg_at_100_std": -0.291241,
        "nauc_ndcg_at_100_diff1": 0.514061,
        "nauc_ndcg_at_1000_max": 0.468178,
        "nauc_ndcg_at_1000_std": -0.291241,
        "nauc_ndcg_at_1000_diff1": 0.514061,
        "nauc_map_at_1_max": 0.567774,
        "nauc_map_at_1_std": -0.365677,
        "nauc_map_at_1_diff1": 0.770073,
        "nauc_map_at_3_max": 0.418451,
        "nauc_map_at_3_std": -0.192808,
        "nauc_map_at_3_diff1": 0.351273,
        "nauc_map_at_5_max": 0.387141,
        "nauc_map_at_5_std": -0.253756,
        "nauc_map_at_5_diff1": 0.395592,
        "nauc_map_at_10_max": 0.448788,
        "nauc_map_at_10_std": -0.254158,
        "nauc_map_at_10_diff1": 0.432503,
        "nauc_map_at_20_max": 0.441744,
        "nauc_map_at_20_std": -0.264734,
        "nauc_map_at_20_diff1": 0.434255,
        "nauc_map_at_100_max": 0.445424,
        "nauc_map_at_100_std": -0.256108,
        "nauc_map_at_100_diff1": 0.433538,
        "nauc_map_at_1000_max": 0.445424,
        "nauc_map_at_1000_std": -0.256108,
        "nauc_map_at_1000_diff1": 0.433538,
        "nauc_recall_at_1_max": 0.567774,
        "nauc_recall_at_1_std": -0.365677,
        "nauc_recall_at_1_diff1": 0.770073,
        "nauc_recall_at_3_max": 0.348494,
        "nauc_recall_at_3_std": -0.109008,
        "nauc_recall_at_3_diff1": 0.290082,
        "nauc_recall_at_5_max": 0.0594,
        "nauc_recall_at_5_std": -0.424815,
        "nauc_recall_at_5_diff1": 0.294918,
        "nauc_recall_at_10_max": 0.347286,
        "nauc_recall_at_10_std": -0.564417,
        "nauc_recall_at_10_diff1": 0.452404,
        "nauc_recall_at_20_max": -0.167337,
        "nauc_recall_at_20_std": -1.692224,
        "nauc_recall_at_20_diff1": 0.553038,
        "nauc_recall_at_100_max": NaN,
        "nauc_recall_at_100_std": NaN,
        "nauc_recall_at_100_diff1": NaN,
        "nauc_recall_at_1000_max": NaN,
        "nauc_recall_at_1000_std": NaN,
        "nauc_recall_at_1000_diff1": NaN,
        "nauc_precision_at_1_max": 0.567774,
        "nauc_precision_at_1_std": -0.365677,
        "nauc_precision_at_1_diff1": 0.770073,
        "nauc_precision_at_3_max": 0.348494,
        "nauc_precision_at_3_std": -0.109008,
        "nauc_precision_at_3_diff1": 0.290082,
        "nauc_precision_at_5_max": 0.0594,
        "nauc_precision_at_5_std": -0.424815,
        "nauc_precision_at_5_diff1": 0.294918,
        "nauc_precision_at_10_max": 0.347286,
        "nauc_precision_at_10_std": -0.564417,
        "nauc_precision_at_10_diff1": 0.452404,
        "nauc_precision_at_20_max": -0.167337,
        "nauc_precision_at_20_std": -1.692224,
        "nauc_precision_at_20_diff1": 0.553038,
        "nauc_precision_at_100_max": 1.0,
        "nauc_precision_at_100_std": 1.0,
        "nauc_precision_at_100_diff1": 1.0,
        "nauc_precision_at_1000_max": NaN,
        "nauc_precision_at_1000_std": NaN,
        "nauc_precision_at_1000_diff1": NaN,
        "nauc_mrr_at_1_max": 0.567774,
        "nauc_mrr_at_1_std": -0.365677,
        "nauc_mrr_at_1_diff1": 0.770073,
        "nauc_mrr_at_3_max": 0.600536,
        "nauc_mrr_at_3_std": -0.255285,
        "nauc_mrr_at_3_diff1": 0.77104,
        "nauc_mrr_at_5_max": 0.558067,
        "nauc_mrr_at_5_std": -0.372428,
        "nauc_mrr_at_5_diff1": 0.752799,
        "nauc_mrr_at_10_max": 0.558067,
        "nauc_mrr_at_10_std": -0.372428,
        "nauc_mrr_at_10_diff1": 0.752799,
        "nauc_mrr_at_20_max": 0.567715,
        "nauc_mrr_at_20_std": -0.354875,
        "nauc_mrr_at_20_diff1": 0.755456,
        "nauc_mrr_at_100_max": 0.567715,
        "nauc_mrr_at_100_std": -0.354875,
        "nauc_mrr_at_100_diff1": 0.755456,
        "nauc_mrr_at_1000_max": 0.567715,
        "nauc_mrr_at_1000_std": -0.354875,
        "nauc_mrr_at_1000_diff1": 0.755456,
        "main_score": 0.89855,
        "hf_subset": "default",
        "languages": [
          "eng-Latn"
        ]
      }
    ]
  },
  "evaluation_time": 13.654155015945435,
  "kg_co2_emissions": null
}