{
  "dataset_revision": "f5452494f09a6d51c37b56883a65ef742ac07c99",
  "task_name": "echr-retrieval",
  "mteb_version": "1.39.7",
  "scores": {
    "test": [
      {
        "ndcg_at_1": 0.19,
        "ndcg_at_3": 0.28309,
        "ndcg_at_5": 0.30525,
        "ndcg_at_10": 0.35015,
        "ndcg_at_20": 0.38362,
        "ndcg_at_100": 0.43821,
        "ndcg_at_1000": 0.4425,
        "map_at_1": 0.19,
        "map_at_3": 0.26,
        "map_at_5": 0.272,
        "map_at_10": 0.29029,
        "map_at_20": 0.2998,
        "map_at_100": 0.30726,
        "map_at_1000": 0.3075,
        "recall_at_1": 0.19,
        "recall_at_3": 0.35,
        "recall_at_5": 0.405,
        "recall_at_10": 0.545,
        "recall_at_20": 0.675,
        "recall_at_100": 0.97,
        "recall_at_1000": 1.0,
        "precision_at_1": 0.19,
        "precision_at_3": 0.11667,
        "precision_at_5": 0.081,
        "precision_at_10": 0.0545,
        "precision_at_20": 0.03375,
        "precision_at_100": 0.0097,
        "precision_at_1000": 0.001,
        "mrr_at_1": 0.19,
        "mrr_at_3": 0.26,
        "mrr_at_5": 0.272,
        "mrr_at_10": 0.290292,
        "mrr_at_20": 0.299799,
        "mrr_at_100": 0.307265,
        "mrr_at_1000": 0.307503,
        "nauc_ndcg_at_1_max": 0.234846,
        "nauc_ndcg_at_1_std": 0.228322,
        "nauc_ndcg_at_1_diff1": 0.121938,
        "nauc_ndcg_at_3_max": 0.195426,
        "nauc_ndcg_at_3_std": 0.210415,
        "nauc_ndcg_at_3_diff1": 0.064943,
        "nauc_ndcg_at_5_max": 0.217582,
        "nauc_ndcg_at_5_std": 0.227137,
        "nauc_ndcg_at_5_diff1": 0.054393,
        "nauc_ndcg_at_10_max": 0.268229,
        "nauc_ndcg_at_10_std": 0.286478,
        "nauc_ndcg_at_10_diff1": 0.057235,
        "nauc_ndcg_at_20_max": 0.255977,
        "nauc_ndcg_at_20_std": 0.267248,
        "nauc_ndcg_at_20_diff1": 0.063929,
        "nauc_ndcg_at_100_max": 0.251922,
        "nauc_ndcg_at_100_std": 0.263342,
        "nauc_ndcg_at_100_diff1": 0.060616,
        "nauc_ndcg_at_1000_max": 0.243077,
        "nauc_ndcg_at_1000_std": 0.253395,
        "nauc_ndcg_at_1000_diff1": 0.07325,
        "nauc_map_at_1_max": 0.234846,
        "nauc_map_at_1_std": 0.228322,
        "nauc_map_at_1_diff1": 0.121938,
        "nauc_map_at_3_max": 0.202634,
        "nauc_map_at_3_std": 0.213679,
        "nauc_map_at_3_diff1": 0.077523,
        "nauc_map_at_5_max": 0.214475,
        "nauc_map_at_5_std": 0.222137,
        "nauc_map_at_5_diff1": 0.07121,
        "nauc_map_at_10_max": 0.235157,
        "nauc_map_at_10_std": 0.248403,
        "nauc_map_at_10_diff1": 0.073496,
        "nauc_map_at_20_max": 0.231688,
        "nauc_map_at_20_std": 0.242162,
        "nauc_map_at_20_diff1": 0.076659,
        "nauc_map_at_100_max": 0.231722,
        "nauc_map_at_100_std": 0.241669,
        "nauc_map_at_100_diff1": 0.077955,
        "nauc_map_at_1000_max": 0.231296,
        "nauc_map_at_1000_std": 0.241196,
        "nauc_map_at_1000_diff1": 0.078594,
        "nauc_recall_at_1_max": 0.234846,
        "nauc_recall_at_1_std": 0.228322,
        "nauc_recall_at_1_diff1": 0.121938,
        "nauc_recall_at_3_max": 0.177454,
        "nauc_recall_at_3_std": 0.202281,
        "nauc_recall_at_3_diff1": 0.032652,
        "nauc_recall_at_5_max": 0.229643,
        "nauc_recall_at_5_std": 0.243325,
        "nauc_recall_at_5_diff1": 0.010806,
        "nauc_recall_at_10_max": 0.383171,
        "nauc_recall_at_10_std": 0.413193,
        "nauc_recall_at_10_diff1": 0.01132,
        "nauc_recall_at_20_max": 0.352512,
        "nauc_recall_at_20_std": 0.361267,
        "nauc_recall_at_20_diff1": 0.020897,
        "nauc_recall_at_100_max": 0.778634,
        "nauc_recall_at_100_std": 0.85761,
        "nauc_recall_at_100_diff1": -0.677871,
        "nauc_recall_at_1000_max": NaN,
        "nauc_recall_at_1000_std": NaN,
        "nauc_recall_at_1000_diff1": NaN,
        "nauc_precision_at_1_max": 0.234846,
        "nauc_precision_at_1_std": 0.228322,
        "nauc_precision_at_1_diff1": 0.121938,
        "nauc_precision_at_3_max": 0.177454,
        "nauc_precision_at_3_std": 0.202281,
        "nauc_precision_at_3_diff1": 0.032652,
        "nauc_precision_at_5_max": 0.229643,
        "nauc_precision_at_5_std": 0.243325,
        "nauc_precision_at_5_diff1": 0.010806,
        "nauc_precision_at_10_max": 0.383171,
        "nauc_precision_at_10_std": 0.413193,
        "nauc_precision_at_10_diff1": 0.01132,
        "nauc_precision_at_20_max": 0.352512,
        "nauc_precision_at_20_std": 0.361267,
        "nauc_precision_at_20_diff1": 0.020897,
        "nauc_precision_at_100_max": 0.778634,
        "nauc_precision_at_100_std": 0.85761,
        "nauc_precision_at_100_diff1": -0.677871,
        "nauc_precision_at_1000_max": 1.0,
        "nauc_precision_at_1000_std": 1.0,
        "nauc_precision_at_1000_diff1": 1.0,
        "nauc_mrr_at_1_max": 0.234846,
        "nauc_mrr_at_1_std": 0.228322,
        "nauc_mrr_at_1_diff1": 0.121938,
        "nauc_mrr_at_3_max": 0.202634,
        "nauc_mrr_at_3_std": 0.213679,
        "nauc_mrr_at_3_diff1": 0.077523,
        "nauc_mrr_at_5_max": 0.214475,
        "nauc_mrr_at_5_std": 0.222137,
        "nauc_mrr_at_5_diff1": 0.07121,
        "nauc_mrr_at_10_max": 0.235157,
        "nauc_mrr_at_10_std": 0.248403,
        "nauc_mrr_at_10_diff1": 0.073496,
        "nauc_mrr_at_20_max": 0.231688,
        "nauc_mrr_at_20_std": 0.242162,
        "nauc_mrr_at_20_diff1": 0.076659,
        "nauc_mrr_at_100_max": 0.231722,
        "nauc_mrr_at_100_std": 0.241669,
        "nauc_mrr_at_100_diff1": 0.077955,
        "nauc_mrr_at_1000_max": 0.231296,
        "nauc_mrr_at_1000_std": 0.241196,
        "nauc_mrr_at_1000_diff1": 0.078594,
        "main_score": 0.35015,
        "hf_subset": "default",
        "languages": [
          "eng-Latn"
        ]
      }
    ]
  },
  "evaluation_time": 162.7433705329895,
  "kg_co2_emissions": null
}