{
  "dataset_revision": "66d23b0ce609450ce24d0fc85e9bac69aba90b84",
  "task_name": "housing-qa",
  "mteb_version": "1.38.49",
  "scores": {
    "test": [
      {
        "ndcg_at_1": 0.18692,
        "ndcg_at_3": 0.19642,
        "ndcg_at_5": 0.1983,
        "ndcg_at_10": 0.24894,
        "ndcg_at_20": 0.3011,
        "ndcg_at_100": 0.41596,
        "ndcg_at_1000": 0.45129,
        "map_at_1": 0.07565,
        "map_at_3": 0.11647,
        "map_at_5": 0.12961,
        "map_at_10": 0.16022,
        "map_at_20": 0.18209,
        "map_at_100": 0.21159,
        "map_at_1000": 0.21649,
        "recall_at_1": 0.07565,
        "recall_at_3": 0.1472,
        "recall_at_5": 0.18986,
        "recall_at_10": 0.32272,
        "recall_at_20": 0.46215,
        "recall_at_100": 0.84783,
        "recall_at_1000": 1.0,
        "precision_at_1": 0.18692,
        "precision_at_3": 0.14953,
        "precision_at_5": 0.12336,
        "precision_at_10": 0.11869,
        "precision_at_20": 0.09159,
        "precision_at_100": 0.03785,
        "precision_at_1000": 0.00467,
        "mrr_at_1": 0.186916,
        "mrr_at_3": 0.26324,
        "mrr_at_5": 0.285202,
        "mrr_at_10": 0.31229,
        "mrr_at_20": 0.323192,
        "mrr_at_100": 0.328581,
        "mrr_at_1000": 0.328636,
        "nauc_ndcg_at_1_max": 0.088811,
        "nauc_ndcg_at_1_std": 0.023514,
        "nauc_ndcg_at_1_diff1": 0.026687,
        "nauc_ndcg_at_3_max": 0.150709,
        "nauc_ndcg_at_3_std": 0.050284,
        "nauc_ndcg_at_3_diff1": 0.007405,
        "nauc_ndcg_at_5_max": 0.088277,
        "nauc_ndcg_at_5_std": 0.011918,
        "nauc_ndcg_at_5_diff1": -0.043826,
        "nauc_ndcg_at_10_max": 0.135268,
        "nauc_ndcg_at_10_std": 0.000836,
        "nauc_ndcg_at_10_diff1": -0.02461,
        "nauc_ndcg_at_20_max": 0.085424,
        "nauc_ndcg_at_20_std": -0.005618,
        "nauc_ndcg_at_20_diff1": 0.022593,
        "nauc_ndcg_at_100_max": 0.116124,
        "nauc_ndcg_at_100_std": 0.117514,
        "nauc_ndcg_at_100_diff1": -9.2e-05,
        "nauc_ndcg_at_1000_max": 0.118492,
        "nauc_ndcg_at_1000_std": 0.138238,
        "nauc_ndcg_at_1000_diff1": -0.019012,
        "nauc_map_at_1_max": 0.108214,
        "nauc_map_at_1_std": -0.219131,
        "nauc_map_at_1_diff1": 0.154375,
        "nauc_map_at_3_max": 0.153593,
        "nauc_map_at_3_std": -0.154226,
        "nauc_map_at_3_diff1": 0.094308,
        "nauc_map_at_5_max": 0.112863,
        "nauc_map_at_5_std": -0.139072,
        "nauc_map_at_5_diff1": 0.048157,
        "nauc_map_at_10_max": 0.127624,
        "nauc_map_at_10_std": -0.101233,
        "nauc_map_at_10_diff1": 0.035043,
        "nauc_map_at_20_max": 0.109644,
        "nauc_map_at_20_std": -0.097784,
        "nauc_map_at_20_diff1": 0.049003,
        "nauc_map_at_100_max": 0.114451,
        "nauc_map_at_100_std": -0.049055,
        "nauc_map_at_100_diff1": 0.040139,
        "nauc_map_at_1000_max": 0.118169,
        "nauc_map_at_1000_std": -0.039684,
        "nauc_map_at_1000_diff1": 0.038926,
        "nauc_recall_at_1_max": 0.108214,
        "nauc_recall_at_1_std": -0.219131,
        "nauc_recall_at_1_diff1": 0.154375,
        "nauc_recall_at_3_max": 0.159494,
        "nauc_recall_at_3_std": -0.120318,
        "nauc_recall_at_3_diff1": 0.061559,
        "nauc_recall_at_5_max": 0.054353,
        "nauc_recall_at_5_std": -0.077907,
        "nauc_recall_at_5_diff1": -0.046076,
        "nauc_recall_at_10_max": 0.124185,
        "nauc_recall_at_10_std": -0.038824,
        "nauc_recall_at_10_diff1": -0.041649,
        "nauc_recall_at_20_max": 0.0329,
        "nauc_recall_at_20_std": -0.055848,
        "nauc_recall_at_20_diff1": 0.07748,
        "nauc_recall_at_100_max": 0.109721,
        "nauc_recall_at_100_std": 0.102443,
        "nauc_recall_at_100_diff1": 0.137005,
        "nauc_recall_at_1000_max": NaN,
        "nauc_recall_at_1000_std": NaN,
        "nauc_recall_at_1000_diff1": NaN,
        "nauc_precision_at_1_max": 0.088811,
        "nauc_precision_at_1_std": 0.023514,
        "nauc_precision_at_1_diff1": 0.026687,
        "nauc_precision_at_3_max": 0.121135,
        "nauc_precision_at_3_std": 0.21946,
        "nauc_precision_at_3_diff1": -0.085014,
        "nauc_precision_at_5_max": -0.014049,
        "nauc_precision_at_5_std": 0.231446,
        "nauc_precision_at_5_diff1": -0.2092,
        "nauc_precision_at_10_max": 0.090942,
        "nauc_precision_at_10_std": 0.271301,
        "nauc_precision_at_10_diff1": -0.131942,
        "nauc_precision_at_20_max": -0.015085,
        "nauc_precision_at_20_std": 0.29151,
        "nauc_precision_at_20_diff1": -0.060399,
        "nauc_precision_at_100_max": 0.039224,
        "nauc_precision_at_100_std": 0.495958,
        "nauc_precision_at_100_diff1": -0.114885,
        "nauc_precision_at_1000_max": 0.055472,
        "nauc_precision_at_1000_std": 0.477928,
        "nauc_precision_at_1000_diff1": -0.11625,
        "nauc_mrr_at_1_max": 0.088811,
        "nauc_mrr_at_1_std": 0.023514,
        "nauc_mrr_at_1_diff1": 0.026687,
        "nauc_mrr_at_3_max": 0.097079,
        "nauc_mrr_at_3_std": 0.128558,
        "nauc_mrr_at_3_diff1": -0.049969,
        "nauc_mrr_at_5_max": 0.068506,
        "nauc_mrr_at_5_std": 0.138463,
        "nauc_mrr_at_5_diff1": -0.088236,
        "nauc_mrr_at_10_max": 0.106565,
        "nauc_mrr_at_10_std": 0.136504,
        "nauc_mrr_at_10_diff1": -0.065513,
        "nauc_mrr_at_20_max": 0.099979,
        "nauc_mrr_at_20_std": 0.135237,
        "nauc_mrr_at_20_diff1": -0.053948,
        "nauc_mrr_at_100_max": 0.100453,
        "nauc_mrr_at_100_std": 0.135558,
        "nauc_mrr_at_100_diff1": -0.055456,
        "nauc_mrr_at_1000_max": 0.100283,
        "nauc_mrr_at_1000_std": 0.13542,
        "nauc_mrr_at_1000_diff1": -0.055571,
        "main_score": 0.24894,
        "hf_subset": "default",
        "languages": [
          "eng-Latn"
        ]
      }
    ]
  },
  "evaluation_time": 43.82130789756775,
  "kg_co2_emissions": null
}