{
  "dataset_revision": "bbf8b2d84b7de5970b2ba4ea843c791285fdb1df",
  "task_name": "irish-legislative-summaries",
  "mteb_version": "1.38.49",
  "scores": {
    "test": [
      {
        "ndcg_at_1": 0.872,
        "ndcg_at_3": 0.92417,
        "ndcg_at_5": 0.92657,
        "ndcg_at_10": 0.93096,
        "ndcg_at_20": 0.93407,
        "ndcg_at_100": 0.93555,
        "ndcg_at_1000": 0.93584,
        "map_at_1": 0.872,
        "map_at_3": 0.91233,
        "map_at_5": 0.91363,
        "map_at_10": 0.91536,
        "map_at_20": 0.91626,
        "map_at_100": 0.91645,
        "map_at_1000": 0.91646,
        "recall_at_1": 0.872,
        "recall_at_3": 0.958,
        "recall_at_5": 0.964,
        "recall_at_10": 0.978,
        "recall_at_20": 0.99,
        "recall_at_100": 0.998,
        "recall_at_1000": 1.0,
        "precision_at_1": 0.872,
        "precision_at_3": 0.31933,
        "precision_at_5": 0.1928,
        "precision_at_10": 0.0978,
        "precision_at_20": 0.0495,
        "precision_at_100": 0.00998,
        "precision_at_1000": 0.001,
        "mrr_at_1": 0.872,
        "mrr_at_3": 0.912333,
        "mrr_at_5": 0.913633,
        "mrr_at_10": 0.915361,
        "mrr_at_20": 0.916255,
        "mrr_at_100": 0.916445,
        "mrr_at_1000": 0.916464,
        "nauc_ndcg_at_1_max": 0.728471,
        "nauc_ndcg_at_1_std": -0.445235,
        "nauc_ndcg_at_1_diff1": 0.906059,
        "nauc_ndcg_at_3_max": 0.763357,
        "nauc_ndcg_at_3_std": -0.435056,
        "nauc_ndcg_at_3_diff1": 0.908008,
        "nauc_ndcg_at_5_max": 0.762339,
        "nauc_ndcg_at_5_std": -0.456118,
        "nauc_ndcg_at_5_diff1": 0.906337,
        "nauc_ndcg_at_10_max": 0.750624,
        "nauc_ndcg_at_10_std": -0.45053,
        "nauc_ndcg_at_10_diff1": 0.902647,
        "nauc_ndcg_at_20_max": 0.748634,
        "nauc_ndcg_at_20_std": -0.438877,
        "nauc_ndcg_at_20_diff1": 0.904503,
        "nauc_ndcg_at_100_max": 0.746265,
        "nauc_ndcg_at_100_std": -0.438542,
        "nauc_ndcg_at_100_diff1": 0.902278,
        "nauc_ndcg_at_1000_max": 0.746379,
        "nauc_ndcg_at_1000_std": -0.444036,
        "nauc_ndcg_at_1000_diff1": 0.903926,
        "nauc_map_at_1_max": 0.728471,
        "nauc_map_at_1_std": -0.445235,
        "nauc_map_at_1_diff1": 0.906059,
        "nauc_map_at_3_max": 0.749566,
        "nauc_map_at_3_std": -0.440426,
        "nauc_map_at_3_diff1": 0.906116,
        "nauc_map_at_5_max": 0.748752,
        "nauc_map_at_5_std": -0.450433,
        "nauc_map_at_5_diff1": 0.905291,
        "nauc_map_at_10_max": 0.74465,
        "nauc_map_at_10_std": -0.448653,
        "nauc_map_at_10_diff1": 0.90406,
        "nauc_map_at_20_max": 0.744086,
        "nauc_map_at_20_std": -0.445363,
        "nauc_map_at_20_diff1": 0.904417,
        "nauc_map_at_100_max": 0.743773,
        "nauc_map_at_100_std": -0.445519,
        "nauc_map_at_100_diff1": 0.904196,
        "nauc_map_at_1000_max": 0.743778,
        "nauc_map_at_1000_std": -0.445792,
        "nauc_map_at_1000_diff1": 0.904277,
        "nauc_recall_at_1_max": 0.728471,
        "nauc_recall_at_1_std": -0.445235,
        "nauc_recall_at_1_diff1": 0.906059,
        "nauc_recall_at_3_max": 0.84605,
        "nauc_recall_at_3_std": -0.40185,
        "nauc_recall_at_3_diff1": 0.92019,
        "nauc_recall_at_5_max": 0.856054,
        "nauc_recall_at_5_std": -0.499092,
        "nauc_recall_at_5_diff1": 0.914151,
        "nauc_recall_at_10_max": 0.801587,
        "nauc_recall_at_10_std": -0.470121,
        "nauc_recall_at_10_diff1": 0.883287,
        "nauc_recall_at_20_max": 0.81606,
        "nauc_recall_at_20_std": -0.24071,
        "nauc_recall_at_20_diff1": 0.910831,
        "nauc_recall_at_100_max": 0.722222,
        "nauc_recall_at_100_std": 0.722222,
        "nauc_recall_at_100_diff1": 0.554155,
        "nauc_recall_at_1000_max": NaN,
        "nauc_recall_at_1000_std": NaN,
        "nauc_recall_at_1000_diff1": NaN,
        "nauc_precision_at_1_max": 0.728471,
        "nauc_precision_at_1_std": -0.445235,
        "nauc_precision_at_1_diff1": 0.906059,
        "nauc_precision_at_3_max": 0.84605,
        "nauc_precision_at_3_std": -0.40185,
        "nauc_precision_at_3_diff1": 0.92019,
        "nauc_precision_at_5_max": 0.856054,
        "nauc_precision_at_5_std": -0.499092,
        "nauc_precision_at_5_diff1": 0.914151,
        "nauc_precision_at_10_max": 0.801587,
        "nauc_precision_at_10_std": -0.470121,
        "nauc_precision_at_10_diff1": 0.883287,
        "nauc_precision_at_20_max": 0.81606,
        "nauc_precision_at_20_std": -0.24071,
        "nauc_precision_at_20_diff1": 0.910831,
        "nauc_precision_at_100_max": 0.722222,
        "nauc_precision_at_100_std": 0.722222,
        "nauc_precision_at_100_diff1": 0.554155,
        "nauc_precision_at_1000_max": 1.0,
        "nauc_precision_at_1000_std": 1.0,
        "nauc_precision_at_1000_diff1": 1.0,
        "nauc_mrr_at_1_max": 0.728471,
        "nauc_mrr_at_1_std": -0.445235,
        "nauc_mrr_at_1_diff1": 0.906059,
        "nauc_mrr_at_3_max": 0.749566,
        "nauc_mrr_at_3_std": -0.440426,
        "nauc_mrr_at_3_diff1": 0.906116,
        "nauc_mrr_at_5_max": 0.748752,
        "nauc_mrr_at_5_std": -0.450433,
        "nauc_mrr_at_5_diff1": 0.905291,
        "nauc_mrr_at_10_max": 0.74465,
        "nauc_mrr_at_10_std": -0.448653,
        "nauc_mrr_at_10_diff1": 0.90406,
        "nauc_mrr_at_20_max": 0.744086,
        "nauc_mrr_at_20_std": -0.445363,
        "nauc_mrr_at_20_diff1": 0.904417,
        "nauc_mrr_at_100_max": 0.743773,
        "nauc_mrr_at_100_std": -0.445519,
        "nauc_mrr_at_100_diff1": 0.904196,
        "nauc_mrr_at_1000_max": 0.743778,
        "nauc_mrr_at_1000_std": -0.445792,
        "nauc_mrr_at_1000_diff1": 0.904277,
        "main_score": 0.93096,
        "hf_subset": "default",
        "languages": [
          "eng-Latn"
        ]
      }
    ]
  },
  "evaluation_time": 883.3933296203613,
  "kg_co2_emissions": null
}