{
  "dataset_revision": "ca0f1732432ad623ba6172b15e8c726b76e50fad",
  "task_name": "legal-rag-bench",
  "mteb_version": "1.39.7",
  "scores": {
    "test": [
      {
        "ndcg_at_1": 0.33,
        "ndcg_at_3": 0.5175,
        "ndcg_at_5": 0.5545,
        "ndcg_at_10": 0.60309,
        "ndcg_at_20": 0.61275,
        "ndcg_at_100": 0.62411,
        "ndcg_at_1000": 0.62517,
        "map_at_1": 0.33,
        "map_at_3": 0.47167,
        "map_at_5": 0.49217,
        "map_at_10": 0.51227,
        "map_at_20": 0.51468,
        "map_at_100": 0.51632,
        "map_at_1000": 0.51634,
        "recall_at_1": 0.33,
        "recall_at_3": 0.65,
        "recall_at_5": 0.74,
        "recall_at_10": 0.89,
        "recall_at_20": 0.93,
        "recall_at_100": 0.99,
        "recall_at_1000": 1.0,
        "precision_at_1": 0.33,
        "precision_at_3": 0.21667,
        "precision_at_5": 0.148,
        "precision_at_10": 0.089,
        "precision_at_20": 0.0465,
        "precision_at_100": 0.0099,
        "precision_at_1000": 0.001,
        "mrr_at_1": 0.33,
        "mrr_at_3": 0.471667,
        "mrr_at_5": 0.492167,
        "mrr_at_10": 0.51227,
        "mrr_at_20": 0.514676,
        "mrr_at_100": 0.516322,
        "mrr_at_1000": 0.516337,
        "nauc_ndcg_at_1_max": -0.028571,
        "nauc_ndcg_at_1_std": 0.028092,
        "nauc_ndcg_at_1_diff1": 0.505718,
        "nauc_ndcg_at_3_max": 0.006431,
        "nauc_ndcg_at_3_std": -0.016635,
        "nauc_ndcg_at_3_diff1": 0.334751,
        "nauc_ndcg_at_5_max": 0.006748,
        "nauc_ndcg_at_5_std": -0.051242,
        "nauc_ndcg_at_5_diff1": 0.377945,
        "nauc_ndcg_at_10_max": 0.027859,
        "nauc_ndcg_at_10_std": -0.005079,
        "nauc_ndcg_at_10_diff1": 0.411668,
        "nauc_ndcg_at_20_max": 0.019719,
        "nauc_ndcg_at_20_std": -0.010652,
        "nauc_ndcg_at_20_diff1": 0.424285,
        "nauc_ndcg_at_100_max": 0.00609,
        "nauc_ndcg_at_100_std": -0.005975,
        "nauc_ndcg_at_100_diff1": 0.418471,
        "nauc_ndcg_at_1000_max": 0.005556,
        "nauc_ndcg_at_1000_std": -0.005218,
        "nauc_ndcg_at_1000_diff1": 0.416406,
        "nauc_map_at_1_max": -0.028571,
        "nauc_map_at_1_std": 0.028092,
        "nauc_map_at_1_diff1": 0.505718,
        "nauc_map_at_3_max": -0.005773,
        "nauc_map_at_3_std": -0.007603,
        "nauc_map_at_3_diff1": 0.382199,
        "nauc_map_at_5_max": -0.004552,
        "nauc_map_at_5_std": -0.025691,
        "nauc_map_at_5_diff1": 0.405603,
        "nauc_map_at_10_max": 0.002947,
        "nauc_map_at_10_std": -0.004083,
        "nauc_map_at_10_diff1": 0.419366,
        "nauc_map_at_20_max": 0.000685,
        "nauc_map_at_20_std": -0.005119,
        "nauc_map_at_20_diff1": 0.422098,
        "nauc_map_at_100_max": -0.001406,
        "nauc_map_at_100_std": -0.003971,
        "nauc_map_at_100_diff1": 0.421154,
        "nauc_map_at_1000_max": -0.001413,
        "nauc_map_at_1000_std": -0.003962,
        "nauc_map_at_1000_diff1": 0.421131,
        "nauc_recall_at_1_max": -0.028571,
        "nauc_recall_at_1_std": 0.028092,
        "nauc_recall_at_1_diff1": 0.505718,
        "nauc_recall_at_3_max": 0.048059,
        "nauc_recall_at_3_std": -0.045146,
        "nauc_recall_at_3_diff1": 0.177167,
        "nauc_recall_at_5_max": 0.050505,
        "nauc_recall_at_5_std": -0.156502,
        "nauc_recall_at_5_diff1": 0.277402,
        "nauc_recall_at_10_max": 0.243192,
        "nauc_recall_at_10_std": 0.002233,
        "nauc_recall_at_10_diff1": 0.402672,
        "nauc_recall_at_20_max": 0.25757,
        "nauc_recall_at_20_std": -0.078498,
        "nauc_recall_at_20_diff1": 0.578231,
        "nauc_recall_at_100_max": 0.122782,
        "nauc_recall_at_100_std": -0.171335,
        "nauc_recall_at_100_diff1": 0.869281,
        "nauc_recall_at_1000_max": NaN,
        "nauc_recall_at_1000_std": NaN,
        "nauc_recall_at_1000_diff1": NaN,
        "nauc_precision_at_1_max": -0.028571,
        "nauc_precision_at_1_std": 0.028092,
        "nauc_precision_at_1_diff1": 0.505718,
        "nauc_precision_at_3_max": 0.048059,
        "nauc_precision_at_3_std": -0.045146,
        "nauc_precision_at_3_diff1": 0.177167,
        "nauc_precision_at_5_max": 0.050505,
        "nauc_precision_at_5_std": -0.156502,
        "nauc_precision_at_5_diff1": 0.277402,
        "nauc_precision_at_10_max": 0.243192,
        "nauc_precision_at_10_std": 0.002233,
        "nauc_precision_at_10_diff1": 0.402672,
        "nauc_precision_at_20_max": 0.25757,
        "nauc_precision_at_20_std": -0.078498,
        "nauc_precision_at_20_diff1": 0.578231,
        "nauc_precision_at_100_max": 0.122782,
        "nauc_precision_at_100_std": -0.171335,
        "nauc_precision_at_100_diff1": 0.869281,
        "nauc_precision_at_1000_max": NaN,
        "nauc_precision_at_1000_std": NaN,
        "nauc_precision_at_1000_diff1": NaN,
        "nauc_mrr_at_1_max": -0.028571,
        "nauc_mrr_at_1_std": 0.028092,
        "nauc_mrr_at_1_diff1": 0.505718,
        "nauc_mrr_at_3_max": -0.005773,
        "nauc_mrr_at_3_std": -0.007603,
        "nauc_mrr_at_3_diff1": 0.382199,
        "nauc_mrr_at_5_max": -0.004552,
        "nauc_mrr_at_5_std": -0.025691,
        "nauc_mrr_at_5_diff1": 0.405603,
        "nauc_mrr_at_10_max": 0.002947,
        "nauc_mrr_at_10_std": -0.004083,
        "nauc_mrr_at_10_diff1": 0.419366,
        "nauc_mrr_at_20_max": 0.000685,
        "nauc_mrr_at_20_std": -0.005119,
        "nauc_mrr_at_20_diff1": 0.422098,
        "nauc_mrr_at_100_max": -0.001406,
        "nauc_mrr_at_100_std": -0.003971,
        "nauc_mrr_at_100_diff1": 0.421154,
        "nauc_mrr_at_1000_max": -0.001413,
        "nauc_mrr_at_1000_std": -0.003962,
        "nauc_mrr_at_1000_diff1": 0.421131,
        "main_score": 0.60309,
        "hf_subset": "default",
        "languages": [
          "eng-Latn"
        ]
      }
    ]
  },
  "evaluation_time": 495.2970221042633,
  "kg_co2_emissions": null
}