{
  "dataset_revision": "ec00129f88e9476e582131dc3a5db9220dfefa48",
  "task_name": "license-tldr-retrieval",
  "mteb_version": "1.38.49",
  "scores": {
    "test": [
      {
        "ndcg_at_1": 0.67692,
        "ndcg_at_3": 0.74652,
        "ndcg_at_5": 0.77167,
        "ndcg_at_10": 0.79649,
        "ndcg_at_20": 0.80375,
        "ndcg_at_100": 0.8094,
        "ndcg_at_1000": 0.8094,
        "map_at_1": 0.67692,
        "map_at_3": 0.72821,
        "map_at_5": 0.74205,
        "map_at_10": 0.75226,
        "map_at_20": 0.75399,
        "map_at_100": 0.75472,
        "map_at_1000": 0.75472,
        "recall_at_1": 0.67692,
        "recall_at_3": 0.8,
        "recall_at_5": 0.86154,
        "recall_at_10": 0.93846,
        "recall_at_20": 0.96923,
        "recall_at_100": 1.0,
        "recall_at_1000": 1.0,
        "precision_at_1": 0.67692,
        "precision_at_3": 0.26667,
        "precision_at_5": 0.17231,
        "precision_at_10": 0.09385,
        "precision_at_20": 0.04846,
        "precision_at_100": 0.01,
        "precision_at_1000": 0.001,
        "mrr_at_1": 0.676923,
        "mrr_at_3": 0.728205,
        "mrr_at_5": 0.742051,
        "mrr_at_10": 0.752259,
        "mrr_at_20": 0.75399,
        "mrr_at_100": 0.754719,
        "mrr_at_1000": 0.754719,
        "nauc_ndcg_at_1_max": 0.607309,
        "nauc_ndcg_at_1_std": 0.43409,
        "nauc_ndcg_at_1_diff1": 0.697189,
        "nauc_ndcg_at_3_max": 0.684868,
        "nauc_ndcg_at_3_std": 0.453925,
        "nauc_ndcg_at_3_diff1": 0.646429,
        "nauc_ndcg_at_5_max": 0.679266,
        "nauc_ndcg_at_5_std": 0.533522,
        "nauc_ndcg_at_5_diff1": 0.619756,
        "nauc_ndcg_at_10_max": 0.663788,
        "nauc_ndcg_at_10_std": 0.499948,
        "nauc_ndcg_at_10_diff1": 0.604109,
        "nauc_ndcg_at_20_max": 0.664734,
        "nauc_ndcg_at_20_std": 0.496625,
        "nauc_ndcg_at_20_diff1": 0.617248,
        "nauc_ndcg_at_100_max": 0.657743,
        "nauc_ndcg_at_100_std": 0.481598,
        "nauc_ndcg_at_100_diff1": 0.6355,
        "nauc_ndcg_at_1000_max": 0.657743,
        "nauc_ndcg_at_1000_std": 0.481598,
        "nauc_ndcg_at_1000_diff1": 0.6355,
        "nauc_map_at_1_max": 0.607309,
        "nauc_map_at_1_std": 0.43409,
        "nauc_map_at_1_diff1": 0.697189,
        "nauc_map_at_3_max": 0.664578,
        "nauc_map_at_3_std": 0.45061,
        "nauc_map_at_3_diff1": 0.660201,
        "nauc_map_at_5_max": 0.659374,
        "nauc_map_at_5_std": 0.488977,
        "nauc_map_at_5_diff1": 0.647745,
        "nauc_map_at_10_max": 0.652969,
        "nauc_map_at_10_std": 0.475277,
        "nauc_map_at_10_diff1": 0.642744,
        "nauc_map_at_20_max": 0.653011,
        "nauc_map_at_20_std": 0.474174,
        "nauc_map_at_20_diff1": 0.645303,
        "nauc_map_at_100_max": 0.652266,
        "nauc_map_at_100_std": 0.472548,
        "nauc_map_at_100_diff1": 0.647376,
        "nauc_map_at_1000_max": 0.652266,
        "nauc_map_at_1000_std": 0.472548,
        "nauc_map_at_1000_diff1": 0.647376,
        "nauc_recall_at_1_max": 0.607309,
        "nauc_recall_at_1_std": 0.43409,
        "nauc_recall_at_1_diff1": 0.697189,
        "nauc_recall_at_3_max": 0.758702,
        "nauc_recall_at_3_std": 0.46494,
        "nauc_recall_at_3_diff1": 0.59604,
        "nauc_recall_at_5_max": 0.777115,
        "nauc_recall_at_5_std": 0.771959,
        "nauc_recall_at_5_diff1": 0.476237,
        "nauc_recall_at_10_max": 0.754376,
        "nauc_recall_at_10_std": 0.748994,
        "nauc_recall_at_10_diff1": 0.185897,
        "nauc_recall_at_20_max": 0.870389,
        "nauc_recall_at_20_std": 0.935194,
        "nauc_recall_at_20_diff1": 0.094394,
        "nauc_recall_at_100_max": NaN,
        "nauc_recall_at_100_std": NaN,
        "nauc_recall_at_100_diff1": NaN,
        "nauc_recall_at_1000_max": NaN,
        "nauc_recall_at_1000_std": NaN,
        "nauc_recall_at_1000_diff1": NaN,
        "nauc_precision_at_1_max": 0.607309,
        "nauc_precision_at_1_std": 0.43409,
        "nauc_precision_at_1_diff1": 0.697189,
        "nauc_precision_at_3_max": 0.758702,
        "nauc_precision_at_3_std": 0.46494,
        "nauc_precision_at_3_diff1": 0.59604,
        "nauc_precision_at_5_max": 0.777115,
        "nauc_precision_at_5_std": 0.771959,
        "nauc_precision_at_5_diff1": 0.476237,
        "nauc_precision_at_10_max": 0.754376,
        "nauc_precision_at_10_std": 0.748994,
        "nauc_precision_at_10_diff1": 0.185897,
        "nauc_precision_at_20_max": 0.870389,
        "nauc_precision_at_20_std": 0.935194,
        "nauc_precision_at_20_diff1": 0.094394,
        "nauc_precision_at_100_max": NaN,
        "nauc_precision_at_100_std": NaN,
        "nauc_precision_at_100_diff1": NaN,
        "nauc_precision_at_1000_max": 1.0,
        "nauc_precision_at_1000_std": 1.0,
        "nauc_precision_at_1000_diff1": 1.0,
        "nauc_mrr_at_1_max": 0.607309,
        "nauc_mrr_at_1_std": 0.43409,
        "nauc_mrr_at_1_diff1": 0.697189,
        "nauc_mrr_at_3_max": 0.664578,
        "nauc_mrr_at_3_std": 0.45061,
        "nauc_mrr_at_3_diff1": 0.660201,
        "nauc_mrr_at_5_max": 0.659374,
        "nauc_mrr_at_5_std": 0.488977,
        "nauc_mrr_at_5_diff1": 0.647745,
        "nauc_mrr_at_10_max": 0.652969,
        "nauc_mrr_at_10_std": 0.475277,
        "nauc_mrr_at_10_diff1": 0.642744,
        "nauc_mrr_at_20_max": 0.653011,
        "nauc_mrr_at_20_std": 0.474174,
        "nauc_mrr_at_20_diff1": 0.645303,
        "nauc_mrr_at_100_max": 0.652266,
        "nauc_mrr_at_100_std": 0.472548,
        "nauc_mrr_at_100_diff1": 0.647376,
        "nauc_mrr_at_1000_max": 0.652266,
        "nauc_mrr_at_1000_std": 0.472548,
        "nauc_mrr_at_1000_diff1": 0.647376,
        "main_score": 0.79649,
        "hf_subset": "default",
        "languages": [
          "eng-Latn"
        ]
      }
    ]
  },
  "evaluation_time": 20.57328748703003,
  "kg_co2_emissions": null
}