{
  "dataset_revision": "319b6cc4b012d733f126a943a8a66bdf9df5dc40",
  "task_name": "scalr",
  "mteb_version": "1.38.49",
  "scores": {
    "test": [
      {
        "ndcg_at_1": 0.59167,
        "ndcg_at_3": 0.70476,
        "ndcg_at_5": 0.72197,
        "ndcg_at_10": 0.7441,
        "ndcg_at_20": 0.75049,
        "ndcg_at_100": 0.76134,
        "ndcg_at_1000": 0.76349,
        "map_at_1": 0.59167,
        "map_at_3": 0.675,
        "map_at_5": 0.68458,
        "map_at_10": 0.69405,
        "map_at_20": 0.69584,
        "map_at_100": 0.69735,
        "map_at_1000": 0.69744,
        "recall_at_1": 0.59167,
        "recall_at_3": 0.79167,
        "recall_at_5": 0.83333,
        "recall_at_10": 0.9,
        "recall_at_20": 0.925,
        "recall_at_100": 0.98333,
        "recall_at_1000": 1.0,
        "precision_at_1": 0.59167,
        "precision_at_3": 0.26389,
        "precision_at_5": 0.16667,
        "precision_at_10": 0.09,
        "precision_at_20": 0.04625,
        "precision_at_100": 0.00983,
        "precision_at_1000": 0.001,
        "mrr_at_1": 0.591667,
        "mrr_at_3": 0.675,
        "mrr_at_5": 0.684583,
        "mrr_at_10": 0.694048,
        "mrr_at_20": 0.695839,
        "mrr_at_100": 0.697351,
        "mrr_at_1000": 0.697436,
        "nauc_ndcg_at_1_max": 0.32481,
        "nauc_ndcg_at_1_std": 0.20602,
        "nauc_ndcg_at_1_diff1": 0.679514,
        "nauc_ndcg_at_3_max": 0.37718,
        "nauc_ndcg_at_3_std": 0.155277,
        "nauc_ndcg_at_3_diff1": 0.637042,
        "nauc_ndcg_at_5_max": 0.370031,
        "nauc_ndcg_at_5_std": 0.164728,
        "nauc_ndcg_at_5_diff1": 0.618994,
        "nauc_ndcg_at_10_max": 0.383745,
        "nauc_ndcg_at_10_std": 0.221444,
        "nauc_ndcg_at_10_diff1": 0.601036,
        "nauc_ndcg_at_20_max": 0.373348,
        "nauc_ndcg_at_20_std": 0.19877,
        "nauc_ndcg_at_20_diff1": 0.620113,
        "nauc_ndcg_at_100_max": 0.358342,
        "nauc_ndcg_at_100_std": 0.186683,
        "nauc_ndcg_at_100_diff1": 0.618688,
        "nauc_ndcg_at_1000_max": 0.362103,
        "nauc_ndcg_at_1000_std": 0.187994,
        "nauc_ndcg_at_1000_diff1": 0.622267,
        "nauc_map_at_1_max": 0.32481,
        "nauc_map_at_1_std": 0.20602,
        "nauc_map_at_1_diff1": 0.679514,
        "nauc_map_at_3_max": 0.360833,
        "nauc_map_at_3_std": 0.167053,
        "nauc_map_at_3_diff1": 0.642979,
        "nauc_map_at_5_max": 0.357291,
        "nauc_map_at_5_std": 0.171571,
        "nauc_map_at_5_diff1": 0.633841,
        "nauc_map_at_10_max": 0.360838,
        "nauc_map_at_10_std": 0.193508,
        "nauc_map_at_10_diff1": 0.627726,
        "nauc_map_at_20_max": 0.358505,
        "nauc_map_at_20_std": 0.187937,
        "nauc_map_at_20_diff1": 0.632283,
        "nauc_map_at_100_max": 0.356436,
        "nauc_map_at_100_std": 0.18592,
        "nauc_map_at_100_diff1": 0.631871,
        "nauc_map_at_1000_max": 0.356637,
        "nauc_map_at_1000_std": 0.185996,
        "nauc_map_at_1000_diff1": 0.631884,
        "nauc_recall_at_1_max": 0.32481,
        "nauc_recall_at_1_std": 0.20602,
        "nauc_recall_at_1_diff1": 0.679514,
        "nauc_recall_at_3_max": 0.44323,
        "nauc_recall_at_3_std": 0.10983,
        "nauc_recall_at_3_diff1": 0.616897,
        "nauc_recall_at_5_max": 0.428473,
        "nauc_recall_at_5_std": 0.13766,
        "nauc_recall_at_5_diff1": 0.549507,
        "nauc_recall_at_10_max": 0.564776,
        "nauc_recall_at_10_std": 0.475451,
        "nauc_recall_at_10_diff1": 0.393635,
        "nauc_recall_at_20_max": 0.50555,
        "nauc_recall_at_20_std": 0.315126,
        "nauc_recall_at_20_diff1": 0.534028,
        "nauc_recall_at_100_max": 0.079365,
        "nauc_recall_at_100_std": 0.093371,
        "nauc_recall_at_100_diff1": 0.218254,
        "nauc_recall_at_1000_max": NaN,
        "nauc_recall_at_1000_std": NaN,
        "nauc_recall_at_1000_diff1": NaN,
        "nauc_precision_at_1_max": 0.32481,
        "nauc_precision_at_1_std": 0.20602,
        "nauc_precision_at_1_diff1": 0.679514,
        "nauc_precision_at_3_max": 0.44323,
        "nauc_precision_at_3_std": 0.10983,
        "nauc_precision_at_3_diff1": 0.616897,
        "nauc_precision_at_5_max": 0.428473,
        "nauc_precision_at_5_std": 0.13766,
        "nauc_precision_at_5_diff1": 0.549507,
        "nauc_precision_at_10_max": 0.564776,
        "nauc_precision_at_10_std": 0.475451,
        "nauc_precision_at_10_diff1": 0.393635,
        "nauc_precision_at_20_max": 0.50555,
        "nauc_precision_at_20_std": 0.315126,
        "nauc_precision_at_20_diff1": 0.534028,
        "nauc_precision_at_100_max": 0.079365,
        "nauc_precision_at_100_std": 0.093371,
        "nauc_precision_at_100_diff1": 0.218254,
        "nauc_precision_at_1000_max": 1.0,
        "nauc_precision_at_1000_std": 1.0,
        "nauc_precision_at_1000_diff1": 1.0,
        "nauc_mrr_at_1_max": 0.32481,
        "nauc_mrr_at_1_std": 0.20602,
        "nauc_mrr_at_1_diff1": 0.679514,
        "nauc_mrr_at_3_max": 0.360833,
        "nauc_mrr_at_3_std": 0.167053,
        "nauc_mrr_at_3_diff1": 0.642979,
        "nauc_mrr_at_5_max": 0.357291,
        "nauc_mrr_at_5_std": 0.171571,
        "nauc_mrr_at_5_diff1": 0.633841,
        "nauc_mrr_at_10_max": 0.360838,
        "nauc_mrr_at_10_std": 0.193508,
        "nauc_mrr_at_10_diff1": 0.627726,
        "nauc_mrr_at_20_max": 0.358505,
        "nauc_mrr_at_20_std": 0.187937,
        "nauc_mrr_at_20_diff1": 0.632283,
        "nauc_mrr_at_100_max": 0.356436,
        "nauc_mrr_at_100_std": 0.18592,
        "nauc_mrr_at_100_diff1": 0.631871,
        "nauc_mrr_at_1000_max": 0.356637,
        "nauc_mrr_at_1000_std": 0.185996,
        "nauc_mrr_at_1000_diff1": 0.631884,
        "main_score": 0.7441,
        "hf_subset": "default",
        "languages": [
          "eng-Latn"
        ]
      }
    ]
  },
  "evaluation_time": 49.04075479507446,
  "kg_co2_emissions": null
}