{
  "dataset_revision": "427e2ae4b22cd9ad990ef8dd4647c16d79c89198",
  "task_name": "singaporean-judicial-keywords",
  "mteb_version": "1.38.49",
  "scores": {
    "test": [
      {
        "ndcg_at_1": 0.934,
        "ndcg_at_3": 0.95567,
        "ndcg_at_5": 0.95894,
        "ndcg_at_10": 0.96217,
        "ndcg_at_20": 0.96376,
        "ndcg_at_100": 0.965,
        "ndcg_at_1000": 0.965,
        "map_at_1": 0.934,
        "map_at_3": 0.95067,
        "map_at_5": 0.95247,
        "map_at_10": 0.9538,
        "map_at_20": 0.95427,
        "map_at_100": 0.95449,
        "map_at_1000": 0.95449,
        "recall_at_1": 0.934,
        "recall_at_3": 0.97,
        "recall_at_5": 0.978,
        "recall_at_10": 0.988,
        "recall_at_20": 0.994,
        "recall_at_100": 1.0,
        "recall_at_1000": 1.0,
        "precision_at_1": 0.934,
        "precision_at_3": 0.32333,
        "precision_at_5": 0.1956,
        "precision_at_10": 0.0988,
        "precision_at_20": 0.0497,
        "precision_at_100": 0.01,
        "precision_at_1000": 0.001,
        "mrr_at_1": 0.934,
        "mrr_at_3": 0.950667,
        "mrr_at_5": 0.952467,
        "mrr_at_10": 0.953796,
        "mrr_at_20": 0.954275,
        "mrr_at_100": 0.954494,
        "mrr_at_1000": 0.954494,
        "nauc_ndcg_at_1_max": 0.712234,
        "nauc_ndcg_at_1_std": 0.333404,
        "nauc_ndcg_at_1_diff1": 0.932872,
        "nauc_ndcg_at_3_max": 0.796027,
        "nauc_ndcg_at_3_std": 0.296291,
        "nauc_ndcg_at_3_diff1": 0.94964,
        "nauc_ndcg_at_5_max": 0.799245,
        "nauc_ndcg_at_5_std": 0.329877,
        "nauc_ndcg_at_5_diff1": 0.945629,
        "nauc_ndcg_at_10_max": 0.786984,
        "nauc_ndcg_at_10_std": 0.357507,
        "nauc_ndcg_at_10_diff1": 0.947547,
        "nauc_ndcg_at_20_max": 0.777607,
        "nauc_ndcg_at_20_std": 0.335044,
        "nauc_ndcg_at_20_diff1": 0.945238,
        "nauc_ndcg_at_100_max": 0.769741,
        "nauc_ndcg_at_100_std": 0.329498,
        "nauc_ndcg_at_100_diff1": 0.943301,
        "nauc_ndcg_at_1000_max": 0.769741,
        "nauc_ndcg_at_1000_std": 0.329498,
        "nauc_ndcg_at_1000_diff1": 0.943301,
        "nauc_map_at_1_max": 0.712234,
        "nauc_map_at_1_std": 0.333404,
        "nauc_map_at_1_diff1": 0.932872,
        "nauc_map_at_3_max": 0.770762,
        "nauc_map_at_3_std": 0.308369,
        "nauc_map_at_3_diff1": 0.944498,
        "nauc_map_at_5_max": 0.771093,
        "nauc_map_at_5_std": 0.324157,
        "nauc_map_at_5_diff1": 0.942396,
        "nauc_map_at_10_max": 0.766225,
        "nauc_map_at_10_std": 0.333078,
        "nauc_map_at_10_diff1": 0.942883,
        "nauc_map_at_20_max": 0.763778,
        "nauc_map_at_20_std": 0.327406,
        "nauc_map_at_20_diff1": 0.942286,
        "nauc_map_at_100_max": 0.76264,
        "nauc_map_at_100_std": 0.326922,
        "nauc_map_at_100_diff1": 0.942007,
        "nauc_map_at_1000_max": 0.76264,
        "nauc_map_at_1000_std": 0.326922,
        "nauc_map_at_1000_diff1": 0.942007,
        "nauc_recall_at_1_max": 0.712234,
        "nauc_recall_at_1_std": 0.333404,
        "nauc_recall_at_1_diff1": 0.932872,
        "nauc_recall_at_3_max": 0.914721,
        "nauc_recall_at_3_std": 0.238904,
        "nauc_recall_at_3_diff1": 0.973856,
        "nauc_recall_at_5_max": 0.974747,
        "nauc_recall_at_5_std": 0.377133,
        "nauc_recall_at_5_diff1": 0.964349,
        "nauc_recall_at_10_max": 1.0,
        "nauc_recall_at_10_std": 0.690398,
        "nauc_recall_at_10_diff1": 1.0,
        "nauc_recall_at_20_max": 1.0,
        "nauc_recall_at_20_std": 0.516962,
        "nauc_recall_at_20_diff1": 1.0,
        "nauc_recall_at_100_max": NaN,
        "nauc_recall_at_100_std": NaN,
        "nauc_recall_at_100_diff1": NaN,
        "nauc_recall_at_1000_max": NaN,
        "nauc_recall_at_1000_std": NaN,
        "nauc_recall_at_1000_diff1": NaN,
        "nauc_precision_at_1_max": 0.712234,
        "nauc_precision_at_1_std": 0.333404,
        "nauc_precision_at_1_diff1": 0.932872,
        "nauc_precision_at_3_max": 0.914721,
        "nauc_precision_at_3_std": 0.238904,
        "nauc_precision_at_3_diff1": 0.973856,
        "nauc_precision_at_5_max": 0.974747,
        "nauc_precision_at_5_std": 0.377133,
        "nauc_precision_at_5_diff1": 0.964349,
        "nauc_precision_at_10_max": 1.0,
        "nauc_precision_at_10_std": 0.690398,
        "nauc_precision_at_10_diff1": 1.0,
        "nauc_precision_at_20_max": 1.0,
        "nauc_precision_at_20_std": 0.516962,
        "nauc_precision_at_20_diff1": 1.0,
        "nauc_precision_at_100_max": 1.0,
        "nauc_precision_at_100_std": 1.0,
        "nauc_precision_at_100_diff1": 1.0,
        "nauc_precision_at_1000_max": 1.0,
        "nauc_precision_at_1000_std": 1.0,
        "nauc_precision_at_1000_diff1": 1.0,
        "nauc_mrr_at_1_max": 0.712234,
        "nauc_mrr_at_1_std": 0.333404,
        "nauc_mrr_at_1_diff1": 0.932872,
        "nauc_mrr_at_3_max": 0.770762,
        "nauc_mrr_at_3_std": 0.308369,
        "nauc_mrr_at_3_diff1": 0.944498,
        "nauc_mrr_at_5_max": 0.771093,
        "nauc_mrr_at_5_std": 0.324157,
        "nauc_mrr_at_5_diff1": 0.942396,
        "nauc_mrr_at_10_max": 0.766225,
        "nauc_mrr_at_10_std": 0.333078,
        "nauc_mrr_at_10_diff1": 0.942883,
        "nauc_mrr_at_20_max": 0.763778,
        "nauc_mrr_at_20_std": 0.327406,
        "nauc_mrr_at_20_diff1": 0.942286,
        "nauc_mrr_at_100_max": 0.76264,
        "nauc_mrr_at_100_std": 0.326922,
        "nauc_mrr_at_100_diff1": 0.942007,
        "nauc_mrr_at_1000_max": 0.76264,
        "nauc_mrr_at_1000_std": 0.326922,
        "nauc_mrr_at_1000_diff1": 0.942007,
        "main_score": 0.96217,
        "hf_subset": "default",
        "languages": [
          "eng-Latn"
        ]
      }
    ]
  },
  "evaluation_time": 984.5496218204498,
  "kg_co2_emissions": null
}