{
  "dataset_revision": "436d6a79d06cac556799e9e0be54a6fb90bf7182",
  "task_name": "uk-legislative-long-titles",
  "mteb_version": "1.38.49",
  "scores": {
    "test": [
      {
        "ndcg_at_1": 0.94872,
        "ndcg_at_3": 0.9649,
        "ndcg_at_5": 0.97042,
        "ndcg_at_10": 0.97042,
        "ndcg_at_20": 0.9737,
        "ndcg_at_100": 0.9737,
        "ndcg_at_1000": 0.9737,
        "map_at_1": 0.94872,
        "map_at_3": 0.96154,
        "map_at_5": 0.96474,
        "map_at_10": 0.96474,
        "map_at_20": 0.96566,
        "map_at_100": 0.96566,
        "map_at_1000": 0.96566,
        "recall_at_1": 0.94872,
        "recall_at_3": 0.97436,
        "recall_at_5": 0.98718,
        "recall_at_10": 0.98718,
        "recall_at_20": 1.0,
        "recall_at_100": 1.0,
        "recall_at_1000": 1.0,
        "precision_at_1": 0.94872,
        "precision_at_3": 0.32479,
        "precision_at_5": 0.19744,
        "precision_at_10": 0.09872,
        "precision_at_20": 0.05,
        "precision_at_100": 0.01,
        "precision_at_1000": 0.001,
        "mrr_at_1": 0.948718,
        "mrr_at_3": 0.961538,
        "mrr_at_5": 0.964744,
        "mrr_at_10": 0.964744,
        "mrr_at_20": 0.965659,
        "mrr_at_100": 0.965659,
        "mrr_at_1000": 0.965659,
        "nauc_ndcg_at_1_max": 0.930225,
        "nauc_ndcg_at_1_std": 0.361201,
        "nauc_ndcg_at_1_diff1": 1.0,
        "nauc_ndcg_at_3_max": 0.96238,
        "nauc_ndcg_at_3_std": 0.625382,
        "nauc_ndcg_at_3_diff1": 1.0,
        "nauc_ndcg_at_5_max": 0.955359,
        "nauc_ndcg_at_5_std": 0.579929,
        "nauc_ndcg_at_5_diff1": 1.0,
        "nauc_ndcg_at_10_max": 0.955359,
        "nauc_ndcg_at_10_std": 0.579929,
        "nauc_ndcg_at_10_diff1": 1.0,
        "nauc_ndcg_at_20_max": 0.949789,
        "nauc_ndcg_at_20_std": 0.527518,
        "nauc_ndcg_at_20_diff1": 1.0,
        "nauc_ndcg_at_100_max": 0.949789,
        "nauc_ndcg_at_100_std": 0.527518,
        "nauc_ndcg_at_100_diff1": 1.0,
        "nauc_ndcg_at_1000_max": 0.949789,
        "nauc_ndcg_at_1000_std": 0.527518,
        "nauc_ndcg_at_1000_diff1": 1.0,
        "nauc_map_at_1_max": 0.930225,
        "nauc_map_at_1_std": 0.361201,
        "nauc_map_at_1_diff1": 1.0,
        "nauc_map_at_3_max": 0.953483,
        "nauc_map_at_3_std": 0.552285,
        "nauc_map_at_3_diff1": 1.0,
        "nauc_map_at_5_max": 0.949255,
        "nauc_map_at_5_std": 0.523501,
        "nauc_map_at_5_diff1": 1.0,
        "nauc_map_at_10_max": 0.949255,
        "nauc_map_at_10_std": 0.523501,
        "nauc_map_at_10_diff1": 1.0,
        "nauc_map_at_20_max": 0.947901,
        "nauc_map_at_20_std": 0.510795,
        "nauc_map_at_20_diff1": 1.0,
        "nauc_map_at_100_max": 0.947901,
        "nauc_map_at_100_std": 0.510795,
        "nauc_map_at_100_diff1": 1.0,
        "nauc_map_at_1000_max": 0.947901,
        "nauc_map_at_1000_std": 0.510795,
        "nauc_map_at_1000_diff1": 1.0,
        "nauc_recall_at_1_max": 0.930225,
        "nauc_recall_at_1_std": 0.361201,
        "nauc_recall_at_1_diff1": 1.0,
        "nauc_recall_at_3_max": 1.0,
        "nauc_recall_at_3_std": 0.934454,
        "nauc_recall_at_3_diff1": 1.0,
        "nauc_recall_at_5_max": 1.0,
        "nauc_recall_at_5_std": 1.0,
        "nauc_recall_at_5_diff1": 1.0,
        "nauc_recall_at_10_max": 1.0,
        "nauc_recall_at_10_std": 1.0,
        "nauc_recall_at_10_diff1": 1.0,
        "nauc_recall_at_20_max": NaN,
        "nauc_recall_at_20_std": NaN,
        "nauc_recall_at_20_diff1": NaN,
        "nauc_recall_at_100_max": NaN,
        "nauc_recall_at_100_std": NaN,
        "nauc_recall_at_100_diff1": NaN,
        "nauc_recall_at_1000_max": NaN,
        "nauc_recall_at_1000_std": NaN,
        "nauc_recall_at_1000_diff1": NaN,
        "nauc_precision_at_1_max": 0.930225,
        "nauc_precision_at_1_std": 0.361201,
        "nauc_precision_at_1_diff1": 1.0,
        "nauc_precision_at_3_max": 1.0,
        "nauc_precision_at_3_std": 0.934454,
        "nauc_precision_at_3_diff1": 1.0,
        "nauc_precision_at_5_max": 1.0,
        "nauc_precision_at_5_std": 1.0,
        "nauc_precision_at_5_diff1": 1.0,
        "nauc_precision_at_10_max": 1.0,
        "nauc_precision_at_10_std": 1.0,
        "nauc_precision_at_10_diff1": 1.0,
        "nauc_precision_at_20_max": 1.0,
        "nauc_precision_at_20_std": 1.0,
        "nauc_precision_at_20_diff1": 1.0,
        "nauc_precision_at_100_max": 1.0,
        "nauc_precision_at_100_std": 1.0,
        "nauc_precision_at_100_diff1": 1.0,
        "nauc_precision_at_1000_max": 1.0,
        "nauc_precision_at_1000_std": 1.0,
        "nauc_precision_at_1000_diff1": 1.0,
        "nauc_mrr_at_1_max": 0.930225,
        "nauc_mrr_at_1_std": 0.361201,
        "nauc_mrr_at_1_diff1": 1.0,
        "nauc_mrr_at_3_max": 0.953483,
        "nauc_mrr_at_3_std": 0.552285,
        "nauc_mrr_at_3_diff1": 1.0,
        "nauc_mrr_at_5_max": 0.949255,
        "nauc_mrr_at_5_std": 0.523501,
        "nauc_mrr_at_5_diff1": 1.0,
        "nauc_mrr_at_10_max": 0.949255,
        "nauc_mrr_at_10_std": 0.523501,
        "nauc_mrr_at_10_diff1": 1.0,
        "nauc_mrr_at_20_max": 0.947901,
        "nauc_mrr_at_20_std": 0.510795,
        "nauc_mrr_at_20_diff1": 1.0,
        "nauc_mrr_at_100_max": 0.947901,
        "nauc_mrr_at_100_std": 0.510795,
        "nauc_mrr_at_100_diff1": 1.0,
        "nauc_mrr_at_1000_max": 0.947901,
        "nauc_mrr_at_1000_std": 0.510795,
        "nauc_mrr_at_1000_diff1": 1.0,
        "main_score": 0.97042,
        "hf_subset": "default",
        "languages": [
          "eng-Latn"
        ]
      }
    ]
  },
  "evaluation_time": 58.46548557281494,
  "kg_co2_emissions": null
}