{
  "dataset_revision": "c64c3baac6bfd5f934d2df6e5d42dcb7d87c8ba8",
  "task_name": "australian-tax-guidance-retrieval",
  "mteb_version": "1.38.49",
  "scores": {
    "test": [
      {
        "ndcg_at_1": 0.50893,
        "ndcg_at_3": 0.63924,
        "ndcg_at_5": 0.66153,
        "ndcg_at_10": 0.70476,
        "ndcg_at_20": 0.71588,
        "ndcg_at_100": 0.72298,
        "ndcg_at_1000": 0.72298,
        "map_at_1": 0.50893,
        "map_at_3": 0.60714,
        "map_at_5": 0.61964,
        "map_at_10": 0.63742,
        "map_at_20": 0.64039,
        "map_at_100": 0.64154,
        "map_at_1000": 0.64154,
        "recall_at_1": 0.50893,
        "recall_at_3": 0.73214,
        "recall_at_5": 0.78571,
        "recall_at_10": 0.91964,
        "recall_at_20": 0.96429,
        "recall_at_100": 1.0,
        "recall_at_1000": 1.0,
        "precision_at_1": 0.50893,
        "precision_at_3": 0.24405,
        "precision_at_5": 0.15714,
        "precision_at_10": 0.09196,
        "precision_at_20": 0.04821,
        "precision_at_100": 0.01,
        "precision_at_1000": 0.001,
        "mrr_at_1": 0.508929,
        "mrr_at_3": 0.607143,
        "mrr_at_5": 0.619643,
        "mrr_at_10": 0.637419,
        "mrr_at_20": 0.640387,
        "mrr_at_100": 0.641539,
        "mrr_at_1000": 0.641539,
        "nauc_ndcg_at_1_max": 0.201629,
        "nauc_ndcg_at_1_std": 0.089716,
        "nauc_ndcg_at_1_diff1": 0.332671,
        "nauc_ndcg_at_3_max": 0.225834,
        "nauc_ndcg_at_3_std": 0.077685,
        "nauc_ndcg_at_3_diff1": 0.247074,
        "nauc_ndcg_at_5_max": 0.228266,
        "nauc_ndcg_at_5_std": 0.089158,
        "nauc_ndcg_at_5_diff1": 0.267727,
        "nauc_ndcg_at_10_max": 0.167656,
        "nauc_ndcg_at_10_std": 0.079412,
        "nauc_ndcg_at_10_diff1": 0.238414,
        "nauc_ndcg_at_20_max": 0.218539,
        "nauc_ndcg_at_20_std": 0.106046,
        "nauc_ndcg_at_20_diff1": 0.271625,
        "nauc_ndcg_at_100_max": 0.207981,
        "nauc_ndcg_at_100_std": 0.091418,
        "nauc_ndcg_at_100_diff1": 0.275734,
        "nauc_ndcg_at_1000_max": 0.207981,
        "nauc_ndcg_at_1000_std": 0.091418,
        "nauc_ndcg_at_1000_diff1": 0.275734,
        "nauc_map_at_1_max": 0.201629,
        "nauc_map_at_1_std": 0.089716,
        "nauc_map_at_1_diff1": 0.332671,
        "nauc_map_at_3_max": 0.216329,
        "nauc_map_at_3_std": 0.078923,
        "nauc_map_at_3_diff1": 0.273754,
        "nauc_map_at_5_max": 0.217081,
        "nauc_map_at_5_std": 0.084846,
        "nauc_map_at_5_diff1": 0.284329,
        "nauc_map_at_10_max": 0.196032,
        "nauc_map_at_10_std": 0.083456,
        "nauc_map_at_10_diff1": 0.275817,
        "nauc_map_at_20_max": 0.208587,
        "nauc_map_at_20_std": 0.089779,
        "nauc_map_at_20_diff1": 0.2836,
        "nauc_map_at_100_max": 0.207128,
        "nauc_map_at_100_std": 0.088032,
        "nauc_map_at_100_diff1": 0.283916,
        "nauc_map_at_1000_max": 0.207128,
        "nauc_map_at_1000_std": 0.088032,
        "nauc_map_at_1000_diff1": 0.283916,
        "nauc_recall_at_1_max": 0.201629,
        "nauc_recall_at_1_std": 0.089716,
        "nauc_recall_at_1_diff1": 0.332671,
        "nauc_recall_at_3_max": 0.262227,
        "nauc_recall_at_3_std": 0.074248,
        "nauc_recall_at_3_diff1": 0.147517,
        "nauc_recall_at_5_max": 0.278606,
        "nauc_recall_at_5_std": 0.111234,
        "nauc_recall_at_5_diff1": 0.200875,
        "nauc_recall_at_10_max": -0.192528,
        "nauc_recall_at_10_std": 0.017581,
        "nauc_recall_at_10_diff1": -0.167381,
        "nauc_recall_at_20_max": 0.526694,
        "nauc_recall_at_20_std": 0.561124,
        "nauc_recall_at_20_diff1": 0.124603,
        "nauc_recall_at_100_max": NaN,
        "nauc_recall_at_100_std": NaN,
        "nauc_recall_at_100_diff1": NaN,
        "nauc_recall_at_1000_max": NaN,
        "nauc_recall_at_1000_std": NaN,
        "nauc_recall_at_1000_diff1": NaN,
        "nauc_precision_at_1_max": 0.201629,
        "nauc_precision_at_1_std": 0.089716,
        "nauc_precision_at_1_diff1": 0.332671,
        "nauc_precision_at_3_max": 0.262227,
        "nauc_precision_at_3_std": 0.074248,
        "nauc_precision_at_3_diff1": 0.147517,
        "nauc_precision_at_5_max": 0.278606,
        "nauc_precision_at_5_std": 0.111234,
        "nauc_precision_at_5_diff1": 0.200875,
        "nauc_precision_at_10_max": -0.192528,
        "nauc_precision_at_10_std": 0.017581,
        "nauc_precision_at_10_diff1": -0.167381,
        "nauc_precision_at_20_max": 0.526694,
        "nauc_precision_at_20_std": 0.561124,
        "nauc_precision_at_20_diff1": 0.124603,
        "nauc_precision_at_100_max": NaN,
        "nauc_precision_at_100_std": NaN,
        "nauc_precision_at_100_diff1": NaN,
        "nauc_precision_at_1000_max": 1.0,
        "nauc_precision_at_1000_std": 1.0,
        "nauc_precision_at_1000_diff1": 1.0,
        "nauc_mrr_at_1_max": 0.201629,
        "nauc_mrr_at_1_std": 0.089716,
        "nauc_mrr_at_1_diff1": 0.332671,
        "nauc_mrr_at_3_max": 0.216329,
        "nauc_mrr_at_3_std": 0.078923,
        "nauc_mrr_at_3_diff1": 0.273754,
        "nauc_mrr_at_5_max": 0.217081,
        "nauc_mrr_at_5_std": 0.084846,
        "nauc_mrr_at_5_diff1": 0.284329,
        "nauc_mrr_at_10_max": 0.196032,
        "nauc_mrr_at_10_std": 0.083456,
        "nauc_mrr_at_10_diff1": 0.275817,
        "nauc_mrr_at_20_max": 0.208587,
        "nauc_mrr_at_20_std": 0.089779,
        "nauc_mrr_at_20_diff1": 0.2836,
        "nauc_mrr_at_100_max": 0.207128,
        "nauc_mrr_at_100_std": 0.088032,
        "nauc_mrr_at_100_diff1": 0.283916,
        "nauc_mrr_at_1000_max": 0.207128,
        "nauc_mrr_at_1000_std": 0.088032,
        "nauc_mrr_at_1000_diff1": 0.283916,
        "main_score": 0.70476,
        "hf_subset": "default",
        "languages": [
          "eng-Latn"
        ]
      }
    ]
  },
  "evaluation_time": 3.871427059173584,
  "kg_co2_emissions": null
}