{
  "dataset_revision": "dd157bbfa479359488c656981e3999da6f42e4e9",
  "task_name": "bar-exam-qa",
  "mteb_version": "1.38.49",
  "scores": {
    "test": [
      {
        "ndcg_at_1": 0.20513,
        "ndcg_at_3": 0.33303,
        "ndcg_at_5": 0.37164,
        "ndcg_at_10": 0.39095,
        "ndcg_at_20": 0.41219,
        "ndcg_at_100": 0.47012,
        "ndcg_at_1000": 0.47264,
        "map_at_1": 0.20513,
        "map_at_3": 0.30057,
        "map_at_5": 0.32194,
        "map_at_10": 0.32986,
        "map_at_20": 0.33551,
        "map_at_100": 0.34321,
        "map_at_1000": 0.34336,
        "recall_at_1": 0.20513,
        "recall_at_3": 0.42735,
        "recall_at_5": 0.52137,
        "recall_at_10": 0.5812,
        "recall_at_20": 0.66667,
        "recall_at_100": 0.98291,
        "recall_at_1000": 1.0,
        "precision_at_1": 0.20513,
        "precision_at_3": 0.14245,
        "precision_at_5": 0.10427,
        "precision_at_10": 0.05812,
        "precision_at_20": 0.03333,
        "precision_at_100": 0.00983,
        "precision_at_1000": 0.001,
        "mrr_at_1": 0.205128,
        "mrr_at_3": 0.30057,
        "mrr_at_5": 0.321937,
        "mrr_at_10": 0.329864,
        "mrr_at_20": 0.335514,
        "mrr_at_100": 0.343208,
        "mrr_at_1000": 0.343363,
        "nauc_ndcg_at_1_max": 0.211989,
        "nauc_ndcg_at_1_std": 0.085102,
        "nauc_ndcg_at_1_diff1": 0.356873,
        "nauc_ndcg_at_3_max": 0.21501,
        "nauc_ndcg_at_3_std": 0.100502,
        "nauc_ndcg_at_3_diff1": 0.267464,
        "nauc_ndcg_at_5_max": 0.236902,
        "nauc_ndcg_at_5_std": 0.110872,
        "nauc_ndcg_at_5_diff1": 0.28524,
        "nauc_ndcg_at_10_max": 0.219193,
        "nauc_ndcg_at_10_std": 0.106977,
        "nauc_ndcg_at_10_diff1": 0.289659,
        "nauc_ndcg_at_20_max": 0.234906,
        "nauc_ndcg_at_20_std": 0.136954,
        "nauc_ndcg_at_20_diff1": 0.295691,
        "nauc_ndcg_at_100_max": 0.232676,
        "nauc_ndcg_at_100_std": 0.119219,
        "nauc_ndcg_at_100_diff1": 0.29722,
        "nauc_ndcg_at_1000_max": 0.225235,
        "nauc_ndcg_at_1000_std": 0.110679,
        "nauc_ndcg_at_1000_diff1": 0.291035,
        "nauc_map_at_1_max": 0.211989,
        "nauc_map_at_1_std": 0.085102,
        "nauc_map_at_1_diff1": 0.356873,
        "nauc_map_at_3_max": 0.215074,
        "nauc_map_at_3_std": 0.093594,
        "nauc_map_at_3_diff1": 0.281002,
        "nauc_map_at_5_max": 0.229439,
        "nauc_map_at_5_std": 0.100105,
        "nauc_map_at_5_diff1": 0.292537,
        "nauc_map_at_10_max": 0.221838,
        "nauc_map_at_10_std": 0.098029,
        "nauc_map_at_10_diff1": 0.294728,
        "nauc_map_at_20_max": 0.226981,
        "nauc_map_at_20_std": 0.104183,
        "nauc_map_at_20_diff1": 0.295986,
        "nauc_map_at_100_max": 0.224796,
        "nauc_map_at_100_std": 0.101646,
        "nauc_map_at_100_diff1": 0.295033,
        "nauc_map_at_1000_max": 0.224407,
        "nauc_map_at_1000_std": 0.101194,
        "nauc_map_at_1000_diff1": 0.294711,
        "nauc_recall_at_1_max": 0.211989,
        "nauc_recall_at_1_std": 0.085102,
        "nauc_recall_at_1_diff1": 0.356873,
        "nauc_recall_at_3_max": 0.214573,
        "nauc_recall_at_3_std": 0.119831,
        "nauc_recall_at_3_diff1": 0.234385,
        "nauc_recall_at_5_max": 0.257489,
        "nauc_recall_at_5_std": 0.141898,
        "nauc_recall_at_5_diff1": 0.268793,
        "nauc_recall_at_10_max": 0.205327,
        "nauc_recall_at_10_std": 0.133629,
        "nauc_recall_at_10_diff1": 0.279879,
        "nauc_recall_at_20_max": 0.264741,
        "nauc_recall_at_20_std": 0.285805,
        "nauc_recall_at_20_diff1": 0.307977,
        "nauc_recall_at_100_max": 1.0,
        "nauc_recall_at_100_std": 1.0,
        "nauc_recall_at_100_diff1": 0.934454,
        "nauc_recall_at_1000_max": NaN,
        "nauc_recall_at_1000_std": NaN,
        "nauc_recall_at_1000_diff1": NaN,
        "nauc_precision_at_1_max": 0.211989,
        "nauc_precision_at_1_std": 0.085102,
        "nauc_precision_at_1_diff1": 0.356873,
        "nauc_precision_at_3_max": 0.214573,
        "nauc_precision_at_3_std": 0.119831,
        "nauc_precision_at_3_diff1": 0.234385,
        "nauc_precision_at_5_max": 0.257489,
        "nauc_precision_at_5_std": 0.141898,
        "nauc_precision_at_5_diff1": 0.268793,
        "nauc_precision_at_10_max": 0.205327,
        "nauc_precision_at_10_std": 0.133629,
        "nauc_precision_at_10_diff1": 0.279879,
        "nauc_precision_at_20_max": 0.264741,
        "nauc_precision_at_20_std": 0.285805,
        "nauc_precision_at_20_diff1": 0.307977,
        "nauc_precision_at_100_max": 1.0,
        "nauc_precision_at_100_std": 1.0,
        "nauc_precision_at_100_diff1": 0.934454,
        "nauc_precision_at_1000_max": 1.0,
        "nauc_precision_at_1000_std": 1.0,
        "nauc_precision_at_1000_diff1": 1.0,
        "nauc_mrr_at_1_max": 0.211989,
        "nauc_mrr_at_1_std": 0.085102,
        "nauc_mrr_at_1_diff1": 0.356873,
        "nauc_mrr_at_3_max": 0.215074,
        "nauc_mrr_at_3_std": 0.093594,
        "nauc_mrr_at_3_diff1": 0.281002,
        "nauc_mrr_at_5_max": 0.229439,
        "nauc_mrr_at_5_std": 0.100105,
        "nauc_mrr_at_5_diff1": 0.292537,
        "nauc_mrr_at_10_max": 0.221838,
        "nauc_mrr_at_10_std": 0.098029,
        "nauc_mrr_at_10_diff1": 0.294728,
        "nauc_mrr_at_20_max": 0.226981,
        "nauc_mrr_at_20_std": 0.104183,
        "nauc_mrr_at_20_diff1": 0.295986,
        "nauc_mrr_at_100_max": 0.224796,
        "nauc_mrr_at_100_std": 0.101646,
        "nauc_mrr_at_100_diff1": 0.295033,
        "nauc_mrr_at_1000_max": 0.224407,
        "nauc_mrr_at_1000_std": 0.101194,
        "nauc_mrr_at_1000_diff1": 0.294711,
        "main_score": 0.39095,
        "hf_subset": "default",
        "languages": [
          "eng-Latn"
        ]
      }
    ]
  },
  "evaluation_time": 4.532357454299927,
  "kg_co2_emissions": null
}