{
  "dataset_revision": "2095f248902963b4480ac96b774ba64b2104cbee",
  "task_name": "consumer-contracts-qa",
  "mteb_version": "1.38.49",
  "scores": {
    "test": [
      {
        "ndcg_at_1": 0.68687,
        "ndcg_at_3": 0.80321,
        "ndcg_at_5": 0.81755,
        "ndcg_at_10": 0.8331,
        "ndcg_at_20": 0.83802,
        "ndcg_at_100": 0.84103,
        "ndcg_at_1000": 0.84103,
        "map_at_1": 0.68687,
        "map_at_3": 0.77525,
        "map_at_5": 0.78308,
        "map_at_10": 0.79,
        "map_at_20": 0.79126,
        "map_at_100": 0.79174,
        "map_at_1000": 0.79174,
        "recall_at_1": 0.68687,
        "recall_at_3": 0.88384,
        "recall_at_5": 0.91919,
        "recall_at_10": 0.96465,
        "recall_at_20": 0.98485,
        "recall_at_100": 1.0,
        "recall_at_1000": 1.0,
        "precision_at_1": 0.68687,
        "precision_at_3": 0.29461,
        "precision_at_5": 0.18384,
        "precision_at_10": 0.09646,
        "precision_at_20": 0.04924,
        "precision_at_100": 0.01,
        "precision_at_1000": 0.001,
        "mrr_at_1": 0.686869,
        "mrr_at_3": 0.775253,
        "mrr_at_5": 0.783081,
        "mrr_at_10": 0.789995,
        "mrr_at_20": 0.791256,
        "mrr_at_100": 0.791736,
        "mrr_at_1000": 0.791736,
        "nauc_ndcg_at_1_max": 0.577637,
        "nauc_ndcg_at_1_std": 0.338437,
        "nauc_ndcg_at_1_diff1": 0.782596,
        "nauc_ndcg_at_3_max": 0.583912,
        "nauc_ndcg_at_3_std": 0.386503,
        "nauc_ndcg_at_3_diff1": 0.714124,
        "nauc_ndcg_at_5_max": 0.579273,
        "nauc_ndcg_at_5_std": 0.403859,
        "nauc_ndcg_at_5_diff1": 0.707523,
        "nauc_ndcg_at_10_max": 0.578922,
        "nauc_ndcg_at_10_std": 0.394203,
        "nauc_ndcg_at_10_diff1": 0.718284,
        "nauc_ndcg_at_20_max": 0.582409,
        "nauc_ndcg_at_20_std": 0.380892,
        "nauc_ndcg_at_20_diff1": 0.729802,
        "nauc_ndcg_at_100_max": 0.576829,
        "nauc_ndcg_at_100_std": 0.376485,
        "nauc_ndcg_at_100_diff1": 0.733035,
        "nauc_ndcg_at_1000_max": 0.576829,
        "nauc_ndcg_at_1000_std": 0.376485,
        "nauc_ndcg_at_1000_diff1": 0.733035,
        "nauc_map_at_1_max": 0.577637,
        "nauc_map_at_1_std": 0.338437,
        "nauc_map_at_1_diff1": 0.782596,
        "nauc_map_at_3_max": 0.577019,
        "nauc_map_at_3_std": 0.369559,
        "nauc_map_at_3_diff1": 0.733435,
        "nauc_map_at_5_max": 0.574937,
        "nauc_map_at_5_std": 0.378164,
        "nauc_map_at_5_diff1": 0.730961,
        "nauc_map_at_10_max": 0.575051,
        "nauc_map_at_10_std": 0.373473,
        "nauc_map_at_10_diff1": 0.736051,
        "nauc_map_at_20_max": 0.575731,
        "nauc_map_at_20_std": 0.370558,
        "nauc_map_at_20_diff1": 0.738586,
        "nauc_map_at_100_max": 0.575093,
        "nauc_map_at_100_std": 0.370154,
        "nauc_map_at_100_diff1": 0.738914,
        "nauc_map_at_1000_max": 0.575093,
        "nauc_map_at_1000_std": 0.370154,
        "nauc_map_at_1000_diff1": 0.738914,
        "nauc_recall_at_1_max": 0.577637,
        "nauc_recall_at_1_std": 0.338437,
        "nauc_recall_at_1_diff1": 0.782596,
        "nauc_recall_at_3_max": 0.6221,
        "nauc_recall_at_3_std": 0.472791,
        "nauc_recall_at_3_diff1": 0.618958,
        "nauc_recall_at_5_max": 0.611303,
        "nauc_recall_at_5_std": 0.583744,
        "nauc_recall_at_5_diff1": 0.548001,
        "nauc_recall_at_10_max": 0.637487,
        "nauc_recall_at_10_std": 0.70355,
        "nauc_recall_at_10_diff1": 0.464832,
        "nauc_recall_at_20_max": 0.851373,
        "nauc_recall_at_20_std": 0.609405,
        "nauc_recall_at_20_diff1": 0.565783,
        "nauc_recall_at_100_max": NaN,
        "nauc_recall_at_100_std": NaN,
        "nauc_recall_at_100_diff1": NaN,
        "nauc_recall_at_1000_max": NaN,
        "nauc_recall_at_1000_std": NaN,
        "nauc_recall_at_1000_diff1": NaN,
        "nauc_precision_at_1_max": 0.577637,
        "nauc_precision_at_1_std": 0.338437,
        "nauc_precision_at_1_diff1": 0.782596,
        "nauc_precision_at_3_max": 0.6221,
        "nauc_precision_at_3_std": 0.472791,
        "nauc_precision_at_3_diff1": 0.618958,
        "nauc_precision_at_5_max": 0.611303,
        "nauc_precision_at_5_std": 0.583744,
        "nauc_precision_at_5_diff1": 0.548001,
        "nauc_precision_at_10_max": 0.637487,
        "nauc_precision_at_10_std": 0.70355,
        "nauc_precision_at_10_diff1": 0.464832,
        "nauc_precision_at_20_max": 0.851373,
        "nauc_precision_at_20_std": 0.609405,
        "nauc_precision_at_20_diff1": 0.565783,
        "nauc_precision_at_100_max": 1.0,
        "nauc_precision_at_100_std": 1.0,
        "nauc_precision_at_100_diff1": 1.0,
        "nauc_precision_at_1000_max": 1.0,
        "nauc_precision_at_1000_std": 1.0,
        "nauc_precision_at_1000_diff1": 1.0,
        "nauc_mrr_at_1_max": 0.577637,
        "nauc_mrr_at_1_std": 0.338437,
        "nauc_mrr_at_1_diff1": 0.782596,
        "nauc_mrr_at_3_max": 0.577019,
        "nauc_mrr_at_3_std": 0.369559,
        "nauc_mrr_at_3_diff1": 0.733435,
        "nauc_mrr_at_5_max": 0.574937,
        "nauc_mrr_at_5_std": 0.378164,
        "nauc_mrr_at_5_diff1": 0.730961,
        "nauc_mrr_at_10_max": 0.575051,
        "nauc_mrr_at_10_std": 0.373473,
        "nauc_mrr_at_10_diff1": 0.736051,
        "nauc_mrr_at_20_max": 0.575731,
        "nauc_mrr_at_20_std": 0.370558,
        "nauc_mrr_at_20_diff1": 0.738586,
        "nauc_mrr_at_100_max": 0.575093,
        "nauc_mrr_at_100_std": 0.370154,
        "nauc_mrr_at_100_diff1": 0.738914,
        "nauc_mrr_at_1000_max": 0.575093,
        "nauc_mrr_at_1000_std": 0.370154,
        "nauc_mrr_at_1000_diff1": 0.738914,
        "main_score": 0.8331,
        "hf_subset": "default",
        "languages": [
          "eng-Latn"
        ]
      }
    ]
  },
  "evaluation_time": 3.8233110904693604,
  "kg_co2_emissions": null
}