{
  "dataset_revision": "48ed7bcb1f50896a0f71461a04b2df0ca84329d9",
  "task_name": "contractual-clause-retrieval",
  "mteb_version": "1.38.49",
  "scores": {
    "test": [
      {
        "ndcg_at_1": 0.68889,
        "ndcg_at_3": 0.685,
        "ndcg_at_5": 0.71901,
        "ndcg_at_10": 0.7281,
        "ndcg_at_20": 0.75528,
        "ndcg_at_100": 0.78489,
        "ndcg_at_1000": 0.78489,
        "map_at_1": 0.34444,
        "map_at_3": 0.64815,
        "map_at_5": 0.6737,
        "map_at_10": 0.67688,
        "map_at_20": 0.68724,
        "map_at_100": 0.69387,
        "map_at_1000": 0.69387,
        "recall_at_1": 0.34444,
        "recall_at_3": 0.7,
        "recall_at_5": 0.76667,
        "recall_at_10": 0.78889,
        "recall_at_20": 0.87778,
        "recall_at_100": 1.0,
        "recall_at_1000": 1.0,
        "precision_at_1": 0.68889,
        "precision_at_3": 0.46667,
        "precision_at_5": 0.30667,
        "precision_at_10": 0.15778,
        "precision_at_20": 0.08778,
        "precision_at_100": 0.02,
        "precision_at_1000": 0.002,
        "mrr_at_1": 0.688889,
        "mrr_at_3": 0.740741,
        "mrr_at_5": 0.751852,
        "mrr_at_10": 0.758201,
        "mrr_at_20": 0.761071,
        "mrr_at_100": 0.763312,
        "mrr_at_1000": 0.763312,
        "nauc_ndcg_at_1_max": 0.186463,
        "nauc_ndcg_at_1_std": -0.283481,
        "nauc_ndcg_at_1_diff1": 0.596509,
        "nauc_ndcg_at_3_max": 0.198918,
        "nauc_ndcg_at_3_std": -0.201783,
        "nauc_ndcg_at_3_diff1": 0.53608,
        "nauc_ndcg_at_5_max": 0.280358,
        "nauc_ndcg_at_5_std": -0.115496,
        "nauc_ndcg_at_5_diff1": 0.571282,
        "nauc_ndcg_at_10_max": 0.267532,
        "nauc_ndcg_at_10_std": -0.113672,
        "nauc_ndcg_at_10_diff1": 0.583522,
        "nauc_ndcg_at_20_max": 0.239623,
        "nauc_ndcg_at_20_std": -0.126996,
        "nauc_ndcg_at_20_diff1": 0.577697,
        "nauc_ndcg_at_100_max": 0.24102,
        "nauc_ndcg_at_100_std": -0.137326,
        "nauc_ndcg_at_100_diff1": 0.562605,
        "nauc_ndcg_at_1000_max": 0.24102,
        "nauc_ndcg_at_1000_std": -0.137326,
        "nauc_ndcg_at_1000_diff1": 0.562605,
        "nauc_map_at_1_max": 0.186463,
        "nauc_map_at_1_std": -0.283481,
        "nauc_map_at_1_diff1": 0.596509,
        "nauc_map_at_3_max": 0.180884,
        "nauc_map_at_3_std": -0.175085,
        "nauc_map_at_3_diff1": 0.497443,
        "nauc_map_at_5_max": 0.24287,
        "nauc_map_at_5_std": -0.123468,
        "nauc_map_at_5_diff1": 0.527499,
        "nauc_map_at_10_max": 0.238539,
        "nauc_map_at_10_std": -0.122995,
        "nauc_map_at_10_diff1": 0.53078,
        "nauc_map_at_20_max": 0.229914,
        "nauc_map_at_20_std": -0.124294,
        "nauc_map_at_20_diff1": 0.52984,
        "nauc_map_at_100_max": 0.230715,
        "nauc_map_at_100_std": -0.123366,
        "nauc_map_at_100_diff1": 0.52646,
        "nauc_map_at_1000_max": 0.230715,
        "nauc_map_at_1000_std": -0.123366,
        "nauc_map_at_1000_diff1": 0.52646,
        "nauc_recall_at_1_max": 0.186463,
        "nauc_recall_at_1_std": -0.283481,
        "nauc_recall_at_1_diff1": 0.596509,
        "nauc_recall_at_3_max": 0.207679,
        "nauc_recall_at_3_std": -0.21005,
        "nauc_recall_at_3_diff1": 0.542655,
        "nauc_recall_at_5_max": 0.386414,
        "nauc_recall_at_5_std": -0.015202,
        "nauc_recall_at_5_diff1": 0.612999,
        "nauc_recall_at_10_max": 0.359476,
        "nauc_recall_at_10_std": 0.000557,
        "nauc_recall_at_10_diff1": 0.653486,
        "nauc_recall_at_20_max": 0.261298,
        "nauc_recall_at_20_std": -0.008289,
        "nauc_recall_at_20_diff1": 0.67065,
        "nauc_recall_at_100_max": NaN,
        "nauc_recall_at_100_std": NaN,
        "nauc_recall_at_100_diff1": NaN,
        "nauc_recall_at_1000_max": NaN,
        "nauc_recall_at_1000_std": NaN,
        "nauc_recall_at_1000_diff1": NaN,
        "nauc_precision_at_1_max": 0.186463,
        "nauc_precision_at_1_std": -0.283481,
        "nauc_precision_at_1_diff1": 0.596509,
        "nauc_precision_at_3_max": 0.207679,
        "nauc_precision_at_3_std": -0.21005,
        "nauc_precision_at_3_diff1": 0.542655,
        "nauc_precision_at_5_max": 0.386414,
        "nauc_precision_at_5_std": -0.015202,
        "nauc_precision_at_5_diff1": 0.612999,
        "nauc_precision_at_10_max": 0.359476,
        "nauc_precision_at_10_std": 0.000557,
        "nauc_precision_at_10_diff1": 0.653486,
        "nauc_precision_at_20_max": 0.261298,
        "nauc_precision_at_20_std": -0.008289,
        "nauc_precision_at_20_diff1": 0.67065,
        "nauc_precision_at_100_max": 1.0,
        "nauc_precision_at_100_std": 1.0,
        "nauc_precision_at_100_diff1": 1.0,
        "nauc_precision_at_1000_max": NaN,
        "nauc_precision_at_1000_std": NaN,
        "nauc_precision_at_1000_diff1": NaN,
        "nauc_mrr_at_1_max": 0.186463,
        "nauc_mrr_at_1_std": -0.283481,
        "nauc_mrr_at_1_diff1": 0.596509,
        "nauc_mrr_at_3_max": 0.230292,
        "nauc_mrr_at_3_std": -0.261521,
        "nauc_mrr_at_3_diff1": 0.625629,
        "nauc_mrr_at_5_max": 0.241021,
        "nauc_mrr_at_5_std": -0.215545,
        "nauc_mrr_at_5_diff1": 0.620879,
        "nauc_mrr_at_10_max": 0.2305,
        "nauc_mrr_at_10_std": -0.216787,
        "nauc_mrr_at_10_diff1": 0.631231,
        "nauc_mrr_at_20_max": 0.224954,
        "nauc_mrr_at_20_std": -0.227412,
        "nauc_mrr_at_20_diff1": 0.627575,
        "nauc_mrr_at_100_max": 0.227467,
        "nauc_mrr_at_100_std": -0.226378,
        "nauc_mrr_at_100_diff1": 0.626571,
        "nauc_mrr_at_1000_max": 0.227467,
        "nauc_mrr_at_1000_std": -0.226378,
        "nauc_mrr_at_1000_diff1": 0.626571,
        "main_score": 0.7281,
        "hf_subset": "default",
        "languages": [
          "eng-Latn"
        ]
      }
    ]
  },
  "evaluation_time": 1.9491400718688965,
  "kg_co2_emissions": null
}