{
  "dataset_revision": "f5452494f09a6d51c37b56883a65ef742ac07c99",
  "task_name": "echr-retrieval",
  "mteb_version": "1.39.7",
  "scores": {
    "test": [
      {
        "ndcg_at_1": 0.075,
        "ndcg_at_3": 0.11958,
        "ndcg_at_5": 0.14582,
        "ndcg_at_10": 0.17026,
        "ndcg_at_20": 0.20264,
        "ndcg_at_100": 0.26356,
        "ndcg_at_1000": 0.29582,
        "map_at_1": 0.075,
        "map_at_3": 0.1075,
        "map_at_5": 0.12175,
        "map_at_10": 0.13195,
        "map_at_20": 0.1406,
        "map_at_100": 0.14823,
        "map_at_1000": 0.14977,
        "recall_at_1": 0.075,
        "recall_at_3": 0.155,
        "recall_at_5": 0.22,
        "recall_at_10": 0.295,
        "recall_at_20": 0.425,
        "recall_at_100": 0.765,
        "recall_at_1000": 1.0,
        "precision_at_1": 0.075,
        "precision_at_3": 0.05167,
        "precision_at_5": 0.044,
        "precision_at_10": 0.0295,
        "precision_at_20": 0.02125,
        "precision_at_100": 0.00765,
        "precision_at_1000": 0.001,
        "mrr_at_1": 0.075,
        "mrr_at_3": 0.1075,
        "mrr_at_5": 0.12175,
        "mrr_at_10": 0.131946,
        "mrr_at_20": 0.1406,
        "mrr_at_100": 0.148233,
        "mrr_at_1000": 0.149768,
        "nauc_ndcg_at_1_max": 0.059494,
        "nauc_ndcg_at_1_std": -0.197657,
        "nauc_ndcg_at_1_diff1": 0.230659,
        "nauc_ndcg_at_3_max": 0.090636,
        "nauc_ndcg_at_3_std": -0.066817,
        "nauc_ndcg_at_3_diff1": 0.15693,
        "nauc_ndcg_at_5_max": 0.160109,
        "nauc_ndcg_at_5_std": -0.028023,
        "nauc_ndcg_at_5_diff1": 0.149845,
        "nauc_ndcg_at_10_max": 0.189161,
        "nauc_ndcg_at_10_std": 0.000585,
        "nauc_ndcg_at_10_diff1": 0.119596,
        "nauc_ndcg_at_20_max": 0.225366,
        "nauc_ndcg_at_20_std": 0.014996,
        "nauc_ndcg_at_20_diff1": 0.103423,
        "nauc_ndcg_at_100_max": 0.186731,
        "nauc_ndcg_at_100_std": 0.027213,
        "nauc_ndcg_at_100_diff1": 0.098534,
        "nauc_ndcg_at_1000_max": 0.1696,
        "nauc_ndcg_at_1000_std": -0.01359,
        "nauc_ndcg_at_1000_diff1": 0.119481,
        "nauc_map_at_1_max": 0.059494,
        "nauc_map_at_1_std": -0.197657,
        "nauc_map_at_1_diff1": 0.230659,
        "nauc_map_at_3_max": 0.081542,
        "nauc_map_at_3_std": -0.089579,
        "nauc_map_at_3_diff1": 0.168499,
        "nauc_map_at_5_max": 0.121675,
        "nauc_map_at_5_std": -0.066063,
        "nauc_map_at_5_diff1": 0.16375,
        "nauc_map_at_10_max": 0.135788,
        "nauc_map_at_10_std": -0.051104,
        "nauc_map_at_10_diff1": 0.14952,
        "nauc_map_at_20_max": 0.147041,
        "nauc_map_at_20_std": -0.046545,
        "nauc_map_at_20_diff1": 0.143655,
        "nauc_map_at_100_max": 0.140869,
        "nauc_map_at_100_std": -0.0449,
        "nauc_map_at_100_diff1": 0.141468,
        "nauc_map_at_1000_max": 0.139637,
        "nauc_map_at_1000_std": -0.047355,
        "nauc_map_at_1000_diff1": 0.142719,
        "nauc_recall_at_1_max": 0.059494,
        "nauc_recall_at_1_std": -0.197657,
        "nauc_recall_at_1_diff1": 0.230659,
        "nauc_recall_at_3_max": 0.111087,
        "nauc_recall_at_3_std": -0.018529,
        "nauc_recall_at_3_diff1": 0.132783,
        "nauc_recall_at_5_max": 0.240731,
        "nauc_recall_at_5_std": 0.046664,
        "nauc_recall_at_5_diff1": 0.123846,
        "nauc_recall_at_10_max": 0.295226,
        "nauc_recall_at_10_std": 0.097587,
        "nauc_recall_at_10_diff1": 0.061289,
        "nauc_recall_at_20_max": 0.388127,
        "nauc_recall_at_20_std": 0.132539,
        "nauc_recall_at_20_diff1": 0.023883,
        "nauc_recall_at_100_max": 0.289047,
        "nauc_recall_at_100_std": 0.277156,
        "nauc_recall_at_100_diff1": -0.030503,
        "nauc_recall_at_1000_max": NaN,
        "nauc_recall_at_1000_std": NaN,
        "nauc_recall_at_1000_diff1": NaN,
        "nauc_precision_at_1_max": 0.059494,
        "nauc_precision_at_1_std": -0.197657,
        "nauc_precision_at_1_diff1": 0.230659,
        "nauc_precision_at_3_max": 0.111087,
        "nauc_precision_at_3_std": -0.018529,
        "nauc_precision_at_3_diff1": 0.132783,
        "nauc_precision_at_5_max": 0.240731,
        "nauc_precision_at_5_std": 0.046664,
        "nauc_precision_at_5_diff1": 0.123846,
        "nauc_precision_at_10_max": 0.295226,
        "nauc_precision_at_10_std": 0.097587,
        "nauc_precision_at_10_diff1": 0.061289,
        "nauc_precision_at_20_max": 0.388127,
        "nauc_precision_at_20_std": 0.132539,
        "nauc_precision_at_20_diff1": 0.023883,
        "nauc_precision_at_100_max": 0.289047,
        "nauc_precision_at_100_std": 0.277156,
        "nauc_precision_at_100_diff1": -0.030503,
        "nauc_precision_at_1000_max": 1.0,
        "nauc_precision_at_1000_std": 1.0,
        "nauc_precision_at_1000_diff1": 1.0,
        "nauc_mrr_at_1_max": 0.059494,
        "nauc_mrr_at_1_std": -0.197657,
        "nauc_mrr_at_1_diff1": 0.230659,
        "nauc_mrr_at_3_max": 0.081542,
        "nauc_mrr_at_3_std": -0.089579,
        "nauc_mrr_at_3_diff1": 0.168499,
        "nauc_mrr_at_5_max": 0.121675,
        "nauc_mrr_at_5_std": -0.066063,
        "nauc_mrr_at_5_diff1": 0.16375,
        "nauc_mrr_at_10_max": 0.135788,
        "nauc_mrr_at_10_std": -0.051104,
        "nauc_mrr_at_10_diff1": 0.14952,
        "nauc_mrr_at_20_max": 0.147041,
        "nauc_mrr_at_20_std": -0.046545,
        "nauc_mrr_at_20_diff1": 0.143655,
        "nauc_mrr_at_100_max": 0.140869,
        "nauc_mrr_at_100_std": -0.0449,
        "nauc_mrr_at_100_diff1": 0.141468,
        "nauc_mrr_at_1000_max": 0.139637,
        "nauc_mrr_at_1000_std": -0.047355,
        "nauc_mrr_at_1000_diff1": 0.142719,
        "main_score": 0.17026,
        "hf_subset": "default",
        "languages": [
          "eng-Latn"
        ]
      }
    ]
  },
  "evaluation_time": 9.56307077407837,
  "kg_co2_emissions": null
}