{
  "dataset_revision": "8d41f3d22bb73685b6f42b62ad95940ea3dfbf84",
  "task_name": "gdpr-holdings-retrieval",
  "mteb_version": "1.38.49",
  "scores": {
    "test": [
      {
        "ndcg_at_1": 0.752,
        "ndcg_at_3": 0.81138,
        "ndcg_at_5": 0.82868,
        "ndcg_at_10": 0.83492,
        "ndcg_at_20": 0.84124,
        "ndcg_at_100": 0.84908,
        "ndcg_at_1000": 0.8514,
        "map_at_1": 0.752,
        "map_at_3": 0.79667,
        "map_at_5": 0.80627,
        "map_at_10": 0.80871,
        "map_at_20": 0.81058,
        "map_at_100": 0.81169,
        "map_at_1000": 0.81178,
        "recall_at_1": 0.752,
        "recall_at_3": 0.854,
        "recall_at_5": 0.896,
        "recall_at_10": 0.916,
        "recall_at_20": 0.94,
        "recall_at_100": 0.982,
        "recall_at_1000": 1.0,
        "precision_at_1": 0.752,
        "precision_at_3": 0.28467,
        "precision_at_5": 0.1792,
        "precision_at_10": 0.0916,
        "precision_at_20": 0.047,
        "precision_at_100": 0.00982,
        "precision_at_1000": 0.001,
        "mrr_at_1": 0.752,
        "mrr_at_3": 0.796667,
        "mrr_at_5": 0.806267,
        "mrr_at_10": 0.80871,
        "mrr_at_20": 0.810579,
        "mrr_at_100": 0.811687,
        "mrr_at_1000": 0.811776,
        "nauc_ndcg_at_1_max": 0.481995,
        "nauc_ndcg_at_1_std": -0.147197,
        "nauc_ndcg_at_1_diff1": 0.854257,
        "nauc_ndcg_at_3_max": 0.556389,
        "nauc_ndcg_at_3_std": -0.1245,
        "nauc_ndcg_at_3_diff1": 0.83412,
        "nauc_ndcg_at_5_max": 0.538775,
        "nauc_ndcg_at_5_std": -0.122537,
        "nauc_ndcg_at_5_diff1": 0.827596,
        "nauc_ndcg_at_10_max": 0.531664,
        "nauc_ndcg_at_10_std": -0.121039,
        "nauc_ndcg_at_10_diff1": 0.831603,
        "nauc_ndcg_at_20_max": 0.519538,
        "nauc_ndcg_at_20_std": -0.147448,
        "nauc_ndcg_at_20_diff1": 0.836953,
        "nauc_ndcg_at_100_max": 0.523454,
        "nauc_ndcg_at_100_std": -0.129454,
        "nauc_ndcg_at_100_diff1": 0.836512,
        "nauc_ndcg_at_1000_max": 0.52224,
        "nauc_ndcg_at_1000_std": -0.132505,
        "nauc_ndcg_at_1000_diff1": 0.836674,
        "nauc_map_at_1_max": 0.481995,
        "nauc_map_at_1_std": -0.147197,
        "nauc_map_at_1_diff1": 0.854257,
        "nauc_map_at_3_max": 0.531836,
        "nauc_map_at_3_std": -0.132516,
        "nauc_map_at_3_diff1": 0.838828,
        "nauc_map_at_5_max": 0.522169,
        "nauc_map_at_5_std": -0.131206,
        "nauc_map_at_5_diff1": 0.835785,
        "nauc_map_at_10_max": 0.519475,
        "nauc_map_at_10_std": -0.130686,
        "nauc_map_at_10_diff1": 0.837336,
        "nauc_map_at_20_max": 0.516255,
        "nauc_map_at_20_std": -0.137607,
        "nauc_map_at_20_diff1": 0.838745,
        "nauc_map_at_100_max": 0.516964,
        "nauc_map_at_100_std": -0.134997,
        "nauc_map_at_100_diff1": 0.838626,
        "nauc_map_at_1000_max": 0.516954,
        "nauc_map_at_1000_std": -0.135023,
        "nauc_map_at_1000_diff1": 0.838635,
        "nauc_recall_at_1_max": 0.481995,
        "nauc_recall_at_1_std": -0.147197,
        "nauc_recall_at_1_diff1": 0.854257,
        "nauc_recall_at_3_max": 0.652449,
        "nauc_recall_at_3_std": -0.092886,
        "nauc_recall_at_3_diff1": 0.81663,
        "nauc_recall_at_5_max": 0.618765,
        "nauc_recall_at_5_std": -0.079459,
        "nauc_recall_at_5_diff1": 0.786211,
        "nauc_recall_at_10_max": 0.596172,
        "nauc_recall_at_10_std": -0.062325,
        "nauc_recall_at_10_diff1": 0.799264,
        "nauc_recall_at_20_max": 0.510177,
        "nauc_recall_at_20_std": -0.280548,
        "nauc_recall_at_20_diff1": 0.835761,
        "nauc_recall_at_100_max": 0.612097,
        "nauc_recall_at_100_std": 0.087457,
        "nauc_recall_at_100_diff1": 0.82882,
        "nauc_recall_at_1000_max": NaN,
        "nauc_recall_at_1000_std": NaN,
        "nauc_recall_at_1000_diff1": NaN,
        "nauc_precision_at_1_max": 0.481995,
        "nauc_precision_at_1_std": -0.147197,
        "nauc_precision_at_1_diff1": 0.854257,
        "nauc_precision_at_3_max": 0.652449,
        "nauc_precision_at_3_std": -0.092886,
        "nauc_precision_at_3_diff1": 0.81663,
        "nauc_precision_at_5_max": 0.618765,
        "nauc_precision_at_5_std": -0.079459,
        "nauc_precision_at_5_diff1": 0.786211,
        "nauc_precision_at_10_max": 0.596172,
        "nauc_precision_at_10_std": -0.062325,
        "nauc_precision_at_10_diff1": 0.799264,
        "nauc_precision_at_20_max": 0.510177,
        "nauc_precision_at_20_std": -0.280548,
        "nauc_precision_at_20_diff1": 0.835761,
        "nauc_precision_at_100_max": 0.612097,
        "nauc_precision_at_100_std": 0.087457,
        "nauc_precision_at_100_diff1": 0.82882,
        "nauc_precision_at_1000_max": 1.0,
        "nauc_precision_at_1000_std": 1.0,
        "nauc_precision_at_1000_diff1": 1.0,
        "nauc_mrr_at_1_max": 0.481995,
        "nauc_mrr_at_1_std": -0.147197,
        "nauc_mrr_at_1_diff1": 0.854257,
        "nauc_mrr_at_3_max": 0.531836,
        "nauc_mrr_at_3_std": -0.132516,
        "nauc_mrr_at_3_diff1": 0.838828,
        "nauc_mrr_at_5_max": 0.522169,
        "nauc_mrr_at_5_std": -0.131206,
        "nauc_mrr_at_5_diff1": 0.835785,
        "nauc_mrr_at_10_max": 0.519475,
        "nauc_mrr_at_10_std": -0.130686,
        "nauc_mrr_at_10_diff1": 0.837336,
        "nauc_mrr_at_20_max": 0.516255,
        "nauc_mrr_at_20_std": -0.137607,
        "nauc_mrr_at_20_diff1": 0.838745,
        "nauc_mrr_at_100_max": 0.516964,
        "nauc_mrr_at_100_std": -0.134997,
        "nauc_mrr_at_100_diff1": 0.838626,
        "nauc_mrr_at_1000_max": 0.516954,
        "nauc_mrr_at_1000_std": -0.135023,
        "nauc_mrr_at_1000_diff1": 0.838635,
        "main_score": 0.83492,
        "hf_subset": "default",
        "languages": [
          "eng-Latn"
        ]
      }
    ]
  },
  "evaluation_time": 13.924105882644653,
  "kg_co2_emissions": null
}