{
  "dataset_revision": "66d23b0ce609450ce24d0fc85e9bac69aba90b84",
  "task_name": "housing-qa",
  "mteb_version": "1.38.49",
  "scores": {
    "test": [
      {
        "ndcg_at_1": 0.13084,
        "ndcg_at_3": 0.13085,
        "ndcg_at_5": 0.14398,
        "ndcg_at_10": 0.18938,
        "ndcg_at_20": 0.23861,
        "ndcg_at_100": 0.34989,
        "ndcg_at_1000": 0.3988,
        "map_at_1": 0.04506,
        "map_at_3": 0.07568,
        "map_at_5": 0.08883,
        "map_at_10": 0.11176,
        "map_at_20": 0.12834,
        "map_at_100": 0.1538,
        "map_at_1000": 0.16005,
        "recall_at_1": 0.04506,
        "recall_at_3": 0.09615,
        "recall_at_5": 0.148,
        "recall_at_10": 0.28121,
        "recall_at_20": 0.41575,
        "recall_at_100": 0.77744,
        "recall_at_1000": 1.0,
        "precision_at_1": 0.13084,
        "precision_at_3": 0.10592,
        "precision_at_5": 0.0972,
        "precision_at_10": 0.09252,
        "precision_at_20": 0.0743,
        "precision_at_100": 0.03542,
        "precision_at_1000": 0.00467,
        "mrr_at_1": 0.130841,
        "mrr_at_3": 0.17757,
        "mrr_at_5": 0.201869,
        "mrr_at_10": 0.235329,
        "mrr_at_20": 0.249876,
        "mrr_at_100": 0.254242,
        "mrr_at_1000": 0.254419,
        "nauc_ndcg_at_1_max": 0.000799,
        "nauc_ndcg_at_1_std": -0.006606,
        "nauc_ndcg_at_1_diff1": 0.050197,
        "nauc_ndcg_at_3_max": 0.070638,
        "nauc_ndcg_at_3_std": -0.015257,
        "nauc_ndcg_at_3_diff1": 0.168372,
        "nauc_ndcg_at_5_max": 0.066385,
        "nauc_ndcg_at_5_std": -0.050086,
        "nauc_ndcg_at_5_diff1": 0.178863,
        "nauc_ndcg_at_10_max": 0.084437,
        "nauc_ndcg_at_10_std": -0.05968,
        "nauc_ndcg_at_10_diff1": 0.17096,
        "nauc_ndcg_at_20_max": 0.077918,
        "nauc_ndcg_at_20_std": -0.094388,
        "nauc_ndcg_at_20_diff1": 0.179791,
        "nauc_ndcg_at_100_max": 0.139176,
        "nauc_ndcg_at_100_std": 0.083668,
        "nauc_ndcg_at_100_diff1": 0.199338,
        "nauc_ndcg_at_1000_max": 0.13998,
        "nauc_ndcg_at_1000_std": 0.130292,
        "nauc_ndcg_at_1000_diff1": 0.13361,
        "nauc_map_at_1_max": -0.121593,
        "nauc_map_at_1_std": -0.116116,
        "nauc_map_at_1_diff1": 0.111498,
        "nauc_map_at_3_max": -0.020631,
        "nauc_map_at_3_std": -0.116746,
        "nauc_map_at_3_diff1": 0.187581,
        "nauc_map_at_5_max": -0.000677,
        "nauc_map_at_5_std": -0.128234,
        "nauc_map_at_5_diff1": 0.208134,
        "nauc_map_at_10_max": 0.039947,
        "nauc_map_at_10_std": -0.105804,
        "nauc_map_at_10_diff1": 0.185239,
        "nauc_map_at_20_max": 0.047575,
        "nauc_map_at_20_std": -0.111682,
        "nauc_map_at_20_diff1": 0.188285,
        "nauc_map_at_100_max": 0.062896,
        "nauc_map_at_100_std": -0.05807,
        "nauc_map_at_100_diff1": 0.196872,
        "nauc_map_at_1000_max": 0.06843,
        "nauc_map_at_1000_std": -0.042985,
        "nauc_map_at_1000_diff1": 0.186664,
        "nauc_recall_at_1_max": -0.121593,
        "nauc_recall_at_1_std": -0.116116,
        "nauc_recall_at_1_diff1": 0.111498,
        "nauc_recall_at_3_max": -0.012855,
        "nauc_recall_at_3_std": -0.140816,
        "nauc_recall_at_3_diff1": 0.180999,
        "nauc_recall_at_5_max": 0.039243,
        "nauc_recall_at_5_std": -0.191266,
        "nauc_recall_at_5_diff1": 0.238105,
        "nauc_recall_at_10_max": 0.066996,
        "nauc_recall_at_10_std": -0.158753,
        "nauc_recall_at_10_diff1": 0.177792,
        "nauc_recall_at_20_max": 0.088007,
        "nauc_recall_at_20_std": -0.227061,
        "nauc_recall_at_20_diff1": 0.184534,
        "nauc_recall_at_100_max": 0.201205,
        "nauc_recall_at_100_std": 0.059465,
        "nauc_recall_at_100_diff1": 0.354656,
        "nauc_recall_at_1000_max": NaN,
        "nauc_recall_at_1000_std": NaN,
        "nauc_recall_at_1000_diff1": NaN,
        "nauc_precision_at_1_max": 0.000799,
        "nauc_precision_at_1_std": -0.006606,
        "nauc_precision_at_1_diff1": 0.050197,
        "nauc_precision_at_3_max": 0.149592,
        "nauc_precision_at_3_std": 0.033206,
        "nauc_precision_at_3_diff1": 0.220204,
        "nauc_precision_at_5_max": 0.149083,
        "nauc_precision_at_5_std": 0.083532,
        "nauc_precision_at_5_diff1": 0.173638,
        "nauc_precision_at_10_max": 0.239481,
        "nauc_precision_at_10_std": 0.221584,
        "nauc_precision_at_10_diff1": 0.092118,
        "nauc_precision_at_20_max": 0.208485,
        "nauc_precision_at_20_std": 0.258815,
        "nauc_precision_at_20_diff1": 0.043106,
        "nauc_precision_at_100_max": 0.310514,
        "nauc_precision_at_100_std": 0.550938,
        "nauc_precision_at_100_diff1": -0.036647,
        "nauc_precision_at_1000_max": 0.292618,
        "nauc_precision_at_1000_std": 0.567614,
        "nauc_precision_at_1000_diff1": -0.149854,
        "nauc_mrr_at_1_max": 0.000799,
        "nauc_mrr_at_1_std": -0.006606,
        "nauc_mrr_at_1_diff1": 0.050197,
        "nauc_mrr_at_3_max": 0.049528,
        "nauc_mrr_at_3_std": -0.018673,
        "nauc_mrr_at_3_diff1": 0.11661,
        "nauc_mrr_at_5_max": 0.063867,
        "nauc_mrr_at_5_std": 0.000294,
        "nauc_mrr_at_5_diff1": 0.113508,
        "nauc_mrr_at_10_max": 0.066132,
        "nauc_mrr_at_10_std": 0.026041,
        "nauc_mrr_at_10_diff1": 0.116238,
        "nauc_mrr_at_20_max": 0.061099,
        "nauc_mrr_at_20_std": 0.024341,
        "nauc_mrr_at_20_diff1": 0.111691,
        "nauc_mrr_at_100_max": 0.061178,
        "nauc_mrr_at_100_std": 0.02169,
        "nauc_mrr_at_100_diff1": 0.10999,
        "nauc_mrr_at_1000_max": 0.060666,
        "nauc_mrr_at_1000_std": 0.021145,
        "nauc_mrr_at_1000_diff1": 0.109712,
        "main_score": 0.18938,
        "hf_subset": "default",
        "languages": [
          "eng-Latn"
        ]
      }
    ]
  },
  "evaluation_time": 5.8337953090667725,
  "kg_co2_emissions": null
}