{
  "dataset_revision": "ca0f1732432ad623ba6172b15e8c726b76e50fad",
  "task_name": "legal-rag-bench",
  "mteb_version": "1.39.7",
  "scores": {
    "test": [
      {
        "ndcg_at_1": 0.14,
        "ndcg_at_3": 0.21417,
        "ndcg_at_5": 0.24774,
        "ndcg_at_10": 0.26765,
        "ndcg_at_20": 0.28003,
        "ndcg_at_100": 0.32927,
        "ndcg_at_1000": 0.35704,
        "map_at_1": 0.14,
        "map_at_3": 0.195,
        "map_at_5": 0.214,
        "map_at_10": 0.22249,
        "map_at_20": 0.22574,
        "map_at_100": 0.2336,
        "map_at_1000": 0.23462,
        "recall_at_1": 0.14,
        "recall_at_3": 0.27,
        "recall_at_5": 0.35,
        "recall_at_10": 0.41,
        "recall_at_20": 0.46,
        "recall_at_100": 0.71,
        "recall_at_1000": 0.93,
        "precision_at_1": 0.14,
        "precision_at_3": 0.09,
        "precision_at_5": 0.07,
        "precision_at_10": 0.041,
        "precision_at_20": 0.023,
        "precision_at_100": 0.0071,
        "precision_at_1000": 0.00093,
        "mrr_at_1": 0.14,
        "mrr_at_3": 0.195,
        "mrr_at_5": 0.214,
        "mrr_at_10": 0.222492,
        "mrr_at_20": 0.225738,
        "mrr_at_100": 0.233599,
        "mrr_at_1000": 0.234625,
        "nauc_ndcg_at_1_max": 0.12648,
        "nauc_ndcg_at_1_std": 0.083775,
        "nauc_ndcg_at_1_diff1": 0.463851,
        "nauc_ndcg_at_3_max": 0.020553,
        "nauc_ndcg_at_3_std": 0.089744,
        "nauc_ndcg_at_3_diff1": 0.342557,
        "nauc_ndcg_at_5_max": 0.053126,
        "nauc_ndcg_at_5_std": 0.118765,
        "nauc_ndcg_at_5_diff1": 0.335319,
        "nauc_ndcg_at_10_max": 0.057638,
        "nauc_ndcg_at_10_std": 0.126194,
        "nauc_ndcg_at_10_diff1": 0.337356,
        "nauc_ndcg_at_20_max": 0.04169,
        "nauc_ndcg_at_20_std": 0.141099,
        "nauc_ndcg_at_20_diff1": 0.33057,
        "nauc_ndcg_at_100_max": 0.059878,
        "nauc_ndcg_at_100_std": 0.141949,
        "nauc_ndcg_at_100_diff1": 0.300426,
        "nauc_ndcg_at_1000_max": 0.05433,
        "nauc_ndcg_at_1000_std": 0.135081,
        "nauc_ndcg_at_1000_diff1": 0.317442,
        "nauc_map_at_1_max": 0.12648,
        "nauc_map_at_1_std": 0.083775,
        "nauc_map_at_1_diff1": 0.463851,
        "nauc_map_at_3_max": 0.047209,
        "nauc_map_at_3_std": 0.095642,
        "nauc_map_at_3_diff1": 0.360637,
        "nauc_map_at_5_max": 0.06733,
        "nauc_map_at_5_std": 0.114001,
        "nauc_map_at_5_diff1": 0.3561,
        "nauc_map_at_10_max": 0.069449,
        "nauc_map_at_10_std": 0.118186,
        "nauc_map_at_10_diff1": 0.357219,
        "nauc_map_at_20_max": 0.06462,
        "nauc_map_at_20_std": 0.122627,
        "nauc_map_at_20_diff1": 0.355018,
        "nauc_map_at_100_max": 0.066759,
        "nauc_map_at_100_std": 0.122121,
        "nauc_map_at_100_diff1": 0.349385,
        "nauc_map_at_1000_max": 0.067,
        "nauc_map_at_1000_std": 0.122114,
        "nauc_map_at_1000_diff1": 0.3501,
        "nauc_recall_at_1_max": 0.12648,
        "nauc_recall_at_1_std": 0.083775,
        "nauc_recall_at_1_diff1": 0.463851,
        "nauc_recall_at_3_max": -0.044282,
        "nauc_recall_at_3_std": 0.073435,
        "nauc_recall_at_3_diff1": 0.30188,
        "nauc_recall_at_5_max": 0.021979,
        "nauc_recall_at_5_std": 0.129395,
        "nauc_recall_at_5_diff1": 0.289591,
        "nauc_recall_at_10_max": 0.033223,
        "nauc_recall_at_10_std": 0.144594,
        "nauc_recall_at_10_diff1": 0.294483,
        "nauc_recall_at_20_max": -0.018646,
        "nauc_recall_at_20_std": 0.193425,
        "nauc_recall_at_20_diff1": 0.272871,
        "nauc_recall_at_100_max": 0.070196,
        "nauc_recall_at_100_std": 0.228453,
        "nauc_recall_at_100_diff1": 0.095288,
        "nauc_recall_at_1000_max": -0.138455,
        "nauc_recall_at_1000_std": 0.20088,
        "nauc_recall_at_1000_diff1": 0.043151,
        "nauc_precision_at_1_max": 0.12648,
        "nauc_precision_at_1_std": 0.083775,
        "nauc_precision_at_1_diff1": 0.463851,
        "nauc_precision_at_3_max": -0.044282,
        "nauc_precision_at_3_std": 0.073435,
        "nauc_precision_at_3_diff1": 0.30188,
        "nauc_precision_at_5_max": 0.021979,
        "nauc_precision_at_5_std": 0.129395,
        "nauc_precision_at_5_diff1": 0.289591,
        "nauc_precision_at_10_max": 0.033223,
        "nauc_precision_at_10_std": 0.144594,
        "nauc_precision_at_10_diff1": 0.294483,
        "nauc_precision_at_20_max": -0.018646,
        "nauc_precision_at_20_std": 0.193425,
        "nauc_precision_at_20_diff1": 0.272871,
        "nauc_precision_at_100_max": 0.070196,
        "nauc_precision_at_100_std": 0.228453,
        "nauc_precision_at_100_diff1": 0.095288,
        "nauc_precision_at_1000_max": -0.138455,
        "nauc_precision_at_1000_std": 0.20088,
        "nauc_precision_at_1000_diff1": 0.043151,
        "nauc_mrr_at_1_max": 0.12648,
        "nauc_mrr_at_1_std": 0.083775,
        "nauc_mrr_at_1_diff1": 0.463851,
        "nauc_mrr_at_3_max": 0.047209,
        "nauc_mrr_at_3_std": 0.095642,
        "nauc_mrr_at_3_diff1": 0.360637,
        "nauc_mrr_at_5_max": 0.06733,
        "nauc_mrr_at_5_std": 0.114001,
        "nauc_mrr_at_5_diff1": 0.3561,
        "nauc_mrr_at_10_max": 0.069449,
        "nauc_mrr_at_10_std": 0.118186,
        "nauc_mrr_at_10_diff1": 0.357219,
        "nauc_mrr_at_20_max": 0.06462,
        "nauc_mrr_at_20_std": 0.122627,
        "nauc_mrr_at_20_diff1": 0.355018,
        "nauc_mrr_at_100_max": 0.066759,
        "nauc_mrr_at_100_std": 0.122121,
        "nauc_mrr_at_100_diff1": 0.349385,
        "nauc_mrr_at_1000_max": 0.067001,
        "nauc_mrr_at_1000_std": 0.122115,
        "nauc_mrr_at_1000_diff1": 0.3501,
        "main_score": 0.26765,
        "hf_subset": "default",
        "languages": [
          "eng-Latn"
        ]
      }
    ]
  },
  "evaluation_time": 27.891311168670654,
  "kg_co2_emissions": null
}