{
  "dataset_revision": "ec00129f88e9476e582131dc3a5db9220dfefa48",
  "task_name": "license-tldr-retrieval",
  "mteb_version": "1.38.49",
  "scores": {
    "test": [
      {
        "ndcg_at_1": 0.47692,
        "ndcg_at_3": 0.56025,
        "ndcg_at_5": 0.60461,
        "ndcg_at_10": 0.62991,
        "ndcg_at_20": 0.65302,
        "ndcg_at_100": 0.67236,
        "ndcg_at_1000": 0.67236,
        "map_at_1": 0.47692,
        "map_at_3": 0.54103,
        "map_at_5": 0.56564,
        "map_at_10": 0.57632,
        "map_at_20": 0.58253,
        "map_at_100": 0.58485,
        "map_at_1000": 0.58485,
        "recall_at_1": 0.47692,
        "recall_at_3": 0.61538,
        "recall_at_5": 0.72308,
        "recall_at_10": 0.8,
        "recall_at_20": 0.89231,
        "recall_at_100": 1.0,
        "recall_at_1000": 1.0,
        "precision_at_1": 0.47692,
        "precision_at_3": 0.20513,
        "precision_at_5": 0.14462,
        "precision_at_10": 0.08,
        "precision_at_20": 0.04462,
        "precision_at_100": 0.01,
        "precision_at_1000": 0.001,
        "mrr_at_1": 0.476923,
        "mrr_at_3": 0.541026,
        "mrr_at_5": 0.565641,
        "mrr_at_10": 0.576325,
        "mrr_at_20": 0.582531,
        "mrr_at_100": 0.584853,
        "mrr_at_1000": 0.584853,
        "nauc_ndcg_at_1_max": 0.405502,
        "nauc_ndcg_at_1_std": 0.179807,
        "nauc_ndcg_at_1_diff1": 0.691455,
        "nauc_ndcg_at_3_max": 0.343959,
        "nauc_ndcg_at_3_std": 0.147823,
        "nauc_ndcg_at_3_diff1": 0.664265,
        "nauc_ndcg_at_5_max": 0.373996,
        "nauc_ndcg_at_5_std": 0.230957,
        "nauc_ndcg_at_5_diff1": 0.609803,
        "nauc_ndcg_at_10_max": 0.377709,
        "nauc_ndcg_at_10_std": 0.238558,
        "nauc_ndcg_at_10_diff1": 0.607141,
        "nauc_ndcg_at_20_max": 0.40768,
        "nauc_ndcg_at_20_std": 0.276866,
        "nauc_ndcg_at_20_diff1": 0.617513,
        "nauc_ndcg_at_100_max": 0.389287,
        "nauc_ndcg_at_100_std": 0.228351,
        "nauc_ndcg_at_100_diff1": 0.635684,
        "nauc_ndcg_at_1000_max": 0.389287,
        "nauc_ndcg_at_1000_std": 0.228351,
        "nauc_ndcg_at_1000_diff1": 0.635684,
        "nauc_map_at_1_max": 0.405502,
        "nauc_map_at_1_std": 0.179807,
        "nauc_map_at_1_diff1": 0.691455,
        "nauc_map_at_3_max": 0.359754,
        "nauc_map_at_3_std": 0.158631,
        "nauc_map_at_3_diff1": 0.670966,
        "nauc_map_at_5_max": 0.376029,
        "nauc_map_at_5_std": 0.201904,
        "nauc_map_at_5_diff1": 0.642719,
        "nauc_map_at_10_max": 0.380084,
        "nauc_map_at_10_std": 0.207052,
        "nauc_map_at_10_diff1": 0.642958,
        "nauc_map_at_20_max": 0.387278,
        "nauc_map_at_20_std": 0.215798,
        "nauc_map_at_20_diff1": 0.64527,
        "nauc_map_at_100_max": 0.385479,
        "nauc_map_at_100_std": 0.210702,
        "nauc_map_at_100_diff1": 0.647376,
        "nauc_map_at_1000_max": 0.385479,
        "nauc_map_at_1000_std": 0.210702,
        "nauc_map_at_1000_diff1": 0.647376,
        "nauc_recall_at_1_max": 0.405502,
        "nauc_recall_at_1_std": 0.179807,
        "nauc_recall_at_1_diff1": 0.691455,
        "nauc_recall_at_3_max": 0.294637,
        "nauc_recall_at_3_std": 0.112916,
        "nauc_recall_at_3_diff1": 0.643466,
        "nauc_recall_at_5_max": 0.372349,
        "nauc_recall_at_5_std": 0.356595,
        "nauc_recall_at_5_diff1": 0.475029,
        "nauc_recall_at_10_max": 0.366862,
        "nauc_recall_at_10_std": 0.403727,
        "nauc_recall_at_10_diff1": 0.418774,
        "nauc_recall_at_20_max": 0.647197,
        "nauc_recall_at_20_std": 0.894726,
        "nauc_recall_at_20_diff1": 0.393799,
        "nauc_recall_at_100_max": NaN,
        "nauc_recall_at_100_std": NaN,
        "nauc_recall_at_100_diff1": NaN,
        "nauc_recall_at_1000_max": NaN,
        "nauc_recall_at_1000_std": NaN,
        "nauc_recall_at_1000_diff1": NaN,
        "nauc_precision_at_1_max": 0.405502,
        "nauc_precision_at_1_std": 0.179807,
        "nauc_precision_at_1_diff1": 0.691455,
        "nauc_precision_at_3_max": 0.294637,
        "nauc_precision_at_3_std": 0.112916,
        "nauc_precision_at_3_diff1": 0.643466,
        "nauc_precision_at_5_max": 0.372349,
        "nauc_precision_at_5_std": 0.356595,
        "nauc_precision_at_5_diff1": 0.475029,
        "nauc_precision_at_10_max": 0.366862,
        "nauc_precision_at_10_std": 0.403727,
        "nauc_precision_at_10_diff1": 0.418774,
        "nauc_precision_at_20_max": 0.647197,
        "nauc_precision_at_20_std": 0.894726,
        "nauc_precision_at_20_diff1": 0.393799,
        "nauc_precision_at_100_max": NaN,
        "nauc_precision_at_100_std": NaN,
        "nauc_precision_at_100_diff1": NaN,
        "nauc_precision_at_1000_max": 1.0,
        "nauc_precision_at_1000_std": 1.0,
        "nauc_precision_at_1000_diff1": 1.0,
        "nauc_mrr_at_1_max": 0.405502,
        "nauc_mrr_at_1_std": 0.179807,
        "nauc_mrr_at_1_diff1": 0.691455,
        "nauc_mrr_at_3_max": 0.359754,
        "nauc_mrr_at_3_std": 0.158631,
        "nauc_mrr_at_3_diff1": 0.670966,
        "nauc_mrr_at_5_max": 0.376029,
        "nauc_mrr_at_5_std": 0.201904,
        "nauc_mrr_at_5_diff1": 0.642719,
        "nauc_mrr_at_10_max": 0.380084,
        "nauc_mrr_at_10_std": 0.207052,
        "nauc_mrr_at_10_diff1": 0.642958,
        "nauc_mrr_at_20_max": 0.387278,
        "nauc_mrr_at_20_std": 0.215798,
        "nauc_mrr_at_20_diff1": 0.64527,
        "nauc_mrr_at_100_max": 0.385479,
        "nauc_mrr_at_100_std": 0.210702,
        "nauc_mrr_at_100_diff1": 0.647376,
        "nauc_mrr_at_1000_max": 0.385479,
        "nauc_mrr_at_1000_std": 0.210702,
        "nauc_mrr_at_1000_diff1": 0.647376,
        "main_score": 0.62991,
        "hf_subset": "default",
        "languages": [
          "eng-Latn"
        ]
      }
    ]
  },
  "evaluation_time": 2.741641044616699,
  "kg_co2_emissions": null
}