{
  "dataset_revision": "319b6cc4b012d733f126a943a8a66bdf9df5dc40",
  "task_name": "scalr",
  "mteb_version": "1.38.49",
  "scores": {
    "test": [
      {
        "ndcg_at_1": 0.38333,
        "ndcg_at_3": 0.49444,
        "ndcg_at_5": 0.52169,
        "ndcg_at_10": 0.55159,
        "ndcg_at_20": 0.56868,
        "ndcg_at_100": 0.5941,
        "ndcg_at_1000": 0.6024,
        "map_at_1": 0.38333,
        "map_at_3": 0.46667,
        "map_at_5": 0.48167,
        "map_at_10": 0.49416,
        "map_at_20": 0.49899,
        "map_at_100": 0.50278,
        "map_at_1000": 0.50305,
        "recall_at_1": 0.38333,
        "recall_at_3": 0.575,
        "recall_at_5": 0.64167,
        "recall_at_10": 0.73333,
        "recall_at_20": 0.8,
        "recall_at_100": 0.93333,
        "recall_at_1000": 1.0,
        "precision_at_1": 0.38333,
        "precision_at_3": 0.19167,
        "precision_at_5": 0.12833,
        "precision_at_10": 0.07333,
        "precision_at_20": 0.04,
        "precision_at_100": 0.00933,
        "precision_at_1000": 0.001,
        "mrr_at_1": 0.383333,
        "mrr_at_3": 0.466667,
        "mrr_at_5": 0.481667,
        "mrr_at_10": 0.494163,
        "mrr_at_20": 0.498986,
        "mrr_at_100": 0.502783,
        "mrr_at_1000": 0.503055,
        "nauc_ndcg_at_1_max": 0.343656,
        "nauc_ndcg_at_1_std": 0.009159,
        "nauc_ndcg_at_1_diff1": 0.529357,
        "nauc_ndcg_at_3_max": 0.343512,
        "nauc_ndcg_at_3_std": 0.110288,
        "nauc_ndcg_at_3_diff1": 0.412367,
        "nauc_ndcg_at_5_max": 0.335771,
        "nauc_ndcg_at_5_std": 0.112379,
        "nauc_ndcg_at_5_diff1": 0.407335,
        "nauc_ndcg_at_10_max": 0.345518,
        "nauc_ndcg_at_10_std": 0.088655,
        "nauc_ndcg_at_10_diff1": 0.405289,
        "nauc_ndcg_at_20_max": 0.352664,
        "nauc_ndcg_at_20_std": 0.083444,
        "nauc_ndcg_at_20_diff1": 0.420393,
        "nauc_ndcg_at_100_max": 0.352971,
        "nauc_ndcg_at_100_std": 0.089829,
        "nauc_ndcg_at_100_diff1": 0.429241,
        "nauc_ndcg_at_1000_max": 0.351526,
        "nauc_ndcg_at_1000_std": 0.088084,
        "nauc_ndcg_at_1000_diff1": 0.434016,
        "nauc_map_at_1_max": 0.343656,
        "nauc_map_at_1_std": 0.009159,
        "nauc_map_at_1_diff1": 0.529357,
        "nauc_map_at_3_max": 0.34711,
        "nauc_map_at_3_std": 0.088474,
        "nauc_map_at_3_diff1": 0.444908,
        "nauc_map_at_5_max": 0.342712,
        "nauc_map_at_5_std": 0.089471,
        "nauc_map_at_5_diff1": 0.443306,
        "nauc_map_at_10_max": 0.347528,
        "nauc_map_at_10_std": 0.081411,
        "nauc_map_at_10_diff1": 0.443804,
        "nauc_map_at_20_max": 0.349227,
        "nauc_map_at_20_std": 0.08069,
        "nauc_map_at_20_diff1": 0.446916,
        "nauc_map_at_100_max": 0.349878,
        "nauc_map_at_100_std": 0.081864,
        "nauc_map_at_100_diff1": 0.44876,
        "nauc_map_at_1000_max": 0.349812,
        "nauc_map_at_1000_std": 0.081729,
        "nauc_map_at_1000_diff1": 0.448868,
        "nauc_recall_at_1_max": 0.343656,
        "nauc_recall_at_1_std": 0.009159,
        "nauc_recall_at_1_diff1": 0.529357,
        "nauc_recall_at_3_max": 0.330832,
        "nauc_recall_at_3_std": 0.176077,
        "nauc_recall_at_3_diff1": 0.310473,
        "nauc_recall_at_5_max": 0.309886,
        "nauc_recall_at_5_std": 0.187411,
        "nauc_recall_at_5_diff1": 0.283552,
        "nauc_recall_at_10_max": 0.336621,
        "nauc_recall_at_10_std": 0.097147,
        "nauc_recall_at_10_diff1": 0.242106,
        "nauc_recall_at_20_max": 0.380578,
        "nauc_recall_at_20_std": 0.058213,
        "nauc_recall_at_20_diff1": 0.308421,
        "nauc_recall_at_100_max": 0.398751,
        "nauc_recall_at_100_std": 0.131069,
        "nauc_recall_at_100_diff1": 0.270191,
        "nauc_recall_at_1000_max": NaN,
        "nauc_recall_at_1000_std": NaN,
        "nauc_recall_at_1000_diff1": NaN,
        "nauc_precision_at_1_max": 0.343656,
        "nauc_precision_at_1_std": 0.009159,
        "nauc_precision_at_1_diff1": 0.529357,
        "nauc_precision_at_3_max": 0.330832,
        "nauc_precision_at_3_std": 0.176077,
        "nauc_precision_at_3_diff1": 0.310473,
        "nauc_precision_at_5_max": 0.309886,
        "nauc_precision_at_5_std": 0.187411,
        "nauc_precision_at_5_diff1": 0.283552,
        "nauc_precision_at_10_max": 0.336621,
        "nauc_precision_at_10_std": 0.097147,
        "nauc_precision_at_10_diff1": 0.242106,
        "nauc_precision_at_20_max": 0.380578,
        "nauc_precision_at_20_std": 0.058213,
        "nauc_precision_at_20_diff1": 0.308421,
        "nauc_precision_at_100_max": 0.398751,
        "nauc_precision_at_100_std": 0.131069,
        "nauc_precision_at_100_diff1": 0.270191,
        "nauc_precision_at_1000_max": 1.0,
        "nauc_precision_at_1000_std": 1.0,
        "nauc_precision_at_1000_diff1": 1.0,
        "nauc_mrr_at_1_max": 0.343656,
        "nauc_mrr_at_1_std": 0.009159,
        "nauc_mrr_at_1_diff1": 0.529357,
        "nauc_mrr_at_3_max": 0.34711,
        "nauc_mrr_at_3_std": 0.088474,
        "nauc_mrr_at_3_diff1": 0.444908,
        "nauc_mrr_at_5_max": 0.342712,
        "nauc_mrr_at_5_std": 0.089471,
        "nauc_mrr_at_5_diff1": 0.443306,
        "nauc_mrr_at_10_max": 0.347528,
        "nauc_mrr_at_10_std": 0.081411,
        "nauc_mrr_at_10_diff1": 0.443804,
        "nauc_mrr_at_20_max": 0.349227,
        "nauc_mrr_at_20_std": 0.08069,
        "nauc_mrr_at_20_diff1": 0.446916,
        "nauc_mrr_at_100_max": 0.349878,
        "nauc_mrr_at_100_std": 0.081864,
        "nauc_mrr_at_100_diff1": 0.44876,
        "nauc_mrr_at_1000_max": 0.349812,
        "nauc_mrr_at_1000_std": 0.081729,
        "nauc_mrr_at_1000_diff1": 0.448868,
        "main_score": 0.55159,
        "hf_subset": "default",
        "languages": [
          "eng-Latn"
        ]
      }
    ]
  },
  "evaluation_time": 8.204083442687988,
  "kg_co2_emissions": null
}