{
  "dataset_revision": "427e2ae4b22cd9ad990ef8dd4647c16d79c89198",
  "task_name": "singaporean-judicial-keywords",
  "mteb_version": "1.38.49",
  "scores": {
    "test": [
      {
        "ndcg_at_1": 0.432,
        "ndcg_at_3": 0.52262,
        "ndcg_at_5": 0.54654,
        "ndcg_at_10": 0.5826,
        "ndcg_at_20": 0.59788,
        "ndcg_at_100": 0.61718,
        "ndcg_at_1000": 0.6279,
        "map_at_1": 0.432,
        "map_at_3": 0.50067,
        "map_at_5": 0.51397,
        "map_at_10": 0.52876,
        "map_at_20": 0.53301,
        "map_at_100": 0.53567,
        "map_at_1000": 0.53615,
        "recall_at_1": 0.432,
        "recall_at_3": 0.586,
        "recall_at_5": 0.644,
        "recall_at_10": 0.756,
        "recall_at_20": 0.816,
        "recall_at_100": 0.92,
        "recall_at_1000": 1.0,
        "precision_at_1": 0.432,
        "precision_at_3": 0.19533,
        "precision_at_5": 0.1288,
        "precision_at_10": 0.0756,
        "precision_at_20": 0.0408,
        "precision_at_100": 0.0092,
        "precision_at_1000": 0.001,
        "mrr_at_1": 0.432,
        "mrr_at_3": 0.500667,
        "mrr_at_5": 0.513967,
        "mrr_at_10": 0.528756,
        "mrr_at_20": 0.533007,
        "mrr_at_100": 0.535674,
        "mrr_at_1000": 0.536153,
        "nauc_ndcg_at_1_max": 0.402708,
        "nauc_ndcg_at_1_std": 0.042114,
        "nauc_ndcg_at_1_diff1": 0.676425,
        "nauc_ndcg_at_3_max": 0.449744,
        "nauc_ndcg_at_3_std": 0.037299,
        "nauc_ndcg_at_3_diff1": 0.632734,
        "nauc_ndcg_at_5_max": 0.453774,
        "nauc_ndcg_at_5_std": 0.038857,
        "nauc_ndcg_at_5_diff1": 0.634614,
        "nauc_ndcg_at_10_max": 0.446336,
        "nauc_ndcg_at_10_std": 0.041766,
        "nauc_ndcg_at_10_diff1": 0.626055,
        "nauc_ndcg_at_20_max": 0.451986,
        "nauc_ndcg_at_20_std": 0.043213,
        "nauc_ndcg_at_20_diff1": 0.629039,
        "nauc_ndcg_at_100_max": 0.449891,
        "nauc_ndcg_at_100_std": 0.052882,
        "nauc_ndcg_at_100_diff1": 0.627372,
        "nauc_ndcg_at_1000_max": 0.44295,
        "nauc_ndcg_at_1000_std": 0.04481,
        "nauc_ndcg_at_1000_diff1": 0.634533,
        "nauc_map_at_1_max": 0.402708,
        "nauc_map_at_1_std": 0.042114,
        "nauc_map_at_1_diff1": 0.676425,
        "nauc_map_at_3_max": 0.438237,
        "nauc_map_at_3_std": 0.038869,
        "nauc_map_at_3_diff1": 0.643924,
        "nauc_map_at_5_max": 0.440056,
        "nauc_map_at_5_std": 0.039653,
        "nauc_map_at_5_diff1": 0.645129,
        "nauc_map_at_10_max": 0.435835,
        "nauc_map_at_10_std": 0.040731,
        "nauc_map_at_10_diff1": 0.641732,
        "nauc_map_at_20_max": 0.436896,
        "nauc_map_at_20_std": 0.040747,
        "nauc_map_at_20_diff1": 0.642495,
        "nauc_map_at_100_max": 0.436392,
        "nauc_map_at_100_std": 0.041892,
        "nauc_map_at_100_diff1": 0.64226,
        "nauc_map_at_1000_max": 0.436114,
        "nauc_map_at_1000_std": 0.041643,
        "nauc_map_at_1000_diff1": 0.642549,
        "nauc_recall_at_1_max": 0.402708,
        "nauc_recall_at_1_std": 0.042114,
        "nauc_recall_at_1_diff1": 0.676425,
        "nauc_recall_at_3_max": 0.485121,
        "nauc_recall_at_3_std": 0.03229,
        "nauc_recall_at_3_diff1": 0.5981,
        "nauc_recall_at_5_max": 0.500187,
        "nauc_recall_at_5_std": 0.036414,
        "nauc_recall_at_5_diff1": 0.599821,
        "nauc_recall_at_10_max": 0.49144,
        "nauc_recall_at_10_std": 0.048217,
        "nauc_recall_at_10_diff1": 0.555359,
        "nauc_recall_at_20_max": 0.543804,
        "nauc_recall_at_20_std": 0.064132,
        "nauc_recall_at_20_diff1": 0.558229,
        "nauc_recall_at_100_max": 0.619818,
        "nauc_recall_at_100_std": 0.261111,
        "nauc_recall_at_100_diff1": 0.453957,
        "nauc_recall_at_1000_max": NaN,
        "nauc_recall_at_1000_std": NaN,
        "nauc_recall_at_1000_diff1": NaN,
        "nauc_precision_at_1_max": 0.402708,
        "nauc_precision_at_1_std": 0.042114,
        "nauc_precision_at_1_diff1": 0.676425,
        "nauc_precision_at_3_max": 0.485121,
        "nauc_precision_at_3_std": 0.03229,
        "nauc_precision_at_3_diff1": 0.5981,
        "nauc_precision_at_5_max": 0.500187,
        "nauc_precision_at_5_std": 0.036414,
        "nauc_precision_at_5_diff1": 0.599821,
        "nauc_precision_at_10_max": 0.49144,
        "nauc_precision_at_10_std": 0.048217,
        "nauc_precision_at_10_diff1": 0.555359,
        "nauc_precision_at_20_max": 0.543804,
        "nauc_precision_at_20_std": 0.064132,
        "nauc_precision_at_20_diff1": 0.558229,
        "nauc_precision_at_100_max": 0.619818,
        "nauc_precision_at_100_std": 0.261111,
        "nauc_precision_at_100_diff1": 0.453957,
        "nauc_precision_at_1000_max": 1.0,
        "nauc_precision_at_1000_std": 1.0,
        "nauc_precision_at_1000_diff1": 1.0,
        "nauc_mrr_at_1_max": 0.402708,
        "nauc_mrr_at_1_std": 0.042114,
        "nauc_mrr_at_1_diff1": 0.676425,
        "nauc_mrr_at_3_max": 0.438237,
        "nauc_mrr_at_3_std": 0.038869,
        "nauc_mrr_at_3_diff1": 0.643924,
        "nauc_mrr_at_5_max": 0.440056,
        "nauc_mrr_at_5_std": 0.039653,
        "nauc_mrr_at_5_diff1": 0.645129,
        "nauc_mrr_at_10_max": 0.435835,
        "nauc_mrr_at_10_std": 0.040731,
        "nauc_mrr_at_10_diff1": 0.641732,
        "nauc_mrr_at_20_max": 0.436896,
        "nauc_mrr_at_20_std": 0.040747,
        "nauc_mrr_at_20_diff1": 0.642495,
        "nauc_mrr_at_100_max": 0.436392,
        "nauc_mrr_at_100_std": 0.041892,
        "nauc_mrr_at_100_diff1": 0.64226,
        "nauc_mrr_at_1000_max": 0.436114,
        "nauc_mrr_at_1000_std": 0.041643,
        "nauc_mrr_at_1000_diff1": 0.642549,
        "main_score": 0.5826,
        "hf_subset": "default",
        "languages": [
          "eng-Latn"
        ]
      }
    ]
  },
  "evaluation_time": 37.316452980041504,
  "kg_co2_emissions": null
}