{
  "dataset_revision": "436d6a79d06cac556799e9e0be54a6fb90bf7182",
  "task_name": "uk-legislative-long-titles",
  "mteb_version": "1.38.49",
  "scores": {
    "test": [
      {
        "ndcg_at_1": 0.88462,
        "ndcg_at_3": 0.91529,
        "ndcg_at_5": 0.92025,
        "ndcg_at_10": 0.92909,
        "ndcg_at_20": 0.92909,
        "ndcg_at_100": 0.93398,
        "ndcg_at_1000": 0.93398,
        "map_at_1": 0.88462,
        "map_at_3": 0.90812,
        "map_at_5": 0.91068,
        "map_at_10": 0.91465,
        "map_at_20": 0.91465,
        "map_at_100": 0.91538,
        "map_at_1000": 0.91538,
        "recall_at_1": 0.88462,
        "recall_at_3": 0.9359,
        "recall_at_5": 0.94872,
        "recall_at_10": 0.97436,
        "recall_at_20": 0.97436,
        "recall_at_100": 1.0,
        "recall_at_1000": 1.0,
        "precision_at_1": 0.88462,
        "precision_at_3": 0.31197,
        "precision_at_5": 0.18974,
        "precision_at_10": 0.09744,
        "precision_at_20": 0.04872,
        "precision_at_100": 0.01,
        "precision_at_1000": 0.001,
        "mrr_at_1": 0.884615,
        "mrr_at_3": 0.90812,
        "mrr_at_5": 0.910684,
        "mrr_at_10": 0.914652,
        "mrr_at_20": 0.914652,
        "mrr_at_100": 0.915379,
        "mrr_at_1000": 0.915379,
        "nauc_ndcg_at_1_max": 0.814096,
        "nauc_ndcg_at_1_std": 0.547438,
        "nauc_ndcg_at_1_diff1": 0.955657,
        "nauc_ndcg_at_3_max": 0.891995,
        "nauc_ndcg_at_3_std": 0.649382,
        "nauc_ndcg_at_3_diff1": 0.952649,
        "nauc_ndcg_at_5_max": 0.885226,
        "nauc_ndcg_at_5_std": 0.635622,
        "nauc_ndcg_at_5_diff1": 0.949681,
        "nauc_ndcg_at_10_max": 0.878761,
        "nauc_ndcg_at_10_std": 0.651601,
        "nauc_ndcg_at_10_diff1": 0.95187,
        "nauc_ndcg_at_20_max": 0.878761,
        "nauc_ndcg_at_20_std": 0.651601,
        "nauc_ndcg_at_20_diff1": 0.95187,
        "nauc_ndcg_at_100_max": 0.869697,
        "nauc_ndcg_at_100_std": 0.631022,
        "nauc_ndcg_at_100_diff1": 0.952605,
        "nauc_ndcg_at_1000_max": 0.869697,
        "nauc_ndcg_at_1000_std": 0.631022,
        "nauc_ndcg_at_1000_diff1": 0.952605,
        "nauc_map_at_1_max": 0.814096,
        "nauc_map_at_1_std": 0.547438,
        "nauc_map_at_1_diff1": 0.955657,
        "nauc_map_at_3_max": 0.871601,
        "nauc_map_at_3_std": 0.624905,
        "nauc_map_at_3_diff1": 0.953848,
        "nauc_map_at_5_max": 0.86788,
        "nauc_map_at_5_std": 0.617833,
        "nauc_map_at_5_diff1": 0.95251,
        "nauc_map_at_10_max": 0.864517,
        "nauc_map_at_10_std": 0.622198,
        "nauc_map_at_10_diff1": 0.953595,
        "nauc_map_at_20_max": 0.864517,
        "nauc_map_at_20_std": 0.622198,
        "nauc_map_at_20_diff1": 0.953595,
        "nauc_map_at_100_max": 0.863342,
        "nauc_map_at_100_std": 0.619725,
        "nauc_map_at_100_diff1": 0.953527,
        "nauc_map_at_1000_max": 0.863342,
        "nauc_map_at_1000_std": 0.619725,
        "nauc_map_at_1000_diff1": 0.953527,
        "nauc_recall_at_1_max": 0.814096,
        "nauc_recall_at_1_std": 0.547438,
        "nauc_recall_at_1_diff1": 0.955657,
        "nauc_recall_at_3_max": 0.973782,
        "nauc_recall_at_3_std": 0.746048,
        "nauc_recall_at_3_diff1": 0.947563,
        "nauc_recall_at_5_max": 0.967227,
        "nauc_recall_at_5_std": 0.715333,
        "nauc_recall_at_5_diff1": 0.934454,
        "nauc_recall_at_10_max": 1.0,
        "nauc_recall_at_10_std": 0.934454,
        "nauc_recall_at_10_diff1": 0.934454,
        "nauc_recall_at_20_max": 1.0,
        "nauc_recall_at_20_std": 0.934454,
        "nauc_recall_at_20_diff1": 0.934454,
        "nauc_recall_at_100_max": NaN,
        "nauc_recall_at_100_std": NaN,
        "nauc_recall_at_100_diff1": NaN,
        "nauc_recall_at_1000_max": NaN,
        "nauc_recall_at_1000_std": NaN,
        "nauc_recall_at_1000_diff1": NaN,
        "nauc_precision_at_1_max": 0.814096,
        "nauc_precision_at_1_std": 0.547438,
        "nauc_precision_at_1_diff1": 0.955657,
        "nauc_precision_at_3_max": 0.973782,
        "nauc_precision_at_3_std": 0.746048,
        "nauc_precision_at_3_diff1": 0.947563,
        "nauc_precision_at_5_max": 0.967227,
        "nauc_precision_at_5_std": 0.715333,
        "nauc_precision_at_5_diff1": 0.934454,
        "nauc_precision_at_10_max": 1.0,
        "nauc_precision_at_10_std": 0.934454,
        "nauc_precision_at_10_diff1": 0.934454,
        "nauc_precision_at_20_max": 1.0,
        "nauc_precision_at_20_std": 0.934454,
        "nauc_precision_at_20_diff1": 0.934454,
        "nauc_precision_at_100_max": 1.0,
        "nauc_precision_at_100_std": 1.0,
        "nauc_precision_at_100_diff1": 1.0,
        "nauc_precision_at_1000_max": 1.0,
        "nauc_precision_at_1000_std": 1.0,
        "nauc_precision_at_1000_diff1": 1.0,
        "nauc_mrr_at_1_max": 0.814096,
        "nauc_mrr_at_1_std": 0.547438,
        "nauc_mrr_at_1_diff1": 0.955657,
        "nauc_mrr_at_3_max": 0.871601,
        "nauc_mrr_at_3_std": 0.624905,
        "nauc_mrr_at_3_diff1": 0.953848,
        "nauc_mrr_at_5_max": 0.86788,
        "nauc_mrr_at_5_std": 0.617833,
        "nauc_mrr_at_5_diff1": 0.95251,
        "nauc_mrr_at_10_max": 0.864517,
        "nauc_mrr_at_10_std": 0.622198,
        "nauc_mrr_at_10_diff1": 0.953595,
        "nauc_mrr_at_20_max": 0.864517,
        "nauc_mrr_at_20_std": 0.622198,
        "nauc_mrr_at_20_diff1": 0.953595,
        "nauc_mrr_at_100_max": 0.863342,
        "nauc_mrr_at_100_std": 0.619725,
        "nauc_mrr_at_100_diff1": 0.953527,
        "nauc_mrr_at_1000_max": 0.863342,
        "nauc_mrr_at_1000_std": 0.619725,
        "nauc_mrr_at_1000_diff1": 0.953527,
        "main_score": 0.92909,
        "hf_subset": "default",
        "languages": [
          "eng-Latn"
        ]
      }
    ]
  },
  "evaluation_time": 5.786259412765503,
  "kg_co2_emissions": null
}