{
  "dataset_revision": "c64c3baac6bfd5f934d2df6e5d42dcb7d87c8ba8",
  "task_name": "australian-tax-guidance-retrieval",
  "mteb_version": "1.39.7",
  "scores": {
    "test": [
      {
        "ndcg_at_1": 0.57143,
        "ndcg_at_3": 0.7231,
        "ndcg_at_5": 0.74539,
        "ndcg_at_10": 0.77146,
        "ndcg_at_20": 0.77621,
        "ndcg_at_100": 0.77939,
        "ndcg_at_1000": 0.77939,
        "map_at_1": 0.57143,
        "map_at_3": 0.68601,
        "map_at_5": 0.69851,
        "map_at_10": 0.70931,
        "map_at_20": 0.71074,
        "map_at_100": 0.71111,
        "map_at_1000": 0.71111,
        "recall_at_1": 0.57143,
        "recall_at_3": 0.83036,
        "recall_at_5": 0.88393,
        "recall_at_10": 0.96429,
        "recall_at_20": 0.98214,
        "recall_at_100": 1.0,
        "recall_at_1000": 1.0,
        "precision_at_1": 0.57143,
        "precision_at_3": 0.27679,
        "precision_at_5": 0.17679,
        "precision_at_10": 0.09643,
        "precision_at_20": 0.04911,
        "precision_at_100": 0.01,
        "precision_at_1000": 0.001,
        "mrr_at_1": 0.571429,
        "mrr_at_3": 0.686012,
        "mrr_at_5": 0.698512,
        "mrr_at_10": 0.709308,
        "mrr_at_20": 0.710739,
        "mrr_at_100": 0.711108,
        "mrr_at_1000": 0.711108,
        "nauc_ndcg_at_1_max": 0.373577,
        "nauc_ndcg_at_1_std": 0.05469,
        "nauc_ndcg_at_1_diff1": 0.668559,
        "nauc_ndcg_at_3_max": 0.346013,
        "nauc_ndcg_at_3_std": 0.073615,
        "nauc_ndcg_at_3_diff1": 0.577634,
        "nauc_ndcg_at_5_max": 0.370453,
        "nauc_ndcg_at_5_std": 0.049437,
        "nauc_ndcg_at_5_diff1": 0.577895,
        "nauc_ndcg_at_10_max": 0.366367,
        "nauc_ndcg_at_10_std": 0.082438,
        "nauc_ndcg_at_10_diff1": 0.569437,
        "nauc_ndcg_at_20_max": 0.380502,
        "nauc_ndcg_at_20_std": 0.073594,
        "nauc_ndcg_at_20_diff1": 0.597809,
        "nauc_ndcg_at_100_max": 0.369429,
        "nauc_ndcg_at_100_std": 0.067361,
        "nauc_ndcg_at_100_diff1": 0.598878,
        "nauc_ndcg_at_1000_max": 0.369429,
        "nauc_ndcg_at_1000_std": 0.067361,
        "nauc_ndcg_at_1000_diff1": 0.598878,
        "nauc_map_at_1_max": 0.373577,
        "nauc_map_at_1_std": 0.05469,
        "nauc_map_at_1_diff1": 0.668559,
        "nauc_map_at_3_max": 0.352209,
        "nauc_map_at_3_std": 0.064645,
        "nauc_map_at_3_diff1": 0.599371,
        "nauc_map_at_5_max": 0.365232,
        "nauc_map_at_5_std": 0.053122,
        "nauc_map_at_5_diff1": 0.600198,
        "nauc_map_at_10_max": 0.364056,
        "nauc_map_at_10_std": 0.066115,
        "nauc_map_at_10_diff1": 0.598772,
        "nauc_map_at_20_max": 0.367362,
        "nauc_map_at_20_std": 0.063985,
        "nauc_map_at_20_diff1": 0.605515,
        "nauc_map_at_100_max": 0.366351,
        "nauc_map_at_100_std": 0.063376,
        "nauc_map_at_100_diff1": 0.605634,
        "nauc_map_at_1000_max": 0.366351,
        "nauc_map_at_1000_std": 0.063376,
        "nauc_map_at_1000_diff1": 0.605634,
        "nauc_recall_at_1_max": 0.373577,
        "nauc_recall_at_1_std": 0.05469,
        "nauc_recall_at_1_diff1": 0.668559,
        "nauc_recall_at_3_max": 0.319179,
        "nauc_recall_at_3_std": 0.116697,
        "nauc_recall_at_3_diff1": 0.482342,
        "nauc_recall_at_5_max": 0.409277,
        "nauc_recall_at_5_std": 0.02115,
        "nauc_recall_at_5_diff1": 0.446878,
        "nauc_recall_at_10_max": 0.414719,
        "nauc_recall_at_10_std": 0.418705,
        "nauc_recall_at_10_diff1": 0.011472,
        "nauc_recall_at_20_max": 1.0,
        "nauc_recall_at_20_std": 0.414719,
        "nauc_recall_at_20_diff1": 0.540338,
        "nauc_recall_at_100_max": NaN,
        "nauc_recall_at_100_std": NaN,
        "nauc_recall_at_100_diff1": NaN,
        "nauc_recall_at_1000_max": NaN,
        "nauc_recall_at_1000_std": NaN,
        "nauc_recall_at_1000_diff1": NaN,
        "nauc_precision_at_1_max": 0.373577,
        "nauc_precision_at_1_std": 0.05469,
        "nauc_precision_at_1_diff1": 0.668559,
        "nauc_precision_at_3_max": 0.319179,
        "nauc_precision_at_3_std": 0.116697,
        "nauc_precision_at_3_diff1": 0.482342,
        "nauc_precision_at_5_max": 0.409277,
        "nauc_precision_at_5_std": 0.02115,
        "nauc_precision_at_5_diff1": 0.446878,
        "nauc_precision_at_10_max": 0.414719,
        "nauc_precision_at_10_std": 0.418705,
        "nauc_precision_at_10_diff1": 0.011472,
        "nauc_precision_at_20_max": 1.0,
        "nauc_precision_at_20_std": 0.414719,
        "nauc_precision_at_20_diff1": 0.540338,
        "nauc_precision_at_100_max": NaN,
        "nauc_precision_at_100_std": NaN,
        "nauc_precision_at_100_diff1": NaN,
        "nauc_precision_at_1000_max": 1.0,
        "nauc_precision_at_1000_std": 1.0,
        "nauc_precision_at_1000_diff1": 1.0,
        "nauc_mrr_at_1_max": 0.373577,
        "nauc_mrr_at_1_std": 0.05469,
        "nauc_mrr_at_1_diff1": 0.668559,
        "nauc_mrr_at_3_max": 0.352209,
        "nauc_mrr_at_3_std": 0.064645,
        "nauc_mrr_at_3_diff1": 0.599371,
        "nauc_mrr_at_5_max": 0.365232,
        "nauc_mrr_at_5_std": 0.053122,
        "nauc_mrr_at_5_diff1": 0.600198,
        "nauc_mrr_at_10_max": 0.364056,
        "nauc_mrr_at_10_std": 0.066115,
        "nauc_mrr_at_10_diff1": 0.598772,
        "nauc_mrr_at_20_max": 0.367362,
        "nauc_mrr_at_20_std": 0.063985,
        "nauc_mrr_at_20_diff1": 0.605515,
        "nauc_mrr_at_100_max": 0.366351,
        "nauc_mrr_at_100_std": 0.063376,
        "nauc_mrr_at_100_diff1": 0.605634,
        "nauc_mrr_at_1000_max": 0.366351,
        "nauc_mrr_at_1000_std": 0.063376,
        "nauc_mrr_at_1000_diff1": 0.605634,
        "main_score": 0.77146,
        "hf_subset": "default",
        "languages": [
          "eng-Latn"
        ]
      }
    ]
  },
  "evaluation_time": 63.94985365867615,
  "kg_co2_emissions": null
}