{
  "dataset_revision": "dd157bbfa479359488c656981e3999da6f42e4e9",
  "task_name": "bar-exam-qa",
  "mteb_version": "1.39.7",
  "scores": {
    "test": [
      {
        "ndcg_at_1": 0.4188,
        "ndcg_at_3": 0.56624,
        "ndcg_at_5": 0.59418,
        "ndcg_at_10": 0.62722,
        "ndcg_at_20": 0.65091,
        "ndcg_at_100": 0.66388,
        "ndcg_at_1000": 0.66388,
        "map_at_1": 0.4188,
        "map_at_3": 0.53134,
        "map_at_5": 0.54672,
        "map_at_10": 0.56029,
        "map_at_20": 0.56673,
        "map_at_100": 0.56861,
        "map_at_1000": 0.56861,
        "recall_at_1": 0.4188,
        "recall_at_3": 0.66667,
        "recall_at_5": 0.73504,
        "recall_at_10": 0.83761,
        "recall_at_20": 0.93162,
        "recall_at_100": 1.0,
        "recall_at_1000": 1.0,
        "precision_at_1": 0.4188,
        "precision_at_3": 0.22222,
        "precision_at_5": 0.14701,
        "precision_at_10": 0.08376,
        "precision_at_20": 0.04658,
        "precision_at_100": 0.01,
        "precision_at_1000": 0.001,
        "mrr_at_1": 0.418803,
        "mrr_at_3": 0.531339,
        "mrr_at_5": 0.546724,
        "mrr_at_10": 0.560287,
        "mrr_at_20": 0.566732,
        "mrr_at_100": 0.568611,
        "mrr_at_1000": 0.568611,
        "nauc_ndcg_at_1_max": 0.109055,
        "nauc_ndcg_at_1_std": -0.206308,
        "nauc_ndcg_at_1_diff1": 0.429145,
        "nauc_ndcg_at_3_max": 0.28739,
        "nauc_ndcg_at_3_std": -0.110365,
        "nauc_ndcg_at_3_diff1": 0.437915,
        "nauc_ndcg_at_5_max": 0.262439,
        "nauc_ndcg_at_5_std": -0.132936,
        "nauc_ndcg_at_5_diff1": 0.439098,
        "nauc_ndcg_at_10_max": 0.251205,
        "nauc_ndcg_at_10_std": -0.122993,
        "nauc_ndcg_at_10_diff1": 0.447726,
        "nauc_ndcg_at_20_max": 0.235502,
        "nauc_ndcg_at_20_std": -0.128091,
        "nauc_ndcg_at_20_diff1": 0.445231,
        "nauc_ndcg_at_100_max": 0.231919,
        "nauc_ndcg_at_100_std": -0.138957,
        "nauc_ndcg_at_100_diff1": 0.438741,
        "nauc_ndcg_at_1000_max": 0.231919,
        "nauc_ndcg_at_1000_std": -0.138957,
        "nauc_ndcg_at_1000_diff1": 0.438741,
        "nauc_map_at_1_max": 0.109055,
        "nauc_map_at_1_std": -0.206308,
        "nauc_map_at_1_diff1": 0.429145,
        "nauc_map_at_3_max": 0.247475,
        "nauc_map_at_3_std": -0.132156,
        "nauc_map_at_3_diff1": 0.434124,
        "nauc_map_at_5_max": 0.233705,
        "nauc_map_at_5_std": -0.143767,
        "nauc_map_at_5_diff1": 0.433773,
        "nauc_map_at_10_max": 0.229181,
        "nauc_map_at_10_std": -0.140734,
        "nauc_map_at_10_diff1": 0.436619,
        "nauc_map_at_20_max": 0.224847,
        "nauc_map_at_20_std": -0.143073,
        "nauc_map_at_20_diff1": 0.436311,
        "nauc_map_at_100_max": 0.22366,
        "nauc_map_at_100_std": -0.144748,
        "nauc_map_at_100_diff1": 0.435508,
        "nauc_map_at_1000_max": 0.22366,
        "nauc_map_at_1000_std": -0.144748,
        "nauc_map_at_1000_diff1": 0.435508,
        "nauc_recall_at_1_max": 0.109055,
        "nauc_recall_at_1_std": -0.206308,
        "nauc_recall_at_1_diff1": 0.429145,
        "nauc_recall_at_3_max": 0.418558,
        "nauc_recall_at_3_std": -0.038573,
        "nauc_recall_at_3_diff1": 0.451428,
        "nauc_recall_at_5_max": 0.364283,
        "nauc_recall_at_5_std": -0.098694,
        "nauc_recall_at_5_diff1": 0.462319,
        "nauc_recall_at_10_max": 0.349645,
        "nauc_recall_at_10_std": -0.025791,
        "nauc_recall_at_10_diff1": 0.521643,
        "nauc_recall_at_20_max": 0.258305,
        "nauc_recall_at_20_std": 0.049021,
        "nauc_recall_at_20_diff1": 0.56407,
        "nauc_recall_at_100_max": NaN,
        "nauc_recall_at_100_std": NaN,
        "nauc_recall_at_100_diff1": NaN,
        "nauc_recall_at_1000_max": NaN,
        "nauc_recall_at_1000_std": NaN,
        "nauc_recall_at_1000_diff1": NaN,
        "nauc_precision_at_1_max": 0.109055,
        "nauc_precision_at_1_std": -0.206308,
        "nauc_precision_at_1_diff1": 0.429145,
        "nauc_precision_at_3_max": 0.418558,
        "nauc_precision_at_3_std": -0.038573,
        "nauc_precision_at_3_diff1": 0.451428,
        "nauc_precision_at_5_max": 0.364283,
        "nauc_precision_at_5_std": -0.098694,
        "nauc_precision_at_5_diff1": 0.462319,
        "nauc_precision_at_10_max": 0.349645,
        "nauc_precision_at_10_std": -0.025791,
        "nauc_precision_at_10_diff1": 0.521643,
        "nauc_precision_at_20_max": 0.258305,
        "nauc_precision_at_20_std": 0.049021,
        "nauc_precision_at_20_diff1": 0.56407,
        "nauc_precision_at_100_max": NaN,
        "nauc_precision_at_100_std": NaN,
        "nauc_precision_at_100_diff1": NaN,
        "nauc_precision_at_1000_max": 1.0,
        "nauc_precision_at_1000_std": 1.0,
        "nauc_precision_at_1000_diff1": 1.0,
        "nauc_mrr_at_1_max": 0.109055,
        "nauc_mrr_at_1_std": -0.206308,
        "nauc_mrr_at_1_diff1": 0.429145,
        "nauc_mrr_at_3_max": 0.247475,
        "nauc_mrr_at_3_std": -0.132156,
        "nauc_mrr_at_3_diff1": 0.434124,
        "nauc_mrr_at_5_max": 0.233705,
        "nauc_mrr_at_5_std": -0.143767,
        "nauc_mrr_at_5_diff1": 0.433773,
        "nauc_mrr_at_10_max": 0.229181,
        "nauc_mrr_at_10_std": -0.140734,
        "nauc_mrr_at_10_diff1": 0.436619,
        "nauc_mrr_at_20_max": 0.224847,
        "nauc_mrr_at_20_std": -0.143073,
        "nauc_mrr_at_20_diff1": 0.436311,
        "nauc_mrr_at_100_max": 0.22366,
        "nauc_mrr_at_100_std": -0.144748,
        "nauc_mrr_at_100_diff1": 0.435508,
        "nauc_mrr_at_1000_max": 0.22366,
        "nauc_mrr_at_1000_std": -0.144748,
        "nauc_mrr_at_1000_diff1": 0.435508,
        "main_score": 0.62722,
        "hf_subset": "default",
        "languages": [
          "eng-Latn"
        ]
      }
    ]
  },
  "evaluation_time": 56.46799421310425,
  "kg_co2_emissions": null
}