{
  "dataset_revision": "2095f248902963b4480ac96b774ba64b2104cbee",
  "task_name": "consumer-contracts-qa",
  "mteb_version": "1.39.7",
  "scores": {
    "test": [
      {
        "ndcg_at_1": 0.77778,
        "ndcg_at_3": 0.86051,
        "ndcg_at_5": 0.8768,
        "ndcg_at_10": 0.88991,
        "ndcg_at_20": 0.89132,
        "ndcg_at_100": 0.89132,
        "ndcg_at_1000": 0.89132,
        "map_at_1": 0.77778,
        "map_at_3": 0.84175,
        "map_at_5": 0.85059,
        "map_at_10": 0.85601,
        "map_at_20": 0.85647,
        "map_at_100": 0.85647,
        "map_at_1000": 0.85647,
        "recall_at_1": 0.77778,
        "recall_at_3": 0.91414,
        "recall_at_5": 0.95455,
        "recall_at_10": 0.99495,
        "recall_at_20": 1.0,
        "recall_at_100": 1.0,
        "recall_at_1000": 1.0,
        "precision_at_1": 0.77778,
        "precision_at_3": 0.30471,
        "precision_at_5": 0.19091,
        "precision_at_10": 0.09949,
        "precision_at_20": 0.05,
        "precision_at_100": 0.01,
        "precision_at_1000": 0.001,
        "mrr_at_1": 0.777778,
        "mrr_at_3": 0.841751,
        "mrr_at_5": 0.850589,
        "mrr_at_10": 0.856015,
        "mrr_at_20": 0.856474,
        "mrr_at_100": 0.856474,
        "mrr_at_1000": 0.856474,
        "nauc_ndcg_at_1_max": 0.751273,
        "nauc_ndcg_at_1_std": 0.141058,
        "nauc_ndcg_at_1_diff1": 0.827917,
        "nauc_ndcg_at_3_max": 0.738835,
        "nauc_ndcg_at_3_std": 0.135218,
        "nauc_ndcg_at_3_diff1": 0.771017,
        "nauc_ndcg_at_5_max": 0.73119,
        "nauc_ndcg_at_5_std": 0.104133,
        "nauc_ndcg_at_5_diff1": 0.761244,
        "nauc_ndcg_at_10_max": 0.740335,
        "nauc_ndcg_at_10_std": 0.136653,
        "nauc_ndcg_at_10_diff1": 0.786064,
        "nauc_ndcg_at_20_max": 0.738549,
        "nauc_ndcg_at_20_std": 0.130862,
        "nauc_ndcg_at_20_diff1": 0.789281,
        "nauc_ndcg_at_100_max": 0.738549,
        "nauc_ndcg_at_100_std": 0.130862,
        "nauc_ndcg_at_100_diff1": 0.789281,
        "nauc_ndcg_at_1000_max": 0.738549,
        "nauc_ndcg_at_1000_std": 0.130862,
        "nauc_ndcg_at_1000_diff1": 0.789281,
        "nauc_map_at_1_max": 0.751273,
        "nauc_map_at_1_std": 0.141058,
        "nauc_map_at_1_diff1": 0.827917,
        "nauc_map_at_3_max": 0.740924,
        "nauc_map_at_3_std": 0.137481,
        "nauc_map_at_3_diff1": 0.78759,
        "nauc_map_at_5_max": 0.737275,
        "nauc_map_at_5_std": 0.122284,
        "nauc_map_at_5_diff1": 0.783763,
        "nauc_map_at_10_max": 0.740106,
        "nauc_map_at_10_std": 0.133708,
        "nauc_map_at_10_diff1": 0.792334,
        "nauc_map_at_20_max": 0.739663,
        "nauc_map_at_20_std": 0.132267,
        "nauc_map_at_20_diff1": 0.793151,
        "nauc_map_at_100_max": 0.739663,
        "nauc_map_at_100_std": 0.132267,
        "nauc_map_at_100_diff1": 0.793151,
        "nauc_map_at_1000_max": 0.739663,
        "nauc_map_at_1000_std": 0.132267,
        "nauc_map_at_1000_diff1": 0.793151,
        "nauc_recall_at_1_max": 0.751273,
        "nauc_recall_at_1_std": 0.141058,
        "nauc_recall_at_1_diff1": 0.827917,
        "nauc_recall_at_3_max": 0.72984,
        "nauc_recall_at_3_std": 0.123675,
        "nauc_recall_at_3_diff1": 0.689814,
        "nauc_recall_at_5_max": 0.677745,
        "nauc_recall_at_5_std": -0.066381,
        "nauc_recall_at_5_diff1": 0.561769,
        "nauc_recall_at_10_max": 0.869134,
        "nauc_recall_at_10_std": 0.554119,
        "nauc_recall_at_10_diff1": 0.554119,
        "nauc_recall_at_20_max": NaN,
        "nauc_recall_at_20_std": NaN,
        "nauc_recall_at_20_diff1": NaN,
        "nauc_recall_at_100_max": NaN,
        "nauc_recall_at_100_std": NaN,
        "nauc_recall_at_100_diff1": NaN,
        "nauc_recall_at_1000_max": NaN,
        "nauc_recall_at_1000_std": NaN,
        "nauc_recall_at_1000_diff1": NaN,
        "nauc_precision_at_1_max": 0.751273,
        "nauc_precision_at_1_std": 0.141058,
        "nauc_precision_at_1_diff1": 0.827917,
        "nauc_precision_at_3_max": 0.72984,
        "nauc_precision_at_3_std": 0.123675,
        "nauc_precision_at_3_diff1": 0.689814,
        "nauc_precision_at_5_max": 0.677745,
        "nauc_precision_at_5_std": -0.066381,
        "nauc_precision_at_5_diff1": 0.561769,
        "nauc_precision_at_10_max": 0.869134,
        "nauc_precision_at_10_std": 0.554119,
        "nauc_precision_at_10_diff1": 0.554119,
        "nauc_precision_at_20_max": 1.0,
        "nauc_precision_at_20_std": 1.0,
        "nauc_precision_at_20_diff1": 1.0,
        "nauc_precision_at_100_max": 1.0,
        "nauc_precision_at_100_std": 1.0,
        "nauc_precision_at_100_diff1": 1.0,
        "nauc_precision_at_1000_max": 1.0,
        "nauc_precision_at_1000_std": 1.0,
        "nauc_precision_at_1000_diff1": 1.0,
        "nauc_mrr_at_1_max": 0.751273,
        "nauc_mrr_at_1_std": 0.141058,
        "nauc_mrr_at_1_diff1": 0.827917,
        "nauc_mrr_at_3_max": 0.740924,
        "nauc_mrr_at_3_std": 0.137481,
        "nauc_mrr_at_3_diff1": 0.78759,
        "nauc_mrr_at_5_max": 0.737275,
        "nauc_mrr_at_5_std": 0.122284,
        "nauc_mrr_at_5_diff1": 0.783763,
        "nauc_mrr_at_10_max": 0.740106,
        "nauc_mrr_at_10_std": 0.133708,
        "nauc_mrr_at_10_diff1": 0.792334,
        "nauc_mrr_at_20_max": 0.739663,
        "nauc_mrr_at_20_std": 0.132267,
        "nauc_mrr_at_20_diff1": 0.793151,
        "nauc_mrr_at_100_max": 0.739663,
        "nauc_mrr_at_100_std": 0.132267,
        "nauc_mrr_at_100_diff1": 0.793151,
        "nauc_mrr_at_1000_max": 0.739663,
        "nauc_mrr_at_1000_std": 0.132267,
        "nauc_mrr_at_1000_diff1": 0.793151,
        "main_score": 0.88991,
        "hf_subset": "default",
        "languages": [
          "eng-Latn"
        ]
      }
    ]
  },
  "evaluation_time": 68.81205439567566,
  "kg_co2_emissions": null
}