{
  "dataset_revision": "48ed7bcb1f50896a0f71461a04b2df0ca84329d9",
  "task_name": "contractual-clause-retrieval",
  "mteb_version": "1.39.7",
  "scores": {
    "test": [
      {
        "ndcg_at_1": 0.86667,
        "ndcg_at_3": 0.87494,
        "ndcg_at_5": 0.90189,
        "ndcg_at_10": 0.91464,
        "ndcg_at_20": 0.92107,
        "ndcg_at_100": 0.92107,
        "ndcg_at_1000": 0.92107,
        "map_at_1": 0.43333,
        "map_at_3": 0.85,
        "map_at_5": 0.87333,
        "map_at_10": 0.88145,
        "map_at_20": 0.88325,
        "map_at_100": 0.88325,
        "map_at_1000": 0.88325,
        "recall_at_1": 0.43333,
        "recall_at_3": 0.88889,
        "recall_at_5": 0.94444,
        "recall_at_10": 0.97778,
        "recall_at_20": 1.0,
        "recall_at_100": 1.0,
        "recall_at_1000": 1.0,
        "precision_at_1": 0.86667,
        "precision_at_3": 0.59259,
        "precision_at_5": 0.37778,
        "precision_at_10": 0.19556,
        "precision_at_20": 0.1,
        "precision_at_100": 0.02,
        "precision_at_1000": 0.002,
        "mrr_at_1": 0.866667,
        "mrr_at_3": 0.907407,
        "mrr_at_5": 0.907407,
        "mrr_at_10": 0.907407,
        "mrr_at_20": 0.908796,
        "mrr_at_100": 0.908796,
        "mrr_at_1000": 0.908796,
        "nauc_ndcg_at_1_max": 0.758413,
        "nauc_ndcg_at_1_std": -0.369808,
        "nauc_ndcg_at_1_diff1": 0.855697,
        "nauc_ndcg_at_3_max": 0.572748,
        "nauc_ndcg_at_3_std": -0.461139,
        "nauc_ndcg_at_3_diff1": 0.404541,
        "nauc_ndcg_at_5_max": 0.666908,
        "nauc_ndcg_at_5_std": -0.31501,
        "nauc_ndcg_at_5_diff1": 0.478677,
        "nauc_ndcg_at_10_max": 0.624184,
        "nauc_ndcg_at_10_std": -0.489734,
        "nauc_ndcg_at_10_diff1": 0.537001,
        "nauc_ndcg_at_20_max": 0.647211,
        "nauc_ndcg_at_20_std": -0.386113,
        "nauc_ndcg_at_20_diff1": 0.520903,
        "nauc_ndcg_at_100_max": 0.647211,
        "nauc_ndcg_at_100_std": -0.386113,
        "nauc_ndcg_at_100_diff1": 0.520903,
        "nauc_ndcg_at_1000_max": 0.647211,
        "nauc_ndcg_at_1000_std": -0.386113,
        "nauc_ndcg_at_1000_diff1": 0.520903,
        "nauc_map_at_1_max": 0.758413,
        "nauc_map_at_1_std": -0.369808,
        "nauc_map_at_1_diff1": 0.855697,
        "nauc_map_at_3_max": 0.573316,
        "nauc_map_at_3_std": -0.412426,
        "nauc_map_at_3_diff1": 0.360102,
        "nauc_map_at_5_max": 0.633667,
        "nauc_map_at_5_std": -0.303562,
        "nauc_map_at_5_diff1": 0.399352,
        "nauc_map_at_10_max": 0.611305,
        "nauc_map_at_10_std": -0.38401,
        "nauc_map_at_10_diff1": 0.417811,
        "nauc_map_at_20_max": 0.615493,
        "nauc_map_at_20_std": -0.362466,
        "nauc_map_at_20_diff1": 0.412772,
        "nauc_map_at_100_max": 0.615493,
        "nauc_map_at_100_std": -0.362466,
        "nauc_map_at_100_diff1": 0.412772,
        "nauc_map_at_1000_max": 0.615493,
        "nauc_map_at_1000_std": -0.362466,
        "nauc_map_at_1000_diff1": 0.412772,
        "nauc_recall_at_1_max": 0.758413,
        "nauc_recall_at_1_std": -0.369808,
        "nauc_recall_at_1_diff1": 0.855697,
        "nauc_recall_at_3_max": 0.459272,
        "nauc_recall_at_3_std": -0.591096,
        "nauc_recall_at_3_diff1": 0.222915,
        "nauc_recall_at_5_max": 0.687547,
        "nauc_recall_at_5_std": -0.192107,
        "nauc_recall_at_5_diff1": 0.325257,
        "nauc_recall_at_10_max": 0.35696,
        "nauc_recall_at_10_std": -1.692224,
        "nauc_recall_at_10_diff1": 0.723816,
        "nauc_recall_at_20_max": NaN,
        "nauc_recall_at_20_std": NaN,
        "nauc_recall_at_20_diff1": NaN,
        "nauc_recall_at_100_max": NaN,
        "nauc_recall_at_100_std": NaN,
        "nauc_recall_at_100_diff1": NaN,
        "nauc_recall_at_1000_max": NaN,
        "nauc_recall_at_1000_std": NaN,
        "nauc_recall_at_1000_diff1": NaN,
        "nauc_precision_at_1_max": 0.758413,
        "nauc_precision_at_1_std": -0.369808,
        "nauc_precision_at_1_diff1": 0.855697,
        "nauc_precision_at_3_max": 0.459272,
        "nauc_precision_at_3_std": -0.591096,
        "nauc_precision_at_3_diff1": 0.222915,
        "nauc_precision_at_5_max": 0.687547,
        "nauc_precision_at_5_std": -0.192107,
        "nauc_precision_at_5_diff1": 0.325257,
        "nauc_precision_at_10_max": 0.35696,
        "nauc_precision_at_10_std": -1.692224,
        "nauc_precision_at_10_diff1": 0.723816,
        "nauc_precision_at_20_max": 1.0,
        "nauc_precision_at_20_std": 1.0,
        "nauc_precision_at_20_diff1": 1.0,
        "nauc_precision_at_100_max": 1.0,
        "nauc_precision_at_100_std": 1.0,
        "nauc_precision_at_100_diff1": 1.0,
        "nauc_precision_at_1000_max": NaN,
        "nauc_precision_at_1000_std": NaN,
        "nauc_precision_at_1000_diff1": NaN,
        "nauc_mrr_at_1_max": 0.758413,
        "nauc_mrr_at_1_std": -0.369808,
        "nauc_mrr_at_1_diff1": 0.855697,
        "nauc_mrr_at_3_max": 0.747241,
        "nauc_mrr_at_3_std": -0.422707,
        "nauc_mrr_at_3_diff1": 0.839536,
        "nauc_mrr_at_5_max": 0.747241,
        "nauc_mrr_at_5_std": -0.422707,
        "nauc_mrr_at_5_diff1": 0.839536,
        "nauc_mrr_at_10_max": 0.747241,
        "nauc_mrr_at_10_std": -0.422707,
        "nauc_mrr_at_10_diff1": 0.839536,
        "nauc_mrr_at_20_max": 0.75341,
        "nauc_mrr_at_20_std": -0.402638,
        "nauc_mrr_at_20_diff1": 0.841365,
        "nauc_mrr_at_100_max": 0.75341,
        "nauc_mrr_at_100_std": -0.402638,
        "nauc_mrr_at_100_diff1": 0.841365,
        "nauc_mrr_at_1000_max": 0.75341,
        "nauc_mrr_at_1000_std": -0.402638,
        "nauc_mrr_at_1000_diff1": 0.841365,
        "main_score": 0.91464,
        "hf_subset": "default",
        "languages": [
          "eng-Latn"
        ]
      }
    ]
  },
  "evaluation_time": 33.37765288352966,
  "kg_co2_emissions": null
}