{
  "dataset_revision": "8d41f3d22bb73685b6f42b62ad95940ea3dfbf84",
  "task_name": "gdpr-holdings-retrieval",
  "mteb_version": "1.39.7",
  "scores": {
    "test": [
      {
        "ndcg_at_1": 0.854,
        "ndcg_at_3": 0.90338,
        "ndcg_at_5": 0.90915,
        "ndcg_at_10": 0.91572,
        "ndcg_at_20": 0.91878,
        "ndcg_at_100": 0.92067,
        "ndcg_at_1000": 0.92169,
        "map_at_1": 0.854,
        "map_at_3": 0.892,
        "map_at_5": 0.8952,
        "map_at_10": 0.89798,
        "map_at_20": 0.89883,
        "map_at_100": 0.8991,
        "map_at_1000": 0.89914,
        "recall_at_1": 0.854,
        "recall_at_3": 0.936,
        "recall_at_5": 0.95,
        "recall_at_10": 0.97,
        "recall_at_20": 0.982,
        "recall_at_100": 0.992,
        "recall_at_1000": 1.0,
        "precision_at_1": 0.854,
        "precision_at_3": 0.312,
        "precision_at_5": 0.19,
        "precision_at_10": 0.097,
        "precision_at_20": 0.0491,
        "precision_at_100": 0.00992,
        "precision_at_1000": 0.001,
        "mrr_at_1": 0.854,
        "mrr_at_3": 0.892,
        "mrr_at_5": 0.8952,
        "mrr_at_10": 0.897977,
        "mrr_at_20": 0.898835,
        "mrr_at_100": 0.899101,
        "mrr_at_1000": 0.899139,
        "nauc_ndcg_at_1_max": 0.623448,
        "nauc_ndcg_at_1_std": -0.246208,
        "nauc_ndcg_at_1_diff1": 0.780985,
        "nauc_ndcg_at_3_max": 0.702296,
        "nauc_ndcg_at_3_std": -0.336099,
        "nauc_ndcg_at_3_diff1": 0.769624,
        "nauc_ndcg_at_5_max": 0.695431,
        "nauc_ndcg_at_5_std": -0.288179,
        "nauc_ndcg_at_5_diff1": 0.76221,
        "nauc_ndcg_at_10_max": 0.677522,
        "nauc_ndcg_at_10_std": -0.263021,
        "nauc_ndcg_at_10_diff1": 0.746356,
        "nauc_ndcg_at_20_max": 0.669356,
        "nauc_ndcg_at_20_std": -0.255383,
        "nauc_ndcg_at_20_diff1": 0.745512,
        "nauc_ndcg_at_100_max": 0.674408,
        "nauc_ndcg_at_100_std": -0.263317,
        "nauc_ndcg_at_100_diff1": 0.763064,
        "nauc_ndcg_at_1000_max": 0.670016,
        "nauc_ndcg_at_1000_std": -0.27004,
        "nauc_ndcg_at_1000_diff1": 0.76131,
        "nauc_map_at_1_max": 0.623448,
        "nauc_map_at_1_std": -0.246208,
        "nauc_map_at_1_diff1": 0.780985,
        "nauc_map_at_3_max": 0.67682,
        "nauc_map_at_3_std": -0.309316,
        "nauc_map_at_3_diff1": 0.774293,
        "nauc_map_at_5_max": 0.672783,
        "nauc_map_at_5_std": -0.285435,
        "nauc_map_at_5_diff1": 0.770747,
        "nauc_map_at_10_max": 0.665848,
        "nauc_map_at_10_std": -0.275261,
        "nauc_map_at_10_diff1": 0.765462,
        "nauc_map_at_20_max": 0.663911,
        "nauc_map_at_20_std": -0.273798,
        "nauc_map_at_20_diff1": 0.765335,
        "nauc_map_at_100_max": 0.664213,
        "nauc_map_at_100_std": -0.274578,
        "nauc_map_at_100_diff1": 0.7671,
        "nauc_map_at_1000_max": 0.664083,
        "nauc_map_at_1000_std": -0.274813,
        "nauc_map_at_1000_diff1": 0.767058,
        "nauc_recall_at_1_max": 0.623448,
        "nauc_recall_at_1_std": -0.246208,
        "nauc_recall_at_1_diff1": 0.780985,
        "nauc_recall_at_3_max": 0.82299,
        "nauc_recall_at_3_std": -0.461455,
        "nauc_recall_at_3_diff1": 0.746834,
        "nauc_recall_at_5_max": 0.826555,
        "nauc_recall_at_5_std": -0.289356,
        "nauc_recall_at_5_diff1": 0.709468,
        "nauc_recall_at_10_max": 0.765391,
        "nauc_recall_at_10_std": -0.102116,
        "nauc_recall_at_10_diff1": 0.541923,
        "nauc_recall_at_20_max": 0.683422,
        "nauc_recall_at_20_std": 0.142287,
        "nauc_recall_at_20_diff1": 0.395529,
        "nauc_recall_at_100_max": 1.0,
        "nauc_recall_at_100_std": 0.214169,
        "nauc_recall_at_100_diff1": 0.897876,
        "nauc_recall_at_1000_max": NaN,
        "nauc_recall_at_1000_std": NaN,
        "nauc_recall_at_1000_diff1": NaN,
        "nauc_precision_at_1_max": 0.623448,
        "nauc_precision_at_1_std": -0.246208,
        "nauc_precision_at_1_diff1": 0.780985,
        "nauc_precision_at_3_max": 0.82299,
        "nauc_precision_at_3_std": -0.461455,
        "nauc_precision_at_3_diff1": 0.746834,
        "nauc_precision_at_5_max": 0.826555,
        "nauc_precision_at_5_std": -0.289356,
        "nauc_precision_at_5_diff1": 0.709468,
        "nauc_precision_at_10_max": 0.765391,
        "nauc_precision_at_10_std": -0.102116,
        "nauc_precision_at_10_diff1": 0.541923,
        "nauc_precision_at_20_max": 0.683422,
        "nauc_precision_at_20_std": 0.142287,
        "nauc_precision_at_20_diff1": 0.395529,
        "nauc_precision_at_100_max": 1.0,
        "nauc_precision_at_100_std": 0.214169,
        "nauc_precision_at_100_diff1": 0.897876,
        "nauc_precision_at_1000_max": 1.0,
        "nauc_precision_at_1000_std": 1.0,
        "nauc_precision_at_1000_diff1": 1.0,
        "nauc_mrr_at_1_max": 0.623448,
        "nauc_mrr_at_1_std": -0.246208,
        "nauc_mrr_at_1_diff1": 0.780985,
        "nauc_mrr_at_3_max": 0.67682,
        "nauc_mrr_at_3_std": -0.309316,
        "nauc_mrr_at_3_diff1": 0.774293,
        "nauc_mrr_at_5_max": 0.672783,
        "nauc_mrr_at_5_std": -0.285435,
        "nauc_mrr_at_5_diff1": 0.770747,
        "nauc_mrr_at_10_max": 0.665848,
        "nauc_mrr_at_10_std": -0.275261,
        "nauc_mrr_at_10_diff1": 0.765462,
        "nauc_mrr_at_20_max": 0.663911,
        "nauc_mrr_at_20_std": -0.273798,
        "nauc_mrr_at_20_diff1": 0.765335,
        "nauc_mrr_at_100_max": 0.664213,
        "nauc_mrr_at_100_std": -0.274578,
        "nauc_mrr_at_100_diff1": 0.7671,
        "nauc_mrr_at_1000_max": 0.664083,
        "nauc_mrr_at_1000_std": -0.274813,
        "nauc_mrr_at_1000_diff1": 0.767058,
        "main_score": 0.91572,
        "hf_subset": "default",
        "languages": [
          "eng-Latn"
        ]
      }
    ]
  },
  "evaluation_time": 241.55326747894287,
  "kg_co2_emissions": null
}