{
  "dataset_revision": "bbf8b2d84b7de5970b2ba4ea843c791285fdb1df",
  "task_name": "irish-legislative-summaries",
  "mteb_version": "1.39.7",
  "scores": {
    "test": [
      {
        "ndcg_at_1": 0.872,
        "ndcg_at_3": 0.9239,
        "ndcg_at_5": 0.92863,
        "ndcg_at_10": 0.93324,
        "ndcg_at_20": 0.93472,
        "ndcg_at_100": 0.93639,
        "ndcg_at_1000": 0.93669,
        "map_at_1": 0.872,
        "map_at_3": 0.912,
        "map_at_5": 0.9145,
        "map_at_10": 0.91645,
        "map_at_20": 0.91684,
        "map_at_100": 0.91715,
        "map_at_1000": 0.91716,
        "recall_at_1": 0.872,
        "recall_at_3": 0.958,
        "recall_at_5": 0.97,
        "recall_at_10": 0.984,
        "recall_at_20": 0.99,
        "recall_at_100": 0.998,
        "recall_at_1000": 1.0,
        "precision_at_1": 0.872,
        "precision_at_3": 0.31933,
        "precision_at_5": 0.194,
        "precision_at_10": 0.0984,
        "precision_at_20": 0.0495,
        "precision_at_100": 0.00998,
        "precision_at_1000": 0.001,
        "mrr_at_1": 0.872,
        "mrr_at_3": 0.912,
        "mrr_at_5": 0.9145,
        "mrr_at_10": 0.916446,
        "mrr_at_20": 0.916839,
        "mrr_at_100": 0.917145,
        "mrr_at_1000": 0.917164,
        "nauc_ndcg_at_1_max": 0.747259,
        "nauc_ndcg_at_1_std": -0.00802,
        "nauc_ndcg_at_1_diff1": 0.874414,
        "nauc_ndcg_at_3_max": 0.784963,
        "nauc_ndcg_at_3_std": -0.03107,
        "nauc_ndcg_at_3_diff1": 0.855983,
        "nauc_ndcg_at_5_max": 0.771881,
        "nauc_ndcg_at_5_std": -0.053095,
        "nauc_ndcg_at_5_diff1": 0.856401,
        "nauc_ndcg_at_10_max": 0.775307,
        "nauc_ndcg_at_10_std": -0.053014,
        "nauc_ndcg_at_10_diff1": 0.860394,
        "nauc_ndcg_at_20_max": 0.770091,
        "nauc_ndcg_at_20_std": -0.064942,
        "nauc_ndcg_at_20_diff1": 0.86013,
        "nauc_ndcg_at_100_max": 0.770612,
        "nauc_ndcg_at_100_std": -0.032325,
        "nauc_ndcg_at_100_diff1": 0.859145,
        "nauc_ndcg_at_1000_max": 0.770843,
        "nauc_ndcg_at_1000_std": -0.035937,
        "nauc_ndcg_at_1000_diff1": 0.861544,
        "nauc_map_at_1_max": 0.747259,
        "nauc_map_at_1_std": -0.00802,
        "nauc_map_at_1_diff1": 0.874414,
        "nauc_map_at_3_max": 0.774685,
        "nauc_map_at_3_std": -0.020916,
        "nauc_map_at_3_diff1": 0.86167,
        "nauc_map_at_5_max": 0.768578,
        "nauc_map_at_5_std": -0.03005,
        "nauc_map_at_5_diff1": 0.862012,
        "nauc_map_at_10_max": 0.769931,
        "nauc_map_at_10_std": -0.030914,
        "nauc_map_at_10_diff1": 0.863633,
        "nauc_map_at_20_max": 0.768819,
        "nauc_map_at_20_std": -0.033298,
        "nauc_map_at_20_diff1": 0.863514,
        "nauc_map_at_100_max": 0.768881,
        "nauc_map_at_100_std": -0.028702,
        "nauc_map_at_100_diff1": 0.863428,
        "nauc_map_at_1000_max": 0.768892,
        "nauc_map_at_1000_std": -0.028877,
        "nauc_map_at_1000_diff1": 0.863546,
        "nauc_recall_at_1_max": 0.747259,
        "nauc_recall_at_1_std": -0.00802,
        "nauc_recall_at_1_diff1": 0.874414,
        "nauc_recall_at_3_max": 0.843404,
        "nauc_recall_at_3_std": -0.092993,
        "nauc_recall_at_3_diff1": 0.822929,
        "nauc_recall_at_5_max": 0.78948,
        "nauc_recall_at_5_std": -0.251696,
        "nauc_recall_at_5_diff1": 0.812325,
        "nauc_recall_at_10_max": 0.840103,
        "nauc_recall_at_10_std": -0.386263,
        "nauc_recall_at_10_diff1": 0.819678,
        "nauc_recall_at_20_max": 0.744164,
        "nauc_recall_at_20_std": -0.894585,
        "nauc_recall_at_20_diff1": 0.793184,
        "nauc_recall_at_100_max": 0.722222,
        "nauc_recall_at_100_std": 0.722222,
        "nauc_recall_at_100_diff1": 0.358077,
        "nauc_recall_at_1000_max": NaN,
        "nauc_recall_at_1000_std": NaN,
        "nauc_recall_at_1000_diff1": NaN,
        "nauc_precision_at_1_max": 0.747259,
        "nauc_precision_at_1_std": -0.00802,
        "nauc_precision_at_1_diff1": 0.874414,
        "nauc_precision_at_3_max": 0.843404,
        "nauc_precision_at_3_std": -0.092993,
        "nauc_precision_at_3_diff1": 0.822929,
        "nauc_precision_at_5_max": 0.78948,
        "nauc_precision_at_5_std": -0.251696,
        "nauc_precision_at_5_diff1": 0.812325,
        "nauc_precision_at_10_max": 0.840103,
        "nauc_precision_at_10_std": -0.386263,
        "nauc_precision_at_10_diff1": 0.819678,
        "nauc_precision_at_20_max": 0.744164,
        "nauc_precision_at_20_std": -0.894585,
        "nauc_precision_at_20_diff1": 0.793184,
        "nauc_precision_at_100_max": 0.722222,
        "nauc_precision_at_100_std": 0.722222,
        "nauc_precision_at_100_diff1": 0.358077,
        "nauc_precision_at_1000_max": 1.0,
        "nauc_precision_at_1000_std": 1.0,
        "nauc_precision_at_1000_diff1": 1.0,
        "nauc_mrr_at_1_max": 0.747259,
        "nauc_mrr_at_1_std": -0.00802,
        "nauc_mrr_at_1_diff1": 0.874414,
        "nauc_mrr_at_3_max": 0.774685,
        "nauc_mrr_at_3_std": -0.020916,
        "nauc_mrr_at_3_diff1": 0.86167,
        "nauc_mrr_at_5_max": 0.768578,
        "nauc_mrr_at_5_std": -0.03005,
        "nauc_mrr_at_5_diff1": 0.862012,
        "nauc_mrr_at_10_max": 0.769931,
        "nauc_mrr_at_10_std": -0.030914,
        "nauc_mrr_at_10_diff1": 0.863633,
        "nauc_mrr_at_20_max": 0.768819,
        "nauc_mrr_at_20_std": -0.033298,
        "nauc_mrr_at_20_diff1": 0.863514,
        "nauc_mrr_at_100_max": 0.768881,
        "nauc_mrr_at_100_std": -0.028702,
        "nauc_mrr_at_100_diff1": 0.863428,
        "nauc_mrr_at_1000_max": 0.768892,
        "nauc_mrr_at_1000_std": -0.028877,
        "nauc_mrr_at_1000_diff1": 0.863546,
        "main_score": 0.93324,
        "hf_subset": "default",
        "languages": [
          "eng-Latn"
        ]
      }
    ]
  },
  "evaluation_time": 640.0887942314148,
  "kg_co2_emissions": null
}