{
  "dataset_revision": "ca0f1732432ad623ba6172b15e8c726b76e50fad",
  "task_name": "legal-rag-bench",
  "mteb_version": "1.39.7",
  "scores": {
    "test": [
      {
        "ndcg_at_1": 0.31,
        "ndcg_at_3": 0.4675,
        "ndcg_at_5": 0.5329,
        "ndcg_at_10": 0.56626,
        "ndcg_at_20": 0.58921,
        "ndcg_at_100": 0.60258,
        "ndcg_at_1000": 0.60392,
        "map_at_1": 0.31,
        "map_at_3": 0.43167,
        "map_at_5": 0.46767,
        "map_at_10": 0.48205,
        "map_at_20": 0.48844,
        "map_at_100": 0.49041,
        "map_at_1000": 0.49047,
        "recall_at_1": 0.31,
        "recall_at_3": 0.57,
        "recall_at_5": 0.73,
        "recall_at_10": 0.83,
        "recall_at_20": 0.92,
        "recall_at_100": 0.99,
        "recall_at_1000": 1.0,
        "precision_at_1": 0.31,
        "precision_at_3": 0.19,
        "precision_at_5": 0.146,
        "precision_at_10": 0.083,
        "precision_at_20": 0.046,
        "precision_at_100": 0.0099,
        "precision_at_1000": 0.001,
        "mrr_at_1": 0.31,
        "mrr_at_3": 0.431667,
        "mrr_at_5": 0.467667,
        "mrr_at_10": 0.482048,
        "mrr_at_20": 0.488436,
        "mrr_at_100": 0.490415,
        "mrr_at_1000": 0.490472,
        "nauc_ndcg_at_1_max": 0.171088,
        "nauc_ndcg_at_1_std": -0.052987,
        "nauc_ndcg_at_1_diff1": 0.290412,
        "nauc_ndcg_at_3_max": 0.202945,
        "nauc_ndcg_at_3_std": -0.024328,
        "nauc_ndcg_at_3_diff1": 0.252453,
        "nauc_ndcg_at_5_max": 0.224239,
        "nauc_ndcg_at_5_std": -0.062506,
        "nauc_ndcg_at_5_diff1": 0.163683,
        "nauc_ndcg_at_10_max": 0.251137,
        "nauc_ndcg_at_10_std": -0.062253,
        "nauc_ndcg_at_10_diff1": 0.154384,
        "nauc_ndcg_at_20_max": 0.230419,
        "nauc_ndcg_at_20_std": -0.06023,
        "nauc_ndcg_at_20_diff1": 0.18776,
        "nauc_ndcg_at_100_max": 0.207449,
        "nauc_ndcg_at_100_std": -0.045981,
        "nauc_ndcg_at_100_diff1": 0.209661,
        "nauc_ndcg_at_1000_max": 0.215061,
        "nauc_ndcg_at_1000_std": -0.045279,
        "nauc_ndcg_at_1000_diff1": 0.20883,
        "nauc_map_at_1_max": 0.171088,
        "nauc_map_at_1_std": -0.052987,
        "nauc_map_at_1_diff1": 0.290412,
        "nauc_map_at_3_max": 0.197757,
        "nauc_map_at_3_std": -0.026892,
        "nauc_map_at_3_diff1": 0.261969,
        "nauc_map_at_5_max": 0.207354,
        "nauc_map_at_5_std": -0.048273,
        "nauc_map_at_5_diff1": 0.218171,
        "nauc_map_at_10_max": 0.217331,
        "nauc_map_at_10_std": -0.04684,
        "nauc_map_at_10_diff1": 0.216387,
        "nauc_map_at_20_max": 0.211714,
        "nauc_map_at_20_std": -0.045733,
        "nauc_map_at_20_diff1": 0.224003,
        "nauc_map_at_100_max": 0.208941,
        "nauc_map_at_100_std": -0.04297,
        "nauc_map_at_100_diff1": 0.226337,
        "nauc_map_at_1000_max": 0.209199,
        "nauc_map_at_1000_std": -0.042945,
        "nauc_map_at_1000_diff1": 0.226312,
        "nauc_recall_at_1_max": 0.171088,
        "nauc_recall_at_1_std": -0.052987,
        "nauc_recall_at_1_diff1": 0.290412,
        "nauc_recall_at_3_max": 0.217405,
        "nauc_recall_at_3_std": -0.018556,
        "nauc_recall_at_3_diff1": 0.223748,
        "nauc_recall_at_5_max": 0.294639,
        "nauc_recall_at_5_std": -0.126049,
        "nauc_recall_at_5_diff1": -0.069512,
        "nauc_recall_at_10_max": 0.462849,
        "nauc_recall_at_10_std": -0.163464,
        "nauc_recall_at_10_diff1": -0.22726,
        "nauc_recall_at_20_max": 0.422327,
        "nauc_recall_at_20_std": -0.251459,
        "nauc_recall_at_20_diff1": -0.158905,
        "nauc_recall_at_100_max": -1.151727,
        "nauc_recall_at_100_std": -0.171335,
        "nauc_recall_at_100_diff1": 0.358077,
        "nauc_recall_at_1000_max": NaN,
        "nauc_recall_at_1000_std": NaN,
        "nauc_recall_at_1000_diff1": NaN,
        "nauc_precision_at_1_max": 0.171088,
        "nauc_precision_at_1_std": -0.052987,
        "nauc_precision_at_1_diff1": 0.290412,
        "nauc_precision_at_3_max": 0.217405,
        "nauc_precision_at_3_std": -0.018556,
        "nauc_precision_at_3_diff1": 0.223748,
        "nauc_precision_at_5_max": 0.294639,
        "nauc_precision_at_5_std": -0.126049,
        "nauc_precision_at_5_diff1": -0.069512,
        "nauc_precision_at_10_max": 0.462849,
        "nauc_precision_at_10_std": -0.163464,
        "nauc_precision_at_10_diff1": -0.22726,
        "nauc_precision_at_20_max": 0.422327,
        "nauc_precision_at_20_std": -0.251459,
        "nauc_precision_at_20_diff1": -0.158905,
        "nauc_precision_at_100_max": -1.151727,
        "nauc_precision_at_100_std": -0.171335,
        "nauc_precision_at_100_diff1": 0.358077,
        "nauc_precision_at_1000_max": NaN,
        "nauc_precision_at_1000_std": NaN,
        "nauc_precision_at_1000_diff1": NaN,
        "nauc_mrr_at_1_max": 0.171088,
        "nauc_mrr_at_1_std": -0.052987,
        "nauc_mrr_at_1_diff1": 0.290412,
        "nauc_mrr_at_3_max": 0.197757,
        "nauc_mrr_at_3_std": -0.026892,
        "nauc_mrr_at_3_diff1": 0.261969,
        "nauc_mrr_at_5_max": 0.207354,
        "nauc_mrr_at_5_std": -0.048273,
        "nauc_mrr_at_5_diff1": 0.218171,
        "nauc_mrr_at_10_max": 0.217331,
        "nauc_mrr_at_10_std": -0.04684,
        "nauc_mrr_at_10_diff1": 0.216387,
        "nauc_mrr_at_20_max": 0.211714,
        "nauc_mrr_at_20_std": -0.045733,
        "nauc_mrr_at_20_diff1": 0.224003,
        "nauc_mrr_at_100_max": 0.208941,
        "nauc_mrr_at_100_std": -0.04297,
        "nauc_mrr_at_100_diff1": 0.226337,
        "nauc_mrr_at_1000_max": 0.209199,
        "nauc_mrr_at_1000_std": -0.042945,
        "nauc_mrr_at_1000_diff1": 0.226312,
        "main_score": 0.56626,
        "hf_subset": "default",
        "languages": [
          "eng-Latn"
        ]
      }
    ]
  },
  "evaluation_time": 1231.2820789813995,
  "kg_co2_emissions": null
}