{
  "dataset_revision": "ec00129f88e9476e582131dc3a5db9220dfefa48",
  "task_name": "license-tldr-retrieval",
  "mteb_version": "1.39.7",
  "scores": {
    "test": [
      {
        "ndcg_at_1": 0.64615,
        "ndcg_at_3": 0.73718,
        "ndcg_at_5": 0.75571,
        "ndcg_at_10": 0.77602,
        "ndcg_at_20": 0.78743,
        "ndcg_at_100": 0.79687,
        "ndcg_at_1000": 0.79687,
        "map_at_1": 0.64615,
        "map_at_3": 0.71538,
        "map_at_5": 0.72538,
        "map_at_10": 0.73399,
        "map_at_20": 0.73699,
        "map_at_100": 0.73863,
        "map_at_1000": 0.73863,
        "recall_at_1": 0.64615,
        "recall_at_3": 0.8,
        "recall_at_5": 0.84615,
        "recall_at_10": 0.90769,
        "recall_at_20": 0.95385,
        "recall_at_100": 1.0,
        "recall_at_1000": 1.0,
        "precision_at_1": 0.64615,
        "precision_at_3": 0.26667,
        "precision_at_5": 0.16923,
        "precision_at_10": 0.09077,
        "precision_at_20": 0.04769,
        "precision_at_100": 0.01,
        "precision_at_1000": 0.001,
        "mrr_at_1": 0.646154,
        "mrr_at_3": 0.715385,
        "mrr_at_5": 0.725385,
        "mrr_at_10": 0.733993,
        "mrr_at_20": 0.736989,
        "mrr_at_100": 0.738631,
        "mrr_at_1000": 0.738631,
        "nauc_ndcg_at_1_max": 0.494859,
        "nauc_ndcg_at_1_std": 0.102987,
        "nauc_ndcg_at_1_diff1": 0.628892,
        "nauc_ndcg_at_3_max": 0.501497,
        "nauc_ndcg_at_3_std": 0.122367,
        "nauc_ndcg_at_3_diff1": 0.596891,
        "nauc_ndcg_at_5_max": 0.54659,
        "nauc_ndcg_at_5_std": 0.132724,
        "nauc_ndcg_at_5_diff1": 0.566781,
        "nauc_ndcg_at_10_max": 0.530975,
        "nauc_ndcg_at_10_std": 0.144144,
        "nauc_ndcg_at_10_diff1": 0.555149,
        "nauc_ndcg_at_20_max": 0.521003,
        "nauc_ndcg_at_20_std": 0.099412,
        "nauc_ndcg_at_20_diff1": 0.584558,
        "nauc_ndcg_at_100_max": 0.521531,
        "nauc_ndcg_at_100_std": 0.11558,
        "nauc_ndcg_at_100_diff1": 0.591022,
        "nauc_ndcg_at_1000_max": 0.521531,
        "nauc_ndcg_at_1000_std": 0.11558,
        "nauc_ndcg_at_1000_diff1": 0.591022,
        "nauc_map_at_1_max": 0.494859,
        "nauc_map_at_1_std": 0.102987,
        "nauc_map_at_1_diff1": 0.628892,
        "nauc_map_at_3_max": 0.503485,
        "nauc_map_at_3_std": 0.108594,
        "nauc_map_at_3_diff1": 0.60818,
        "nauc_map_at_5_max": 0.526476,
        "nauc_map_at_5_std": 0.112482,
        "nauc_map_at_5_diff1": 0.593873,
        "nauc_map_at_10_max": 0.520165,
        "nauc_map_at_10_std": 0.116606,
        "nauc_map_at_10_diff1": 0.589663,
        "nauc_map_at_20_max": 0.517926,
        "nauc_map_at_20_std": 0.106654,
        "nauc_map_at_20_diff1": 0.597288,
        "nauc_map_at_100_max": 0.518074,
        "nauc_map_at_100_std": 0.109874,
        "nauc_map_at_100_diff1": 0.598284,
        "nauc_map_at_1000_max": 0.518074,
        "nauc_map_at_1000_std": 0.109874,
        "nauc_map_at_1000_diff1": 0.598284,
        "nauc_recall_at_1_max": 0.494859,
        "nauc_recall_at_1_std": 0.102987,
        "nauc_recall_at_1_diff1": 0.628892,
        "nauc_recall_at_3_max": 0.491892,
        "nauc_recall_at_3_std": 0.178788,
        "nauc_recall_at_3_diff1": 0.553145,
        "nauc_recall_at_5_max": 0.646988,
        "nauc_recall_at_5_std": 0.236314,
        "nauc_recall_at_5_diff1": 0.431924,
        "nauc_recall_at_10_max": 0.605003,
        "nauc_recall_at_10_std": 0.360831,
        "nauc_recall_at_10_diff1": 0.290337,
        "nauc_recall_at_20_max": 0.516457,
        "nauc_recall_at_20_std": -0.142912,
        "nauc_recall_at_20_diff1": 0.467438,
        "nauc_recall_at_100_max": NaN,
        "nauc_recall_at_100_std": NaN,
        "nauc_recall_at_100_diff1": NaN,
        "nauc_recall_at_1000_max": NaN,
        "nauc_recall_at_1000_std": NaN,
        "nauc_recall_at_1000_diff1": NaN,
        "nauc_precision_at_1_max": 0.494859,
        "nauc_precision_at_1_std": 0.102987,
        "nauc_precision_at_1_diff1": 0.628892,
        "nauc_precision_at_3_max": 0.491892,
        "nauc_precision_at_3_std": 0.178788,
        "nauc_precision_at_3_diff1": 0.553145,
        "nauc_precision_at_5_max": 0.646988,
        "nauc_precision_at_5_std": 0.236314,
        "nauc_precision_at_5_diff1": 0.431924,
        "nauc_precision_at_10_max": 0.605003,
        "nauc_precision_at_10_std": 0.360831,
        "nauc_precision_at_10_diff1": 0.290337,
        "nauc_precision_at_20_max": 0.516457,
        "nauc_precision_at_20_std": -0.142912,
        "nauc_precision_at_20_diff1": 0.467438,
        "nauc_precision_at_100_max": NaN,
        "nauc_precision_at_100_std": NaN,
        "nauc_precision_at_100_diff1": NaN,
        "nauc_precision_at_1000_max": 1.0,
        "nauc_precision_at_1000_std": 1.0,
        "nauc_precision_at_1000_diff1": 1.0,
        "nauc_mrr_at_1_max": 0.494859,
        "nauc_mrr_at_1_std": 0.102987,
        "nauc_mrr_at_1_diff1": 0.628892,
        "nauc_mrr_at_3_max": 0.503485,
        "nauc_mrr_at_3_std": 0.108594,
        "nauc_mrr_at_3_diff1": 0.60818,
        "nauc_mrr_at_5_max": 0.526476,
        "nauc_mrr_at_5_std": 0.112482,
        "nauc_mrr_at_5_diff1": 0.593873,
        "nauc_mrr_at_10_max": 0.520165,
        "nauc_mrr_at_10_std": 0.116606,
        "nauc_mrr_at_10_diff1": 0.589663,
        "nauc_mrr_at_20_max": 0.517926,
        "nauc_mrr_at_20_std": 0.106654,
        "nauc_mrr_at_20_diff1": 0.597288,
        "nauc_mrr_at_100_max": 0.518074,
        "nauc_mrr_at_100_std": 0.109874,
        "nauc_mrr_at_100_diff1": 0.598284,
        "nauc_mrr_at_1000_max": 0.518074,
        "nauc_mrr_at_1000_std": 0.109874,
        "nauc_mrr_at_1000_diff1": 0.598284,
        "main_score": 0.77602,
        "hf_subset": "default",
        "languages": [
          "eng-Latn"
        ]
      }
    ]
  },
  "evaluation_time": 40.049689292907715,
  "kg_co2_emissions": null
}