{
  "dataset_revision": "319b6cc4b012d733f126a943a8a66bdf9df5dc40",
  "task_name": "scalr",
  "mteb_version": "1.39.7",
  "scores": {
    "test": [
      {
        "ndcg_at_1": 0.63333,
        "ndcg_at_3": 0.72867,
        "ndcg_at_5": 0.74911,
        "ndcg_at_10": 0.77068,
        "ndcg_at_20": 0.77716,
        "ndcg_at_100": 0.78657,
        "ndcg_at_1000": 0.78752,
        "map_at_1": 0.63333,
        "map_at_3": 0.70417,
        "map_at_5": 0.71542,
        "map_at_10": 0.72431,
        "map_at_20": 0.72617,
        "map_at_100": 0.7275,
        "map_at_1000": 0.72752,
        "recall_at_1": 0.63333,
        "recall_at_3": 0.8,
        "recall_at_5": 0.85,
        "recall_at_10": 0.91667,
        "recall_at_20": 0.94167,
        "recall_at_100": 0.99167,
        "recall_at_1000": 1.0,
        "precision_at_1": 0.63333,
        "precision_at_3": 0.26667,
        "precision_at_5": 0.17,
        "precision_at_10": 0.09167,
        "precision_at_20": 0.04708,
        "precision_at_100": 0.00992,
        "precision_at_1000": 0.001,
        "mrr_at_1": 0.633333,
        "mrr_at_3": 0.704167,
        "mrr_at_5": 0.715417,
        "mrr_at_10": 0.724312,
        "mrr_at_20": 0.726174,
        "mrr_at_100": 0.727504,
        "mrr_at_1000": 0.727524,
        "nauc_ndcg_at_1_max": 0.581608,
        "nauc_ndcg_at_1_std": 0.212934,
        "nauc_ndcg_at_1_diff1": 0.773125,
        "nauc_ndcg_at_3_max": 0.552879,
        "nauc_ndcg_at_3_std": 0.170648,
        "nauc_ndcg_at_3_diff1": 0.693254,
        "nauc_ndcg_at_5_max": 0.541433,
        "nauc_ndcg_at_5_std": 0.196681,
        "nauc_ndcg_at_5_diff1": 0.690397,
        "nauc_ndcg_at_10_max": 0.555626,
        "nauc_ndcg_at_10_std": 0.183602,
        "nauc_ndcg_at_10_diff1": 0.691073,
        "nauc_ndcg_at_20_max": 0.548455,
        "nauc_ndcg_at_20_std": 0.182996,
        "nauc_ndcg_at_20_diff1": 0.691108,
        "nauc_ndcg_at_100_max": 0.556516,
        "nauc_ndcg_at_100_std": 0.194657,
        "nauc_ndcg_at_100_diff1": 0.700608,
        "nauc_ndcg_at_1000_max": 0.554175,
        "nauc_ndcg_at_1000_std": 0.192759,
        "nauc_ndcg_at_1000_diff1": 0.705211,
        "nauc_map_at_1_max": 0.581608,
        "nauc_map_at_1_std": 0.212934,
        "nauc_map_at_1_diff1": 0.773125,
        "nauc_map_at_3_max": 0.556662,
        "nauc_map_at_3_std": 0.185245,
        "nauc_map_at_3_diff1": 0.714696,
        "nauc_map_at_5_max": 0.551548,
        "nauc_map_at_5_std": 0.199227,
        "nauc_map_at_5_diff1": 0.714362,
        "nauc_map_at_10_max": 0.556043,
        "nauc_map_at_10_std": 0.194174,
        "nauc_map_at_10_diff1": 0.714678,
        "nauc_map_at_20_max": 0.554409,
        "nauc_map_at_20_std": 0.194386,
        "nauc_map_at_20_diff1": 0.714499,
        "nauc_map_at_100_max": 0.555592,
        "nauc_map_at_100_std": 0.195882,
        "nauc_map_at_100_diff1": 0.716214,
        "nauc_map_at_1000_max": 0.555555,
        "nauc_map_at_1000_std": 0.195852,
        "nauc_map_at_1000_diff1": 0.716288,
        "nauc_recall_at_1_max": 0.581608,
        "nauc_recall_at_1_std": 0.212934,
        "nauc_recall_at_1_diff1": 0.773125,
        "nauc_recall_at_3_max": 0.540688,
        "nauc_recall_at_3_std": 0.112783,
        "nauc_recall_at_3_diff1": 0.611056,
        "nauc_recall_at_5_max": 0.491946,
        "nauc_recall_at_5_std": 0.1879,
        "nauc_recall_at_5_diff1": 0.57414,
        "nauc_recall_at_10_max": 0.572456,
        "nauc_recall_at_10_std": 0.094958,
        "nauc_recall_at_10_diff1": 0.506489,
        "nauc_recall_at_20_max": 0.487262,
        "nauc_recall_at_20_std": 0.040816,
        "nauc_recall_at_20_diff1": 0.438976,
        "nauc_recall_at_100_max": 1.0,
        "nauc_recall_at_100_std": 0.554155,
        "nauc_recall_at_100_diff1": -0.171335,
        "nauc_recall_at_1000_max": NaN,
        "nauc_recall_at_1000_std": NaN,
        "nauc_recall_at_1000_diff1": NaN,
        "nauc_precision_at_1_max": 0.581608,
        "nauc_precision_at_1_std": 0.212934,
        "nauc_precision_at_1_diff1": 0.773125,
        "nauc_precision_at_3_max": 0.540688,
        "nauc_precision_at_3_std": 0.112783,
        "nauc_precision_at_3_diff1": 0.611056,
        "nauc_precision_at_5_max": 0.491946,
        "nauc_precision_at_5_std": 0.1879,
        "nauc_precision_at_5_diff1": 0.57414,
        "nauc_precision_at_10_max": 0.572456,
        "nauc_precision_at_10_std": 0.094958,
        "nauc_precision_at_10_diff1": 0.506489,
        "nauc_precision_at_20_max": 0.487262,
        "nauc_precision_at_20_std": 0.040816,
        "nauc_precision_at_20_diff1": 0.438976,
        "nauc_precision_at_100_max": 1.0,
        "nauc_precision_at_100_std": 0.554155,
        "nauc_precision_at_100_diff1": -0.171335,
        "nauc_precision_at_1000_max": 1.0,
        "nauc_precision_at_1000_std": 1.0,
        "nauc_precision_at_1000_diff1": 1.0,
        "nauc_mrr_at_1_max": 0.581608,
        "nauc_mrr_at_1_std": 0.212934,
        "nauc_mrr_at_1_diff1": 0.773125,
        "nauc_mrr_at_3_max": 0.556662,
        "nauc_mrr_at_3_std": 0.185245,
        "nauc_mrr_at_3_diff1": 0.714696,
        "nauc_mrr_at_5_max": 0.551548,
        "nauc_mrr_at_5_std": 0.199227,
        "nauc_mrr_at_5_diff1": 0.714362,
        "nauc_mrr_at_10_max": 0.556043,
        "nauc_mrr_at_10_std": 0.194174,
        "nauc_mrr_at_10_diff1": 0.714678,
        "nauc_mrr_at_20_max": 0.554409,
        "nauc_mrr_at_20_std": 0.194386,
        "nauc_mrr_at_20_diff1": 0.714499,
        "nauc_mrr_at_100_max": 0.555592,
        "nauc_mrr_at_100_std": 0.195882,
        "nauc_mrr_at_100_diff1": 0.716214,
        "nauc_mrr_at_1000_max": 0.555555,
        "nauc_mrr_at_1000_std": 0.195852,
        "nauc_mrr_at_1000_diff1": 0.716288,
        "main_score": 0.77068,
        "hf_subset": "default",
        "languages": [
          "eng-Latn"
        ]
      }
    ]
  },
  "evaluation_time": 156.755934715271,
  "kg_co2_emissions": null
}