{
  "dataset_revision": "427e2ae4b22cd9ad990ef8dd4647c16d79c89198",
  "task_name": "singaporean-judicial-keywords",
  "mteb_version": "1.39.7",
  "scores": {
    "test": [
      {
        "ndcg_at_1": 0.928,
        "ndcg_at_3": 0.95598,
        "ndcg_at_5": 0.95933,
        "ndcg_at_10": 0.96192,
        "ndcg_at_20": 0.96337,
        "ndcg_at_100": 0.9641,
        "ndcg_at_1000": 0.9641,
        "map_at_1": 0.928,
        "map_at_3": 0.94967,
        "map_at_5": 0.95157,
        "map_at_10": 0.95263,
        "map_at_20": 0.953,
        "map_at_100": 0.95309,
        "map_at_1000": 0.95309,
        "recall_at_1": 0.928,
        "recall_at_3": 0.974,
        "recall_at_5": 0.982,
        "recall_at_10": 0.99,
        "recall_at_20": 0.996,
        "recall_at_100": 1.0,
        "recall_at_1000": 1.0,
        "precision_at_1": 0.928,
        "precision_at_3": 0.32467,
        "precision_at_5": 0.1964,
        "precision_at_10": 0.099,
        "precision_at_20": 0.0498,
        "precision_at_100": 0.01,
        "precision_at_1000": 0.001,
        "mrr_at_1": 0.928,
        "mrr_at_3": 0.949667,
        "mrr_at_5": 0.951567,
        "mrr_at_10": 0.95263,
        "mrr_at_20": 0.952996,
        "mrr_at_100": 0.953094,
        "mrr_at_1000": 0.953094,
        "nauc_ndcg_at_1_max": 0.610955,
        "nauc_ndcg_at_1_std": 0.165227,
        "nauc_ndcg_at_1_diff1": 0.92874,
        "nauc_ndcg_at_3_max": 0.707588,
        "nauc_ndcg_at_3_std": 0.179973,
        "nauc_ndcg_at_3_diff1": 0.945748,
        "nauc_ndcg_at_5_max": 0.718229,
        "nauc_ndcg_at_5_std": 0.205552,
        "nauc_ndcg_at_5_diff1": 0.944037,
        "nauc_ndcg_at_10_max": 0.699117,
        "nauc_ndcg_at_10_std": 0.178671,
        "nauc_ndcg_at_10_diff1": 0.942307,
        "nauc_ndcg_at_20_max": 0.687171,
        "nauc_ndcg_at_20_std": 0.202245,
        "nauc_ndcg_at_20_diff1": 0.941728,
        "nauc_ndcg_at_100_max": 0.680854,
        "nauc_ndcg_at_100_std": 0.186135,
        "nauc_ndcg_at_100_diff1": 0.940552,
        "nauc_ndcg_at_1000_max": 0.680854,
        "nauc_ndcg_at_1000_std": 0.186135,
        "nauc_ndcg_at_1000_diff1": 0.940552,
        "nauc_map_at_1_max": 0.610955,
        "nauc_map_at_1_std": 0.165227,
        "nauc_map_at_1_diff1": 0.92874,
        "nauc_map_at_3_max": 0.678483,
        "nauc_map_at_3_std": 0.177658,
        "nauc_map_at_3_diff1": 0.941241,
        "nauc_map_at_5_max": 0.681935,
        "nauc_map_at_5_std": 0.190215,
        "nauc_map_at_5_diff1": 0.940286,
        "nauc_map_at_10_max": 0.674794,
        "nauc_map_at_10_std": 0.180158,
        "nauc_map_at_10_diff1": 0.939558,
        "nauc_map_at_20_max": 0.672264,
        "nauc_map_at_20_std": 0.184201,
        "nauc_map_at_20_diff1": 0.939415,
        "nauc_map_at_100_max": 0.671577,
        "nauc_map_at_100_std": 0.182493,
        "nauc_map_at_100_diff1": 0.939288,
        "nauc_map_at_1000_max": 0.671577,
        "nauc_map_at_1000_std": 0.182493,
        "nauc_map_at_1000_diff1": 0.939288,
        "nauc_recall_at_1_max": 0.610955,
        "nauc_recall_at_1_std": 0.165227,
        "nauc_recall_at_1_diff1": 0.92874,
        "nauc_recall_at_3_max": 0.866803,
        "nauc_recall_at_3_std": 0.190692,
        "nauc_recall_at_3_diff1": 0.969834,
        "nauc_recall_at_5_max": 1.0,
        "nauc_recall_at_5_std": 0.327627,
        "nauc_recall_at_5_diff1": 0.970951,
        "nauc_recall_at_10_max": 1.0,
        "nauc_recall_at_10_std": 0.128571,
        "nauc_recall_at_10_diff1": 0.973856,
        "nauc_recall_at_20_max": 1.0,
        "nauc_recall_at_20_std": 1.0,
        "nauc_recall_at_20_diff1": 1.0,
        "nauc_recall_at_100_max": NaN,
        "nauc_recall_at_100_std": NaN,
        "nauc_recall_at_100_diff1": NaN,
        "nauc_recall_at_1000_max": NaN,
        "nauc_recall_at_1000_std": NaN,
        "nauc_recall_at_1000_diff1": NaN,
        "nauc_precision_at_1_max": 0.610955,
        "nauc_precision_at_1_std": 0.165227,
        "nauc_precision_at_1_diff1": 0.92874,
        "nauc_precision_at_3_max": 0.866803,
        "nauc_precision_at_3_std": 0.190692,
        "nauc_precision_at_3_diff1": 0.969834,
        "nauc_precision_at_5_max": 1.0,
        "nauc_precision_at_5_std": 0.327627,
        "nauc_precision_at_5_diff1": 0.970951,
        "nauc_precision_at_10_max": 1.0,
        "nauc_precision_at_10_std": 0.128571,
        "nauc_precision_at_10_diff1": 0.973856,
        "nauc_precision_at_20_max": 1.0,
        "nauc_precision_at_20_std": 1.0,
        "nauc_precision_at_20_diff1": 1.0,
        "nauc_precision_at_100_max": 1.0,
        "nauc_precision_at_100_std": 1.0,
        "nauc_precision_at_100_diff1": 1.0,
        "nauc_precision_at_1000_max": 1.0,
        "nauc_precision_at_1000_std": 1.0,
        "nauc_precision_at_1000_diff1": 1.0,
        "nauc_mrr_at_1_max": 0.610955,
        "nauc_mrr_at_1_std": 0.165227,
        "nauc_mrr_at_1_diff1": 0.92874,
        "nauc_mrr_at_3_max": 0.678483,
        "nauc_mrr_at_3_std": 0.177658,
        "nauc_mrr_at_3_diff1": 0.941241,
        "nauc_mrr_at_5_max": 0.681935,
        "nauc_mrr_at_5_std": 0.190215,
        "nauc_mrr_at_5_diff1": 0.940286,
        "nauc_mrr_at_10_max": 0.674794,
        "nauc_mrr_at_10_std": 0.180158,
        "nauc_mrr_at_10_diff1": 0.939558,
        "nauc_mrr_at_20_max": 0.672264,
        "nauc_mrr_at_20_std": 0.184201,
        "nauc_mrr_at_20_diff1": 0.939415,
        "nauc_mrr_at_100_max": 0.671577,
        "nauc_mrr_at_100_std": 0.182493,
        "nauc_mrr_at_100_diff1": 0.939288,
        "nauc_mrr_at_1000_max": 0.671577,
        "nauc_mrr_at_1000_std": 0.182493,
        "nauc_mrr_at_1000_diff1": 0.939288,
        "main_score": 0.96192,
        "hf_subset": "default",
        "languages": [
          "eng-Latn"
        ]
      }
    ]
  },
  "evaluation_time": 763.6798150539398,
  "kg_co2_emissions": null
}