{
  "dataset_revision": "436d6a79d06cac556799e9e0be54a6fb90bf7182",
  "task_name": "uk-legislative-long-titles",
  "mteb_version": "1.39.7",
  "scores": {
    "test": [
      {
        "ndcg_at_1": 0.92308,
        "ndcg_at_3": 0.96184,
        "ndcg_at_5": 0.96184,
        "ndcg_at_10": 0.96184,
        "ndcg_at_20": 0.96184,
        "ndcg_at_100": 0.96468,
        "ndcg_at_1000": 0.96468,
        "map_at_1": 0.92308,
        "map_at_3": 0.95299,
        "map_at_5": 0.95299,
        "map_at_10": 0.95299,
        "map_at_20": 0.95299,
        "map_at_100": 0.95357,
        "map_at_1000": 0.95357,
        "recall_at_1": 0.92308,
        "recall_at_3": 0.98718,
        "recall_at_5": 0.98718,
        "recall_at_10": 0.98718,
        "recall_at_20": 0.98718,
        "recall_at_100": 1.0,
        "recall_at_1000": 1.0,
        "precision_at_1": 0.92308,
        "precision_at_3": 0.32906,
        "precision_at_5": 0.19744,
        "precision_at_10": 0.09872,
        "precision_at_20": 0.04936,
        "precision_at_100": 0.01,
        "precision_at_1000": 0.001,
        "mrr_at_1": 0.923077,
        "mrr_at_3": 0.952991,
        "mrr_at_5": 0.952991,
        "mrr_at_10": 0.952991,
        "mrr_at_20": 0.952991,
        "mrr_at_100": 0.953574,
        "mrr_at_1000": 0.953574,
        "nauc_ndcg_at_1_max": 0.956303,
        "nauc_ndcg_at_1_std": 0.417613,
        "nauc_ndcg_at_1_diff1": 0.978151,
        "nauc_ndcg_at_3_max": 0.967488,
        "nauc_ndcg_at_3_std": 0.547073,
        "nauc_ndcg_at_3_diff1": 0.983744,
        "nauc_ndcg_at_5_max": 0.967488,
        "nauc_ndcg_at_5_std": 0.547073,
        "nauc_ndcg_at_5_diff1": 0.983744,
        "nauc_ndcg_at_10_max": 0.967488,
        "nauc_ndcg_at_10_std": 0.547073,
        "nauc_ndcg_at_10_diff1": 0.983744,
        "nauc_ndcg_at_20_max": 0.967488,
        "nauc_ndcg_at_20_std": 0.547073,
        "nauc_ndcg_at_20_diff1": 0.983744,
        "nauc_ndcg_at_100_max": 0.964879,
        "nauc_ndcg_at_100_std": 0.510732,
        "nauc_ndcg_at_100_diff1": 0.98244,
        "nauc_ndcg_at_1000_max": 0.964879,
        "nauc_ndcg_at_1000_std": 0.510732,
        "nauc_ndcg_at_1000_diff1": 0.98244,
        "nauc_map_at_1_max": 0.956303,
        "nauc_map_at_1_std": 0.417613,
        "nauc_map_at_1_diff1": 0.978151,
        "nauc_map_at_3_max": 0.964248,
        "nauc_map_at_3_std": 0.503231,
        "nauc_map_at_3_diff1": 0.982124,
        "nauc_map_at_5_max": 0.964248,
        "nauc_map_at_5_std": 0.503231,
        "nauc_map_at_5_diff1": 0.982124,
        "nauc_map_at_10_max": 0.964248,
        "nauc_map_at_10_std": 0.503231,
        "nauc_map_at_10_diff1": 0.982124,
        "nauc_map_at_20_max": 0.964248,
        "nauc_map_at_20_std": 0.503231,
        "nauc_map_at_20_diff1": 0.982124,
        "nauc_map_at_100_max": 0.963799,
        "nauc_map_at_100_std": 0.496996,
        "nauc_map_at_100_diff1": 0.981899,
        "nauc_map_at_1000_max": 0.963799,
        "nauc_map_at_1000_std": 0.496996,
        "nauc_map_at_1000_diff1": 0.981899,
        "nauc_recall_at_1_max": 0.956303,
        "nauc_recall_at_1_std": 0.417613,
        "nauc_recall_at_1_diff1": 0.978151,
        "nauc_recall_at_3_max": 1.0,
        "nauc_recall_at_3_std": 1.0,
        "nauc_recall_at_3_diff1": 1.0,
        "nauc_recall_at_5_max": 1.0,
        "nauc_recall_at_5_std": 1.0,
        "nauc_recall_at_5_diff1": 1.0,
        "nauc_recall_at_10_max": 1.0,
        "nauc_recall_at_10_std": 1.0,
        "nauc_recall_at_10_diff1": 1.0,
        "nauc_recall_at_20_max": 1.0,
        "nauc_recall_at_20_std": 1.0,
        "nauc_recall_at_20_diff1": 1.0,
        "nauc_recall_at_100_max": NaN,
        "nauc_recall_at_100_std": NaN,
        "nauc_recall_at_100_diff1": NaN,
        "nauc_recall_at_1000_max": NaN,
        "nauc_recall_at_1000_std": NaN,
        "nauc_recall_at_1000_diff1": NaN,
        "nauc_precision_at_1_max": 0.956303,
        "nauc_precision_at_1_std": 0.417613,
        "nauc_precision_at_1_diff1": 0.978151,
        "nauc_precision_at_3_max": 1.0,
        "nauc_precision_at_3_std": 1.0,
        "nauc_precision_at_3_diff1": 1.0,
        "nauc_precision_at_5_max": 1.0,
        "nauc_precision_at_5_std": 1.0,
        "nauc_precision_at_5_diff1": 1.0,
        "nauc_precision_at_10_max": 1.0,
        "nauc_precision_at_10_std": 1.0,
        "nauc_precision_at_10_diff1": 1.0,
        "nauc_precision_at_20_max": 1.0,
        "nauc_precision_at_20_std": 1.0,
        "nauc_precision_at_20_diff1": 1.0,
        "nauc_precision_at_100_max": 1.0,
        "nauc_precision_at_100_std": 1.0,
        "nauc_precision_at_100_diff1": 1.0,
        "nauc_precision_at_1000_max": 1.0,
        "nauc_precision_at_1000_std": 1.0,
        "nauc_precision_at_1000_diff1": 1.0,
        "nauc_mrr_at_1_max": 0.956303,
        "nauc_mrr_at_1_std": 0.417613,
        "nauc_mrr_at_1_diff1": 0.978151,
        "nauc_mrr_at_3_max": 0.964248,
        "nauc_mrr_at_3_std": 0.503231,
        "nauc_mrr_at_3_diff1": 0.982124,
        "nauc_mrr_at_5_max": 0.964248,
        "nauc_mrr_at_5_std": 0.503231,
        "nauc_mrr_at_5_diff1": 0.982124,
        "nauc_mrr_at_10_max": 0.964248,
        "nauc_mrr_at_10_std": 0.503231,
        "nauc_mrr_at_10_diff1": 0.982124,
        "nauc_mrr_at_20_max": 0.964248,
        "nauc_mrr_at_20_std": 0.503231,
        "nauc_mrr_at_20_diff1": 0.982124,
        "nauc_mrr_at_100_max": 0.963799,
        "nauc_mrr_at_100_std": 0.496996,
        "nauc_mrr_at_100_diff1": 0.981899,
        "nauc_mrr_at_1000_max": 0.963799,
        "nauc_mrr_at_1000_std": 0.496996,
        "nauc_mrr_at_1000_diff1": 0.981899,
        "main_score": 0.96184,
        "hf_subset": "default",
        "languages": [
          "eng-Latn"
        ]
      }
    ]
  },
  "evaluation_time": 127.67828965187073,
  "kg_co2_emissions": null
}