{
  "dataset_revision": "c64c3baac6bfd5f934d2df6e5d42dcb7d87c8ba8",
  "task_name": "australian-tax-guidance-retrieval",
  "mteb_version": "1.39.7",
  "scores": {
    "test": [
      {
        "ndcg_at_1": 0.59821,
        "ndcg_at_3": 0.72385,
        "ndcg_at_5": 0.73884,
        "ndcg_at_10": 0.76146,
        "ndcg_at_20": 0.7781,
        "ndcg_at_100": 0.77968,
        "ndcg_at_1000": 0.77968,
        "map_at_1": 0.59821,
        "map_at_3": 0.69048,
        "map_at_5": 0.69896,
        "map_at_10": 0.70801,
        "map_at_20": 0.71304,
        "map_at_100": 0.71322,
        "map_at_1000": 0.71322,
        "recall_at_1": 0.59821,
        "recall_at_3": 0.82143,
        "recall_at_5": 0.85714,
        "recall_at_10": 0.92857,
        "recall_at_20": 0.99107,
        "recall_at_100": 1.0,
        "recall_at_1000": 1.0,
        "precision_at_1": 0.59821,
        "precision_at_3": 0.27381,
        "precision_at_5": 0.17143,
        "precision_at_10": 0.09286,
        "precision_at_20": 0.04955,
        "precision_at_100": 0.01,
        "precision_at_1000": 0.001,
        "mrr_at_1": 0.598214,
        "mrr_at_3": 0.690476,
        "mrr_at_5": 0.698958,
        "mrr_at_10": 0.708007,
        "mrr_at_20": 0.713038,
        "mrr_at_100": 0.713217,
        "mrr_at_1000": 0.713217,
        "nauc_ndcg_at_1_max": 0.297354,
        "nauc_ndcg_at_1_std": -0.124931,
        "nauc_ndcg_at_1_diff1": 0.535692,
        "nauc_ndcg_at_3_max": 0.272837,
        "nauc_ndcg_at_3_std": -0.068168,
        "nauc_ndcg_at_3_diff1": 0.513002,
        "nauc_ndcg_at_5_max": 0.324779,
        "nauc_ndcg_at_5_std": -0.048021,
        "nauc_ndcg_at_5_diff1": 0.500559,
        "nauc_ndcg_at_10_max": 0.335056,
        "nauc_ndcg_at_10_std": -0.039884,
        "nauc_ndcg_at_10_diff1": 0.497828,
        "nauc_ndcg_at_20_max": 0.318693,
        "nauc_ndcg_at_20_std": -0.086555,
        "nauc_ndcg_at_20_diff1": 0.519529,
        "nauc_ndcg_at_100_max": 0.312797,
        "nauc_ndcg_at_100_std": -0.082474,
        "nauc_ndcg_at_100_diff1": 0.515371,
        "nauc_ndcg_at_1000_max": 0.312797,
        "nauc_ndcg_at_1000_std": -0.082474,
        "nauc_ndcg_at_1000_diff1": 0.515371,
        "nauc_map_at_1_max": 0.297354,
        "nauc_map_at_1_std": -0.124931,
        "nauc_map_at_1_diff1": 0.535692,
        "nauc_map_at_3_max": 0.285915,
        "nauc_map_at_3_std": -0.088198,
        "nauc_map_at_3_diff1": 0.520577,
        "nauc_map_at_5_max": 0.313333,
        "nauc_map_at_5_std": -0.077875,
        "nauc_map_at_5_diff1": 0.514638,
        "nauc_map_at_10_max": 0.315017,
        "nauc_map_at_10_std": -0.07732,
        "nauc_map_at_10_diff1": 0.514761,
        "nauc_map_at_20_max": 0.310307,
        "nauc_map_at_20_std": -0.08876,
        "nauc_map_at_20_diff1": 0.518936,
        "nauc_map_at_100_max": 0.309784,
        "nauc_map_at_100_std": -0.088404,
        "nauc_map_at_100_diff1": 0.518571,
        "nauc_map_at_1000_max": 0.309784,
        "nauc_map_at_1000_std": -0.088404,
        "nauc_map_at_1000_diff1": 0.518571,
        "nauc_recall_at_1_max": 0.297354,
        "nauc_recall_at_1_std": -0.124931,
        "nauc_recall_at_1_diff1": 0.535692,
        "nauc_recall_at_3_max": 0.21166,
        "nauc_recall_at_3_std": 0.021946,
        "nauc_recall_at_3_diff1": 0.47915,
        "nauc_recall_at_5_max": 0.390022,
        "nauc_recall_at_5_std": 0.113675,
        "nauc_recall_at_5_diff1": 0.423091,
        "nauc_recall_at_10_max": 0.565025,
        "nauc_recall_at_10_std": 0.353954,
        "nauc_recall_at_10_diff1": 0.318407,
        "nauc_recall_at_20_max": 1.0,
        "nauc_recall_at_20_std": -0.558106,
        "nauc_recall_at_20_diff1": 1.0,
        "nauc_recall_at_100_max": NaN,
        "nauc_recall_at_100_std": NaN,
        "nauc_recall_at_100_diff1": NaN,
        "nauc_recall_at_1000_max": NaN,
        "nauc_recall_at_1000_std": NaN,
        "nauc_recall_at_1000_diff1": NaN,
        "nauc_precision_at_1_max": 0.297354,
        "nauc_precision_at_1_std": -0.124931,
        "nauc_precision_at_1_diff1": 0.535692,
        "nauc_precision_at_3_max": 0.21166,
        "nauc_precision_at_3_std": 0.021946,
        "nauc_precision_at_3_diff1": 0.47915,
        "nauc_precision_at_5_max": 0.390022,
        "nauc_precision_at_5_std": 0.113675,
        "nauc_precision_at_5_diff1": 0.423091,
        "nauc_precision_at_10_max": 0.565025,
        "nauc_precision_at_10_std": 0.353954,
        "nauc_precision_at_10_diff1": 0.318407,
        "nauc_precision_at_20_max": 1.0,
        "nauc_precision_at_20_std": -0.558106,
        "nauc_precision_at_20_diff1": 1.0,
        "nauc_precision_at_100_max": NaN,
        "nauc_precision_at_100_std": NaN,
        "nauc_precision_at_100_diff1": NaN,
        "nauc_precision_at_1000_max": 1.0,
        "nauc_precision_at_1000_std": 1.0,
        "nauc_precision_at_1000_diff1": 1.0,
        "nauc_mrr_at_1_max": 0.297354,
        "nauc_mrr_at_1_std": -0.124931,
        "nauc_mrr_at_1_diff1": 0.535692,
        "nauc_mrr_at_3_max": 0.285915,
        "nauc_mrr_at_3_std": -0.088198,
        "nauc_mrr_at_3_diff1": 0.520577,
        "nauc_mrr_at_5_max": 0.313333,
        "nauc_mrr_at_5_std": -0.077875,
        "nauc_mrr_at_5_diff1": 0.514638,
        "nauc_mrr_at_10_max": 0.315017,
        "nauc_mrr_at_10_std": -0.07732,
        "nauc_mrr_at_10_diff1": 0.514761,
        "nauc_mrr_at_20_max": 0.310307,
        "nauc_mrr_at_20_std": -0.08876,
        "nauc_mrr_at_20_diff1": 0.518936,
        "nauc_mrr_at_100_max": 0.309784,
        "nauc_mrr_at_100_std": -0.088404,
        "nauc_mrr_at_100_diff1": 0.518571,
        "nauc_mrr_at_1000_max": 0.309784,
        "nauc_mrr_at_1000_std": -0.088404,
        "nauc_mrr_at_1000_diff1": 0.518571,
        "main_score": 0.76146,
        "hf_subset": "default",
        "languages": [
          "eng-Latn"
        ]
      }
    ]
  },
  "evaluation_time": 35.808934450149536,
  "kg_co2_emissions": null
}