{
  "dataset_revision": "dd157bbfa479359488c656981e3999da6f42e4e9",
  "task_name": "bar-exam-qa",
  "mteb_version": "1.39.7",
  "scores": {
    "test": [
      {
        "ndcg_at_1": 0.35897,
        "ndcg_at_3": 0.49226,
        "ndcg_at_5": 0.50955,
        "ndcg_at_10": 0.55877,
        "ndcg_at_20": 0.58472,
        "ndcg_at_100": 0.60675,
        "ndcg_at_1000": 0.60675,
        "map_at_1": 0.35897,
        "map_at_3": 0.45869,
        "map_at_5": 0.46809,
        "map_at_10": 0.4881,
        "map_at_20": 0.49523,
        "map_at_100": 0.49881,
        "map_at_1000": 0.49881,
        "recall_at_1": 0.35897,
        "recall_at_3": 0.58974,
        "recall_at_5": 0.63248,
        "recall_at_10": 0.78632,
        "recall_at_20": 0.88889,
        "recall_at_100": 1.0,
        "recall_at_1000": 1.0,
        "precision_at_1": 0.35897,
        "precision_at_3": 0.19658,
        "precision_at_5": 0.1265,
        "precision_at_10": 0.07863,
        "precision_at_20": 0.04444,
        "precision_at_100": 0.01,
        "precision_at_1000": 0.001,
        "mrr_at_1": 0.358974,
        "mrr_at_3": 0.458689,
        "mrr_at_5": 0.468091,
        "mrr_at_10": 0.488095,
        "mrr_at_20": 0.49523,
        "mrr_at_100": 0.498815,
        "mrr_at_1000": 0.498815,
        "nauc_ndcg_at_1_max": 0.330434,
        "nauc_ndcg_at_1_std": -0.066985,
        "nauc_ndcg_at_1_diff1": 0.572406,
        "nauc_ndcg_at_3_max": 0.345575,
        "nauc_ndcg_at_3_std": -0.07791,
        "nauc_ndcg_at_3_diff1": 0.465542,
        "nauc_ndcg_at_5_max": 0.363292,
        "nauc_ndcg_at_5_std": -0.031834,
        "nauc_ndcg_at_5_diff1": 0.452904,
        "nauc_ndcg_at_10_max": 0.356679,
        "nauc_ndcg_at_10_std": -0.057022,
        "nauc_ndcg_at_10_diff1": 0.491788,
        "nauc_ndcg_at_20_max": 0.340839,
        "nauc_ndcg_at_20_std": -0.060476,
        "nauc_ndcg_at_20_diff1": 0.504099,
        "nauc_ndcg_at_100_max": 0.348187,
        "nauc_ndcg_at_100_std": -0.059119,
        "nauc_ndcg_at_100_diff1": 0.498832,
        "nauc_ndcg_at_1000_max": 0.348187,
        "nauc_ndcg_at_1000_std": -0.059119,
        "nauc_ndcg_at_1000_diff1": 0.498832,
        "nauc_map_at_1_max": 0.330434,
        "nauc_map_at_1_std": -0.066985,
        "nauc_map_at_1_diff1": 0.572406,
        "nauc_map_at_3_max": 0.348102,
        "nauc_map_at_3_std": -0.072699,
        "nauc_map_at_3_diff1": 0.494761,
        "nauc_map_at_5_max": 0.357803,
        "nauc_map_at_5_std": -0.047548,
        "nauc_map_at_5_diff1": 0.487925,
        "nauc_map_at_10_max": 0.353515,
        "nauc_map_at_10_std": -0.058149,
        "nauc_map_at_10_diff1": 0.502243,
        "nauc_map_at_20_max": 0.349888,
        "nauc_map_at_20_std": -0.058763,
        "nauc_map_at_20_diff1": 0.505989,
        "nauc_map_at_100_max": 0.350193,
        "nauc_map_at_100_std": -0.059115,
        "nauc_map_at_100_diff1": 0.505225,
        "nauc_map_at_1000_max": 0.350193,
        "nauc_map_at_1000_std": -0.059115,
        "nauc_map_at_1000_diff1": 0.505225,
        "nauc_recall_at_1_max": 0.330434,
        "nauc_recall_at_1_std": -0.066985,
        "nauc_recall_at_1_diff1": 0.572406,
        "nauc_recall_at_3_max": 0.334945,
        "nauc_recall_at_3_std": -0.095151,
        "nauc_recall_at_3_diff1": 0.373928,
        "nauc_recall_at_5_max": 0.381043,
        "nauc_recall_at_5_std": 0.025777,
        "nauc_recall_at_5_diff1": 0.335359,
        "nauc_recall_at_10_max": 0.373511,
        "nauc_recall_at_10_std": -0.057224,
        "nauc_recall_at_10_diff1": 0.471583,
        "nauc_recall_at_20_max": 0.227268,
        "nauc_recall_at_20_std": -0.096526,
        "nauc_recall_at_20_diff1": 0.562248,
        "nauc_recall_at_100_max": NaN,
        "nauc_recall_at_100_std": NaN,
        "nauc_recall_at_100_diff1": NaN,
        "nauc_recall_at_1000_max": NaN,
        "nauc_recall_at_1000_std": NaN,
        "nauc_recall_at_1000_diff1": NaN,
        "nauc_precision_at_1_max": 0.330434,
        "nauc_precision_at_1_std": -0.066985,
        "nauc_precision_at_1_diff1": 0.572406,
        "nauc_precision_at_3_max": 0.334945,
        "nauc_precision_at_3_std": -0.095151,
        "nauc_precision_at_3_diff1": 0.373928,
        "nauc_precision_at_5_max": 0.381043,
        "nauc_precision_at_5_std": 0.025777,
        "nauc_precision_at_5_diff1": 0.335359,
        "nauc_precision_at_10_max": 0.373511,
        "nauc_precision_at_10_std": -0.057224,
        "nauc_precision_at_10_diff1": 0.471583,
        "nauc_precision_at_20_max": 0.227268,
        "nauc_precision_at_20_std": -0.096526,
        "nauc_precision_at_20_diff1": 0.562248,
        "nauc_precision_at_100_max": NaN,
        "nauc_precision_at_100_std": NaN,
        "nauc_precision_at_100_diff1": NaN,
        "nauc_precision_at_1000_max": 1.0,
        "nauc_precision_at_1000_std": 1.0,
        "nauc_precision_at_1000_diff1": 1.0,
        "nauc_mrr_at_1_max": 0.330434,
        "nauc_mrr_at_1_std": -0.066985,
        "nauc_mrr_at_1_diff1": 0.572406,
        "nauc_mrr_at_3_max": 0.348102,
        "nauc_mrr_at_3_std": -0.072699,
        "nauc_mrr_at_3_diff1": 0.494761,
        "nauc_mrr_at_5_max": 0.357803,
        "nauc_mrr_at_5_std": -0.047548,
        "nauc_mrr_at_5_diff1": 0.487925,
        "nauc_mrr_at_10_max": 0.353515,
        "nauc_mrr_at_10_std": -0.058149,
        "nauc_mrr_at_10_diff1": 0.502243,
        "nauc_mrr_at_20_max": 0.349888,
        "nauc_mrr_at_20_std": -0.058763,
        "nauc_mrr_at_20_diff1": 0.505989,
        "nauc_mrr_at_100_max": 0.350193,
        "nauc_mrr_at_100_std": -0.059115,
        "nauc_mrr_at_100_diff1": 0.505225,
        "nauc_mrr_at_1000_max": 0.350193,
        "nauc_mrr_at_1000_std": -0.059115,
        "nauc_mrr_at_1000_diff1": 0.505225,
        "main_score": 0.55877,
        "hf_subset": "default",
        "languages": [
          "eng-Latn"
        ]
      }
    ]
  },
  "evaluation_time": 58.72758865356445,
  "kg_co2_emissions": null
}