{
  "dataset_revision": "2095f248902963b4480ac96b774ba64b2104cbee",
  "task_name": "consumer-contracts-qa",
  "mteb_version": "1.39.7",
  "scores": {
    "test": [
      {
        "ndcg_at_1": 0.78283,
        "ndcg_at_3": 0.85281,
        "ndcg_at_5": 0.8652,
        "ndcg_at_10": 0.88402,
        "ndcg_at_20": 0.88784,
        "ndcg_at_100": 0.88784,
        "ndcg_at_1000": 0.88784,
        "map_at_1": 0.78283,
        "map_at_3": 0.8367,
        "map_at_5": 0.84352,
        "map_at_10": 0.85179,
        "map_at_20": 0.85282,
        "map_at_100": 0.85282,
        "map_at_1000": 0.85282,
        "recall_at_1": 0.78283,
        "recall_at_3": 0.89899,
        "recall_at_5": 0.92929,
        "recall_at_10": 0.98485,
        "recall_at_20": 1.0,
        "recall_at_100": 1.0,
        "recall_at_1000": 1.0,
        "precision_at_1": 0.78283,
        "precision_at_3": 0.29966,
        "precision_at_5": 0.18586,
        "precision_at_10": 0.09848,
        "precision_at_20": 0.05,
        "precision_at_100": 0.01,
        "precision_at_1000": 0.001,
        "mrr_at_1": 0.782828,
        "mrr_at_3": 0.8367,
        "mrr_at_5": 0.843519,
        "mrr_at_10": 0.851786,
        "mrr_at_20": 0.852824,
        "mrr_at_100": 0.852824,
        "mrr_at_1000": 0.852824,
        "nauc_ndcg_at_1_max": 0.651118,
        "nauc_ndcg_at_1_std": 0.108667,
        "nauc_ndcg_at_1_diff1": 0.827989,
        "nauc_ndcg_at_3_max": 0.665711,
        "nauc_ndcg_at_3_std": 0.069691,
        "nauc_ndcg_at_3_diff1": 0.769049,
        "nauc_ndcg_at_5_max": 0.666175,
        "nauc_ndcg_at_5_std": 0.09663,
        "nauc_ndcg_at_5_diff1": 0.777467,
        "nauc_ndcg_at_10_max": 0.659137,
        "nauc_ndcg_at_10_std": 0.106438,
        "nauc_ndcg_at_10_diff1": 0.785445,
        "nauc_ndcg_at_20_max": 0.663144,
        "nauc_ndcg_at_20_std": 0.108386,
        "nauc_ndcg_at_20_diff1": 0.793868,
        "nauc_ndcg_at_100_max": 0.663144,
        "nauc_ndcg_at_100_std": 0.108386,
        "nauc_ndcg_at_100_diff1": 0.793868,
        "nauc_ndcg_at_1000_max": 0.663144,
        "nauc_ndcg_at_1000_std": 0.108386,
        "nauc_ndcg_at_1000_diff1": 0.793868,
        "nauc_map_at_1_max": 0.651118,
        "nauc_map_at_1_std": 0.108667,
        "nauc_map_at_1_diff1": 0.827989,
        "nauc_map_at_3_max": 0.663313,
        "nauc_map_at_3_std": 0.087051,
        "nauc_map_at_3_diff1": 0.786911,
        "nauc_map_at_5_max": 0.66417,
        "nauc_map_at_5_std": 0.101378,
        "nauc_map_at_5_diff1": 0.791707,
        "nauc_map_at_10_max": 0.661858,
        "nauc_map_at_10_std": 0.106781,
        "nauc_map_at_10_diff1": 0.795695,
        "nauc_map_at_20_max": 0.662658,
        "nauc_map_at_20_std": 0.107861,
        "nauc_map_at_20_diff1": 0.7974,
        "nauc_map_at_100_max": 0.662658,
        "nauc_map_at_100_std": 0.107861,
        "nauc_map_at_100_diff1": 0.7974,
        "nauc_map_at_1000_max": 0.662658,
        "nauc_map_at_1000_std": 0.107861,
        "nauc_map_at_1000_diff1": 0.7974,
        "nauc_recall_at_1_max": 0.651118,
        "nauc_recall_at_1_std": 0.108667,
        "nauc_recall_at_1_diff1": 0.827989,
        "nauc_recall_at_3_max": 0.6749,
        "nauc_recall_at_3_std": -0.009957,
        "nauc_recall_at_3_diff1": 0.690803,
        "nauc_recall_at_5_max": 0.674448,
        "nauc_recall_at_5_std": 0.06965,
        "nauc_recall_at_5_diff1": 0.695031,
        "nauc_recall_at_10_max": 0.544731,
        "nauc_recall_at_10_std": 0.098151,
        "nauc_recall_at_10_diff1": 0.544731,
        "nauc_recall_at_20_max": NaN,
        "nauc_recall_at_20_std": NaN,
        "nauc_recall_at_20_diff1": NaN,
        "nauc_recall_at_100_max": NaN,
        "nauc_recall_at_100_std": NaN,
        "nauc_recall_at_100_diff1": NaN,
        "nauc_recall_at_1000_max": NaN,
        "nauc_recall_at_1000_std": NaN,
        "nauc_recall_at_1000_diff1": NaN,
        "nauc_precision_at_1_max": 0.651118,
        "nauc_precision_at_1_std": 0.108667,
        "nauc_precision_at_1_diff1": 0.827989,
        "nauc_precision_at_3_max": 0.6749,
        "nauc_precision_at_3_std": -0.009957,
        "nauc_precision_at_3_diff1": 0.690803,
        "nauc_precision_at_5_max": 0.674448,
        "nauc_precision_at_5_std": 0.06965,
        "nauc_precision_at_5_diff1": 0.695031,
        "nauc_precision_at_10_max": 0.544731,
        "nauc_precision_at_10_std": 0.098151,
        "nauc_precision_at_10_diff1": 0.544731,
        "nauc_precision_at_20_max": 1.0,
        "nauc_precision_at_20_std": 1.0,
        "nauc_precision_at_20_diff1": 1.0,
        "nauc_precision_at_100_max": 1.0,
        "nauc_precision_at_100_std": 1.0,
        "nauc_precision_at_100_diff1": 1.0,
        "nauc_precision_at_1000_max": 1.0,
        "nauc_precision_at_1000_std": 1.0,
        "nauc_precision_at_1000_diff1": 1.0,
        "nauc_mrr_at_1_max": 0.651118,
        "nauc_mrr_at_1_std": 0.108667,
        "nauc_mrr_at_1_diff1": 0.827989,
        "nauc_mrr_at_3_max": 0.663313,
        "nauc_mrr_at_3_std": 0.087051,
        "nauc_mrr_at_3_diff1": 0.786911,
        "nauc_mrr_at_5_max": 0.66417,
        "nauc_mrr_at_5_std": 0.101378,
        "nauc_mrr_at_5_diff1": 0.791707,
        "nauc_mrr_at_10_max": 0.661858,
        "nauc_mrr_at_10_std": 0.106781,
        "nauc_mrr_at_10_diff1": 0.795695,
        "nauc_mrr_at_20_max": 0.662658,
        "nauc_mrr_at_20_std": 0.107861,
        "nauc_mrr_at_20_diff1": 0.7974,
        "nauc_mrr_at_100_max": 0.662658,
        "nauc_mrr_at_100_std": 0.107861,
        "nauc_mrr_at_100_diff1": 0.7974,
        "nauc_mrr_at_1000_max": 0.662658,
        "nauc_mrr_at_1000_std": 0.107861,
        "nauc_mrr_at_1000_diff1": 0.7974,
        "main_score": 0.88402,
        "hf_subset": "default",
        "languages": [
          "eng-Latn"
        ]
      }
    ]
  },
  "evaluation_time": 54.4301655292511,
  "kg_co2_emissions": null
}