{
  "dataset_revision": "48ed7bcb1f50896a0f71461a04b2df0ca84329d9",
  "task_name": "contractual-clause-retrieval",
  "mteb_version": "1.39.7",
  "scores": {
    "test": [
      {
        "ndcg_at_1": 0.86667,
        "ndcg_at_3": 0.84412,
        "ndcg_at_5": 0.88341,
        "ndcg_at_10": 0.89256,
        "ndcg_at_20": 0.90596,
        "ndcg_at_100": 0.90889,
        "ndcg_at_1000": 0.90889,
        "map_at_1": 0.43333,
        "map_at_3": 0.81852,
        "map_at_5": 0.84852,
        "map_at_10": 0.855,
        "map_at_20": 0.85996,
        "map_at_100": 0.86089,
        "map_at_1000": 0.86089,
        "recall_at_1": 0.43333,
        "recall_at_3": 0.84444,
        "recall_at_5": 0.92222,
        "recall_at_10": 0.94444,
        "recall_at_20": 0.98889,
        "recall_at_100": 1.0,
        "recall_at_1000": 1.0,
        "precision_at_1": 0.86667,
        "precision_at_3": 0.56296,
        "precision_at_5": 0.36889,
        "precision_at_10": 0.18889,
        "precision_at_20": 0.09889,
        "precision_at_100": 0.02,
        "precision_at_1000": 0.002,
        "mrr_at_1": 0.866667,
        "mrr_at_3": 0.896296,
        "mrr_at_5": 0.907407,
        "mrr_at_10": 0.907407,
        "mrr_at_20": 0.908796,
        "mrr_at_100": 0.908796,
        "mrr_at_1000": 0.908796,
        "nauc_ndcg_at_1_max": 0.758413,
        "nauc_ndcg_at_1_std": -0.104229,
        "nauc_ndcg_at_1_diff1": 0.825954,
        "nauc_ndcg_at_3_max": 0.609109,
        "nauc_ndcg_at_3_std": -0.089016,
        "nauc_ndcg_at_3_diff1": 0.479764,
        "nauc_ndcg_at_5_max": 0.633759,
        "nauc_ndcg_at_5_std": -0.161886,
        "nauc_ndcg_at_5_diff1": 0.56429,
        "nauc_ndcg_at_10_max": 0.637195,
        "nauc_ndcg_at_10_std": -0.161867,
        "nauc_ndcg_at_10_diff1": 0.538951,
        "nauc_ndcg_at_20_max": 0.607848,
        "nauc_ndcg_at_20_std": -0.190959,
        "nauc_ndcg_at_20_diff1": 0.534646,
        "nauc_ndcg_at_100_max": 0.616547,
        "nauc_ndcg_at_100_std": -0.13891,
        "nauc_ndcg_at_100_diff1": 0.528087,
        "nauc_ndcg_at_1000_max": 0.616547,
        "nauc_ndcg_at_1000_std": -0.13891,
        "nauc_ndcg_at_1000_diff1": 0.528087,
        "nauc_map_at_1_max": 0.758413,
        "nauc_map_at_1_std": -0.104229,
        "nauc_map_at_1_diff1": 0.825954,
        "nauc_map_at_3_max": 0.567375,
        "nauc_map_at_3_std": -0.063222,
        "nauc_map_at_3_diff1": 0.418663,
        "nauc_map_at_5_max": 0.582458,
        "nauc_map_at_5_std": -0.107179,
        "nauc_map_at_5_diff1": 0.469626,
        "nauc_map_at_10_max": 0.583703,
        "nauc_map_at_10_std": -0.10041,
        "nauc_map_at_10_diff1": 0.450933,
        "nauc_map_at_20_max": 0.571571,
        "nauc_map_at_20_std": -0.115862,
        "nauc_map_at_20_diff1": 0.446379,
        "nauc_map_at_100_max": 0.573131,
        "nauc_map_at_100_std": -0.104401,
        "nauc_map_at_100_diff1": 0.444362,
        "nauc_map_at_1000_max": 0.573131,
        "nauc_map_at_1000_std": -0.104401,
        "nauc_map_at_1000_diff1": 0.444362,
        "nauc_recall_at_1_max": 0.758413,
        "nauc_recall_at_1_std": -0.104229,
        "nauc_recall_at_1_diff1": 0.825954,
        "nauc_recall_at_3_max": 0.606058,
        "nauc_recall_at_3_std": -0.086976,
        "nauc_recall_at_3_diff1": 0.432985,
        "nauc_recall_at_5_max": 0.698865,
        "nauc_recall_at_5_std": -0.262007,
        "nauc_recall_at_5_diff1": 0.656807,
        "nauc_recall_at_10_max": 0.716959,
        "nauc_recall_at_10_std": -0.320715,
        "nauc_recall_at_10_diff1": 0.574998,
        "nauc_recall_at_20_max": 0.35696,
        "nauc_recall_at_20_std": -1.692224,
        "nauc_recall_at_20_diff1": 0.723816,
        "nauc_recall_at_100_max": NaN,
        "nauc_recall_at_100_std": NaN,
        "nauc_recall_at_100_diff1": NaN,
        "nauc_recall_at_1000_max": NaN,
        "nauc_recall_at_1000_std": NaN,
        "nauc_recall_at_1000_diff1": NaN,
        "nauc_precision_at_1_max": 0.758413,
        "nauc_precision_at_1_std": -0.104229,
        "nauc_precision_at_1_diff1": 0.825954,
        "nauc_precision_at_3_max": 0.606058,
        "nauc_precision_at_3_std": -0.086976,
        "nauc_precision_at_3_diff1": 0.432985,
        "nauc_precision_at_5_max": 0.698865,
        "nauc_precision_at_5_std": -0.262007,
        "nauc_precision_at_5_diff1": 0.656807,
        "nauc_precision_at_10_max": 0.716959,
        "nauc_precision_at_10_std": -0.320715,
        "nauc_precision_at_10_diff1": 0.574998,
        "nauc_precision_at_20_max": 0.35696,
        "nauc_precision_at_20_std": -1.692224,
        "nauc_precision_at_20_diff1": 0.723816,
        "nauc_precision_at_100_max": 1.0,
        "nauc_precision_at_100_std": 1.0,
        "nauc_precision_at_100_diff1": 1.0,
        "nauc_precision_at_1000_max": NaN,
        "nauc_precision_at_1000_std": NaN,
        "nauc_precision_at_1000_diff1": NaN,
        "nauc_mrr_at_1_max": 0.758413,
        "nauc_mrr_at_1_std": -0.104229,
        "nauc_mrr_at_1_diff1": 0.825954,
        "nauc_mrr_at_3_max": 0.762063,
        "nauc_mrr_at_3_std": -0.177926,
        "nauc_mrr_at_3_diff1": 0.785825,
        "nauc_mrr_at_5_max": 0.740593,
        "nauc_mrr_at_5_std": -0.223842,
        "nauc_mrr_at_5_diff1": 0.794972,
        "nauc_mrr_at_10_max": 0.740593,
        "nauc_mrr_at_10_std": -0.223842,
        "nauc_mrr_at_10_diff1": 0.794972,
        "nauc_mrr_at_20_max": 0.746624,
        "nauc_mrr_at_20_std": -0.200754,
        "nauc_mrr_at_20_diff1": 0.796091,
        "nauc_mrr_at_100_max": 0.746624,
        "nauc_mrr_at_100_std": -0.200754,
        "nauc_mrr_at_100_diff1": 0.796091,
        "nauc_mrr_at_1000_max": 0.746624,
        "nauc_mrr_at_1000_std": -0.200754,
        "nauc_mrr_at_1000_diff1": 0.796091,
        "main_score": 0.89256,
        "hf_subset": "default",
        "languages": [
          "eng-Latn"
        ]
      }
    ]
  },
  "evaluation_time": 15.758472204208374,
  "kg_co2_emissions": null
}