{
  "dataset_revision": "f5452494f09a6d51c37b56883a65ef742ac07c99",
  "task_name": "echr-retrieval",
  "mteb_version": "1.39.7",
  "scores": {
    "test": [
      {
        "ndcg_at_1": 0.225,
        "ndcg_at_3": 0.29482,
        "ndcg_at_5": 0.3342,
        "ndcg_at_10": 0.37692,
        "ndcg_at_20": 0.42289,
        "ndcg_at_100": 0.46594,
        "ndcg_at_1000": 0.46883,
        "map_at_1": 0.225,
        "map_at_3": 0.2775,
        "map_at_5": 0.2995,
        "map_at_10": 0.31752,
        "map_at_20": 0.33039,
        "map_at_100": 0.33638,
        "map_at_1000": 0.33655,
        "recall_at_1": 0.225,
        "recall_at_3": 0.345,
        "recall_at_5": 0.44,
        "recall_at_10": 0.57,
        "recall_at_20": 0.75,
        "recall_at_100": 0.98,
        "recall_at_1000": 1.0,
        "precision_at_1": 0.225,
        "precision_at_3": 0.115,
        "precision_at_5": 0.088,
        "precision_at_10": 0.057,
        "precision_at_20": 0.0375,
        "precision_at_100": 0.0098,
        "precision_at_1000": 0.001,
        "mrr_at_1": 0.225,
        "mrr_at_3": 0.2775,
        "mrr_at_5": 0.2995,
        "mrr_at_10": 0.31752,
        "mrr_at_20": 0.330388,
        "mrr_at_100": 0.336384,
        "mrr_at_1000": 0.336553,
        "nauc_ndcg_at_1_max": 0.150445,
        "nauc_ndcg_at_1_std": 0.22995,
        "nauc_ndcg_at_1_diff1": 0.259231,
        "nauc_ndcg_at_3_max": 0.167317,
        "nauc_ndcg_at_3_std": 0.217804,
        "nauc_ndcg_at_3_diff1": 0.201143,
        "nauc_ndcg_at_5_max": 0.210625,
        "nauc_ndcg_at_5_std": 0.213417,
        "nauc_ndcg_at_5_diff1": 0.21563,
        "nauc_ndcg_at_10_max": 0.208436,
        "nauc_ndcg_at_10_std": 0.230133,
        "nauc_ndcg_at_10_diff1": 0.171075,
        "nauc_ndcg_at_20_max": 0.217996,
        "nauc_ndcg_at_20_std": 0.250763,
        "nauc_ndcg_at_20_diff1": 0.188097,
        "nauc_ndcg_at_100_max": 0.2026,
        "nauc_ndcg_at_100_std": 0.237881,
        "nauc_ndcg_at_100_diff1": 0.201205,
        "nauc_ndcg_at_1000_max": 0.198063,
        "nauc_ndcg_at_1000_std": 0.232317,
        "nauc_ndcg_at_1000_diff1": 0.202831,
        "nauc_map_at_1_max": 0.150445,
        "nauc_map_at_1_std": 0.22995,
        "nauc_map_at_1_diff1": 0.259231,
        "nauc_map_at_3_max": 0.162249,
        "nauc_map_at_3_std": 0.216719,
        "nauc_map_at_3_diff1": 0.216399,
        "nauc_map_at_5_max": 0.188785,
        "nauc_map_at_5_std": 0.21486,
        "nauc_map_at_5_diff1": 0.225056,
        "nauc_map_at_10_max": 0.188969,
        "nauc_map_at_10_std": 0.223111,
        "nauc_map_at_10_diff1": 0.206122,
        "nauc_map_at_20_max": 0.190182,
        "nauc_map_at_20_std": 0.228095,
        "nauc_map_at_20_diff1": 0.211732,
        "nauc_map_at_100_max": 0.18787,
        "nauc_map_at_100_std": 0.226262,
        "nauc_map_at_100_diff1": 0.213229,
        "nauc_map_at_1000_max": 0.187644,
        "nauc_map_at_1000_std": 0.225989,
        "nauc_map_at_1000_diff1": 0.213318,
        "nauc_recall_at_1_max": 0.150445,
        "nauc_recall_at_1_std": 0.22995,
        "nauc_recall_at_1_diff1": 0.259231,
        "nauc_recall_at_3_max": 0.181347,
        "nauc_recall_at_3_std": 0.222154,
        "nauc_recall_at_3_diff1": 0.159526,
        "nauc_recall_at_5_max": 0.272577,
        "nauc_recall_at_5_std": 0.209714,
        "nauc_recall_at_5_diff1": 0.191196,
        "nauc_recall_at_10_max": 0.264584,
        "nauc_recall_at_10_std": 0.254187,
        "nauc_recall_at_10_diff1": 0.053795,
        "nauc_recall_at_20_max": 0.349723,
        "nauc_recall_at_20_std": 0.377007,
        "nauc_recall_at_20_diff1": 0.085463,
        "nauc_recall_at_100_max": 0.609594,
        "nauc_recall_at_100_std": 0.737395,
        "nauc_recall_at_100_diff1": 0.057773,
        "nauc_recall_at_1000_max": NaN,
        "nauc_recall_at_1000_std": NaN,
        "nauc_recall_at_1000_diff1": NaN,
        "nauc_precision_at_1_max": 0.150445,
        "nauc_precision_at_1_std": 0.22995,
        "nauc_precision_at_1_diff1": 0.259231,
        "nauc_precision_at_3_max": 0.181347,
        "nauc_precision_at_3_std": 0.222154,
        "nauc_precision_at_3_diff1": 0.159526,
        "nauc_precision_at_5_max": 0.272577,
        "nauc_precision_at_5_std": 0.209714,
        "nauc_precision_at_5_diff1": 0.191196,
        "nauc_precision_at_10_max": 0.264584,
        "nauc_precision_at_10_std": 0.254187,
        "nauc_precision_at_10_diff1": 0.053795,
        "nauc_precision_at_20_max": 0.349723,
        "nauc_precision_at_20_std": 0.377007,
        "nauc_precision_at_20_diff1": 0.085463,
        "nauc_precision_at_100_max": 0.609594,
        "nauc_precision_at_100_std": 0.737395,
        "nauc_precision_at_100_diff1": 0.057773,
        "nauc_precision_at_1000_max": 1.0,
        "nauc_precision_at_1000_std": 1.0,
        "nauc_precision_at_1000_diff1": 1.0,
        "nauc_mrr_at_1_max": 0.150445,
        "nauc_mrr_at_1_std": 0.22995,
        "nauc_mrr_at_1_diff1": 0.259231,
        "nauc_mrr_at_3_max": 0.162249,
        "nauc_mrr_at_3_std": 0.216719,
        "nauc_mrr_at_3_diff1": 0.216399,
        "nauc_mrr_at_5_max": 0.188785,
        "nauc_mrr_at_5_std": 0.21486,
        "nauc_mrr_at_5_diff1": 0.225056,
        "nauc_mrr_at_10_max": 0.188969,
        "nauc_mrr_at_10_std": 0.223111,
        "nauc_mrr_at_10_diff1": 0.206122,
        "nauc_mrr_at_20_max": 0.190182,
        "nauc_mrr_at_20_std": 0.228095,
        "nauc_mrr_at_20_diff1": 0.211732,
        "nauc_mrr_at_100_max": 0.18787,
        "nauc_mrr_at_100_std": 0.226262,
        "nauc_mrr_at_100_diff1": 0.213229,
        "nauc_mrr_at_1000_max": 0.187644,
        "nauc_mrr_at_1000_std": 0.225989,
        "nauc_mrr_at_1000_diff1": 0.213318,
        "main_score": 0.37692,
        "hf_subset": "default",
        "languages": [
          "eng-Latn"
        ]
      }
    ]
  },
  "evaluation_time": 136.84221506118774,
  "kg_co2_emissions": null
}