{
  "dataset_revision": "8d41f3d22bb73685b6f42b62ad95940ea3dfbf84",
  "task_name": "gdpr-holdings-retrieval",
  "mteb_version": "1.39.7",
  "scores": {
    "test": [
      {
        "ndcg_at_1": 0.834,
        "ndcg_at_3": 0.89017,
        "ndcg_at_5": 0.89903,
        "ndcg_at_10": 0.90412,
        "ndcg_at_20": 0.90672,
        "ndcg_at_100": 0.90904,
        "ndcg_at_1000": 0.91064,
        "map_at_1": 0.834,
        "map_at_3": 0.877,
        "map_at_5": 0.8818,
        "map_at_10": 0.88385,
        "map_at_20": 0.88461,
        "map_at_100": 0.88495,
        "map_at_1000": 0.88502,
        "recall_at_1": 0.834,
        "recall_at_3": 0.928,
        "recall_at_5": 0.95,
        "recall_at_10": 0.966,
        "recall_at_20": 0.976,
        "recall_at_100": 0.988,
        "recall_at_1000": 1.0,
        "precision_at_1": 0.834,
        "precision_at_3": 0.30933,
        "precision_at_5": 0.19,
        "precision_at_10": 0.0966,
        "precision_at_20": 0.0488,
        "precision_at_100": 0.00988,
        "precision_at_1000": 0.001,
        "mrr_at_1": 0.834,
        "mrr_at_3": 0.877,
        "mrr_at_5": 0.8818,
        "mrr_at_10": 0.883855,
        "mrr_at_20": 0.884606,
        "mrr_at_100": 0.88495,
        "mrr_at_1000": 0.88502,
        "nauc_ndcg_at_1_max": 0.641374,
        "nauc_ndcg_at_1_std": -0.147443,
        "nauc_ndcg_at_1_diff1": 0.794982,
        "nauc_ndcg_at_3_max": 0.712691,
        "nauc_ndcg_at_3_std": -0.225575,
        "nauc_ndcg_at_3_diff1": 0.769314,
        "nauc_ndcg_at_5_max": 0.708512,
        "nauc_ndcg_at_5_std": -0.2156,
        "nauc_ndcg_at_5_diff1": 0.764597,
        "nauc_ndcg_at_10_max": 0.698759,
        "nauc_ndcg_at_10_std": -0.188333,
        "nauc_ndcg_at_10_diff1": 0.759922,
        "nauc_ndcg_at_20_max": 0.694727,
        "nauc_ndcg_at_20_std": -0.173197,
        "nauc_ndcg_at_20_diff1": 0.760084,
        "nauc_ndcg_at_100_max": 0.688579,
        "nauc_ndcg_at_100_std": -0.175811,
        "nauc_ndcg_at_100_diff1": 0.763873,
        "nauc_ndcg_at_1000_max": 0.688692,
        "nauc_ndcg_at_1000_std": -0.181838,
        "nauc_ndcg_at_1000_diff1": 0.768591,
        "nauc_map_at_1_max": 0.641374,
        "nauc_map_at_1_std": -0.147443,
        "nauc_map_at_1_diff1": 0.794982,
        "nauc_map_at_3_max": 0.691551,
        "nauc_map_at_3_std": -0.200086,
        "nauc_map_at_3_diff1": 0.777349,
        "nauc_map_at_5_max": 0.688468,
        "nauc_map_at_5_std": -0.194594,
        "nauc_map_at_5_diff1": 0.775561,
        "nauc_map_at_10_max": 0.684721,
        "nauc_map_at_10_std": -0.185033,
        "nauc_map_at_10_diff1": 0.774055,
        "nauc_map_at_20_max": 0.683565,
        "nauc_map_at_20_std": -0.181703,
        "nauc_map_at_20_diff1": 0.774055,
        "nauc_map_at_100_max": 0.682844,
        "nauc_map_at_100_std": -0.181773,
        "nauc_map_at_100_diff1": 0.774508,
        "nauc_map_at_1000_max": 0.682866,
        "nauc_map_at_1000_std": -0.181996,
        "nauc_map_at_1000_diff1": 0.774697,
        "nauc_recall_at_1_max": 0.641374,
        "nauc_recall_at_1_std": -0.147443,
        "nauc_recall_at_1_diff1": 0.794982,
        "nauc_recall_at_3_max": 0.812117,
        "nauc_recall_at_3_std": -0.34717,
        "nauc_recall_at_3_diff1": 0.731209,
        "nauc_recall_at_5_max": 0.837927,
        "nauc_recall_at_5_std": -0.35014,
        "nauc_recall_at_5_diff1": 0.690906,
        "nauc_recall_at_10_max": 0.817405,
        "nauc_recall_at_10_std": -0.180617,
        "nauc_recall_at_10_diff1": 0.618773,
        "nauc_recall_at_20_max": 0.812519,
        "nauc_recall_at_20_std": 0.049175,
        "nauc_recall_at_20_diff1": 0.567071,
        "nauc_recall_at_100_max": 0.693122,
        "nauc_recall_at_100_std": 0.141223,
        "nauc_recall_at_100_diff1": 0.521553,
        "nauc_recall_at_1000_max": NaN,
        "nauc_recall_at_1000_std": NaN,
        "nauc_recall_at_1000_diff1": NaN,
        "nauc_precision_at_1_max": 0.641374,
        "nauc_precision_at_1_std": -0.147443,
        "nauc_precision_at_1_diff1": 0.794982,
        "nauc_precision_at_3_max": 0.812117,
        "nauc_precision_at_3_std": -0.34717,
        "nauc_precision_at_3_diff1": 0.731209,
        "nauc_precision_at_5_max": 0.837927,
        "nauc_precision_at_5_std": -0.35014,
        "nauc_precision_at_5_diff1": 0.690906,
        "nauc_precision_at_10_max": 0.817405,
        "nauc_precision_at_10_std": -0.180617,
        "nauc_precision_at_10_diff1": 0.618773,
        "nauc_precision_at_20_max": 0.812519,
        "nauc_precision_at_20_std": 0.049175,
        "nauc_precision_at_20_diff1": 0.567071,
        "nauc_precision_at_100_max": 0.693122,
        "nauc_precision_at_100_std": 0.141223,
        "nauc_precision_at_100_diff1": 0.521553,
        "nauc_precision_at_1000_max": 1.0,
        "nauc_precision_at_1000_std": 1.0,
        "nauc_precision_at_1000_diff1": 1.0,
        "nauc_mrr_at_1_max": 0.641374,
        "nauc_mrr_at_1_std": -0.147443,
        "nauc_mrr_at_1_diff1": 0.794982,
        "nauc_mrr_at_3_max": 0.691551,
        "nauc_mrr_at_3_std": -0.200086,
        "nauc_mrr_at_3_diff1": 0.777349,
        "nauc_mrr_at_5_max": 0.688468,
        "nauc_mrr_at_5_std": -0.194594,
        "nauc_mrr_at_5_diff1": 0.775561,
        "nauc_mrr_at_10_max": 0.684721,
        "nauc_mrr_at_10_std": -0.185033,
        "nauc_mrr_at_10_diff1": 0.774055,
        "nauc_mrr_at_20_max": 0.683565,
        "nauc_mrr_at_20_std": -0.181703,
        "nauc_mrr_at_20_diff1": 0.774055,
        "nauc_mrr_at_100_max": 0.682844,
        "nauc_mrr_at_100_std": -0.181773,
        "nauc_mrr_at_100_diff1": 0.774508,
        "nauc_mrr_at_1000_max": 0.682866,
        "nauc_mrr_at_1000_std": -0.181996,
        "nauc_mrr_at_1000_diff1": 0.774697,
        "main_score": 0.90412,
        "hf_subset": "default",
        "languages": [
          "eng-Latn"
        ]
      }
    ]
  },
  "evaluation_time": 149.92967081069946,
  "kg_co2_emissions": null
}