{
  "dataset_revision": "bbf8b2d84b7de5970b2ba4ea843c791285fdb1df",
  "task_name": "irish-legislative-summaries",
  "mteb_version": "1.39.7",
  "scores": {
    "test": [
      {
        "ndcg_at_1": 0.84,
        "ndcg_at_3": 0.88943,
        "ndcg_at_5": 0.90096,
        "ndcg_at_10": 0.90879,
        "ndcg_at_20": 0.91127,
        "ndcg_at_100": 0.91399,
        "ndcg_at_1000": 0.91452,
        "map_at_1": 0.84,
        "map_at_3": 0.87867,
        "map_at_5": 0.88507,
        "map_at_10": 0.88833,
        "map_at_20": 0.88899,
        "map_at_100": 0.88941,
        "map_at_1000": 0.88943,
        "recall_at_1": 0.84,
        "recall_at_3": 0.92,
        "recall_at_5": 0.948,
        "recall_at_10": 0.972,
        "recall_at_20": 0.982,
        "recall_at_100": 0.996,
        "recall_at_1000": 1.0,
        "precision_at_1": 0.84,
        "precision_at_3": 0.30667,
        "precision_at_5": 0.1896,
        "precision_at_10": 0.0972,
        "precision_at_20": 0.0491,
        "precision_at_100": 0.00996,
        "precision_at_1000": 0.001,
        "mrr_at_1": 0.84,
        "mrr_at_3": 0.878667,
        "mrr_at_5": 0.885067,
        "mrr_at_10": 0.888334,
        "mrr_at_20": 0.888987,
        "mrr_at_100": 0.88941,
        "mrr_at_1000": 0.889433,
        "nauc_ndcg_at_1_max": 0.740906,
        "nauc_ndcg_at_1_std": 0.128111,
        "nauc_ndcg_at_1_diff1": 0.893501,
        "nauc_ndcg_at_3_max": 0.78027,
        "nauc_ndcg_at_3_std": 0.117264,
        "nauc_ndcg_at_3_diff1": 0.87972,
        "nauc_ndcg_at_5_max": 0.777202,
        "nauc_ndcg_at_5_std": 0.081452,
        "nauc_ndcg_at_5_diff1": 0.888991,
        "nauc_ndcg_at_10_max": 0.771109,
        "nauc_ndcg_at_10_std": 0.084826,
        "nauc_ndcg_at_10_diff1": 0.88388,
        "nauc_ndcg_at_20_max": 0.770638,
        "nauc_ndcg_at_20_std": 0.090101,
        "nauc_ndcg_at_20_diff1": 0.885381,
        "nauc_ndcg_at_100_max": 0.766525,
        "nauc_ndcg_at_100_std": 0.092639,
        "nauc_ndcg_at_100_diff1": 0.884631,
        "nauc_ndcg_at_1000_max": 0.765869,
        "nauc_ndcg_at_1000_std": 0.098315,
        "nauc_ndcg_at_1000_diff1": 0.885173,
        "nauc_map_at_1_max": 0.740906,
        "nauc_map_at_1_std": 0.128111,
        "nauc_map_at_1_diff1": 0.893501,
        "nauc_map_at_3_max": 0.767307,
        "nauc_map_at_3_std": 0.118525,
        "nauc_map_at_3_diff1": 0.883066,
        "nauc_map_at_5_max": 0.765155,
        "nauc_map_at_5_std": 0.10256,
        "nauc_map_at_5_diff1": 0.88739,
        "nauc_map_at_10_max": 0.762508,
        "nauc_map_at_10_std": 0.10286,
        "nauc_map_at_10_diff1": 0.885544,
        "nauc_map_at_20_max": 0.762459,
        "nauc_map_at_20_std": 0.104171,
        "nauc_map_at_20_diff1": 0.885875,
        "nauc_map_at_100_max": 0.761981,
        "nauc_map_at_100_std": 0.104708,
        "nauc_map_at_100_diff1": 0.885886,
        "nauc_map_at_1000_max": 0.761958,
        "nauc_map_at_1000_std": 0.104987,
        "nauc_map_at_1000_diff1": 0.885885,
        "nauc_recall_at_1_max": 0.740906,
        "nauc_recall_at_1_std": 0.128111,
        "nauc_recall_at_1_diff1": 0.893501,
        "nauc_recall_at_3_max": 0.835574,
        "nauc_recall_at_3_std": 0.113212,
        "nauc_recall_at_3_diff1": 0.86613,
        "nauc_recall_at_5_max": 0.850966,
        "nauc_recall_at_5_std": -0.060098,
        "nauc_recall_at_5_diff1": 0.903307,
        "nauc_recall_at_10_max": 0.859277,
        "nauc_recall_at_10_std": -0.118281,
        "nauc_recall_at_10_diff1": 0.867114,
        "nauc_recall_at_20_max": 0.894699,
        "nauc_recall_at_20_std": -0.133624,
        "nauc_recall_at_20_diff1": 0.886399,
        "nauc_recall_at_100_max": 0.869281,
        "nauc_recall_at_100_std": -0.690943,
        "nauc_recall_at_100_diff1": 0.777077,
        "nauc_recall_at_1000_max": NaN,
        "nauc_recall_at_1000_std": NaN,
        "nauc_recall_at_1000_diff1": NaN,
        "nauc_precision_at_1_max": 0.740906,
        "nauc_precision_at_1_std": 0.128111,
        "nauc_precision_at_1_diff1": 0.893501,
        "nauc_precision_at_3_max": 0.835574,
        "nauc_precision_at_3_std": 0.113212,
        "nauc_precision_at_3_diff1": 0.86613,
        "nauc_precision_at_5_max": 0.850966,
        "nauc_precision_at_5_std": -0.060098,
        "nauc_precision_at_5_diff1": 0.903307,
        "nauc_precision_at_10_max": 0.859277,
        "nauc_precision_at_10_std": -0.118281,
        "nauc_precision_at_10_diff1": 0.867114,
        "nauc_precision_at_20_max": 0.894699,
        "nauc_precision_at_20_std": -0.133624,
        "nauc_precision_at_20_diff1": 0.886399,
        "nauc_precision_at_100_max": 0.869281,
        "nauc_precision_at_100_std": -0.690943,
        "nauc_precision_at_100_diff1": 0.777077,
        "nauc_precision_at_1000_max": 1.0,
        "nauc_precision_at_1000_std": 1.0,
        "nauc_precision_at_1000_diff1": 1.0,
        "nauc_mrr_at_1_max": 0.740906,
        "nauc_mrr_at_1_std": 0.128111,
        "nauc_mrr_at_1_diff1": 0.893501,
        "nauc_mrr_at_3_max": 0.767307,
        "nauc_mrr_at_3_std": 0.118525,
        "nauc_mrr_at_3_diff1": 0.883066,
        "nauc_mrr_at_5_max": 0.765155,
        "nauc_mrr_at_5_std": 0.10256,
        "nauc_mrr_at_5_diff1": 0.88739,
        "nauc_mrr_at_10_max": 0.762508,
        "nauc_mrr_at_10_std": 0.10286,
        "nauc_mrr_at_10_diff1": 0.885544,
        "nauc_mrr_at_20_max": 0.762459,
        "nauc_mrr_at_20_std": 0.104171,
        "nauc_mrr_at_20_diff1": 0.885875,
        "nauc_mrr_at_100_max": 0.761981,
        "nauc_mrr_at_100_std": 0.104708,
        "nauc_mrr_at_100_diff1": 0.885886,
        "nauc_mrr_at_1000_max": 0.761958,
        "nauc_mrr_at_1000_std": 0.104987,
        "nauc_mrr_at_1000_diff1": 0.885885,
        "main_score": 0.90879,
        "hf_subset": "default",
        "languages": [
          "eng-Latn"
        ]
      }
    ]
  },
  "evaluation_time": 287.1817934513092,
  "kg_co2_emissions": null
}