{
  "dataset_revision": "ca0f1732432ad623ba6172b15e8c726b76e50fad",
  "task_name": "legal-rag-bench",
  "mteb_version": "1.39.7",
  "scores": {
    "test": [
      {
        "ndcg_at_1": 0.27,
        "ndcg_at_3": 0.40333,
        "ndcg_at_5": 0.47304,
        "ndcg_at_10": 0.51204,
        "ndcg_at_20": 0.53917,
        "ndcg_at_100": 0.55293,
        "ndcg_at_1000": 0.55696,
        "map_at_1": 0.27,
        "map_at_3": 0.37,
        "map_at_5": 0.4085,
        "map_at_10": 0.42471,
        "map_at_20": 0.4318,
        "map_at_100": 0.43398,
        "map_at_1000": 0.43416,
        "recall_at_1": 0.27,
        "recall_at_3": 0.5,
        "recall_at_5": 0.67,
        "recall_at_10": 0.79,
        "recall_at_20": 0.9,
        "recall_at_100": 0.97,
        "recall_at_1000": 1.0,
        "precision_at_1": 0.27,
        "precision_at_3": 0.16667,
        "precision_at_5": 0.134,
        "precision_at_10": 0.079,
        "precision_at_20": 0.045,
        "precision_at_100": 0.0097,
        "precision_at_1000": 0.001,
        "mrr_at_1": 0.27,
        "mrr_at_3": 0.373333,
        "mrr_at_5": 0.409333,
        "mrr_at_10": 0.425548,
        "mrr_at_20": 0.432631,
        "mrr_at_100": 0.434815,
        "mrr_at_1000": 0.434998,
        "nauc_ndcg_at_1_max": 0.120374,
        "nauc_ndcg_at_1_std": -0.025899,
        "nauc_ndcg_at_1_diff1": 0.396696,
        "nauc_ndcg_at_3_max": 0.257109,
        "nauc_ndcg_at_3_std": 0.07735,
        "nauc_ndcg_at_3_diff1": 0.327326,
        "nauc_ndcg_at_5_max": 0.304528,
        "nauc_ndcg_at_5_std": 0.049943,
        "nauc_ndcg_at_5_diff1": 0.334568,
        "nauc_ndcg_at_10_max": 0.314013,
        "nauc_ndcg_at_10_std": 0.051007,
        "nauc_ndcg_at_10_diff1": 0.33918,
        "nauc_ndcg_at_20_max": 0.277039,
        "nauc_ndcg_at_20_std": 0.022053,
        "nauc_ndcg_at_20_diff1": 0.338183,
        "nauc_ndcg_at_100_max": 0.25565,
        "nauc_ndcg_at_100_std": 0.042763,
        "nauc_ndcg_at_100_diff1": 0.354019,
        "nauc_ndcg_at_1000_max": 0.254793,
        "nauc_ndcg_at_1000_std": 0.034294,
        "nauc_ndcg_at_1000_diff1": 0.355173,
        "nauc_map_at_1_max": 0.120374,
        "nauc_map_at_1_std": -0.025899,
        "nauc_map_at_1_diff1": 0.396696,
        "nauc_map_at_3_max": 0.223158,
        "nauc_map_at_3_std": 0.052425,
        "nauc_map_at_3_diff1": 0.351909,
        "nauc_map_at_5_max": 0.248321,
        "nauc_map_at_5_std": 0.034698,
        "nauc_map_at_5_diff1": 0.356107,
        "nauc_map_at_10_max": 0.248674,
        "nauc_map_at_10_std": 0.032109,
        "nauc_map_at_10_diff1": 0.35868,
        "nauc_map_at_20_max": 0.239257,
        "nauc_map_at_20_std": 0.025204,
        "nauc_map_at_20_diff1": 0.359591,
        "nauc_map_at_100_max": 0.23598,
        "nauc_map_at_100_std": 0.028063,
        "nauc_map_at_100_diff1": 0.361776,
        "nauc_map_at_1000_max": 0.235962,
        "nauc_map_at_1000_std": 0.027745,
        "nauc_map_at_1000_diff1": 0.361945,
        "nauc_recall_at_1_max": 0.120374,
        "nauc_recall_at_1_std": -0.025899,
        "nauc_recall_at_1_diff1": 0.396696,
        "nauc_recall_at_3_max": 0.353444,
        "nauc_recall_at_3_std": 0.147808,
        "nauc_recall_at_3_diff1": 0.254803,
        "nauc_recall_at_5_max": 0.503106,
        "nauc_recall_at_5_std": 0.099897,
        "nauc_recall_at_5_diff1": 0.259721,
        "nauc_recall_at_10_max": 0.641931,
        "nauc_recall_at_10_std": 0.147931,
        "nauc_recall_at_10_diff1": 0.248804,
        "nauc_recall_at_20_max": 0.551447,
        "nauc_recall_at_20_std": -0.069281,
        "nauc_recall_at_20_diff1": 0.135154,
        "nauc_recall_at_100_max": 0.317149,
        "nauc_recall_at_100_std": 0.558979,
        "nauc_recall_at_100_diff1": 0.330221,
        "nauc_recall_at_1000_max": NaN,
        "nauc_recall_at_1000_std": NaN,
        "nauc_recall_at_1000_diff1": NaN,
        "nauc_precision_at_1_max": 0.120374,
        "nauc_precision_at_1_std": -0.025899,
        "nauc_precision_at_1_diff1": 0.396696,
        "nauc_precision_at_3_max": 0.353444,
        "nauc_precision_at_3_std": 0.147808,
        "nauc_precision_at_3_diff1": 0.254803,
        "nauc_precision_at_5_max": 0.503106,
        "nauc_precision_at_5_std": 0.099897,
        "nauc_precision_at_5_diff1": 0.259721,
        "nauc_precision_at_10_max": 0.641931,
        "nauc_precision_at_10_std": 0.147931,
        "nauc_precision_at_10_diff1": 0.248804,
        "nauc_precision_at_20_max": 0.551447,
        "nauc_precision_at_20_std": -0.069281,
        "nauc_precision_at_20_diff1": 0.135154,
        "nauc_precision_at_100_max": 0.317149,
        "nauc_precision_at_100_std": 0.558979,
        "nauc_precision_at_100_diff1": 0.330221,
        "nauc_precision_at_1000_max": NaN,
        "nauc_precision_at_1000_std": NaN,
        "nauc_precision_at_1000_diff1": NaN,
        "nauc_mrr_at_1_max": 0.120374,
        "nauc_mrr_at_1_std": -0.025899,
        "nauc_mrr_at_1_diff1": 0.396696,
        "nauc_mrr_at_3_max": 0.240993,
        "nauc_mrr_at_3_std": 0.045531,
        "nauc_mrr_at_3_diff1": 0.344625,
        "nauc_mrr_at_5_max": 0.253018,
        "nauc_mrr_at_5_std": 0.032875,
        "nauc_mrr_at_5_diff1": 0.354202,
        "nauc_mrr_at_10_max": 0.253534,
        "nauc_mrr_at_10_std": 0.03022,
        "nauc_mrr_at_10_diff1": 0.356712,
        "nauc_mrr_at_20_max": 0.244203,
        "nauc_mrr_at_20_std": 0.023272,
        "nauc_mrr_at_20_diff1": 0.357585,
        "nauc_mrr_at_100_max": 0.240958,
        "nauc_mrr_at_100_std": 0.02612,
        "nauc_mrr_at_100_diff1": 0.359757,
        "nauc_mrr_at_1000_max": 0.240943,
        "nauc_mrr_at_1000_std": 0.0258,
        "nauc_mrr_at_1000_diff1": 0.359925,
        "main_score": 0.51204,
        "hf_subset": "default",
        "languages": [
          "eng-Latn"
        ]
      }
    ]
  },
  "evaluation_time": 1247.2131748199463,
  "kg_co2_emissions": null
}