{
  "dataset_revision": "ec00129f88e9476e582131dc3a5db9220dfefa48",
  "task_name": "license-tldr-retrieval",
  "mteb_version": "1.39.7",
  "scores": {
    "test": [
      {
        "ndcg_at_1": 0.56923,
        "ndcg_at_3": 0.66795,
        "ndcg_at_5": 0.69243,
        "ndcg_at_10": 0.71817,
        "ndcg_at_20": 0.72939,
        "ndcg_at_100": 0.74482,
        "ndcg_at_1000": 0.74482,
        "map_at_1": 0.56923,
        "map_at_3": 0.64359,
        "map_at_5": 0.65667,
        "map_at_10": 0.66782,
        "map_at_20": 0.67068,
        "map_at_100": 0.67328,
        "map_at_1000": 0.67328,
        "recall_at_1": 0.56923,
        "recall_at_3": 0.73846,
        "recall_at_5": 0.8,
        "recall_at_10": 0.87692,
        "recall_at_20": 0.92308,
        "recall_at_100": 1.0,
        "recall_at_1000": 1.0,
        "precision_at_1": 0.56923,
        "precision_at_3": 0.24615,
        "precision_at_5": 0.16,
        "precision_at_10": 0.08769,
        "precision_at_20": 0.04615,
        "precision_at_100": 0.01,
        "precision_at_1000": 0.001,
        "mrr_at_1": 0.569231,
        "mrr_at_3": 0.64359,
        "mrr_at_5": 0.656667,
        "mrr_at_10": 0.667821,
        "mrr_at_20": 0.670682,
        "mrr_at_100": 0.67328,
        "mrr_at_1000": 0.67328,
        "nauc_ndcg_at_1_max": 0.577721,
        "nauc_ndcg_at_1_std": 0.206184,
        "nauc_ndcg_at_1_diff1": 0.773311,
        "nauc_ndcg_at_3_max": 0.572124,
        "nauc_ndcg_at_3_std": 0.301842,
        "nauc_ndcg_at_3_diff1": 0.738913,
        "nauc_ndcg_at_5_max": 0.576516,
        "nauc_ndcg_at_5_std": 0.280132,
        "nauc_ndcg_at_5_diff1": 0.725428,
        "nauc_ndcg_at_10_max": 0.607516,
        "nauc_ndcg_at_10_std": 0.305795,
        "nauc_ndcg_at_10_diff1": 0.718602,
        "nauc_ndcg_at_20_max": 0.591914,
        "nauc_ndcg_at_20_std": 0.294063,
        "nauc_ndcg_at_20_diff1": 0.713606,
        "nauc_ndcg_at_100_max": 0.590323,
        "nauc_ndcg_at_100_std": 0.265448,
        "nauc_ndcg_at_100_diff1": 0.736412,
        "nauc_ndcg_at_1000_max": 0.590323,
        "nauc_ndcg_at_1000_std": 0.265448,
        "nauc_ndcg_at_1000_diff1": 0.736412,
        "nauc_map_at_1_max": 0.577721,
        "nauc_map_at_1_std": 0.206184,
        "nauc_map_at_1_diff1": 0.773311,
        "nauc_map_at_3_max": 0.574921,
        "nauc_map_at_3_std": 0.262074,
        "nauc_map_at_3_diff1": 0.750408,
        "nauc_map_at_5_max": 0.576408,
        "nauc_map_at_5_std": 0.25018,
        "nauc_map_at_5_diff1": 0.74388,
        "nauc_map_at_10_max": 0.589831,
        "nauc_map_at_10_std": 0.259225,
        "nauc_map_at_10_diff1": 0.742448,
        "nauc_map_at_20_max": 0.586074,
        "nauc_map_at_20_std": 0.255502,
        "nauc_map_at_20_diff1": 0.741837,
        "nauc_map_at_100_max": 0.586312,
        "nauc_map_at_100_std": 0.251538,
        "nauc_map_at_100_diff1": 0.744749,
        "nauc_map_at_1000_max": 0.586312,
        "nauc_map_at_1000_std": 0.251538,
        "nauc_map_at_1000_diff1": 0.744749,
        "nauc_recall_at_1_max": 0.577721,
        "nauc_recall_at_1_std": 0.206184,
        "nauc_recall_at_1_diff1": 0.773311,
        "nauc_recall_at_3_max": 0.561494,
        "nauc_recall_at_3_std": 0.450687,
        "nauc_recall_at_3_diff1": 0.696839,
        "nauc_recall_at_5_max": 0.578702,
        "nauc_recall_at_5_std": 0.411115,
        "nauc_recall_at_5_diff1": 0.642411,
        "nauc_recall_at_10_max": 0.738861,
        "nauc_recall_at_10_std": 0.626918,
        "nauc_recall_at_10_diff1": 0.550857,
        "nauc_recall_at_20_max": 0.633193,
        "nauc_recall_at_20_std": 0.684768,
        "nauc_recall_at_20_diff1": 0.393978,
        "nauc_recall_at_100_max": NaN,
        "nauc_recall_at_100_std": NaN,
        "nauc_recall_at_100_diff1": NaN,
        "nauc_recall_at_1000_max": NaN,
        "nauc_recall_at_1000_std": NaN,
        "nauc_recall_at_1000_diff1": NaN,
        "nauc_precision_at_1_max": 0.577721,
        "nauc_precision_at_1_std": 0.206184,
        "nauc_precision_at_1_diff1": 0.773311,
        "nauc_precision_at_3_max": 0.561494,
        "nauc_precision_at_3_std": 0.450687,
        "nauc_precision_at_3_diff1": 0.696839,
        "nauc_precision_at_5_max": 0.578702,
        "nauc_precision_at_5_std": 0.411115,
        "nauc_precision_at_5_diff1": 0.642411,
        "nauc_precision_at_10_max": 0.738861,
        "nauc_precision_at_10_std": 0.626918,
        "nauc_precision_at_10_diff1": 0.550857,
        "nauc_precision_at_20_max": 0.633193,
        "nauc_precision_at_20_std": 0.684768,
        "nauc_precision_at_20_diff1": 0.393978,
        "nauc_precision_at_100_max": NaN,
        "nauc_precision_at_100_std": NaN,
        "nauc_precision_at_100_diff1": NaN,
        "nauc_precision_at_1000_max": 1.0,
        "nauc_precision_at_1000_std": 1.0,
        "nauc_precision_at_1000_diff1": 1.0,
        "nauc_mrr_at_1_max": 0.577721,
        "nauc_mrr_at_1_std": 0.206184,
        "nauc_mrr_at_1_diff1": 0.773311,
        "nauc_mrr_at_3_max": 0.574921,
        "nauc_mrr_at_3_std": 0.262074,
        "nauc_mrr_at_3_diff1": 0.750408,
        "nauc_mrr_at_5_max": 0.576408,
        "nauc_mrr_at_5_std": 0.25018,
        "nauc_mrr_at_5_diff1": 0.74388,
        "nauc_mrr_at_10_max": 0.589831,
        "nauc_mrr_at_10_std": 0.259225,
        "nauc_mrr_at_10_diff1": 0.742448,
        "nauc_mrr_at_20_max": 0.586074,
        "nauc_mrr_at_20_std": 0.255502,
        "nauc_mrr_at_20_diff1": 0.741837,
        "nauc_mrr_at_100_max": 0.586312,
        "nauc_mrr_at_100_std": 0.251538,
        "nauc_mrr_at_100_diff1": 0.744749,
        "nauc_mrr_at_1000_max": 0.586312,
        "nauc_mrr_at_1000_std": 0.251538,
        "nauc_mrr_at_1000_diff1": 0.744749,
        "main_score": 0.71817,
        "hf_subset": "default",
        "languages": [
          "eng-Latn"
        ]
      }
    ]
  },
  "evaluation_time": 21.232106685638428,
  "kg_co2_emissions": null
}