{
  "dataset_revision": "319b6cc4b012d733f126a943a8a66bdf9df5dc40",
  "task_name": "scalr",
  "mteb_version": "1.39.7",
  "scores": {
    "test": [
      {
        "ndcg_at_1": 0.6,
        "ndcg_at_3": 0.71418,
        "ndcg_at_5": 0.73176,
        "ndcg_at_10": 0.74497,
        "ndcg_at_20": 0.75601,
        "ndcg_at_100": 0.76711,
        "ndcg_at_1000": 0.76934,
        "map_at_1": 0.6,
        "map_at_3": 0.68472,
        "map_at_5": 0.69472,
        "map_at_10": 0.7,
        "map_at_20": 0.70329,
        "map_at_100": 0.70492,
        "map_at_1000": 0.70502,
        "recall_at_1": 0.6,
        "recall_at_3": 0.8,
        "recall_at_5": 0.84167,
        "recall_at_10": 0.88333,
        "recall_at_20": 0.925,
        "recall_at_100": 0.98333,
        "recall_at_1000": 1.0,
        "precision_at_1": 0.6,
        "precision_at_3": 0.26667,
        "precision_at_5": 0.16833,
        "precision_at_10": 0.08833,
        "precision_at_20": 0.04625,
        "precision_at_100": 0.00983,
        "precision_at_1000": 0.001,
        "mrr_at_1": 0.6,
        "mrr_at_3": 0.684722,
        "mrr_at_5": 0.694722,
        "mrr_at_10": 0.699997,
        "mrr_at_20": 0.703294,
        "mrr_at_100": 0.704917,
        "mrr_at_1000": 0.705021,
        "nauc_ndcg_at_1_max": 0.404893,
        "nauc_ndcg_at_1_std": 0.040764,
        "nauc_ndcg_at_1_diff1": 0.669969,
        "nauc_ndcg_at_3_max": 0.408937,
        "nauc_ndcg_at_3_std": 0.104535,
        "nauc_ndcg_at_3_diff1": 0.613885,
        "nauc_ndcg_at_5_max": 0.407894,
        "nauc_ndcg_at_5_std": 0.078116,
        "nauc_ndcg_at_5_diff1": 0.603327,
        "nauc_ndcg_at_10_max": 0.39219,
        "nauc_ndcg_at_10_std": 0.084896,
        "nauc_ndcg_at_10_diff1": 0.590904,
        "nauc_ndcg_at_20_max": 0.420867,
        "nauc_ndcg_at_20_std": 0.083071,
        "nauc_ndcg_at_20_diff1": 0.589057,
        "nauc_ndcg_at_100_max": 0.402725,
        "nauc_ndcg_at_100_std": 0.062024,
        "nauc_ndcg_at_100_diff1": 0.608871,
        "nauc_ndcg_at_1000_max": 0.40583,
        "nauc_ndcg_at_1000_std": 0.0695,
        "nauc_ndcg_at_1000_diff1": 0.608881,
        "nauc_map_at_1_max": 0.404893,
        "nauc_map_at_1_std": 0.040764,
        "nauc_map_at_1_diff1": 0.669969,
        "nauc_map_at_3_max": 0.403085,
        "nauc_map_at_3_std": 0.081532,
        "nauc_map_at_3_diff1": 0.624966,
        "nauc_map_at_5_max": 0.402501,
        "nauc_map_at_5_std": 0.06675,
        "nauc_map_at_5_diff1": 0.620217,
        "nauc_map_at_10_max": 0.396777,
        "nauc_map_at_10_std": 0.069174,
        "nauc_map_at_10_diff1": 0.616424,
        "nauc_map_at_20_max": 0.404505,
        "nauc_map_at_20_std": 0.068613,
        "nauc_map_at_20_diff1": 0.616273,
        "nauc_map_at_100_max": 0.402182,
        "nauc_map_at_100_std": 0.06563,
        "nauc_map_at_100_diff1": 0.618755,
        "nauc_map_at_1000_max": 0.402428,
        "nauc_map_at_1000_std": 0.066013,
        "nauc_map_at_1000_diff1": 0.618685,
        "nauc_recall_at_1_max": 0.404893,
        "nauc_recall_at_1_std": 0.040764,
        "nauc_recall_at_1_diff1": 0.669969,
        "nauc_recall_at_3_max": 0.435294,
        "nauc_recall_at_3_std": 0.200112,
        "nauc_recall_at_3_diff1": 0.572095,
        "nauc_recall_at_5_max": 0.436858,
        "nauc_recall_at_5_std": 0.131989,
        "nauc_recall_at_5_diff1": 0.522433,
        "nauc_recall_at_10_max": 0.354526,
        "nauc_recall_at_10_std": 0.186047,
        "nauc_recall_at_10_diff1": 0.42045,
        "nauc_recall_at_20_max": 0.619878,
        "nauc_recall_at_20_std": 0.218539,
        "nauc_recall_at_20_diff1": 0.312066,
        "nauc_recall_at_100_max": 0.218254,
        "nauc_recall_at_100_std": -0.514472,
        "nauc_recall_at_100_diff1": 0.561391,
        "nauc_recall_at_1000_max": NaN,
        "nauc_recall_at_1000_std": NaN,
        "nauc_recall_at_1000_diff1": NaN,
        "nauc_precision_at_1_max": 0.404893,
        "nauc_precision_at_1_std": 0.040764,
        "nauc_precision_at_1_diff1": 0.669969,
        "nauc_precision_at_3_max": 0.435294,
        "nauc_precision_at_3_std": 0.200112,
        "nauc_precision_at_3_diff1": 0.572095,
        "nauc_precision_at_5_max": 0.436858,
        "nauc_precision_at_5_std": 0.131989,
        "nauc_precision_at_5_diff1": 0.522433,
        "nauc_precision_at_10_max": 0.354526,
        "nauc_precision_at_10_std": 0.186047,
        "nauc_precision_at_10_diff1": 0.42045,
        "nauc_precision_at_20_max": 0.619878,
        "nauc_precision_at_20_std": 0.218539,
        "nauc_precision_at_20_diff1": 0.312066,
        "nauc_precision_at_100_max": 0.218254,
        "nauc_precision_at_100_std": -0.514472,
        "nauc_precision_at_100_diff1": 0.561391,
        "nauc_precision_at_1000_max": 1.0,
        "nauc_precision_at_1000_std": 1.0,
        "nauc_precision_at_1000_diff1": 1.0,
        "nauc_mrr_at_1_max": 0.404893,
        "nauc_mrr_at_1_std": 0.040764,
        "nauc_mrr_at_1_diff1": 0.669969,
        "nauc_mrr_at_3_max": 0.403085,
        "nauc_mrr_at_3_std": 0.081532,
        "nauc_mrr_at_3_diff1": 0.624966,
        "nauc_mrr_at_5_max": 0.402501,
        "nauc_mrr_at_5_std": 0.06675,
        "nauc_mrr_at_5_diff1": 0.620217,
        "nauc_mrr_at_10_max": 0.396777,
        "nauc_mrr_at_10_std": 0.069174,
        "nauc_mrr_at_10_diff1": 0.616424,
        "nauc_mrr_at_20_max": 0.404505,
        "nauc_mrr_at_20_std": 0.068613,
        "nauc_mrr_at_20_diff1": 0.616273,
        "nauc_mrr_at_100_max": 0.402182,
        "nauc_mrr_at_100_std": 0.06563,
        "nauc_mrr_at_100_diff1": 0.618755,
        "nauc_mrr_at_1000_max": 0.402428,
        "nauc_mrr_at_1000_std": 0.066013,
        "nauc_mrr_at_1000_diff1": 0.618685,
        "main_score": 0.74497,
        "hf_subset": "default",
        "languages": [
          "eng-Latn"
        ]
      }
    ]
  },
  "evaluation_time": 158.77086567878723,
  "kg_co2_emissions": null
}