{
  "dataset_revision": "427e2ae4b22cd9ad990ef8dd4647c16d79c89198",
  "task_name": "singaporean-judicial-keywords",
  "mteb_version": "1.39.7",
  "scores": {
    "test": [
      {
        "ndcg_at_1": 0.906,
        "ndcg_at_3": 0.94002,
        "ndcg_at_5": 0.94493,
        "ndcg_at_10": 0.94833,
        "ndcg_at_20": 0.94992,
        "ndcg_at_100": 0.95149,
        "ndcg_at_1000": 0.95176,
        "map_at_1": 0.906,
        "map_at_3": 0.93233,
        "map_at_5": 0.93503,
        "map_at_10": 0.93654,
        "map_at_20": 0.93701,
        "map_at_100": 0.93726,
        "map_at_1000": 0.93727,
        "recall_at_1": 0.906,
        "recall_at_3": 0.962,
        "recall_at_5": 0.974,
        "recall_at_10": 0.984,
        "recall_at_20": 0.99,
        "recall_at_100": 0.998,
        "recall_at_1000": 1.0,
        "precision_at_1": 0.906,
        "precision_at_3": 0.32067,
        "precision_at_5": 0.1948,
        "precision_at_10": 0.0984,
        "precision_at_20": 0.0495,
        "precision_at_100": 0.00998,
        "precision_at_1000": 0.001,
        "mrr_at_1": 0.906,
        "mrr_at_3": 0.932333,
        "mrr_at_5": 0.935033,
        "mrr_at_10": 0.936541,
        "mrr_at_20": 0.937015,
        "mrr_at_100": 0.937259,
        "mrr_at_1000": 0.937271,
        "nauc_ndcg_at_1_max": 0.697539,
        "nauc_ndcg_at_1_std": 0.164442,
        "nauc_ndcg_at_1_diff1": 0.939408,
        "nauc_ndcg_at_3_max": 0.760243,
        "nauc_ndcg_at_3_std": 0.176295,
        "nauc_ndcg_at_3_diff1": 0.952738,
        "nauc_ndcg_at_5_max": 0.767472,
        "nauc_ndcg_at_5_std": 0.181191,
        "nauc_ndcg_at_5_diff1": 0.952202,
        "nauc_ndcg_at_10_max": 0.762796,
        "nauc_ndcg_at_10_std": 0.185962,
        "nauc_ndcg_at_10_diff1": 0.949051,
        "nauc_ndcg_at_20_max": 0.755276,
        "nauc_ndcg_at_20_std": 0.199509,
        "nauc_ndcg_at_20_diff1": 0.948846,
        "nauc_ndcg_at_100_max": 0.747352,
        "nauc_ndcg_at_100_std": 0.183072,
        "nauc_ndcg_at_100_diff1": 0.948299,
        "nauc_ndcg_at_1000_max": 0.745931,
        "nauc_ndcg_at_1000_std": 0.179214,
        "nauc_ndcg_at_1000_diff1": 0.948009,
        "nauc_map_at_1_max": 0.697539,
        "nauc_map_at_1_std": 0.164442,
        "nauc_map_at_1_diff1": 0.939408,
        "nauc_map_at_3_max": 0.740933,
        "nauc_map_at_3_std": 0.168808,
        "nauc_map_at_3_diff1": 0.948819,
        "nauc_map_at_5_max": 0.743536,
        "nauc_map_at_5_std": 0.170662,
        "nauc_map_at_5_diff1": 0.948301,
        "nauc_map_at_10_max": 0.7415,
        "nauc_map_at_10_std": 0.172183,
        "nauc_map_at_10_diff1": 0.947073,
        "nauc_map_at_20_max": 0.739557,
        "nauc_map_at_20_std": 0.174745,
        "nauc_map_at_20_diff1": 0.947021,
        "nauc_map_at_100_max": 0.738543,
        "nauc_map_at_100_std": 0.172714,
        "nauc_map_at_100_diff1": 0.946963,
        "nauc_map_at_1000_max": 0.738492,
        "nauc_map_at_1000_std": 0.17258,
        "nauc_map_at_1000_diff1": 0.946953,
        "nauc_recall_at_1_max": 0.697539,
        "nauc_recall_at_1_std": 0.164442,
        "nauc_recall_at_1_diff1": 0.939408,
        "nauc_recall_at_3_max": 0.858224,
        "nauc_recall_at_3_std": 0.217357,
        "nauc_recall_at_3_diff1": 0.97248,
        "nauc_recall_at_5_max": 0.940566,
        "nauc_recall_at_5_std": 0.26291,
        "nauc_recall_at_5_diff1": 0.979889,
        "nauc_recall_at_10_max": 1.0,
        "nauc_recall_at_10_std": 0.358543,
        "nauc_recall_at_10_diff1": 0.96732,
        "nauc_recall_at_20_max": 1.0,
        "nauc_recall_at_20_std": 0.742857,
        "nauc_recall_at_20_diff1": 0.973856,
        "nauc_recall_at_100_max": 1.0,
        "nauc_recall_at_100_std": 0.869281,
        "nauc_recall_at_100_diff1": 1.0,
        "nauc_recall_at_1000_max": NaN,
        "nauc_recall_at_1000_std": NaN,
        "nauc_recall_at_1000_diff1": NaN,
        "nauc_precision_at_1_max": 0.697539,
        "nauc_precision_at_1_std": 0.164442,
        "nauc_precision_at_1_diff1": 0.939408,
        "nauc_precision_at_3_max": 0.858224,
        "nauc_precision_at_3_std": 0.217357,
        "nauc_precision_at_3_diff1": 0.97248,
        "nauc_precision_at_5_max": 0.940566,
        "nauc_precision_at_5_std": 0.26291,
        "nauc_precision_at_5_diff1": 0.979889,
        "nauc_precision_at_10_max": 1.0,
        "nauc_precision_at_10_std": 0.358543,
        "nauc_precision_at_10_diff1": 0.96732,
        "nauc_precision_at_20_max": 1.0,
        "nauc_precision_at_20_std": 0.742857,
        "nauc_precision_at_20_diff1": 0.973856,
        "nauc_precision_at_100_max": 1.0,
        "nauc_precision_at_100_std": 0.869281,
        "nauc_precision_at_100_diff1": 1.0,
        "nauc_precision_at_1000_max": 1.0,
        "nauc_precision_at_1000_std": 1.0,
        "nauc_precision_at_1000_diff1": 1.0,
        "nauc_mrr_at_1_max": 0.697539,
        "nauc_mrr_at_1_std": 0.164442,
        "nauc_mrr_at_1_diff1": 0.939408,
        "nauc_mrr_at_3_max": 0.740933,
        "nauc_mrr_at_3_std": 0.168808,
        "nauc_mrr_at_3_diff1": 0.948819,
        "nauc_mrr_at_5_max": 0.743536,
        "nauc_mrr_at_5_std": 0.170662,
        "nauc_mrr_at_5_diff1": 0.948301,
        "nauc_mrr_at_10_max": 0.7415,
        "nauc_mrr_at_10_std": 0.172183,
        "nauc_mrr_at_10_diff1": 0.947073,
        "nauc_mrr_at_20_max": 0.739557,
        "nauc_mrr_at_20_std": 0.174745,
        "nauc_mrr_at_20_diff1": 0.947021,
        "nauc_mrr_at_100_max": 0.738543,
        "nauc_mrr_at_100_std": 0.172714,
        "nauc_mrr_at_100_diff1": 0.946963,
        "nauc_mrr_at_1000_max": 0.738492,
        "nauc_mrr_at_1000_std": 0.17258,
        "nauc_mrr_at_1000_diff1": 0.946953,
        "main_score": 0.94833,
        "hf_subset": "default",
        "languages": [
          "eng-Latn"
        ]
      }
    ]
  },
  "evaluation_time": 288.4488832950592,
  "kg_co2_emissions": null
}