{
  "dataset_revision": "436d6a79d06cac556799e9e0be54a6fb90bf7182",
  "task_name": "uk-legislative-long-titles",
  "mteb_version": "1.39.7",
  "scores": {
    "test": [
      {
        "ndcg_at_1": 0.9359,
        "ndcg_at_3": 0.95208,
        "ndcg_at_5": 0.9576,
        "ndcg_at_10": 0.96216,
        "ndcg_at_20": 0.96216,
        "ndcg_at_100": 0.96492,
        "ndcg_at_1000": 0.96492,
        "map_at_1": 0.9359,
        "map_at_3": 0.94872,
        "map_at_5": 0.95192,
        "map_at_10": 0.95406,
        "map_at_20": 0.95406,
        "map_at_100": 0.95459,
        "map_at_1000": 0.95459,
        "recall_at_1": 0.9359,
        "recall_at_3": 0.96154,
        "recall_at_5": 0.97436,
        "recall_at_10": 0.98718,
        "recall_at_20": 0.98718,
        "recall_at_100": 1.0,
        "recall_at_1000": 1.0,
        "precision_at_1": 0.9359,
        "precision_at_3": 0.32051,
        "precision_at_5": 0.19487,
        "precision_at_10": 0.09872,
        "precision_at_20": 0.04936,
        "precision_at_100": 0.01,
        "precision_at_1000": 0.001,
        "mrr_at_1": 0.935897,
        "mrr_at_3": 0.948718,
        "mrr_at_5": 0.951923,
        "mrr_at_10": 0.95406,
        "mrr_at_20": 0.95406,
        "mrr_at_100": 0.954594,
        "mrr_at_1000": 0.954594,
        "nauc_ndcg_at_1_max": 0.973782,
        "nauc_ndcg_at_1_std": 0.798485,
        "nauc_ndcg_at_1_diff1": 0.973782,
        "nauc_ndcg_at_3_max": 0.964931,
        "nauc_ndcg_at_3_std": 0.752587,
        "nauc_ndcg_at_3_diff1": 0.987057,
        "nauc_ndcg_at_5_max": 0.977435,
        "nauc_ndcg_at_5_std": 0.8345,
        "nauc_ndcg_at_5_diff1": 0.985372,
        "nauc_ndcg_at_10_max": 0.974711,
        "nauc_ndcg_at_10_std": 0.814525,
        "nauc_ndcg_at_10_diff1": 0.983606,
        "nauc_ndcg_at_20_max": 0.974711,
        "nauc_ndcg_at_20_std": 0.814525,
        "nauc_ndcg_at_20_diff1": 0.983606,
        "nauc_ndcg_at_100_max": 0.972721,
        "nauc_ndcg_at_100_std": 0.799927,
        "nauc_ndcg_at_100_diff1": 0.982316,
        "nauc_ndcg_at_1000_max": 0.972721,
        "nauc_ndcg_at_1000_std": 0.799927,
        "nauc_ndcg_at_1000_diff1": 0.982316,
        "nauc_map_at_1_max": 0.973782,
        "nauc_map_at_1_std": 0.798485,
        "nauc_map_at_1_diff1": 0.973782,
        "nauc_map_at_3_max": 0.967227,
        "nauc_map_at_3_std": 0.764493,
        "nauc_map_at_3_diff1": 0.983613,
        "nauc_map_at_5_max": 0.973782,
        "nauc_map_at_5_std": 0.807224,
        "nauc_map_at_5_diff1": 0.982521,
        "nauc_map_at_10_max": 0.972562,
        "nauc_map_at_10_std": 0.798258,
        "nauc_map_at_10_diff1": 0.981708,
        "nauc_map_at_20_max": 0.972562,
        "nauc_map_at_20_std": 0.798258,
        "nauc_map_at_20_diff1": 0.981708,
        "nauc_map_at_100_max": 0.972239,
        "nauc_map_at_100_std": 0.795885,
        "nauc_map_at_100_diff1": 0.981493,
        "nauc_map_at_1000_max": 0.972239,
        "nauc_map_at_1000_std": 0.795885,
        "nauc_map_at_1000_diff1": 0.981493,
        "nauc_recall_at_1_max": 0.973782,
        "nauc_recall_at_1_std": 0.798485,
        "nauc_recall_at_1_diff1": 0.973782,
        "nauc_recall_at_3_max": 0.956303,
        "nauc_recall_at_3_std": 0.707839,
        "nauc_recall_at_3_diff1": 1.0,
        "nauc_recall_at_5_max": 1.0,
        "nauc_recall_at_5_std": 1.0,
        "nauc_recall_at_5_diff1": 1.0,
        "nauc_recall_at_10_max": 1.0,
        "nauc_recall_at_10_std": 1.0,
        "nauc_recall_at_10_diff1": 1.0,
        "nauc_recall_at_20_max": 1.0,
        "nauc_recall_at_20_std": 1.0,
        "nauc_recall_at_20_diff1": 1.0,
        "nauc_recall_at_100_max": NaN,
        "nauc_recall_at_100_std": NaN,
        "nauc_recall_at_100_diff1": NaN,
        "nauc_recall_at_1000_max": NaN,
        "nauc_recall_at_1000_std": NaN,
        "nauc_recall_at_1000_diff1": NaN,
        "nauc_precision_at_1_max": 0.973782,
        "nauc_precision_at_1_std": 0.798485,
        "nauc_precision_at_1_diff1": 0.973782,
        "nauc_precision_at_3_max": 0.956303,
        "nauc_precision_at_3_std": 0.707839,
        "nauc_precision_at_3_diff1": 1.0,
        "nauc_precision_at_5_max": 1.0,
        "nauc_precision_at_5_std": 1.0,
        "nauc_precision_at_5_diff1": 1.0,
        "nauc_precision_at_10_max": 1.0,
        "nauc_precision_at_10_std": 1.0,
        "nauc_precision_at_10_diff1": 1.0,
        "nauc_precision_at_20_max": 1.0,
        "nauc_precision_at_20_std": 1.0,
        "nauc_precision_at_20_diff1": 1.0,
        "nauc_precision_at_100_max": 1.0,
        "nauc_precision_at_100_std": 1.0,
        "nauc_precision_at_100_diff1": 1.0,
        "nauc_precision_at_1000_max": 1.0,
        "nauc_precision_at_1000_std": 1.0,
        "nauc_precision_at_1000_diff1": 1.0,
        "nauc_mrr_at_1_max": 0.973782,
        "nauc_mrr_at_1_std": 0.798485,
        "nauc_mrr_at_1_diff1": 0.973782,
        "nauc_mrr_at_3_max": 0.967227,
        "nauc_mrr_at_3_std": 0.764493,
        "nauc_mrr_at_3_diff1": 0.983613,
        "nauc_mrr_at_5_max": 0.973782,
        "nauc_mrr_at_5_std": 0.807224,
        "nauc_mrr_at_5_diff1": 0.982521,
        "nauc_mrr_at_10_max": 0.972562,
        "nauc_mrr_at_10_std": 0.798258,
        "nauc_mrr_at_10_diff1": 0.981708,
        "nauc_mrr_at_20_max": 0.972562,
        "nauc_mrr_at_20_std": 0.798258,
        "nauc_mrr_at_20_diff1": 0.981708,
        "nauc_mrr_at_100_max": 0.972239,
        "nauc_mrr_at_100_std": 0.795885,
        "nauc_mrr_at_100_diff1": 0.981493,
        "nauc_mrr_at_1000_max": 0.972239,
        "nauc_mrr_at_1000_std": 0.795885,
        "nauc_mrr_at_1000_diff1": 0.981493,
        "main_score": 0.96216,
        "hf_subset": "default",
        "languages": [
          "eng-Latn"
        ]
      }
    ]
  },
  "evaluation_time": 54.864137172698975,
  "kg_co2_emissions": null
}