{
  "dataset_revision": "c64c3baac6bfd5f934d2df6e5d42dcb7d87c8ba8",
  "task_name": "australian-tax-guidance-retrieval",
  "mteb_version": "1.39.7",
  "scores": {
    "test": [
      {
        "ndcg_at_1": 0.58929,
        "ndcg_at_3": 0.68229,
        "ndcg_at_5": 0.72381,
        "ndcg_at_10": 0.74188,
        "ndcg_at_20": 0.75099,
        "ndcg_at_100": 0.76105,
        "ndcg_at_1000": 0.76105,
        "map_at_1": 0.58929,
        "map_at_3": 0.65625,
        "map_at_5": 0.67991,
        "map_at_10": 0.68782,
        "map_at_20": 0.69036,
        "map_at_100": 0.69178,
        "map_at_1000": 0.69178,
        "recall_at_1": 0.58929,
        "recall_at_3": 0.75893,
        "recall_at_5": 0.85714,
        "recall_at_10": 0.91071,
        "recall_at_20": 0.94643,
        "recall_at_100": 1.0,
        "recall_at_1000": 1.0,
        "precision_at_1": 0.58929,
        "precision_at_3": 0.25298,
        "precision_at_5": 0.17143,
        "precision_at_10": 0.09107,
        "precision_at_20": 0.04732,
        "precision_at_100": 0.01,
        "precision_at_1000": 0.001,
        "mrr_at_1": 0.589286,
        "mrr_at_3": 0.65625,
        "mrr_at_5": 0.679911,
        "mrr_at_10": 0.687819,
        "mrr_at_20": 0.690361,
        "mrr_at_100": 0.691779,
        "mrr_at_1000": 0.691779,
        "nauc_ndcg_at_1_max": 0.402599,
        "nauc_ndcg_at_1_std": 0.072637,
        "nauc_ndcg_at_1_diff1": 0.519947,
        "nauc_ndcg_at_3_max": 0.378798,
        "nauc_ndcg_at_3_std": 0.107422,
        "nauc_ndcg_at_3_diff1": 0.482574,
        "nauc_ndcg_at_5_max": 0.353959,
        "nauc_ndcg_at_5_std": 0.040997,
        "nauc_ndcg_at_5_diff1": 0.510287,
        "nauc_ndcg_at_10_max": 0.396114,
        "nauc_ndcg_at_10_std": 0.093017,
        "nauc_ndcg_at_10_diff1": 0.508201,
        "nauc_ndcg_at_20_max": 0.411006,
        "nauc_ndcg_at_20_std": 0.113841,
        "nauc_ndcg_at_20_diff1": 0.518493,
        "nauc_ndcg_at_100_max": 0.395724,
        "nauc_ndcg_at_100_std": 0.094199,
        "nauc_ndcg_at_100_diff1": 0.509053,
        "nauc_ndcg_at_1000_max": 0.395724,
        "nauc_ndcg_at_1000_std": 0.094199,
        "nauc_ndcg_at_1000_diff1": 0.509053,
        "nauc_map_at_1_max": 0.402599,
        "nauc_map_at_1_std": 0.072637,
        "nauc_map_at_1_diff1": 0.519947,
        "nauc_map_at_3_max": 0.38815,
        "nauc_map_at_3_std": 0.096325,
        "nauc_map_at_3_diff1": 0.494825,
        "nauc_map_at_5_max": 0.376003,
        "nauc_map_at_5_std": 0.061618,
        "nauc_map_at_5_diff1": 0.509627,
        "nauc_map_at_10_max": 0.39335,
        "nauc_map_at_10_std": 0.083254,
        "nauc_map_at_10_diff1": 0.507967,
        "nauc_map_at_20_max": 0.395916,
        "nauc_map_at_20_std": 0.088361,
        "nauc_map_at_20_diff1": 0.510144,
        "nauc_map_at_100_max": 0.394354,
        "nauc_map_at_100_std": 0.086932,
        "nauc_map_at_100_diff1": 0.508908,
        "nauc_map_at_1000_max": 0.394354,
        "nauc_map_at_1000_std": 0.086932,
        "nauc_map_at_1000_diff1": 0.508908,
        "nauc_recall_at_1_max": 0.402599,
        "nauc_recall_at_1_std": 0.072637,
        "nauc_recall_at_1_diff1": 0.519947,
        "nauc_recall_at_3_max": 0.342435,
        "nauc_recall_at_3_std": 0.14961,
        "nauc_recall_at_3_diff1": 0.435848,
        "nauc_recall_at_5_max": 0.225531,
        "nauc_recall_at_5_std": -0.085971,
        "nauc_recall_at_5_diff1": 0.519209,
        "nauc_recall_at_10_max": 0.438334,
        "nauc_recall_at_10_std": 0.186973,
        "nauc_recall_at_10_diff1": 0.521918,
        "nauc_recall_at_20_max": 0.71796,
        "nauc_recall_at_20_std": 0.545573,
        "nauc_recall_at_20_diff1": 0.690874,
        "nauc_recall_at_100_max": NaN,
        "nauc_recall_at_100_std": NaN,
        "nauc_recall_at_100_diff1": NaN,
        "nauc_recall_at_1000_max": NaN,
        "nauc_recall_at_1000_std": NaN,
        "nauc_recall_at_1000_diff1": NaN,
        "nauc_precision_at_1_max": 0.402599,
        "nauc_precision_at_1_std": 0.072637,
        "nauc_precision_at_1_diff1": 0.519947,
        "nauc_precision_at_3_max": 0.342435,
        "nauc_precision_at_3_std": 0.14961,
        "nauc_precision_at_3_diff1": 0.435848,
        "nauc_precision_at_5_max": 0.225531,
        "nauc_precision_at_5_std": -0.085971,
        "nauc_precision_at_5_diff1": 0.519209,
        "nauc_precision_at_10_max": 0.438334,
        "nauc_precision_at_10_std": 0.186973,
        "nauc_precision_at_10_diff1": 0.521918,
        "nauc_precision_at_20_max": 0.71796,
        "nauc_precision_at_20_std": 0.545573,
        "nauc_precision_at_20_diff1": 0.690874,
        "nauc_precision_at_100_max": NaN,
        "nauc_precision_at_100_std": NaN,
        "nauc_precision_at_100_diff1": NaN,
        "nauc_precision_at_1000_max": 1.0,
        "nauc_precision_at_1000_std": 1.0,
        "nauc_precision_at_1000_diff1": 1.0,
        "nauc_mrr_at_1_max": 0.402599,
        "nauc_mrr_at_1_std": 0.072637,
        "nauc_mrr_at_1_diff1": 0.519947,
        "nauc_mrr_at_3_max": 0.38815,
        "nauc_mrr_at_3_std": 0.096325,
        "nauc_mrr_at_3_diff1": 0.494825,
        "nauc_mrr_at_5_max": 0.376003,
        "nauc_mrr_at_5_std": 0.061618,
        "nauc_mrr_at_5_diff1": 0.509627,
        "nauc_mrr_at_10_max": 0.39335,
        "nauc_mrr_at_10_std": 0.083254,
        "nauc_mrr_at_10_diff1": 0.507967,
        "nauc_mrr_at_20_max": 0.395916,
        "nauc_mrr_at_20_std": 0.088361,
        "nauc_mrr_at_20_diff1": 0.510144,
        "nauc_mrr_at_100_max": 0.394354,
        "nauc_mrr_at_100_std": 0.086932,
        "nauc_mrr_at_100_diff1": 0.508908,
        "nauc_mrr_at_1000_max": 0.394354,
        "nauc_mrr_at_1000_std": 0.086932,
        "nauc_mrr_at_1000_diff1": 0.508908,
        "main_score": 0.74188,
        "hf_subset": "default",
        "languages": [
          "eng-Latn"
        ]
      }
    ]
  },
  "evaluation_time": 4.184881687164307,
  "kg_co2_emissions": null
}