{
  "dataset_revision": "dd157bbfa479359488c656981e3999da6f42e4e9",
  "task_name": "bar-exam-qa",
  "mteb_version": "1.39.7",
  "scores": {
    "test": [
      {
        "ndcg_at_1": 0.20513,
        "ndcg_at_3": 0.33842,
        "ndcg_at_5": 0.3741,
        "ndcg_at_10": 0.40879,
        "ndcg_at_20": 0.43689,
        "ndcg_at_100": 0.48437,
        "ndcg_at_1000": 0.48562,
        "map_at_1": 0.20513,
        "map_at_3": 0.30484,
        "map_at_5": 0.32493,
        "map_at_10": 0.33852,
        "map_at_20": 0.34624,
        "map_at_100": 0.35333,
        "map_at_1000": 0.35341,
        "recall_at_1": 0.20513,
        "recall_at_3": 0.4359,
        "recall_at_5": 0.52137,
        "recall_at_10": 0.63248,
        "recall_at_20": 0.74359,
        "recall_at_100": 0.99145,
        "recall_at_1000": 1.0,
        "precision_at_1": 0.20513,
        "precision_at_3": 0.1453,
        "precision_at_5": 0.10427,
        "precision_at_10": 0.06325,
        "precision_at_20": 0.03718,
        "precision_at_100": 0.00991,
        "precision_at_1000": 0.001,
        "mrr_at_1": 0.205128,
        "mrr_at_3": 0.304843,
        "mrr_at_5": 0.324929,
        "mrr_at_10": 0.338516,
        "mrr_at_20": 0.346242,
        "mrr_at_100": 0.353331,
        "mrr_at_1000": 0.353408,
        "nauc_ndcg_at_1_max": 0.097888,
        "nauc_ndcg_at_1_std": 0.07982,
        "nauc_ndcg_at_1_diff1": 0.088544,
        "nauc_ndcg_at_3_max": 0.145122,
        "nauc_ndcg_at_3_std": 0.079852,
        "nauc_ndcg_at_3_diff1": -0.032329,
        "nauc_ndcg_at_5_max": 0.209242,
        "nauc_ndcg_at_5_std": 0.161839,
        "nauc_ndcg_at_5_diff1": 0.053111,
        "nauc_ndcg_at_10_max": 0.160344,
        "nauc_ndcg_at_10_std": 0.106509,
        "nauc_ndcg_at_10_diff1": 0.058954,
        "nauc_ndcg_at_20_max": 0.178133,
        "nauc_ndcg_at_20_std": 0.148388,
        "nauc_ndcg_at_20_diff1": 0.028908,
        "nauc_ndcg_at_100_max": 0.168047,
        "nauc_ndcg_at_100_std": 0.132827,
        "nauc_ndcg_at_100_diff1": 0.050677,
        "nauc_ndcg_at_1000_max": 0.168263,
        "nauc_ndcg_at_1000_std": 0.12989,
        "nauc_ndcg_at_1000_diff1": 0.046601,
        "nauc_map_at_1_max": 0.097888,
        "nauc_map_at_1_std": 0.07982,
        "nauc_map_at_1_diff1": 0.088544,
        "nauc_map_at_3_max": 0.141809,
        "nauc_map_at_3_std": 0.086294,
        "nauc_map_at_3_diff1": 0.003343,
        "nauc_map_at_5_max": 0.179312,
        "nauc_map_at_5_std": 0.134164,
        "nauc_map_at_5_diff1": 0.052988,
        "nauc_map_at_10_max": 0.159717,
        "nauc_map_at_10_std": 0.111944,
        "nauc_map_at_10_diff1": 0.055674,
        "nauc_map_at_20_max": 0.164648,
        "nauc_map_at_20_std": 0.123865,
        "nauc_map_at_20_diff1": 0.047762,
        "nauc_map_at_100_max": 0.162657,
        "nauc_map_at_100_std": 0.121795,
        "nauc_map_at_100_diff1": 0.050733,
        "nauc_map_at_1000_max": 0.162666,
        "nauc_map_at_1000_std": 0.121643,
        "nauc_map_at_1000_diff1": 0.050526,
        "nauc_recall_at_1_max": 0.097888,
        "nauc_recall_at_1_std": 0.07982,
        "nauc_recall_at_1_diff1": 0.088544,
        "nauc_recall_at_3_max": 0.151179,
        "nauc_recall_at_3_std": 0.060612,
        "nauc_recall_at_3_diff1": -0.129033,
        "nauc_recall_at_5_max": 0.294731,
        "nauc_recall_at_5_std": 0.243765,
        "nauc_recall_at_5_diff1": 0.060648,
        "nauc_recall_at_10_max": 0.14339,
        "nauc_recall_at_10_std": 0.071225,
        "nauc_recall_at_10_diff1": 0.078752,
        "nauc_recall_at_20_max": 0.226413,
        "nauc_recall_at_20_std": 0.266516,
        "nauc_recall_at_20_diff1": -0.069161,
        "nauc_recall_at_100_max": 0.124673,
        "nauc_recall_at_100_std": 0.722475,
        "nauc_recall_at_100_diff1": 0.868908,
        "nauc_recall_at_1000_max": NaN,
        "nauc_recall_at_1000_std": NaN,
        "nauc_recall_at_1000_diff1": NaN,
        "nauc_precision_at_1_max": 0.097888,
        "nauc_precision_at_1_std": 0.07982,
        "nauc_precision_at_1_diff1": 0.088544,
        "nauc_precision_at_3_max": 0.151179,
        "nauc_precision_at_3_std": 0.060612,
        "nauc_precision_at_3_diff1": -0.129033,
        "nauc_precision_at_5_max": 0.294731,
        "nauc_precision_at_5_std": 0.243765,
        "nauc_precision_at_5_diff1": 0.060648,
        "nauc_precision_at_10_max": 0.14339,
        "nauc_precision_at_10_std": 0.071225,
        "nauc_precision_at_10_diff1": 0.078752,
        "nauc_precision_at_20_max": 0.226413,
        "nauc_precision_at_20_std": 0.266516,
        "nauc_precision_at_20_diff1": -0.069161,
        "nauc_precision_at_100_max": 0.124673,
        "nauc_precision_at_100_std": 0.722475,
        "nauc_precision_at_100_diff1": 0.868908,
        "nauc_precision_at_1000_max": 1.0,
        "nauc_precision_at_1000_std": 1.0,
        "nauc_precision_at_1000_diff1": 1.0,
        "nauc_mrr_at_1_max": 0.097888,
        "nauc_mrr_at_1_std": 0.07982,
        "nauc_mrr_at_1_diff1": 0.088544,
        "nauc_mrr_at_3_max": 0.141809,
        "nauc_mrr_at_3_std": 0.086294,
        "nauc_mrr_at_3_diff1": 0.003343,
        "nauc_mrr_at_5_max": 0.179312,
        "nauc_mrr_at_5_std": 0.134164,
        "nauc_mrr_at_5_diff1": 0.052988,
        "nauc_mrr_at_10_max": 0.159717,
        "nauc_mrr_at_10_std": 0.111944,
        "nauc_mrr_at_10_diff1": 0.055674,
        "nauc_mrr_at_20_max": 0.164648,
        "nauc_mrr_at_20_std": 0.123865,
        "nauc_mrr_at_20_diff1": 0.047762,
        "nauc_mrr_at_100_max": 0.162657,
        "nauc_mrr_at_100_std": 0.121795,
        "nauc_mrr_at_100_diff1": 0.050733,
        "nauc_mrr_at_1000_max": 0.162666,
        "nauc_mrr_at_1000_std": 0.121643,
        "nauc_mrr_at_1000_diff1": 0.050526,
        "main_score": 0.40879,
        "hf_subset": "default",
        "languages": [
          "eng-Latn"
        ]
      }
    ]
  },
  "evaluation_time": 2.190133810043335,
  "kg_co2_emissions": null
}