{
  "dataset_revision": "2095f248902963b4480ac96b774ba64b2104cbee",
  "task_name": "consumer-contracts-qa",
  "mteb_version": "1.39.7",
  "scores": {
    "test": [
      {
        "ndcg_at_1": 0.68687,
        "ndcg_at_3": 0.77772,
        "ndcg_at_5": 0.7925,
        "ndcg_at_10": 0.81435,
        "ndcg_at_20": 0.82212,
        "ndcg_at_100": 0.8273,
        "ndcg_at_1000": 0.8273,
        "map_at_1": 0.68687,
        "map_at_3": 0.75505,
        "map_at_5": 0.76338,
        "map_at_10": 0.77277,
        "map_at_20": 0.77495,
        "map_at_100": 0.77585,
        "map_at_1000": 0.77585,
        "recall_at_1": 0.68687,
        "recall_at_3": 0.84343,
        "recall_at_5": 0.87879,
        "recall_at_10": 0.94444,
        "recall_at_20": 0.97475,
        "recall_at_100": 1.0,
        "recall_at_1000": 1.0,
        "precision_at_1": 0.68687,
        "precision_at_3": 0.28114,
        "precision_at_5": 0.17576,
        "precision_at_10": 0.09444,
        "precision_at_20": 0.04874,
        "precision_at_100": 0.01,
        "precision_at_1000": 0.001,
        "mrr_at_1": 0.686869,
        "mrr_at_3": 0.755051,
        "mrr_at_5": 0.763384,
        "mrr_at_10": 0.772767,
        "mrr_at_20": 0.774955,
        "mrr_at_100": 0.775846,
        "mrr_at_1000": 0.775846,
        "nauc_ndcg_at_1_max": 0.420721,
        "nauc_ndcg_at_1_std": 0.028906,
        "nauc_ndcg_at_1_diff1": 0.59393,
        "nauc_ndcg_at_3_max": 0.449462,
        "nauc_ndcg_at_3_std": 0.082831,
        "nauc_ndcg_at_3_diff1": 0.568818,
        "nauc_ndcg_at_5_max": 0.483817,
        "nauc_ndcg_at_5_std": 0.120958,
        "nauc_ndcg_at_5_diff1": 0.563799,
        "nauc_ndcg_at_10_max": 0.459512,
        "nauc_ndcg_at_10_std": 0.107404,
        "nauc_ndcg_at_10_diff1": 0.576214,
        "nauc_ndcg_at_20_max": 0.454888,
        "nauc_ndcg_at_20_std": 0.086098,
        "nauc_ndcg_at_20_diff1": 0.583345,
        "nauc_ndcg_at_100_max": 0.447393,
        "nauc_ndcg_at_100_std": 0.084496,
        "nauc_ndcg_at_100_diff1": 0.578175,
        "nauc_ndcg_at_1000_max": 0.447393,
        "nauc_ndcg_at_1000_std": 0.084496,
        "nauc_ndcg_at_1000_diff1": 0.578175,
        "nauc_map_at_1_max": 0.420721,
        "nauc_map_at_1_std": 0.028906,
        "nauc_map_at_1_diff1": 0.59393,
        "nauc_map_at_3_max": 0.438857,
        "nauc_map_at_3_std": 0.069151,
        "nauc_map_at_3_diff1": 0.575763,
        "nauc_map_at_5_max": 0.454984,
        "nauc_map_at_5_std": 0.087297,
        "nauc_map_at_5_diff1": 0.573743,
        "nauc_map_at_10_max": 0.444926,
        "nauc_map_at_10_std": 0.082967,
        "nauc_map_at_10_diff1": 0.57831,
        "nauc_map_at_20_max": 0.4437,
        "nauc_map_at_20_std": 0.077882,
        "nauc_map_at_20_diff1": 0.579953,
        "nauc_map_at_100_max": 0.442586,
        "nauc_map_at_100_std": 0.077415,
        "nauc_map_at_100_diff1": 0.579231,
        "nauc_map_at_1000_max": 0.442586,
        "nauc_map_at_1000_std": 0.077415,
        "nauc_map_at_1000_diff1": 0.579231,
        "nauc_recall_at_1_max": 0.420721,
        "nauc_recall_at_1_std": 0.028906,
        "nauc_recall_at_1_diff1": 0.59393,
        "nauc_recall_at_3_max": 0.495034,
        "nauc_recall_at_3_std": 0.138623,
        "nauc_recall_at_3_diff1": 0.540093,
        "nauc_recall_at_5_max": 0.641512,
        "nauc_recall_at_5_std": 0.300232,
        "nauc_recall_at_5_diff1": 0.511888,
        "nauc_recall_at_10_max": 0.605477,
        "nauc_recall_at_10_std": 0.344977,
        "nauc_recall_at_10_diff1": 0.569786,
        "nauc_recall_at_20_max": 0.670116,
        "nauc_recall_at_20_std": 0.114245,
        "nauc_recall_at_20_diff1": 0.734182,
        "nauc_recall_at_100_max": NaN,
        "nauc_recall_at_100_std": NaN,
        "nauc_recall_at_100_diff1": NaN,
        "nauc_recall_at_1000_max": NaN,
        "nauc_recall_at_1000_std": NaN,
        "nauc_recall_at_1000_diff1": NaN,
        "nauc_precision_at_1_max": 0.420721,
        "nauc_precision_at_1_std": 0.028906,
        "nauc_precision_at_1_diff1": 0.59393,
        "nauc_precision_at_3_max": 0.495034,
        "nauc_precision_at_3_std": 0.138623,
        "nauc_precision_at_3_diff1": 0.540093,
        "nauc_precision_at_5_max": 0.641512,
        "nauc_precision_at_5_std": 0.300232,
        "nauc_precision_at_5_diff1": 0.511888,
        "nauc_precision_at_10_max": 0.605477,
        "nauc_precision_at_10_std": 0.344977,
        "nauc_precision_at_10_diff1": 0.569786,
        "nauc_precision_at_20_max": 0.670116,
        "nauc_precision_at_20_std": 0.114245,
        "nauc_precision_at_20_diff1": 0.734182,
        "nauc_precision_at_100_max": 1.0,
        "nauc_precision_at_100_std": 1.0,
        "nauc_precision_at_100_diff1": 1.0,
        "nauc_precision_at_1000_max": 1.0,
        "nauc_precision_at_1000_std": 1.0,
        "nauc_precision_at_1000_diff1": 1.0,
        "nauc_mrr_at_1_max": 0.420721,
        "nauc_mrr_at_1_std": 0.028906,
        "nauc_mrr_at_1_diff1": 0.59393,
        "nauc_mrr_at_3_max": 0.438857,
        "nauc_mrr_at_3_std": 0.069151,
        "nauc_mrr_at_3_diff1": 0.575763,
        "nauc_mrr_at_5_max": 0.454984,
        "nauc_mrr_at_5_std": 0.087297,
        "nauc_mrr_at_5_diff1": 0.573743,
        "nauc_mrr_at_10_max": 0.444926,
        "nauc_mrr_at_10_std": 0.082967,
        "nauc_mrr_at_10_diff1": 0.57831,
        "nauc_mrr_at_20_max": 0.4437,
        "nauc_mrr_at_20_std": 0.077882,
        "nauc_mrr_at_20_diff1": 0.579953,
        "nauc_mrr_at_100_max": 0.442586,
        "nauc_mrr_at_100_std": 0.077415,
        "nauc_mrr_at_100_diff1": 0.579231,
        "nauc_mrr_at_1000_max": 0.442586,
        "nauc_mrr_at_1000_std": 0.077415,
        "nauc_mrr_at_1000_diff1": 0.579231,
        "main_score": 0.81435,
        "hf_subset": "default",
        "languages": [
          "eng-Latn"
        ]
      }
    ]
  },
  "evaluation_time": 2.8359241485595703,
  "kg_co2_emissions": null
}