{
  "dataset_revision": "48ed7bcb1f50896a0f71461a04b2df0ca84329d9",
  "task_name": "contractual-clause-retrieval",
  "mteb_version": "1.39.7",
  "scores": {
    "test": [
      {
        "ndcg_at_1": 0.57778,
        "ndcg_at_3": 0.57713,
        "ndcg_at_5": 0.63402,
        "ndcg_at_10": 0.65312,
        "ndcg_at_20": 0.70141,
        "ndcg_at_100": 0.72289,
        "ndcg_at_1000": 0.72289,
        "map_at_1": 0.28889,
        "map_at_3": 0.53333,
        "map_at_5": 0.57278,
        "map_at_10": 0.58548,
        "map_at_20": 0.60322,
        "map_at_100": 0.60799,
        "map_at_1000": 0.60799,
        "recall_at_1": 0.28889,
        "recall_at_3": 0.6,
        "recall_at_5": 0.71111,
        "recall_at_10": 0.75556,
        "recall_at_20": 0.91111,
        "recall_at_100": 1.0,
        "recall_at_1000": 1.0,
        "precision_at_1": 0.57778,
        "precision_at_3": 0.4,
        "precision_at_5": 0.28444,
        "precision_at_10": 0.15111,
        "precision_at_20": 0.09111,
        "precision_at_100": 0.02,
        "precision_at_1000": 0.002,
        "mrr_at_1": 0.577778,
        "mrr_at_3": 0.637037,
        "mrr_at_5": 0.662593,
        "mrr_at_10": 0.665767,
        "mrr_at_20": 0.673552,
        "mrr_at_100": 0.675173,
        "mrr_at_1000": 0.675173,
        "nauc_ndcg_at_1_max": 0.446613,
        "nauc_ndcg_at_1_std": -0.113903,
        "nauc_ndcg_at_1_diff1": 0.854163,
        "nauc_ndcg_at_3_max": 0.471884,
        "nauc_ndcg_at_3_std": 0.013352,
        "nauc_ndcg_at_3_diff1": 0.610393,
        "nauc_ndcg_at_5_max": 0.444191,
        "nauc_ndcg_at_5_std": -0.024181,
        "nauc_ndcg_at_5_diff1": 0.629475,
        "nauc_ndcg_at_10_max": 0.420347,
        "nauc_ndcg_at_10_std": -0.04472,
        "nauc_ndcg_at_10_diff1": 0.62505,
        "nauc_ndcg_at_20_max": 0.437041,
        "nauc_ndcg_at_20_std": -0.056364,
        "nauc_ndcg_at_20_diff1": 0.643555,
        "nauc_ndcg_at_100_max": 0.441204,
        "nauc_ndcg_at_100_std": -0.041049,
        "nauc_ndcg_at_100_diff1": 0.644572,
        "nauc_ndcg_at_1000_max": 0.441204,
        "nauc_ndcg_at_1000_std": -0.041049,
        "nauc_ndcg_at_1000_diff1": 0.644572,
        "nauc_map_at_1_max": 0.446613,
        "nauc_map_at_1_std": -0.113903,
        "nauc_map_at_1_diff1": 0.854163,
        "nauc_map_at_3_max": 0.463802,
        "nauc_map_at_3_std": 0.020808,
        "nauc_map_at_3_diff1": 0.554648,
        "nauc_map_at_5_max": 0.449905,
        "nauc_map_at_5_std": 0.005217,
        "nauc_map_at_5_diff1": 0.581085,
        "nauc_map_at_10_max": 0.436993,
        "nauc_map_at_10_std": -0.005669,
        "nauc_map_at_10_diff1": 0.579112,
        "nauc_map_at_20_max": 0.442836,
        "nauc_map_at_20_std": -0.01007,
        "nauc_map_at_20_diff1": 0.581644,
        "nauc_map_at_100_max": 0.442508,
        "nauc_map_at_100_std": -0.007908,
        "nauc_map_at_100_diff1": 0.580468,
        "nauc_map_at_1000_max": 0.442508,
        "nauc_map_at_1000_std": -0.007908,
        "nauc_map_at_1000_diff1": 0.580468,
        "nauc_recall_at_1_max": 0.446613,
        "nauc_recall_at_1_std": -0.113903,
        "nauc_recall_at_1_diff1": 0.854163,
        "nauc_recall_at_3_max": 0.459474,
        "nauc_recall_at_3_std": 0.057144,
        "nauc_recall_at_3_diff1": 0.525086,
        "nauc_recall_at_5_max": 0.407307,
        "nauc_recall_at_5_std": -0.010933,
        "nauc_recall_at_5_diff1": 0.559711,
        "nauc_recall_at_10_max": 0.334322,
        "nauc_recall_at_10_std": -0.067722,
        "nauc_recall_at_10_diff1": 0.537073,
        "nauc_recall_at_20_max": 0.382499,
        "nauc_recall_at_20_std": -0.193539,
        "nauc_recall_at_20_diff1": 0.602737,
        "nauc_recall_at_100_max": NaN,
        "nauc_recall_at_100_std": NaN,
        "nauc_recall_at_100_diff1": NaN,
        "nauc_recall_at_1000_max": NaN,
        "nauc_recall_at_1000_std": NaN,
        "nauc_recall_at_1000_diff1": NaN,
        "nauc_precision_at_1_max": 0.446613,
        "nauc_precision_at_1_std": -0.113903,
        "nauc_precision_at_1_diff1": 0.854163,
        "nauc_precision_at_3_max": 0.459474,
        "nauc_precision_at_3_std": 0.057144,
        "nauc_precision_at_3_diff1": 0.525086,
        "nauc_precision_at_5_max": 0.407307,
        "nauc_precision_at_5_std": -0.010933,
        "nauc_precision_at_5_diff1": 0.559711,
        "nauc_precision_at_10_max": 0.334322,
        "nauc_precision_at_10_std": -0.067722,
        "nauc_precision_at_10_diff1": 0.537073,
        "nauc_precision_at_20_max": 0.382499,
        "nauc_precision_at_20_std": -0.193539,
        "nauc_precision_at_20_diff1": 0.602737,
        "nauc_precision_at_100_max": 1.0,
        "nauc_precision_at_100_std": 1.0,
        "nauc_precision_at_100_diff1": 1.0,
        "nauc_precision_at_1000_max": NaN,
        "nauc_precision_at_1000_std": NaN,
        "nauc_precision_at_1000_diff1": NaN,
        "nauc_mrr_at_1_max": 0.446613,
        "nauc_mrr_at_1_std": -0.113903,
        "nauc_mrr_at_1_diff1": 0.854163,
        "nauc_mrr_at_3_max": 0.47909,
        "nauc_mrr_at_3_std": -0.06646,
        "nauc_mrr_at_3_diff1": 0.821561,
        "nauc_mrr_at_5_max": 0.453739,
        "nauc_mrr_at_5_std": -0.108985,
        "nauc_mrr_at_5_diff1": 0.80292,
        "nauc_mrr_at_10_max": 0.448133,
        "nauc_mrr_at_10_std": -0.11431,
        "nauc_mrr_at_10_diff1": 0.800897,
        "nauc_mrr_at_20_max": 0.447618,
        "nauc_mrr_at_20_std": -0.112672,
        "nauc_mrr_at_20_diff1": 0.806471,
        "nauc_mrr_at_100_max": 0.450578,
        "nauc_mrr_at_100_std": -0.10945,
        "nauc_mrr_at_100_diff1": 0.808063,
        "nauc_mrr_at_1000_max": 0.450578,
        "nauc_mrr_at_1000_std": -0.10945,
        "nauc_mrr_at_1000_diff1": 0.808063,
        "main_score": 0.65312,
        "hf_subset": "default",
        "languages": [
          "eng-Latn"
        ]
      }
    ]
  },
  "evaluation_time": 1.3039917945861816,
  "kg_co2_emissions": null
}