{
  "dataset_revision": "f5452494f09a6d51c37b56883a65ef742ac07c99",
  "task_name": "echr-retrieval",
  "mteb_version": "1.39.7",
  "scores": {
    "test": [
      {
        "ndcg_at_1": 0.08,
        "ndcg_at_3": 0.11774,
        "ndcg_at_5": 0.1511,
        "ndcg_at_10": 0.19071,
        "ndcg_at_20": 0.22781,
        "ndcg_at_100": 0.28848,
        "ndcg_at_1000": 0.31197,
        "map_at_1": 0.08,
        "map_at_3": 0.10833,
        "map_at_5": 0.12708,
        "map_at_10": 0.14296,
        "map_at_20": 0.15337,
        "map_at_100": 0.16122,
        "map_at_1000": 0.16237,
        "recall_at_1": 0.08,
        "recall_at_3": 0.145,
        "recall_at_5": 0.225,
        "recall_at_10": 0.35,
        "recall_at_20": 0.495,
        "recall_at_100": 0.83,
        "recall_at_1000": 1.0,
        "precision_at_1": 0.08,
        "precision_at_3": 0.04833,
        "precision_at_5": 0.045,
        "precision_at_10": 0.035,
        "precision_at_20": 0.02475,
        "precision_at_100": 0.0083,
        "precision_at_1000": 0.001,
        "mrr_at_1": 0.08,
        "mrr_at_3": 0.108333,
        "mrr_at_5": 0.127083,
        "mrr_at_10": 0.142962,
        "mrr_at_20": 0.153367,
        "mrr_at_100": 0.161225,
        "mrr_at_1000": 0.162374,
        "nauc_ndcg_at_1_max": 0.363848,
        "nauc_ndcg_at_1_std": 0.187768,
        "nauc_ndcg_at_1_diff1": 0.256138,
        "nauc_ndcg_at_3_max": 0.350131,
        "nauc_ndcg_at_3_std": 0.204397,
        "nauc_ndcg_at_3_diff1": 0.197108,
        "nauc_ndcg_at_5_max": 0.319204,
        "nauc_ndcg_at_5_std": 0.193684,
        "nauc_ndcg_at_5_diff1": 0.163548,
        "nauc_ndcg_at_10_max": 0.325144,
        "nauc_ndcg_at_10_std": 0.256636,
        "nauc_ndcg_at_10_diff1": 0.120431,
        "nauc_ndcg_at_20_max": 0.390162,
        "nauc_ndcg_at_20_std": 0.325542,
        "nauc_ndcg_at_20_diff1": 0.120888,
        "nauc_ndcg_at_100_max": 0.367595,
        "nauc_ndcg_at_100_std": 0.324822,
        "nauc_ndcg_at_100_diff1": 0.17384,
        "nauc_ndcg_at_1000_max": 0.359412,
        "nauc_ndcg_at_1000_std": 0.280161,
        "nauc_ndcg_at_1000_diff1": 0.165961,
        "nauc_map_at_1_max": 0.363848,
        "nauc_map_at_1_std": 0.187768,
        "nauc_map_at_1_diff1": 0.256138,
        "nauc_map_at_3_max": 0.352871,
        "nauc_map_at_3_std": 0.20449,
        "nauc_map_at_3_diff1": 0.20845,
        "nauc_map_at_5_max": 0.33006,
        "nauc_map_at_5_std": 0.196354,
        "nauc_map_at_5_diff1": 0.185925,
        "nauc_map_at_10_max": 0.334905,
        "nauc_map_at_10_std": 0.226783,
        "nauc_map_at_10_diff1": 0.165899,
        "nauc_map_at_20_max": 0.357993,
        "nauc_map_at_20_std": 0.250581,
        "nauc_map_at_20_diff1": 0.166431,
        "nauc_map_at_100_max": 0.353557,
        "nauc_map_at_100_std": 0.249781,
        "nauc_map_at_100_diff1": 0.177015,
        "nauc_map_at_1000_max": 0.353063,
        "nauc_map_at_1000_std": 0.247343,
        "nauc_map_at_1000_diff1": 0.17682,
        "nauc_recall_at_1_max": 0.363848,
        "nauc_recall_at_1_std": 0.187768,
        "nauc_recall_at_1_diff1": 0.256138,
        "nauc_recall_at_3_max": 0.34386,
        "nauc_recall_at_3_std": 0.203136,
        "nauc_recall_at_3_diff1": 0.171289,
        "nauc_recall_at_5_max": 0.298549,
        "nauc_recall_at_5_std": 0.188054,
        "nauc_recall_at_5_diff1": 0.118862,
        "nauc_recall_at_10_max": 0.307054,
        "nauc_recall_at_10_std": 0.320819,
        "nauc_recall_at_10_diff1": 0.030068,
        "nauc_recall_at_20_max": 0.472736,
        "nauc_recall_at_20_std": 0.50001,
        "nauc_recall_at_20_diff1": 0.028538,
        "nauc_recall_at_100_max": 0.433433,
        "nauc_recall_at_100_std": 0.69288,
        "nauc_recall_at_100_diff1": 0.245008,
        "nauc_recall_at_1000_max": NaN,
        "nauc_recall_at_1000_std": NaN,
        "nauc_recall_at_1000_diff1": NaN,
        "nauc_precision_at_1_max": 0.363848,
        "nauc_precision_at_1_std": 0.187768,
        "nauc_precision_at_1_diff1": 0.256138,
        "nauc_precision_at_3_max": 0.34386,
        "nauc_precision_at_3_std": 0.203136,
        "nauc_precision_at_3_diff1": 0.171289,
        "nauc_precision_at_5_max": 0.298549,
        "nauc_precision_at_5_std": 0.188054,
        "nauc_precision_at_5_diff1": 0.118862,
        "nauc_precision_at_10_max": 0.307054,
        "nauc_precision_at_10_std": 0.320819,
        "nauc_precision_at_10_diff1": 0.030068,
        "nauc_precision_at_20_max": 0.472736,
        "nauc_precision_at_20_std": 0.50001,
        "nauc_precision_at_20_diff1": 0.028538,
        "nauc_precision_at_100_max": 0.433433,
        "nauc_precision_at_100_std": 0.69288,
        "nauc_precision_at_100_diff1": 0.245008,
        "nauc_precision_at_1000_max": 1.0,
        "nauc_precision_at_1000_std": 1.0,
        "nauc_precision_at_1000_diff1": 1.0,
        "nauc_mrr_at_1_max": 0.363848,
        "nauc_mrr_at_1_std": 0.187768,
        "nauc_mrr_at_1_diff1": 0.256138,
        "nauc_mrr_at_3_max": 0.352871,
        "nauc_mrr_at_3_std": 0.20449,
        "nauc_mrr_at_3_diff1": 0.20845,
        "nauc_mrr_at_5_max": 0.33006,
        "nauc_mrr_at_5_std": 0.196354,
        "nauc_mrr_at_5_diff1": 0.185925,
        "nauc_mrr_at_10_max": 0.334905,
        "nauc_mrr_at_10_std": 0.226783,
        "nauc_mrr_at_10_diff1": 0.165899,
        "nauc_mrr_at_20_max": 0.357993,
        "nauc_mrr_at_20_std": 0.250581,
        "nauc_mrr_at_20_diff1": 0.166431,
        "nauc_mrr_at_100_max": 0.353557,
        "nauc_mrr_at_100_std": 0.249781,
        "nauc_mrr_at_100_diff1": 0.177015,
        "nauc_mrr_at_1000_max": 0.353063,
        "nauc_mrr_at_1000_std": 0.247343,
        "nauc_mrr_at_1000_diff1": 0.17682,
        "main_score": 0.19071,
        "hf_subset": "default",
        "languages": [
          "eng-Latn"
        ]
      }
    ]
  },
  "evaluation_time": 23.292120695114136,
  "kg_co2_emissions": null
}