{
  "dataset_revision": "bbf8b2d84b7de5970b2ba4ea843c791285fdb1df",
  "task_name": "irish-legislative-summaries",
  "mteb_version": "1.39.7",
  "scores": {
    "test": [
      {
        "ndcg_at_1": 0.734,
        "ndcg_at_3": 0.81626,
        "ndcg_at_5": 0.82788,
        "ndcg_at_10": 0.83879,
        "ndcg_at_20": 0.84515,
        "ndcg_at_100": 0.85033,
        "ndcg_at_1000": 0.85136,
        "map_at_1": 0.734,
        "map_at_3": 0.79567,
        "map_at_5": 0.80217,
        "map_at_10": 0.80662,
        "map_at_20": 0.80825,
        "map_at_100": 0.80896,
        "map_at_1000": 0.809,
        "recall_at_1": 0.734,
        "recall_at_3": 0.876,
        "recall_at_5": 0.904,
        "recall_at_10": 0.938,
        "recall_at_20": 0.964,
        "recall_at_100": 0.992,
        "recall_at_1000": 1.0,
        "precision_at_1": 0.734,
        "precision_at_3": 0.292,
        "precision_at_5": 0.1808,
        "precision_at_10": 0.0938,
        "precision_at_20": 0.0482,
        "precision_at_100": 0.00992,
        "precision_at_1000": 0.001,
        "mrr_at_1": 0.734,
        "mrr_at_3": 0.795667,
        "mrr_at_5": 0.802167,
        "mrr_at_10": 0.806624,
        "mrr_at_20": 0.80825,
        "mrr_at_100": 0.808959,
        "mrr_at_1000": 0.808997,
        "nauc_ndcg_at_1_max": 0.500834,
        "nauc_ndcg_at_1_std": -0.185329,
        "nauc_ndcg_at_1_diff1": 0.822655,
        "nauc_ndcg_at_3_max": 0.544164,
        "nauc_ndcg_at_3_std": -0.13473,
        "nauc_ndcg_at_3_diff1": 0.807596,
        "nauc_ndcg_at_5_max": 0.559771,
        "nauc_ndcg_at_5_std": -0.124182,
        "nauc_ndcg_at_5_diff1": 0.81491,
        "nauc_ndcg_at_10_max": 0.549154,
        "nauc_ndcg_at_10_std": -0.13647,
        "nauc_ndcg_at_10_diff1": 0.81035,
        "nauc_ndcg_at_20_max": 0.554517,
        "nauc_ndcg_at_20_std": -0.124054,
        "nauc_ndcg_at_20_diff1": 0.813337,
        "nauc_ndcg_at_100_max": 0.546392,
        "nauc_ndcg_at_100_std": -0.130069,
        "nauc_ndcg_at_100_diff1": 0.812976,
        "nauc_ndcg_at_1000_max": 0.54296,
        "nauc_ndcg_at_1000_std": -0.137711,
        "nauc_ndcg_at_1000_diff1": 0.812334,
        "nauc_map_at_1_max": 0.500834,
        "nauc_map_at_1_std": -0.185329,
        "nauc_map_at_1_diff1": 0.822655,
        "nauc_map_at_3_max": 0.532154,
        "nauc_map_at_3_std": -0.151132,
        "nauc_map_at_3_diff1": 0.810682,
        "nauc_map_at_5_max": 0.539307,
        "nauc_map_at_5_std": -0.146502,
        "nauc_map_at_5_diff1": 0.814042,
        "nauc_map_at_10_max": 0.535087,
        "nauc_map_at_10_std": -0.150921,
        "nauc_map_at_10_diff1": 0.812403,
        "nauc_map_at_20_max": 0.535876,
        "nauc_map_at_20_std": -0.148382,
        "nauc_map_at_20_diff1": 0.812886,
        "nauc_map_at_100_max": 0.535087,
        "nauc_map_at_100_std": -0.148869,
        "nauc_map_at_100_diff1": 0.812821,
        "nauc_map_at_1000_max": 0.534984,
        "nauc_map_at_1000_std": -0.149089,
        "nauc_map_at_1000_diff1": 0.812806,
        "nauc_recall_at_1_max": 0.500834,
        "nauc_recall_at_1_std": -0.185329,
        "nauc_recall_at_1_diff1": 0.822655,
        "nauc_recall_at_3_max": 0.596706,
        "nauc_recall_at_3_std": -0.061316,
        "nauc_recall_at_3_diff1": 0.794853,
        "nauc_recall_at_5_max": 0.673854,
        "nauc_recall_at_5_std": 0.000165,
        "nauc_recall_at_5_diff1": 0.823432,
        "nauc_recall_at_10_max": 0.658143,
        "nauc_recall_at_10_std": -0.02908,
        "nauc_recall_at_10_diff1": 0.794901,
        "nauc_recall_at_20_max": 0.830921,
        "nauc_recall_at_20_std": 0.244968,
        "nauc_recall_at_20_diff1": 0.837898,
        "nauc_recall_at_100_max": 1.0,
        "nauc_recall_at_100_std": 0.888539,
        "nauc_recall_at_100_diff1": 0.901961,
        "nauc_recall_at_1000_max": NaN,
        "nauc_recall_at_1000_std": NaN,
        "nauc_recall_at_1000_diff1": NaN,
        "nauc_precision_at_1_max": 0.500834,
        "nauc_precision_at_1_std": -0.185329,
        "nauc_precision_at_1_diff1": 0.822655,
        "nauc_precision_at_3_max": 0.596706,
        "nauc_precision_at_3_std": -0.061316,
        "nauc_precision_at_3_diff1": 0.794853,
        "nauc_precision_at_5_max": 0.673854,
        "nauc_precision_at_5_std": 0.000165,
        "nauc_precision_at_5_diff1": 0.823432,
        "nauc_precision_at_10_max": 0.658143,
        "nauc_precision_at_10_std": -0.02908,
        "nauc_precision_at_10_diff1": 0.794901,
        "nauc_precision_at_20_max": 0.830921,
        "nauc_precision_at_20_std": 0.244968,
        "nauc_precision_at_20_diff1": 0.837898,
        "nauc_precision_at_100_max": 1.0,
        "nauc_precision_at_100_std": 0.888539,
        "nauc_precision_at_100_diff1": 0.901961,
        "nauc_precision_at_1000_max": 1.0,
        "nauc_precision_at_1000_std": 1.0,
        "nauc_precision_at_1000_diff1": 1.0,
        "nauc_mrr_at_1_max": 0.500834,
        "nauc_mrr_at_1_std": -0.185329,
        "nauc_mrr_at_1_diff1": 0.822655,
        "nauc_mrr_at_3_max": 0.532154,
        "nauc_mrr_at_3_std": -0.151132,
        "nauc_mrr_at_3_diff1": 0.810682,
        "nauc_mrr_at_5_max": 0.539307,
        "nauc_mrr_at_5_std": -0.146502,
        "nauc_mrr_at_5_diff1": 0.814042,
        "nauc_mrr_at_10_max": 0.535087,
        "nauc_mrr_at_10_std": -0.150921,
        "nauc_mrr_at_10_diff1": 0.812403,
        "nauc_mrr_at_20_max": 0.535876,
        "nauc_mrr_at_20_std": -0.148382,
        "nauc_mrr_at_20_diff1": 0.812886,
        "nauc_mrr_at_100_max": 0.535087,
        "nauc_mrr_at_100_std": -0.148869,
        "nauc_mrr_at_100_diff1": 0.812821,
        "nauc_mrr_at_1000_max": 0.534984,
        "nauc_mrr_at_1000_std": -0.149089,
        "nauc_mrr_at_1000_diff1": 0.812806,
        "main_score": 0.83879,
        "hf_subset": "default",
        "languages": [
          "eng-Latn"
        ]
      }
    ]
  },
  "evaluation_time": 39.55884599685669,
  "kg_co2_emissions": null
}