{
  "dataset_revision": "ca0f1732432ad623ba6172b15e8c726b76e50fad",
  "task_name": "legal-rag-bench",
  "mteb_version": "1.39.7",
  "scores": {
    "test": [
      {
        "ndcg_at_1": 0.19,
        "ndcg_at_3": 0.28309,
        "ndcg_at_5": 0.30806,
        "ndcg_at_10": 0.34753,
        "ndcg_at_20": 0.38428,
        "ndcg_at_100": 0.42759,
        "ndcg_at_1000": 0.43872,
        "map_at_1": 0.19,
        "map_at_3": 0.26,
        "map_at_5": 0.274,
        "map_at_10": 0.29067,
        "map_at_20": 0.3015,
        "map_at_100": 0.30767,
        "map_at_1000": 0.30807,
        "recall_at_1": 0.19,
        "recall_at_3": 0.35,
        "recall_at_5": 0.41,
        "recall_at_10": 0.53,
        "recall_at_20": 0.67,
        "recall_at_100": 0.9,
        "recall_at_1000": 0.99,
        "precision_at_1": 0.19,
        "precision_at_3": 0.11667,
        "precision_at_5": 0.082,
        "precision_at_10": 0.053,
        "precision_at_20": 0.0335,
        "precision_at_100": 0.009,
        "precision_at_1000": 0.00099,
        "mrr_at_1": 0.19,
        "mrr_at_3": 0.26,
        "mrr_at_5": 0.274,
        "mrr_at_10": 0.290675,
        "mrr_at_20": 0.301496,
        "mrr_at_100": 0.307668,
        "mrr_at_1000": 0.308068,
        "nauc_ndcg_at_1_max": 0.300943,
        "nauc_ndcg_at_1_std": 0.170649,
        "nauc_ndcg_at_1_diff1": 0.438468,
        "nauc_ndcg_at_3_max": 0.299618,
        "nauc_ndcg_at_3_std": 0.177003,
        "nauc_ndcg_at_3_diff1": 0.35452,
        "nauc_ndcg_at_5_max": 0.270174,
        "nauc_ndcg_at_5_std": 0.149669,
        "nauc_ndcg_at_5_diff1": 0.34406,
        "nauc_ndcg_at_10_max": 0.256323,
        "nauc_ndcg_at_10_std": 0.160687,
        "nauc_ndcg_at_10_diff1": 0.331572,
        "nauc_ndcg_at_20_max": 0.266266,
        "nauc_ndcg_at_20_std": 0.180735,
        "nauc_ndcg_at_20_diff1": 0.35988,
        "nauc_ndcg_at_100_max": 0.269295,
        "nauc_ndcg_at_100_std": 0.181742,
        "nauc_ndcg_at_100_diff1": 0.364533,
        "nauc_ndcg_at_1000_max": 0.275708,
        "nauc_ndcg_at_1000_std": 0.181898,
        "nauc_ndcg_at_1000_diff1": 0.366928,
        "nauc_map_at_1_max": 0.300943,
        "nauc_map_at_1_std": 0.170649,
        "nauc_map_at_1_diff1": 0.438468,
        "nauc_map_at_3_max": 0.301249,
        "nauc_map_at_3_std": 0.179496,
        "nauc_map_at_3_diff1": 0.377154,
        "nauc_map_at_5_max": 0.284643,
        "nauc_map_at_5_std": 0.164236,
        "nauc_map_at_5_diff1": 0.371579,
        "nauc_map_at_10_max": 0.279636,
        "nauc_map_at_10_std": 0.169015,
        "nauc_map_at_10_diff1": 0.36624,
        "nauc_map_at_20_max": 0.283197,
        "nauc_map_at_20_std": 0.175511,
        "nauc_map_at_20_diff1": 0.37729,
        "nauc_map_at_100_max": 0.283941,
        "nauc_map_at_100_std": 0.175272,
        "nauc_map_at_100_diff1": 0.376849,
        "nauc_map_at_1000_max": 0.284378,
        "nauc_map_at_1000_std": 0.175582,
        "nauc_map_at_1000_diff1": 0.377163,
        "nauc_recall_at_1_max": 0.300943,
        "nauc_recall_at_1_std": 0.170649,
        "nauc_recall_at_1_diff1": 0.438468,
        "nauc_recall_at_3_max": 0.294957,
        "nauc_recall_at_3_std": 0.169227,
        "nauc_recall_at_3_diff1": 0.29497,
        "nauc_recall_at_5_max": 0.229058,
        "nauc_recall_at_5_std": 0.107535,
        "nauc_recall_at_5_diff1": 0.271103,
        "nauc_recall_at_10_max": 0.182463,
        "nauc_recall_at_10_std": 0.136648,
        "nauc_recall_at_10_diff1": 0.231343,
        "nauc_recall_at_20_max": 0.204297,
        "nauc_recall_at_20_std": 0.210459,
        "nauc_recall_at_20_diff1": 0.308172,
        "nauc_recall_at_100_max": 0.130392,
        "nauc_recall_at_100_std": 0.293417,
        "nauc_recall_at_100_diff1": 0.343931,
        "nauc_recall_at_1000_max": -0.171335,
        "nauc_recall_at_1000_std": 0.869281,
        "nauc_recall_at_1000_diff1": 0.358077,
        "nauc_precision_at_1_max": 0.300943,
        "nauc_precision_at_1_std": 0.170649,
        "nauc_precision_at_1_diff1": 0.438468,
        "nauc_precision_at_3_max": 0.294957,
        "nauc_precision_at_3_std": 0.169227,
        "nauc_precision_at_3_diff1": 0.29497,
        "nauc_precision_at_5_max": 0.229058,
        "nauc_precision_at_5_std": 0.107535,
        "nauc_precision_at_5_diff1": 0.271103,
        "nauc_precision_at_10_max": 0.182463,
        "nauc_precision_at_10_std": 0.136648,
        "nauc_precision_at_10_diff1": 0.231343,
        "nauc_precision_at_20_max": 0.204297,
        "nauc_precision_at_20_std": 0.210459,
        "nauc_precision_at_20_diff1": 0.308172,
        "nauc_precision_at_100_max": 0.130392,
        "nauc_precision_at_100_std": 0.293417,
        "nauc_precision_at_100_diff1": 0.343931,
        "nauc_precision_at_1000_max": -0.171335,
        "nauc_precision_at_1000_std": 0.869281,
        "nauc_precision_at_1000_diff1": 0.358077,
        "nauc_mrr_at_1_max": 0.300943,
        "nauc_mrr_at_1_std": 0.170649,
        "nauc_mrr_at_1_diff1": 0.438468,
        "nauc_mrr_at_3_max": 0.301249,
        "nauc_mrr_at_3_std": 0.179496,
        "nauc_mrr_at_3_diff1": 0.377154,
        "nauc_mrr_at_5_max": 0.284643,
        "nauc_mrr_at_5_std": 0.164236,
        "nauc_mrr_at_5_diff1": 0.371579,
        "nauc_mrr_at_10_max": 0.279636,
        "nauc_mrr_at_10_std": 0.169015,
        "nauc_mrr_at_10_diff1": 0.36624,
        "nauc_mrr_at_20_max": 0.283197,
        "nauc_mrr_at_20_std": 0.175511,
        "nauc_mrr_at_20_diff1": 0.37729,
        "nauc_mrr_at_100_max": 0.283941,
        "nauc_mrr_at_100_std": 0.175272,
        "nauc_mrr_at_100_diff1": 0.376849,
        "nauc_mrr_at_1000_max": 0.284379,
        "nauc_mrr_at_1000_std": 0.175582,
        "nauc_mrr_at_1000_diff1": 0.377163,
        "main_score": 0.34753,
        "hf_subset": "default",
        "languages": [
          "eng-Latn"
        ]
      }
    ]
  },
  "evaluation_time": 53.34797978401184,
  "kg_co2_emissions": null
}