{
  "dataset_revision": "ec00129f88e9476e582131dc3a5db9220dfefa48",
  "task_name": "license-tldr-retrieval",
  "mteb_version": "1.39.7",
  "scores": {
    "test": [
      {
        "ndcg_at_1": 0.41538,
        "ndcg_at_3": 0.5315,
        "ndcg_at_5": 0.57653,
        "ndcg_at_10": 0.60067,
        "ndcg_at_20": 0.60811,
        "ndcg_at_100": 0.64016,
        "ndcg_at_1000": 0.64016,
        "map_at_1": 0.41538,
        "map_at_3": 0.50256,
        "map_at_5": 0.52795,
        "map_at_10": 0.5375,
        "map_at_20": 0.53937,
        "map_at_100": 0.54393,
        "map_at_1000": 0.54393,
        "recall_at_1": 0.41538,
        "recall_at_3": 0.61538,
        "recall_at_5": 0.72308,
        "recall_at_10": 0.8,
        "recall_at_20": 0.83077,
        "recall_at_100": 1.0,
        "recall_at_1000": 1.0,
        "precision_at_1": 0.41538,
        "precision_at_3": 0.20513,
        "precision_at_5": 0.14462,
        "precision_at_10": 0.08,
        "precision_at_20": 0.04154,
        "precision_at_100": 0.01,
        "precision_at_1000": 0.001,
        "mrr_at_1": 0.415385,
        "mrr_at_3": 0.502564,
        "mrr_at_5": 0.527949,
        "mrr_at_10": 0.537497,
        "mrr_at_20": 0.539365,
        "mrr_at_100": 0.543928,
        "mrr_at_1000": 0.543928,
        "nauc_ndcg_at_1_max": 0.523638,
        "nauc_ndcg_at_1_std": 0.248249,
        "nauc_ndcg_at_1_diff1": 0.727084,
        "nauc_ndcg_at_3_max": 0.470556,
        "nauc_ndcg_at_3_std": 0.292678,
        "nauc_ndcg_at_3_diff1": 0.597589,
        "nauc_ndcg_at_5_max": 0.450001,
        "nauc_ndcg_at_5_std": 0.334758,
        "nauc_ndcg_at_5_diff1": 0.550579,
        "nauc_ndcg_at_10_max": 0.45536,
        "nauc_ndcg_at_10_std": 0.389993,
        "nauc_ndcg_at_10_diff1": 0.519766,
        "nauc_ndcg_at_20_max": 0.471351,
        "nauc_ndcg_at_20_std": 0.381454,
        "nauc_ndcg_at_20_diff1": 0.544955,
        "nauc_ndcg_at_100_max": 0.472535,
        "nauc_ndcg_at_100_std": 0.334801,
        "nauc_ndcg_at_100_diff1": 0.585835,
        "nauc_ndcg_at_1000_max": 0.472535,
        "nauc_ndcg_at_1000_std": 0.334801,
        "nauc_ndcg_at_1000_diff1": 0.585835,
        "nauc_map_at_1_max": 0.523638,
        "nauc_map_at_1_std": 0.248249,
        "nauc_map_at_1_diff1": 0.727084,
        "nauc_map_at_3_max": 0.476545,
        "nauc_map_at_3_std": 0.272966,
        "nauc_map_at_3_diff1": 0.63171,
        "nauc_map_at_5_max": 0.466325,
        "nauc_map_at_5_std": 0.295638,
        "nauc_map_at_5_diff1": 0.60725,
        "nauc_map_at_10_max": 0.470385,
        "nauc_map_at_10_std": 0.318616,
        "nauc_map_at_10_diff1": 0.596616,
        "nauc_map_at_20_max": 0.474739,
        "nauc_map_at_20_std": 0.316569,
        "nauc_map_at_20_diff1": 0.603531,
        "nauc_map_at_100_max": 0.475197,
        "nauc_map_at_100_std": 0.310718,
        "nauc_map_at_100_diff1": 0.609218,
        "nauc_map_at_1000_max": 0.475197,
        "nauc_map_at_1000_std": 0.310718,
        "nauc_map_at_1000_diff1": 0.609218,
        "nauc_recall_at_1_max": 0.523638,
        "nauc_recall_at_1_std": 0.248249,
        "nauc_recall_at_1_diff1": 0.727084,
        "nauc_recall_at_3_max": 0.454961,
        "nauc_recall_at_3_std": 0.35922,
        "nauc_recall_at_3_diff1": 0.488545,
        "nauc_recall_at_5_max": 0.387052,
        "nauc_recall_at_5_std": 0.49592,
        "nauc_recall_at_5_diff1": 0.324855,
        "nauc_recall_at_10_max": 0.378304,
        "nauc_recall_at_10_std": 0.777123,
        "nauc_recall_at_10_diff1": 0.114446,
        "nauc_recall_at_20_max": 0.469823,
        "nauc_recall_at_20_std": 0.776687,
        "nauc_recall_at_20_diff1": 0.214359,
        "nauc_recall_at_100_max": NaN,
        "nauc_recall_at_100_std": NaN,
        "nauc_recall_at_100_diff1": NaN,
        "nauc_recall_at_1000_max": NaN,
        "nauc_recall_at_1000_std": NaN,
        "nauc_recall_at_1000_diff1": NaN,
        "nauc_precision_at_1_max": 0.523638,
        "nauc_precision_at_1_std": 0.248249,
        "nauc_precision_at_1_diff1": 0.727084,
        "nauc_precision_at_3_max": 0.454961,
        "nauc_precision_at_3_std": 0.35922,
        "nauc_precision_at_3_diff1": 0.488545,
        "nauc_precision_at_5_max": 0.387052,
        "nauc_precision_at_5_std": 0.49592,
        "nauc_precision_at_5_diff1": 0.324855,
        "nauc_precision_at_10_max": 0.378304,
        "nauc_precision_at_10_std": 0.777123,
        "nauc_precision_at_10_diff1": 0.114446,
        "nauc_precision_at_20_max": 0.469823,
        "nauc_precision_at_20_std": 0.776687,
        "nauc_precision_at_20_diff1": 0.214359,
        "nauc_precision_at_100_max": NaN,
        "nauc_precision_at_100_std": NaN,
        "nauc_precision_at_100_diff1": NaN,
        "nauc_precision_at_1000_max": 1.0,
        "nauc_precision_at_1000_std": 1.0,
        "nauc_precision_at_1000_diff1": 1.0,
        "nauc_mrr_at_1_max": 0.523638,
        "nauc_mrr_at_1_std": 0.248249,
        "nauc_mrr_at_1_diff1": 0.727084,
        "nauc_mrr_at_3_max": 0.476545,
        "nauc_mrr_at_3_std": 0.272966,
        "nauc_mrr_at_3_diff1": 0.63171,
        "nauc_mrr_at_5_max": 0.466325,
        "nauc_mrr_at_5_std": 0.295638,
        "nauc_mrr_at_5_diff1": 0.60725,
        "nauc_mrr_at_10_max": 0.470385,
        "nauc_mrr_at_10_std": 0.318616,
        "nauc_mrr_at_10_diff1": 0.596616,
        "nauc_mrr_at_20_max": 0.474739,
        "nauc_mrr_at_20_std": 0.316569,
        "nauc_mrr_at_20_diff1": 0.603531,
        "nauc_mrr_at_100_max": 0.475197,
        "nauc_mrr_at_100_std": 0.310718,
        "nauc_mrr_at_100_diff1": 0.609218,
        "nauc_mrr_at_1000_max": 0.475197,
        "nauc_mrr_at_1000_std": 0.310718,
        "nauc_mrr_at_1000_diff1": 0.609218,
        "main_score": 0.60067,
        "hf_subset": "default",
        "languages": [
          "eng-Latn"
        ]
      }
    ]
  },
  "evaluation_time": 2.5555195808410645,
  "kg_co2_emissions": null
}