{
  "dataset_revision": "319b6cc4b012d733f126a943a8a66bdf9df5dc40",
  "task_name": "scalr",
  "mteb_version": "1.39.7",
  "scores": {
    "test": [
      {
        "ndcg_at_1": 0.48333,
        "ndcg_at_3": 0.58284,
        "ndcg_at_5": 0.61799,
        "ndcg_at_10": 0.64536,
        "ndcg_at_20": 0.6685,
        "ndcg_at_100": 0.67871,
        "ndcg_at_1000": 0.68176,
        "map_at_1": 0.48333,
        "map_at_3": 0.55694,
        "map_at_5": 0.57694,
        "map_at_10": 0.58847,
        "map_at_20": 0.59482,
        "map_at_100": 0.596,
        "map_at_1000": 0.59609,
        "recall_at_1": 0.48333,
        "recall_at_3": 0.65833,
        "recall_at_5": 0.74167,
        "recall_at_10": 0.825,
        "recall_at_20": 0.91667,
        "recall_at_100": 0.975,
        "recall_at_1000": 1.0,
        "precision_at_1": 0.48333,
        "precision_at_3": 0.21944,
        "precision_at_5": 0.14833,
        "precision_at_10": 0.0825,
        "precision_at_20": 0.04583,
        "precision_at_100": 0.00975,
        "precision_at_1000": 0.001,
        "mrr_at_1": 0.483333,
        "mrr_at_3": 0.556944,
        "mrr_at_5": 0.576944,
        "mrr_at_10": 0.588469,
        "mrr_at_20": 0.594819,
        "mrr_at_100": 0.595999,
        "mrr_at_1000": 0.596088,
        "nauc_ndcg_at_1_max": 0.513589,
        "nauc_ndcg_at_1_std": 0.12163,
        "nauc_ndcg_at_1_diff1": 0.568554,
        "nauc_ndcg_at_3_max": 0.432455,
        "nauc_ndcg_at_3_std": 0.036214,
        "nauc_ndcg_at_3_diff1": 0.479972,
        "nauc_ndcg_at_5_max": 0.414269,
        "nauc_ndcg_at_5_std": 0.020389,
        "nauc_ndcg_at_5_diff1": 0.457614,
        "nauc_ndcg_at_10_max": 0.436779,
        "nauc_ndcg_at_10_std": 0.027778,
        "nauc_ndcg_at_10_diff1": 0.468937,
        "nauc_ndcg_at_20_max": 0.452827,
        "nauc_ndcg_at_20_std": 0.034911,
        "nauc_ndcg_at_20_diff1": 0.463708,
        "nauc_ndcg_at_100_max": 0.457455,
        "nauc_ndcg_at_100_std": 0.048626,
        "nauc_ndcg_at_100_diff1": 0.474637,
        "nauc_ndcg_at_1000_max": 0.457686,
        "nauc_ndcg_at_1000_std": 0.05002,
        "nauc_ndcg_at_1000_diff1": 0.482821,
        "nauc_map_at_1_max": 0.513589,
        "nauc_map_at_1_std": 0.12163,
        "nauc_map_at_1_diff1": 0.568554,
        "nauc_map_at_3_max": 0.457316,
        "nauc_map_at_3_std": 0.058909,
        "nauc_map_at_3_diff1": 0.504907,
        "nauc_map_at_5_max": 0.44851,
        "nauc_map_at_5_std": 0.051078,
        "nauc_map_at_5_diff1": 0.493538,
        "nauc_map_at_10_max": 0.458934,
        "nauc_map_at_10_std": 0.055744,
        "nauc_map_at_10_diff1": 0.499635,
        "nauc_map_at_20_max": 0.464803,
        "nauc_map_at_20_std": 0.060019,
        "nauc_map_at_20_diff1": 0.498888,
        "nauc_map_at_100_max": 0.465146,
        "nauc_map_at_100_std": 0.061025,
        "nauc_map_at_100_diff1": 0.500149,
        "nauc_map_at_1000_max": 0.465127,
        "nauc_map_at_1000_std": 0.061061,
        "nauc_map_at_1000_diff1": 0.500271,
        "nauc_recall_at_1_max": 0.513589,
        "nauc_recall_at_1_std": 0.12163,
        "nauc_recall_at_1_diff1": 0.568554,
        "nauc_recall_at_3_max": 0.34834,
        "nauc_recall_at_3_std": -0.039161,
        "nauc_recall_at_3_diff1": 0.396502,
        "nauc_recall_at_5_max": 0.274861,
        "nauc_recall_at_5_std": -0.102417,
        "nauc_recall_at_5_diff1": 0.312567,
        "nauc_recall_at_10_max": 0.323748,
        "nauc_recall_at_10_std": -0.122721,
        "nauc_recall_at_10_diff1": 0.305308,
        "nauc_recall_at_20_max": 0.356349,
        "nauc_recall_at_20_std": -0.242437,
        "nauc_recall_at_20_diff1": 0.084687,
        "nauc_recall_at_100_max": 0.417367,
        "nauc_recall_at_100_std": -0.060224,
        "nauc_recall_at_100_diff1": -0.219888,
        "nauc_recall_at_1000_max": NaN,
        "nauc_recall_at_1000_std": NaN,
        "nauc_recall_at_1000_diff1": NaN,
        "nauc_precision_at_1_max": 0.513589,
        "nauc_precision_at_1_std": 0.12163,
        "nauc_precision_at_1_diff1": 0.568554,
        "nauc_precision_at_3_max": 0.34834,
        "nauc_precision_at_3_std": -0.039161,
        "nauc_precision_at_3_diff1": 0.396502,
        "nauc_precision_at_5_max": 0.274861,
        "nauc_precision_at_5_std": -0.102417,
        "nauc_precision_at_5_diff1": 0.312567,
        "nauc_precision_at_10_max": 0.323748,
        "nauc_precision_at_10_std": -0.122721,
        "nauc_precision_at_10_diff1": 0.305308,
        "nauc_precision_at_20_max": 0.356349,
        "nauc_precision_at_20_std": -0.242437,
        "nauc_precision_at_20_diff1": 0.084687,
        "nauc_precision_at_100_max": 0.417367,
        "nauc_precision_at_100_std": -0.060224,
        "nauc_precision_at_100_diff1": -0.219888,
        "nauc_precision_at_1000_max": 1.0,
        "nauc_precision_at_1000_std": 1.0,
        "nauc_precision_at_1000_diff1": 1.0,
        "nauc_mrr_at_1_max": 0.513589,
        "nauc_mrr_at_1_std": 0.12163,
        "nauc_mrr_at_1_diff1": 0.568554,
        "nauc_mrr_at_3_max": 0.457316,
        "nauc_mrr_at_3_std": 0.058909,
        "nauc_mrr_at_3_diff1": 0.504907,
        "nauc_mrr_at_5_max": 0.44851,
        "nauc_mrr_at_5_std": 0.051078,
        "nauc_mrr_at_5_diff1": 0.493538,
        "nauc_mrr_at_10_max": 0.458934,
        "nauc_mrr_at_10_std": 0.055744,
        "nauc_mrr_at_10_diff1": 0.499635,
        "nauc_mrr_at_20_max": 0.464803,
        "nauc_mrr_at_20_std": 0.060019,
        "nauc_mrr_at_20_diff1": 0.498888,
        "nauc_mrr_at_100_max": 0.465146,
        "nauc_mrr_at_100_std": 0.061025,
        "nauc_mrr_at_100_diff1": 0.500149,
        "nauc_mrr_at_1000_max": 0.465127,
        "nauc_mrr_at_1000_std": 0.061061,
        "nauc_mrr_at_1000_diff1": 0.500271,
        "main_score": 0.64536,
        "hf_subset": "default",
        "languages": [
          "eng-Latn"
        ]
      }
    ]
  },
  "evaluation_time": 5.717487096786499,
  "kg_co2_emissions": null
}