{
  "dataset_revision": "427e2ae4b22cd9ad990ef8dd4647c16d79c89198",
  "task_name": "singaporean-judicial-keywords",
  "mteb_version": "1.39.7",
  "scores": {
    "test": [
      {
        "ndcg_at_1": 0.602,
        "ndcg_at_3": 0.69957,
        "ndcg_at_5": 0.72772,
        "ndcg_at_10": 0.74909,
        "ndcg_at_20": 0.75807,
        "ndcg_at_100": 0.76696,
        "ndcg_at_1000": 0.76859,
        "map_at_1": 0.602,
        "map_at_3": 0.67467,
        "map_at_5": 0.69037,
        "map_at_10": 0.6992,
        "map_at_20": 0.7016,
        "map_at_100": 0.70295,
        "map_at_1000": 0.70303,
        "recall_at_1": 0.602,
        "recall_at_3": 0.772,
        "recall_at_5": 0.84,
        "recall_at_10": 0.906,
        "recall_at_20": 0.942,
        "recall_at_100": 0.988,
        "recall_at_1000": 1.0,
        "precision_at_1": 0.602,
        "precision_at_3": 0.25733,
        "precision_at_5": 0.168,
        "precision_at_10": 0.0906,
        "precision_at_20": 0.0471,
        "precision_at_100": 0.00988,
        "precision_at_1000": 0.001,
        "mrr_at_1": 0.602,
        "mrr_at_3": 0.674667,
        "mrr_at_5": 0.690367,
        "mrr_at_10": 0.699201,
        "mrr_at_20": 0.701603,
        "mrr_at_100": 0.702949,
        "mrr_at_1000": 0.703025,
        "nauc_ndcg_at_1_max": 0.425649,
        "nauc_ndcg_at_1_std": -0.016452,
        "nauc_ndcg_at_1_diff1": 0.676739,
        "nauc_ndcg_at_3_max": 0.485109,
        "nauc_ndcg_at_3_std": -0.016007,
        "nauc_ndcg_at_3_diff1": 0.644672,
        "nauc_ndcg_at_5_max": 0.512597,
        "nauc_ndcg_at_5_std": -0.008027,
        "nauc_ndcg_at_5_diff1": 0.667551,
        "nauc_ndcg_at_10_max": 0.50305,
        "nauc_ndcg_at_10_std": 0.015023,
        "nauc_ndcg_at_10_diff1": 0.66887,
        "nauc_ndcg_at_20_max": 0.494475,
        "nauc_ndcg_at_20_std": 0.019149,
        "nauc_ndcg_at_20_diff1": 0.668174,
        "nauc_ndcg_at_100_max": 0.486918,
        "nauc_ndcg_at_100_std": 0.006973,
        "nauc_ndcg_at_100_diff1": 0.668205,
        "nauc_ndcg_at_1000_max": 0.484134,
        "nauc_ndcg_at_1000_std": 0.0029,
        "nauc_ndcg_at_1000_diff1": 0.66808,
        "nauc_map_at_1_max": 0.425649,
        "nauc_map_at_1_std": -0.016452,
        "nauc_map_at_1_diff1": 0.676739,
        "nauc_map_at_3_max": 0.468748,
        "nauc_map_at_3_std": -0.014873,
        "nauc_map_at_3_diff1": 0.655112,
        "nauc_map_at_5_max": 0.481488,
        "nauc_map_at_5_std": -0.010533,
        "nauc_map_at_5_diff1": 0.66751,
        "nauc_map_at_10_max": 0.47728,
        "nauc_map_at_10_std": -0.002877,
        "nauc_map_at_10_diff1": 0.668052,
        "nauc_map_at_20_max": 0.475093,
        "nauc_map_at_20_std": -0.001914,
        "nauc_map_at_20_diff1": 0.667863,
        "nauc_map_at_100_max": 0.474307,
        "nauc_map_at_100_std": -0.003525,
        "nauc_map_at_100_diff1": 0.668015,
        "nauc_map_at_1000_max": 0.4742,
        "nauc_map_at_1000_std": -0.003657,
        "nauc_map_at_1000_diff1": 0.66802,
        "nauc_recall_at_1_max": 0.425649,
        "nauc_recall_at_1_std": -0.016452,
        "nauc_recall_at_1_diff1": 0.676739,
        "nauc_recall_at_3_max": 0.546277,
        "nauc_recall_at_3_std": -0.020932,
        "nauc_recall_at_3_diff1": 0.604756,
        "nauc_recall_at_5_max": 0.670729,
        "nauc_recall_at_5_std": 0.004535,
        "nauc_recall_at_5_diff1": 0.671244,
        "nauc_recall_at_10_max": 0.700459,
        "nauc_recall_at_10_std": 0.177802,
        "nauc_recall_at_10_diff1": 0.681546,
        "nauc_recall_at_20_max": 0.704079,
        "nauc_recall_at_20_std": 0.329357,
        "nauc_recall_at_20_diff1": 0.680254,
        "nauc_recall_at_100_max": 0.814037,
        "nauc_recall_at_100_std": 0.502879,
        "nauc_recall_at_100_diff1": 0.68962,
        "nauc_recall_at_1000_max": NaN,
        "nauc_recall_at_1000_std": NaN,
        "nauc_recall_at_1000_diff1": NaN,
        "nauc_precision_at_1_max": 0.425649,
        "nauc_precision_at_1_std": -0.016452,
        "nauc_precision_at_1_diff1": 0.676739,
        "nauc_precision_at_3_max": 0.546277,
        "nauc_precision_at_3_std": -0.020932,
        "nauc_precision_at_3_diff1": 0.604756,
        "nauc_precision_at_5_max": 0.670729,
        "nauc_precision_at_5_std": 0.004535,
        "nauc_precision_at_5_diff1": 0.671244,
        "nauc_precision_at_10_max": 0.700459,
        "nauc_precision_at_10_std": 0.177802,
        "nauc_precision_at_10_diff1": 0.681546,
        "nauc_precision_at_20_max": 0.704079,
        "nauc_precision_at_20_std": 0.329357,
        "nauc_precision_at_20_diff1": 0.680254,
        "nauc_precision_at_100_max": 0.814037,
        "nauc_precision_at_100_std": 0.502879,
        "nauc_precision_at_100_diff1": 0.68962,
        "nauc_precision_at_1000_max": 1.0,
        "nauc_precision_at_1000_std": 1.0,
        "nauc_precision_at_1000_diff1": 1.0,
        "nauc_mrr_at_1_max": 0.425649,
        "nauc_mrr_at_1_std": -0.016452,
        "nauc_mrr_at_1_diff1": 0.676739,
        "nauc_mrr_at_3_max": 0.468748,
        "nauc_mrr_at_3_std": -0.014873,
        "nauc_mrr_at_3_diff1": 0.655112,
        "nauc_mrr_at_5_max": 0.481488,
        "nauc_mrr_at_5_std": -0.010533,
        "nauc_mrr_at_5_diff1": 0.66751,
        "nauc_mrr_at_10_max": 0.47728,
        "nauc_mrr_at_10_std": -0.002877,
        "nauc_mrr_at_10_diff1": 0.668052,
        "nauc_mrr_at_20_max": 0.475093,
        "nauc_mrr_at_20_std": -0.001914,
        "nauc_mrr_at_20_diff1": 0.667863,
        "nauc_mrr_at_100_max": 0.474307,
        "nauc_mrr_at_100_std": -0.003525,
        "nauc_mrr_at_100_diff1": 0.668015,
        "nauc_mrr_at_1000_max": 0.4742,
        "nauc_mrr_at_1000_std": -0.003657,
        "nauc_mrr_at_1000_diff1": 0.66802,
        "main_score": 0.74909,
        "hf_subset": "default",
        "languages": [
          "eng-Latn"
        ]
      }
    ]
  },
  "evaluation_time": 59.76144790649414,
  "kg_co2_emissions": null
}