{
  "dataset_revision": "c64c3baac6bfd5f934d2df6e5d42dcb7d87c8ba8",
  "task_name": "australian-tax-guidance-retrieval",
  "mteb_version": "1.39.7",
  "scores": {
    "test": [
      {
        "ndcg_at_1": 0.625,
        "ndcg_at_3": 0.73629,
        "ndcg_at_5": 0.76972,
        "ndcg_at_10": 0.79963,
        "ndcg_at_20": 0.80191,
        "ndcg_at_100": 0.80377,
        "ndcg_at_1000": 0.80377,
        "map_at_1": 0.625,
        "map_at_3": 0.70982,
        "map_at_5": 0.72857,
        "map_at_10": 0.74153,
        "map_at_20": 0.74217,
        "map_at_100": 0.7425,
        "map_at_1000": 0.7425,
        "recall_at_1": 0.625,
        "recall_at_3": 0.8125,
        "recall_at_5": 0.89286,
        "recall_at_10": 0.98214,
        "recall_at_20": 0.99107,
        "recall_at_100": 1.0,
        "recall_at_1000": 1.0,
        "precision_at_1": 0.625,
        "precision_at_3": 0.27083,
        "precision_at_5": 0.17857,
        "precision_at_10": 0.09821,
        "precision_at_20": 0.04955,
        "precision_at_100": 0.01,
        "precision_at_1000": 0.001,
        "mrr_at_1": 0.625,
        "mrr_at_3": 0.709821,
        "mrr_at_5": 0.728571,
        "mrr_at_10": 0.741528,
        "mrr_at_20": 0.742166,
        "mrr_at_100": 0.742497,
        "mrr_at_1000": 0.742497,
        "nauc_ndcg_at_1_max": 0.279127,
        "nauc_ndcg_at_1_std": -0.098414,
        "nauc_ndcg_at_1_diff1": 0.596021,
        "nauc_ndcg_at_3_max": 0.303606,
        "nauc_ndcg_at_3_std": -0.098407,
        "nauc_ndcg_at_3_diff1": 0.564358,
        "nauc_ndcg_at_5_max": 0.36264,
        "nauc_ndcg_at_5_std": -0.093911,
        "nauc_ndcg_at_5_diff1": 0.584065,
        "nauc_ndcg_at_10_max": 0.327212,
        "nauc_ndcg_at_10_std": -0.090413,
        "nauc_ndcg_at_10_diff1": 0.566584,
        "nauc_ndcg_at_20_max": 0.330028,
        "nauc_ndcg_at_20_std": -0.09927,
        "nauc_ndcg_at_20_diff1": 0.582039,
        "nauc_ndcg_at_100_max": 0.322462,
        "nauc_ndcg_at_100_std": -0.087325,
        "nauc_ndcg_at_100_diff1": 0.577319,
        "nauc_ndcg_at_1000_max": 0.322462,
        "nauc_ndcg_at_1000_std": -0.087325,
        "nauc_ndcg_at_1000_diff1": 0.577319,
        "nauc_map_at_1_max": 0.279127,
        "nauc_map_at_1_std": -0.098414,
        "nauc_map_at_1_diff1": 0.596021,
        "nauc_map_at_3_max": 0.301745,
        "nauc_map_at_3_std": -0.095192,
        "nauc_map_at_3_diff1": 0.571766,
        "nauc_map_at_5_max": 0.330959,
        "nauc_map_at_5_std": -0.091814,
        "nauc_map_at_5_diff1": 0.582362,
        "nauc_map_at_10_max": 0.317631,
        "nauc_map_at_10_std": -0.087286,
        "nauc_map_at_10_diff1": 0.575884,
        "nauc_map_at_20_max": 0.31821,
        "nauc_map_at_20_std": -0.089187,
        "nauc_map_at_20_diff1": 0.579244,
        "nauc_map_at_100_max": 0.317161,
        "nauc_map_at_100_std": -0.087544,
        "nauc_map_at_100_diff1": 0.578596,
        "nauc_map_at_1000_max": 0.317161,
        "nauc_map_at_1000_std": -0.087544,
        "nauc_map_at_1000_diff1": 0.578596,
        "nauc_recall_at_1_max": 0.279127,
        "nauc_recall_at_1_std": -0.098414,
        "nauc_recall_at_1_diff1": 0.596021,
        "nauc_recall_at_3_max": 0.307986,
        "nauc_recall_at_3_std": -0.113179,
        "nauc_recall_at_3_diff1": 0.53571,
        "nauc_recall_at_5_max": 0.57016,
        "nauc_recall_at_5_std": -0.111344,
        "nauc_recall_at_5_diff1": 0.600961,
        "nauc_recall_at_10_max": 0.561124,
        "nauc_recall_at_10_std": -0.301415,
        "nauc_recall_at_10_diff1": 0.220947,
        "nauc_recall_at_20_max": 1.0,
        "nauc_recall_at_20_std": -1.157036,
        "nauc_recall_at_20_diff1": 1.0,
        "nauc_recall_at_100_max": NaN,
        "nauc_recall_at_100_std": NaN,
        "nauc_recall_at_100_diff1": NaN,
        "nauc_recall_at_1000_max": NaN,
        "nauc_recall_at_1000_std": NaN,
        "nauc_recall_at_1000_diff1": NaN,
        "nauc_precision_at_1_max": 0.279127,
        "nauc_precision_at_1_std": -0.098414,
        "nauc_precision_at_1_diff1": 0.596021,
        "nauc_precision_at_3_max": 0.307986,
        "nauc_precision_at_3_std": -0.113179,
        "nauc_precision_at_3_diff1": 0.53571,
        "nauc_precision_at_5_max": 0.57016,
        "nauc_precision_at_5_std": -0.111344,
        "nauc_precision_at_5_diff1": 0.600961,
        "nauc_precision_at_10_max": 0.561124,
        "nauc_precision_at_10_std": -0.301415,
        "nauc_precision_at_10_diff1": 0.220947,
        "nauc_precision_at_20_max": 1.0,
        "nauc_precision_at_20_std": -1.157036,
        "nauc_precision_at_20_diff1": 1.0,
        "nauc_precision_at_100_max": NaN,
        "nauc_precision_at_100_std": NaN,
        "nauc_precision_at_100_diff1": NaN,
        "nauc_precision_at_1000_max": 1.0,
        "nauc_precision_at_1000_std": 1.0,
        "nauc_precision_at_1000_diff1": 1.0,
        "nauc_mrr_at_1_max": 0.279127,
        "nauc_mrr_at_1_std": -0.098414,
        "nauc_mrr_at_1_diff1": 0.596021,
        "nauc_mrr_at_3_max": 0.301745,
        "nauc_mrr_at_3_std": -0.095192,
        "nauc_mrr_at_3_diff1": 0.571766,
        "nauc_mrr_at_5_max": 0.330959,
        "nauc_mrr_at_5_std": -0.091814,
        "nauc_mrr_at_5_diff1": 0.582362,
        "nauc_mrr_at_10_max": 0.317631,
        "nauc_mrr_at_10_std": -0.087286,
        "nauc_mrr_at_10_diff1": 0.575884,
        "nauc_mrr_at_20_max": 0.31821,
        "nauc_mrr_at_20_std": -0.089187,
        "nauc_mrr_at_20_diff1": 0.579244,
        "nauc_mrr_at_100_max": 0.317161,
        "nauc_mrr_at_100_std": -0.087544,
        "nauc_mrr_at_100_diff1": 0.578596,
        "nauc_mrr_at_1000_max": 0.317161,
        "nauc_mrr_at_1000_std": -0.087544,
        "nauc_mrr_at_1000_diff1": 0.578596,
        "main_score": 0.79963,
        "hf_subset": "default",
        "languages": [
          "eng-Latn"
        ]
      }
    ]
  },
  "evaluation_time": 57.607624530792236,
  "kg_co2_emissions": null
}