{
  "dataset_revision": "dd157bbfa479359488c656981e3999da6f42e4e9",
  "task_name": "bar-exam-qa",
  "mteb_version": "1.39.7",
  "scores": {
    "test": [
      {
        "ndcg_at_1": 0.49573,
        "ndcg_at_3": 0.61508,
        "ndcg_at_5": 0.63972,
        "ndcg_at_10": 0.66199,
        "ndcg_at_20": 0.68401,
        "ndcg_at_100": 0.7003,
        "ndcg_at_1000": 0.7003,
        "map_at_1": 0.49573,
        "map_at_3": 0.58547,
        "map_at_5": 0.59915,
        "map_at_10": 0.60843,
        "map_at_20": 0.61468,
        "map_at_100": 0.61711,
        "map_at_1000": 0.61711,
        "recall_at_1": 0.49573,
        "recall_at_3": 0.70085,
        "recall_at_5": 0.76068,
        "recall_at_10": 0.82906,
        "recall_at_20": 0.91453,
        "recall_at_100": 1.0,
        "recall_at_1000": 1.0,
        "precision_at_1": 0.49573,
        "precision_at_3": 0.23362,
        "precision_at_5": 0.15214,
        "precision_at_10": 0.08291,
        "precision_at_20": 0.04573,
        "precision_at_100": 0.01,
        "precision_at_1000": 0.001,
        "mrr_at_1": 0.495726,
        "mrr_at_3": 0.58547,
        "mrr_at_5": 0.599145,
        "mrr_at_10": 0.608428,
        "mrr_at_20": 0.614678,
        "mrr_at_100": 0.61711,
        "mrr_at_1000": 0.61711,
        "nauc_ndcg_at_1_max": 0.226506,
        "nauc_ndcg_at_1_std": -0.077051,
        "nauc_ndcg_at_1_diff1": 0.453384,
        "nauc_ndcg_at_3_max": 0.364746,
        "nauc_ndcg_at_3_std": -0.040913,
        "nauc_ndcg_at_3_diff1": 0.502898,
        "nauc_ndcg_at_5_max": 0.3618,
        "nauc_ndcg_at_5_std": -0.07819,
        "nauc_ndcg_at_5_diff1": 0.493898,
        "nauc_ndcg_at_10_max": 0.353989,
        "nauc_ndcg_at_10_std": -0.067053,
        "nauc_ndcg_at_10_diff1": 0.502546,
        "nauc_ndcg_at_20_max": 0.330123,
        "nauc_ndcg_at_20_std": -0.083934,
        "nauc_ndcg_at_20_diff1": 0.504406,
        "nauc_ndcg_at_100_max": 0.322438,
        "nauc_ndcg_at_100_std": -0.083248,
        "nauc_ndcg_at_100_diff1": 0.495573,
        "nauc_ndcg_at_1000_max": 0.322438,
        "nauc_ndcg_at_1000_std": -0.083248,
        "nauc_ndcg_at_1000_diff1": 0.495573,
        "nauc_map_at_1_max": 0.226506,
        "nauc_map_at_1_std": -0.077051,
        "nauc_map_at_1_diff1": 0.453384,
        "nauc_map_at_3_max": 0.326704,
        "nauc_map_at_3_std": -0.060139,
        "nauc_map_at_3_diff1": 0.493129,
        "nauc_map_at_5_max": 0.324594,
        "nauc_map_at_5_std": -0.079566,
        "nauc_map_at_5_diff1": 0.488005,
        "nauc_map_at_10_max": 0.320849,
        "nauc_map_at_10_std": -0.075707,
        "nauc_map_at_10_diff1": 0.491841,
        "nauc_map_at_20_max": 0.314458,
        "nauc_map_at_20_std": -0.080415,
        "nauc_map_at_20_diff1": 0.492088,
        "nauc_map_at_100_max": 0.312737,
        "nauc_map_at_100_std": -0.08147,
        "nauc_map_at_100_diff1": 0.490848,
        "nauc_map_at_1000_max": 0.312737,
        "nauc_map_at_1000_std": -0.08147,
        "nauc_map_at_1000_diff1": 0.490848,
        "nauc_recall_at_1_max": 0.226506,
        "nauc_recall_at_1_std": -0.077051,
        "nauc_recall_at_1_diff1": 0.453384,
        "nauc_recall_at_3_max": 0.497287,
        "nauc_recall_at_3_std": 0.030624,
        "nauc_recall_at_3_diff1": 0.535046,
        "nauc_recall_at_5_max": 0.510809,
        "nauc_recall_at_5_std": -0.075197,
        "nauc_recall_at_5_diff1": 0.514024,
        "nauc_recall_at_10_max": 0.520068,
        "nauc_recall_at_10_std": -0.016655,
        "nauc_recall_at_10_diff1": 0.556273,
        "nauc_recall_at_20_max": 0.40664,
        "nauc_recall_at_20_std": -0.145264,
        "nauc_recall_at_20_diff1": 0.624847,
        "nauc_recall_at_100_max": NaN,
        "nauc_recall_at_100_std": NaN,
        "nauc_recall_at_100_diff1": NaN,
        "nauc_recall_at_1000_max": NaN,
        "nauc_recall_at_1000_std": NaN,
        "nauc_recall_at_1000_diff1": NaN,
        "nauc_precision_at_1_max": 0.226506,
        "nauc_precision_at_1_std": -0.077051,
        "nauc_precision_at_1_diff1": 0.453384,
        "nauc_precision_at_3_max": 0.497287,
        "nauc_precision_at_3_std": 0.030624,
        "nauc_precision_at_3_diff1": 0.535046,
        "nauc_precision_at_5_max": 0.510809,
        "nauc_precision_at_5_std": -0.075197,
        "nauc_precision_at_5_diff1": 0.514024,
        "nauc_precision_at_10_max": 0.520068,
        "nauc_precision_at_10_std": -0.016655,
        "nauc_precision_at_10_diff1": 0.556273,
        "nauc_precision_at_20_max": 0.40664,
        "nauc_precision_at_20_std": -0.145264,
        "nauc_precision_at_20_diff1": 0.624847,
        "nauc_precision_at_100_max": NaN,
        "nauc_precision_at_100_std": NaN,
        "nauc_precision_at_100_diff1": NaN,
        "nauc_precision_at_1000_max": 1.0,
        "nauc_precision_at_1000_std": 1.0,
        "nauc_precision_at_1000_diff1": 1.0,
        "nauc_mrr_at_1_max": 0.226506,
        "nauc_mrr_at_1_std": -0.077051,
        "nauc_mrr_at_1_diff1": 0.453384,
        "nauc_mrr_at_3_max": 0.326704,
        "nauc_mrr_at_3_std": -0.060139,
        "nauc_mrr_at_3_diff1": 0.493129,
        "nauc_mrr_at_5_max": 0.324594,
        "nauc_mrr_at_5_std": -0.079566,
        "nauc_mrr_at_5_diff1": 0.488005,
        "nauc_mrr_at_10_max": 0.320849,
        "nauc_mrr_at_10_std": -0.075707,
        "nauc_mrr_at_10_diff1": 0.491841,
        "nauc_mrr_at_20_max": 0.314458,
        "nauc_mrr_at_20_std": -0.080415,
        "nauc_mrr_at_20_diff1": 0.492088,
        "nauc_mrr_at_100_max": 0.312737,
        "nauc_mrr_at_100_std": -0.08147,
        "nauc_mrr_at_100_diff1": 0.490848,
        "nauc_mrr_at_1000_max": 0.312737,
        "nauc_mrr_at_1000_std": -0.08147,
        "nauc_mrr_at_1000_diff1": 0.490848,
        "main_score": 0.66199,
        "hf_subset": "default",
        "languages": [
          "eng-Latn"
        ]
      }
    ]
  },
  "evaluation_time": 37.04513239860535,
  "kg_co2_emissions": null
}