{
  "dataset_revision": "2095f248902963b4480ac96b774ba64b2104cbee",
  "task_name": "consumer-contracts-qa",
  "mteb_version": "1.39.7",
  "scores": {
    "test": [
      {
        "ndcg_at_1": 0.79293,
        "ndcg_at_3": 0.86147,
        "ndcg_at_5": 0.87559,
        "ndcg_at_10": 0.88835,
        "ndcg_at_20": 0.89113,
        "ndcg_at_100": 0.89113,
        "ndcg_at_1000": 0.89113,
        "map_at_1": 0.79293,
        "map_at_3": 0.84343,
        "map_at_5": 0.85101,
        "map_at_10": 0.85609,
        "map_at_20": 0.85697,
        "map_at_100": 0.85697,
        "map_at_1000": 0.85697,
        "recall_at_1": 0.79293,
        "recall_at_3": 0.91414,
        "recall_at_5": 0.94949,
        "recall_at_10": 0.9899,
        "recall_at_20": 1.0,
        "recall_at_100": 1.0,
        "recall_at_1000": 1.0,
        "precision_at_1": 0.79293,
        "precision_at_3": 0.30471,
        "precision_at_5": 0.1899,
        "precision_at_10": 0.09899,
        "precision_at_20": 0.05,
        "precision_at_100": 0.01,
        "precision_at_1000": 0.001,
        "mrr_at_1": 0.792929,
        "mrr_at_3": 0.843434,
        "mrr_at_5": 0.85101,
        "mrr_at_10": 0.856095,
        "mrr_at_20": 0.856975,
        "mrr_at_100": 0.856975,
        "mrr_at_1000": 0.856975,
        "nauc_ndcg_at_1_max": 0.697963,
        "nauc_ndcg_at_1_std": 0.088434,
        "nauc_ndcg_at_1_diff1": 0.793771,
        "nauc_ndcg_at_3_max": 0.693216,
        "nauc_ndcg_at_3_std": 0.062784,
        "nauc_ndcg_at_3_diff1": 0.752973,
        "nauc_ndcg_at_5_max": 0.700684,
        "nauc_ndcg_at_5_std": 0.02769,
        "nauc_ndcg_at_5_diff1": 0.76693,
        "nauc_ndcg_at_10_max": 0.697513,
        "nauc_ndcg_at_10_std": 0.053183,
        "nauc_ndcg_at_10_diff1": 0.779174,
        "nauc_ndcg_at_20_max": 0.701689,
        "nauc_ndcg_at_20_std": 0.066819,
        "nauc_ndcg_at_20_diff1": 0.776744,
        "nauc_ndcg_at_100_max": 0.701689,
        "nauc_ndcg_at_100_std": 0.066819,
        "nauc_ndcg_at_100_diff1": 0.776744,
        "nauc_ndcg_at_1000_max": 0.701689,
        "nauc_ndcg_at_1000_std": 0.066819,
        "nauc_ndcg_at_1000_diff1": 0.776744,
        "nauc_map_at_1_max": 0.697963,
        "nauc_map_at_1_std": 0.088434,
        "nauc_map_at_1_diff1": 0.793771,
        "nauc_map_at_3_max": 0.698195,
        "nauc_map_at_3_std": 0.074711,
        "nauc_map_at_3_diff1": 0.76729,
        "nauc_map_at_5_max": 0.701671,
        "nauc_map_at_5_std": 0.059024,
        "nauc_map_at_5_diff1": 0.774042,
        "nauc_map_at_10_max": 0.700927,
        "nauc_map_at_10_std": 0.067314,
        "nauc_map_at_10_diff1": 0.778761,
        "nauc_map_at_20_max": 0.701926,
        "nauc_map_at_20_std": 0.070939,
        "nauc_map_at_20_diff1": 0.778171,
        "nauc_map_at_100_max": 0.701926,
        "nauc_map_at_100_std": 0.070939,
        "nauc_map_at_100_diff1": 0.778171,
        "nauc_map_at_1000_max": 0.701926,
        "nauc_map_at_1000_std": 0.070939,
        "nauc_map_at_1000_diff1": 0.778171,
        "nauc_recall_at_1_max": 0.697963,
        "nauc_recall_at_1_std": 0.088434,
        "nauc_recall_at_1_diff1": 0.793771,
        "nauc_recall_at_3_max": 0.665914,
        "nauc_recall_at_3_std": 0.000567,
        "nauc_recall_at_3_diff1": 0.680526,
        "nauc_recall_at_5_max": 0.692411,
        "nauc_recall_at_5_std": -0.242869,
        "nauc_recall_at_5_diff1": 0.715236,
        "nauc_recall_at_10_max": 0.540037,
        "nauc_recall_at_10_std": -0.431087,
        "nauc_recall_at_10_diff1": 0.869134,
        "nauc_recall_at_20_max": NaN,
        "nauc_recall_at_20_std": NaN,
        "nauc_recall_at_20_diff1": NaN,
        "nauc_recall_at_100_max": NaN,
        "nauc_recall_at_100_std": NaN,
        "nauc_recall_at_100_diff1": NaN,
        "nauc_recall_at_1000_max": NaN,
        "nauc_recall_at_1000_std": NaN,
        "nauc_recall_at_1000_diff1": NaN,
        "nauc_precision_at_1_max": 0.697963,
        "nauc_precision_at_1_std": 0.088434,
        "nauc_precision_at_1_diff1": 0.793771,
        "nauc_precision_at_3_max": 0.665914,
        "nauc_precision_at_3_std": 0.000567,
        "nauc_precision_at_3_diff1": 0.680526,
        "nauc_precision_at_5_max": 0.692411,
        "nauc_precision_at_5_std": -0.242869,
        "nauc_precision_at_5_diff1": 0.715236,
        "nauc_precision_at_10_max": 0.540037,
        "nauc_precision_at_10_std": -0.431087,
        "nauc_precision_at_10_diff1": 0.869134,
        "nauc_precision_at_20_max": 1.0,
        "nauc_precision_at_20_std": 1.0,
        "nauc_precision_at_20_diff1": 1.0,
        "nauc_precision_at_100_max": 1.0,
        "nauc_precision_at_100_std": 1.0,
        "nauc_precision_at_100_diff1": 1.0,
        "nauc_precision_at_1000_max": 1.0,
        "nauc_precision_at_1000_std": 1.0,
        "nauc_precision_at_1000_diff1": 1.0,
        "nauc_mrr_at_1_max": 0.697963,
        "nauc_mrr_at_1_std": 0.088434,
        "nauc_mrr_at_1_diff1": 0.793771,
        "nauc_mrr_at_3_max": 0.698195,
        "nauc_mrr_at_3_std": 0.074711,
        "nauc_mrr_at_3_diff1": 0.76729,
        "nauc_mrr_at_5_max": 0.701671,
        "nauc_mrr_at_5_std": 0.059024,
        "nauc_mrr_at_5_diff1": 0.774042,
        "nauc_mrr_at_10_max": 0.700927,
        "nauc_mrr_at_10_std": 0.067314,
        "nauc_mrr_at_10_diff1": 0.778761,
        "nauc_mrr_at_20_max": 0.701926,
        "nauc_mrr_at_20_std": 0.070939,
        "nauc_mrr_at_20_diff1": 0.778171,
        "nauc_mrr_at_100_max": 0.701926,
        "nauc_mrr_at_100_std": 0.070939,
        "nauc_mrr_at_100_diff1": 0.778171,
        "nauc_mrr_at_1000_max": 0.701926,
        "nauc_mrr_at_1000_std": 0.070939,
        "nauc_mrr_at_1000_diff1": 0.778171,
        "main_score": 0.88835,
        "hf_subset": "default",
        "languages": [
          "eng-Latn"
        ]
      }
    ]
  },
  "evaluation_time": 70.48745584487915,
  "kg_co2_emissions": null
}