{
  "dataset_revision": "48ed7bcb1f50896a0f71461a04b2df0ca84329d9",
  "task_name": "contractual-clause-retrieval",
  "mteb_version": "1.39.7",
  "scores": {
    "test": [
      {
        "ndcg_at_1": 0.91111,
        "ndcg_at_3": 0.89538,
        "ndcg_at_5": 0.91825,
        "ndcg_at_10": 0.92765,
        "ndcg_at_20": 0.93106,
        "ndcg_at_100": 0.93672,
        "ndcg_at_1000": 0.93672,
        "map_at_1": 0.45556,
        "map_at_3": 0.87037,
        "map_at_5": 0.89148,
        "map_at_10": 0.89836,
        "map_at_20": 0.89984,
        "map_at_100": 0.901,
        "map_at_1000": 0.901,
        "recall_at_1": 0.45556,
        "recall_at_3": 0.9,
        "recall_at_5": 0.94444,
        "recall_at_10": 0.96667,
        "recall_at_20": 0.97778,
        "recall_at_100": 1.0,
        "recall_at_1000": 1.0,
        "precision_at_1": 0.91111,
        "precision_at_3": 0.6,
        "precision_at_5": 0.37778,
        "precision_at_10": 0.19333,
        "precision_at_20": 0.09778,
        "precision_at_100": 0.02,
        "precision_at_1000": 0.002,
        "mrr_at_1": 0.911111,
        "mrr_at_3": 0.940741,
        "mrr_at_5": 0.940741,
        "mrr_at_10": 0.940741,
        "mrr_at_20": 0.940741,
        "mrr_at_100": 0.941751,
        "mrr_at_1000": 0.941751,
        "nauc_ndcg_at_1_max": 0.855978,
        "nauc_ndcg_at_1_std": 0.133903,
        "nauc_ndcg_at_1_diff1": 0.609434,
        "nauc_ndcg_at_3_max": 0.524879,
        "nauc_ndcg_at_3_std": -0.369145,
        "nauc_ndcg_at_3_diff1": 0.173485,
        "nauc_ndcg_at_5_max": 0.639992,
        "nauc_ndcg_at_5_std": -0.353316,
        "nauc_ndcg_at_5_diff1": 0.314469,
        "nauc_ndcg_at_10_max": 0.657457,
        "nauc_ndcg_at_10_std": -0.384135,
        "nauc_ndcg_at_10_diff1": 0.463506,
        "nauc_ndcg_at_20_max": 0.639729,
        "nauc_ndcg_at_20_std": -0.455771,
        "nauc_ndcg_at_20_diff1": 0.450034,
        "nauc_ndcg_at_100_max": 0.647898,
        "nauc_ndcg_at_100_std": -0.339246,
        "nauc_ndcg_at_100_diff1": 0.398204,
        "nauc_ndcg_at_1000_max": 0.647898,
        "nauc_ndcg_at_1000_std": -0.339246,
        "nauc_ndcg_at_1000_diff1": 0.398204,
        "nauc_map_at_1_max": 0.855978,
        "nauc_map_at_1_std": 0.133903,
        "nauc_map_at_1_diff1": 0.609434,
        "nauc_map_at_3_max": 0.518452,
        "nauc_map_at_3_std": -0.347772,
        "nauc_map_at_3_diff1": 0.139193,
        "nauc_map_at_5_max": 0.602643,
        "nauc_map_at_5_std": -0.337173,
        "nauc_map_at_5_diff1": 0.238184,
        "nauc_map_at_10_max": 0.609738,
        "nauc_map_at_10_std": -0.353942,
        "nauc_map_at_10_diff1": 0.315282,
        "nauc_map_at_20_max": 0.603576,
        "nauc_map_at_20_std": -0.375318,
        "nauc_map_at_20_diff1": 0.308832,
        "nauc_map_at_100_max": 0.604208,
        "nauc_map_at_100_std": -0.358854,
        "nauc_map_at_100_diff1": 0.300191,
        "nauc_map_at_1000_max": 0.604208,
        "nauc_map_at_1000_std": -0.358854,
        "nauc_map_at_1000_diff1": 0.300191,
        "nauc_recall_at_1_max": 0.855978,
        "nauc_recall_at_1_std": 0.133903,
        "nauc_recall_at_1_diff1": 0.609434,
        "nauc_recall_at_3_max": 0.401323,
        "nauc_recall_at_3_std": -0.497925,
        "nauc_recall_at_3_diff1": -0.003259,
        "nauc_recall_at_5_max": 0.603215,
        "nauc_recall_at_5_std": -0.520413,
        "nauc_recall_at_5_diff1": 0.231675,
        "nauc_recall_at_10_max": 0.702026,
        "nauc_recall_at_10_std": -0.794816,
        "nauc_recall_at_10_diff1": 0.907939,
        "nauc_recall_at_20_max": 0.553038,
        "nauc_recall_at_20_std": -1.692224,
        "nauc_recall_at_20_diff1": 1.0,
        "nauc_recall_at_100_max": NaN,
        "nauc_recall_at_100_std": NaN,
        "nauc_recall_at_100_diff1": NaN,
        "nauc_recall_at_1000_max": NaN,
        "nauc_recall_at_1000_std": NaN,
        "nauc_recall_at_1000_diff1": NaN,
        "nauc_precision_at_1_max": 0.855978,
        "nauc_precision_at_1_std": 0.133903,
        "nauc_precision_at_1_diff1": 0.609434,
        "nauc_precision_at_3_max": 0.401323,
        "nauc_precision_at_3_std": -0.497925,
        "nauc_precision_at_3_diff1": -0.003259,
        "nauc_precision_at_5_max": 0.603215,
        "nauc_precision_at_5_std": -0.520413,
        "nauc_precision_at_5_diff1": 0.231675,
        "nauc_precision_at_10_max": 0.702026,
        "nauc_precision_at_10_std": -0.794816,
        "nauc_precision_at_10_diff1": 0.907939,
        "nauc_precision_at_20_max": 0.553038,
        "nauc_precision_at_20_std": -1.692224,
        "nauc_precision_at_20_diff1": 1.0,
        "nauc_precision_at_100_max": 1.0,
        "nauc_precision_at_100_std": 1.0,
        "nauc_precision_at_100_diff1": 1.0,
        "nauc_precision_at_1000_max": NaN,
        "nauc_precision_at_1000_std": NaN,
        "nauc_precision_at_1000_diff1": NaN,
        "nauc_mrr_at_1_max": 0.855978,
        "nauc_mrr_at_1_std": 0.133903,
        "nauc_mrr_at_1_diff1": 0.609434,
        "nauc_mrr_at_3_max": 0.808178,
        "nauc_mrr_at_3_std": -0.154365,
        "nauc_mrr_at_3_diff1": 0.689814,
        "nauc_mrr_at_5_max": 0.808178,
        "nauc_mrr_at_5_std": -0.154365,
        "nauc_mrr_at_5_diff1": 0.689814,
        "nauc_mrr_at_10_max": 0.808178,
        "nauc_mrr_at_10_std": -0.154365,
        "nauc_mrr_at_10_diff1": 0.689814,
        "nauc_mrr_at_20_max": 0.808178,
        "nauc_mrr_at_20_std": -0.154365,
        "nauc_mrr_at_20_diff1": 0.689814,
        "nauc_mrr_at_100_max": 0.812603,
        "nauc_mrr_at_100_std": -0.127697,
        "nauc_mrr_at_100_diff1": 0.684435,
        "nauc_mrr_at_1000_max": 0.812603,
        "nauc_mrr_at_1000_std": -0.127697,
        "nauc_mrr_at_1000_diff1": 0.684435,
        "main_score": 0.92765,
        "hf_subset": "default",
        "languages": [
          "eng-Latn"
        ]
      }
    ]
  },
  "evaluation_time": 33.163877964019775,
  "kg_co2_emissions": null
}