{
  "dataset_revision": "f5452494f09a6d51c37b56883a65ef742ac07c99",
  "task_name": "echr-retrieval",
  "mteb_version": "1.39.7",
  "scores": {
    "test": [
      {
        "ndcg_at_1": 0.25,
        "ndcg_at_3": 0.36428,
        "ndcg_at_5": 0.3972,
        "ndcg_at_10": 0.44088,
        "ndcg_at_20": 0.47002,
        "ndcg_at_100": 0.50457,
        "ndcg_at_1000": 0.50883,
        "map_at_1": 0.25,
        "map_at_3": 0.33333,
        "map_at_5": 0.35158,
        "map_at_10": 0.36963,
        "map_at_20": 0.37768,
        "map_at_100": 0.38254,
        "map_at_1000": 0.38277,
        "recall_at_1": 0.25,
        "recall_at_3": 0.455,
        "recall_at_5": 0.535,
        "recall_at_10": 0.67,
        "recall_at_20": 0.785,
        "recall_at_100": 0.97,
        "recall_at_1000": 1.0,
        "precision_at_1": 0.25,
        "precision_at_3": 0.15167,
        "precision_at_5": 0.107,
        "precision_at_10": 0.067,
        "precision_at_20": 0.03925,
        "precision_at_100": 0.0097,
        "precision_at_1000": 0.001,
        "mrr_at_1": 0.25,
        "mrr_at_3": 0.333333,
        "mrr_at_5": 0.351583,
        "mrr_at_10": 0.369633,
        "mrr_at_20": 0.377679,
        "mrr_at_100": 0.382541,
        "mrr_at_1000": 0.382772,
        "nauc_ndcg_at_1_max": 0.204465,
        "nauc_ndcg_at_1_std": 0.087312,
        "nauc_ndcg_at_1_diff1": 0.449489,
        "nauc_ndcg_at_3_max": 0.256912,
        "nauc_ndcg_at_3_std": 0.137698,
        "nauc_ndcg_at_3_diff1": 0.395179,
        "nauc_ndcg_at_5_max": 0.262107,
        "nauc_ndcg_at_5_std": 0.160316,
        "nauc_ndcg_at_5_diff1": 0.372924,
        "nauc_ndcg_at_10_max": 0.242815,
        "nauc_ndcg_at_10_std": 0.127947,
        "nauc_ndcg_at_10_diff1": 0.360497,
        "nauc_ndcg_at_20_max": 0.268023,
        "nauc_ndcg_at_20_std": 0.148312,
        "nauc_ndcg_at_20_diff1": 0.360612,
        "nauc_ndcg_at_100_max": 0.254417,
        "nauc_ndcg_at_100_std": 0.14494,
        "nauc_ndcg_at_100_diff1": 0.379262,
        "nauc_ndcg_at_1000_max": 0.248187,
        "nauc_ndcg_at_1000_std": 0.134985,
        "nauc_ndcg_at_1000_diff1": 0.379115,
        "nauc_map_at_1_max": 0.204465,
        "nauc_map_at_1_std": 0.087312,
        "nauc_map_at_1_diff1": 0.449489,
        "nauc_map_at_3_max": 0.242514,
        "nauc_map_at_3_std": 0.124239,
        "nauc_map_at_3_diff1": 0.405615,
        "nauc_map_at_5_max": 0.244788,
        "nauc_map_at_5_std": 0.136654,
        "nauc_map_at_5_diff1": 0.392311,
        "nauc_map_at_10_max": 0.236221,
        "nauc_map_at_10_std": 0.122542,
        "nauc_map_at_10_diff1": 0.38775,
        "nauc_map_at_20_max": 0.240927,
        "nauc_map_at_20_std": 0.126271,
        "nauc_map_at_20_diff1": 0.387201,
        "nauc_map_at_100_max": 0.239364,
        "nauc_map_at_100_std": 0.125953,
        "nauc_map_at_100_diff1": 0.389708,
        "nauc_map_at_1000_max": 0.239096,
        "nauc_map_at_1000_std": 0.125515,
        "nauc_map_at_1000_diff1": 0.389732,
        "nauc_recall_at_1_max": 0.204465,
        "nauc_recall_at_1_std": 0.087312,
        "nauc_recall_at_1_diff1": 0.449489,
        "nauc_recall_at_3_max": 0.2971,
        "nauc_recall_at_3_std": 0.175146,
        "nauc_recall_at_3_diff1": 0.367496,
        "nauc_recall_at_5_max": 0.313575,
        "nauc_recall_at_5_std": 0.231623,
        "nauc_recall_at_5_diff1": 0.316712,
        "nauc_recall_at_10_max": 0.259645,
        "nauc_recall_at_10_std": 0.137098,
        "nauc_recall_at_10_diff1": 0.260644,
        "nauc_recall_at_20_max": 0.433328,
        "nauc_recall_at_20_std": 0.276508,
        "nauc_recall_at_20_diff1": 0.234322,
        "nauc_recall_at_100_max": 0.640601,
        "nauc_recall_at_100_std": 0.757703,
        "nauc_recall_at_100_diff1": 0.39558,
        "nauc_recall_at_1000_max": NaN,
        "nauc_recall_at_1000_std": NaN,
        "nauc_recall_at_1000_diff1": NaN,
        "nauc_precision_at_1_max": 0.204465,
        "nauc_precision_at_1_std": 0.087312,
        "nauc_precision_at_1_diff1": 0.449489,
        "nauc_precision_at_3_max": 0.2971,
        "nauc_precision_at_3_std": 0.175146,
        "nauc_precision_at_3_diff1": 0.367496,
        "nauc_precision_at_5_max": 0.313575,
        "nauc_precision_at_5_std": 0.231623,
        "nauc_precision_at_5_diff1": 0.316712,
        "nauc_precision_at_10_max": 0.259645,
        "nauc_precision_at_10_std": 0.137098,
        "nauc_precision_at_10_diff1": 0.260644,
        "nauc_precision_at_20_max": 0.433328,
        "nauc_precision_at_20_std": 0.276508,
        "nauc_precision_at_20_diff1": 0.234322,
        "nauc_precision_at_100_max": 0.640601,
        "nauc_precision_at_100_std": 0.757703,
        "nauc_precision_at_100_diff1": 0.39558,
        "nauc_precision_at_1000_max": 1.0,
        "nauc_precision_at_1000_std": 1.0,
        "nauc_precision_at_1000_diff1": 1.0,
        "nauc_mrr_at_1_max": 0.204465,
        "nauc_mrr_at_1_std": 0.087312,
        "nauc_mrr_at_1_diff1": 0.449489,
        "nauc_mrr_at_3_max": 0.242514,
        "nauc_mrr_at_3_std": 0.124239,
        "nauc_mrr_at_3_diff1": 0.405615,
        "nauc_mrr_at_5_max": 0.244788,
        "nauc_mrr_at_5_std": 0.136654,
        "nauc_mrr_at_5_diff1": 0.392311,
        "nauc_mrr_at_10_max": 0.236221,
        "nauc_mrr_at_10_std": 0.122542,
        "nauc_mrr_at_10_diff1": 0.38775,
        "nauc_mrr_at_20_max": 0.240927,
        "nauc_mrr_at_20_std": 0.126271,
        "nauc_mrr_at_20_diff1": 0.387201,
        "nauc_mrr_at_100_max": 0.239364,
        "nauc_mrr_at_100_std": 0.125953,
        "nauc_mrr_at_100_diff1": 0.389708,
        "nauc_mrr_at_1000_max": 0.239096,
        "nauc_mrr_at_1000_std": 0.125515,
        "nauc_mrr_at_1000_diff1": 0.389732,
        "main_score": 0.44088,
        "hf_subset": "default",
        "languages": [
          "eng-Latn"
        ]
      }
    ]
  },
  "evaluation_time": 203.3307375907898,
  "kg_co2_emissions": null
}