{
  "dataset_revision": "8d41f3d22bb73685b6f42b62ad95940ea3dfbf84",
  "task_name": "gdpr-holdings-retrieval",
  "mteb_version": "1.39.7",
  "scores": {
    "test": [
      {
        "ndcg_at_1": 0.844,
        "ndcg_at_3": 0.89943,
        "ndcg_at_5": 0.90674,
        "ndcg_at_10": 0.9118,
        "ndcg_at_20": 0.91484,
        "ndcg_at_100": 0.91704,
        "ndcg_at_1000": 0.91783,
        "map_at_1": 0.844,
        "map_at_3": 0.88667,
        "map_at_5": 0.89067,
        "map_at_10": 0.89268,
        "map_at_20": 0.89352,
        "map_at_100": 0.89382,
        "map_at_1000": 0.89385,
        "recall_at_1": 0.844,
        "recall_at_3": 0.936,
        "recall_at_5": 0.954,
        "recall_at_10": 0.97,
        "recall_at_20": 0.982,
        "recall_at_100": 0.994,
        "recall_at_1000": 1.0,
        "precision_at_1": 0.844,
        "precision_at_3": 0.312,
        "precision_at_5": 0.1908,
        "precision_at_10": 0.097,
        "precision_at_20": 0.0491,
        "precision_at_100": 0.00994,
        "precision_at_1000": 0.001,
        "mrr_at_1": 0.844,
        "mrr_at_3": 0.886667,
        "mrr_at_5": 0.890667,
        "mrr_at_10": 0.89268,
        "mrr_at_20": 0.893521,
        "mrr_at_100": 0.893817,
        "mrr_at_1000": 0.893849,
        "nauc_ndcg_at_1_max": 0.614528,
        "nauc_ndcg_at_1_std": -0.166476,
        "nauc_ndcg_at_1_diff1": 0.784163,
        "nauc_ndcg_at_3_max": 0.704042,
        "nauc_ndcg_at_3_std": -0.258332,
        "nauc_ndcg_at_3_diff1": 0.750939,
        "nauc_ndcg_at_5_max": 0.691374,
        "nauc_ndcg_at_5_std": -0.236812,
        "nauc_ndcg_at_5_diff1": 0.740469,
        "nauc_ndcg_at_10_max": 0.676956,
        "nauc_ndcg_at_10_std": -0.228104,
        "nauc_ndcg_at_10_diff1": 0.731393,
        "nauc_ndcg_at_20_max": 0.673839,
        "nauc_ndcg_at_20_std": -0.207139,
        "nauc_ndcg_at_20_diff1": 0.738647,
        "nauc_ndcg_at_100_max": 0.673989,
        "nauc_ndcg_at_100_std": -0.206686,
        "nauc_ndcg_at_100_diff1": 0.7471,
        "nauc_ndcg_at_1000_max": 0.670755,
        "nauc_ndcg_at_1000_std": -0.210225,
        "nauc_ndcg_at_1000_diff1": 0.747012,
        "nauc_map_at_1_max": 0.614528,
        "nauc_map_at_1_std": -0.166476,
        "nauc_map_at_1_diff1": 0.784163,
        "nauc_map_at_3_max": 0.677763,
        "nauc_map_at_3_std": -0.231428,
        "nauc_map_at_3_diff1": 0.7596,
        "nauc_map_at_5_max": 0.67061,
        "nauc_map_at_5_std": -0.21997,
        "nauc_map_at_5_diff1": 0.75491,
        "nauc_map_at_10_max": 0.665448,
        "nauc_map_at_10_std": -0.215328,
        "nauc_map_at_10_diff1": 0.75218,
        "nauc_map_at_20_max": 0.664696,
        "nauc_map_at_20_std": -0.20999,
        "nauc_map_at_20_diff1": 0.753766,
        "nauc_map_at_100_max": 0.664471,
        "nauc_map_at_100_std": -0.209617,
        "nauc_map_at_100_diff1": 0.754237,
        "nauc_map_at_1000_max": 0.664367,
        "nauc_map_at_1000_std": -0.209697,
        "nauc_map_at_1000_diff1": 0.754241,
        "nauc_recall_at_1_max": 0.614528,
        "nauc_recall_at_1_std": -0.166476,
        "nauc_recall_at_1_diff1": 0.784163,
        "nauc_recall_at_3_max": 0.831889,
        "nauc_recall_at_3_std": -0.389166,
        "nauc_recall_at_3_diff1": 0.709661,
        "nauc_recall_at_5_max": 0.822636,
        "nauc_recall_at_5_std": -0.339463,
        "nauc_recall_at_5_diff1": 0.643852,
        "nauc_recall_at_10_max": 0.762901,
        "nauc_recall_at_10_std": -0.342297,
        "nauc_recall_at_10_diff1": 0.510862,
        "nauc_recall_at_20_max": 0.762216,
        "nauc_recall_at_20_std": -0.064115,
        "nauc_recall_at_20_diff1": 0.503164,
        "nauc_recall_at_100_max": 1.0,
        "nauc_recall_at_100_std": 0.175537,
        "nauc_recall_at_100_diff1": 0.758792,
        "nauc_recall_at_1000_max": NaN,
        "nauc_recall_at_1000_std": NaN,
        "nauc_recall_at_1000_diff1": NaN,
        "nauc_precision_at_1_max": 0.614528,
        "nauc_precision_at_1_std": -0.166476,
        "nauc_precision_at_1_diff1": 0.784163,
        "nauc_precision_at_3_max": 0.831889,
        "nauc_precision_at_3_std": -0.389166,
        "nauc_precision_at_3_diff1": 0.709661,
        "nauc_precision_at_5_max": 0.822636,
        "nauc_precision_at_5_std": -0.339463,
        "nauc_precision_at_5_diff1": 0.643852,
        "nauc_precision_at_10_max": 0.762901,
        "nauc_precision_at_10_std": -0.342297,
        "nauc_precision_at_10_diff1": 0.510862,
        "nauc_precision_at_20_max": 0.762216,
        "nauc_precision_at_20_std": -0.064115,
        "nauc_precision_at_20_diff1": 0.503164,
        "nauc_precision_at_100_max": 1.0,
        "nauc_precision_at_100_std": 0.175537,
        "nauc_precision_at_100_diff1": 0.758792,
        "nauc_precision_at_1000_max": 1.0,
        "nauc_precision_at_1000_std": 1.0,
        "nauc_precision_at_1000_diff1": 1.0,
        "nauc_mrr_at_1_max": 0.614528,
        "nauc_mrr_at_1_std": -0.166476,
        "nauc_mrr_at_1_diff1": 0.784163,
        "nauc_mrr_at_3_max": 0.677763,
        "nauc_mrr_at_3_std": -0.231428,
        "nauc_mrr_at_3_diff1": 0.7596,
        "nauc_mrr_at_5_max": 0.67061,
        "nauc_mrr_at_5_std": -0.21997,
        "nauc_mrr_at_5_diff1": 0.75491,
        "nauc_mrr_at_10_max": 0.665448,
        "nauc_mrr_at_10_std": -0.215328,
        "nauc_mrr_at_10_diff1": 0.75218,
        "nauc_mrr_at_20_max": 0.664696,
        "nauc_mrr_at_20_std": -0.20999,
        "nauc_mrr_at_20_diff1": 0.753766,
        "nauc_mrr_at_100_max": 0.664471,
        "nauc_mrr_at_100_std": -0.209617,
        "nauc_mrr_at_100_diff1": 0.754237,
        "nauc_mrr_at_1000_max": 0.664367,
        "nauc_mrr_at_1000_std": -0.209697,
        "nauc_mrr_at_1000_diff1": 0.754241,
        "main_score": 0.9118,
        "hf_subset": "default",
        "languages": [
          "eng-Latn"
        ]
      }
    ]
  },
  "evaluation_time": 254.24917316436768,
  "kg_co2_emissions": null
}