{
  "dataset_revision": "bbf8b2d84b7de5970b2ba4ea843c791285fdb1df",
  "task_name": "irish-legislative-summaries",
  "mteb_version": "1.39.7",
  "scores": {
    "test": [
      {
        "ndcg_at_1": 0.838,
        "ndcg_at_3": 0.902,
        "ndcg_at_5": 0.91172,
        "ndcg_at_10": 0.91643,
        "ndcg_at_20": 0.91838,
        "ndcg_at_100": 0.91993,
        "ndcg_at_1000": 0.92022,
        "map_at_1": 0.838,
        "map_at_3": 0.88733,
        "map_at_5": 0.89263,
        "map_at_10": 0.89469,
        "map_at_20": 0.89518,
        "map_at_100": 0.89542,
        "map_at_1000": 0.89543,
        "recall_at_1": 0.838,
        "recall_at_3": 0.944,
        "recall_at_5": 0.968,
        "recall_at_10": 0.982,
        "recall_at_20": 0.99,
        "recall_at_100": 0.998,
        "recall_at_1000": 1.0,
        "precision_at_1": 0.838,
        "precision_at_3": 0.31467,
        "precision_at_5": 0.1936,
        "precision_at_10": 0.0982,
        "precision_at_20": 0.0495,
        "precision_at_100": 0.00998,
        "precision_at_1000": 0.001,
        "mrr_at_1": 0.838,
        "mrr_at_3": 0.887333,
        "mrr_at_5": 0.892633,
        "mrr_at_10": 0.894689,
        "mrr_at_20": 0.895178,
        "mrr_at_100": 0.895417,
        "mrr_at_1000": 0.895434,
        "nauc_ndcg_at_1_max": 0.671725,
        "nauc_ndcg_at_1_std": 0.270886,
        "nauc_ndcg_at_1_diff1": 0.858381,
        "nauc_ndcg_at_3_max": 0.742744,
        "nauc_ndcg_at_3_std": 0.29333,
        "nauc_ndcg_at_3_diff1": 0.855396,
        "nauc_ndcg_at_5_max": 0.729634,
        "nauc_ndcg_at_5_std": 0.261406,
        "nauc_ndcg_at_5_diff1": 0.85487,
        "nauc_ndcg_at_10_max": 0.721569,
        "nauc_ndcg_at_10_std": 0.253183,
        "nauc_ndcg_at_10_diff1": 0.853086,
        "nauc_ndcg_at_20_max": 0.717227,
        "nauc_ndcg_at_20_std": 0.251122,
        "nauc_ndcg_at_20_diff1": 0.853656,
        "nauc_ndcg_at_100_max": 0.714318,
        "nauc_ndcg_at_100_std": 0.265324,
        "nauc_ndcg_at_100_diff1": 0.854158,
        "nauc_ndcg_at_1000_max": 0.713735,
        "nauc_ndcg_at_1000_std": 0.264974,
        "nauc_ndcg_at_1000_diff1": 0.854101,
        "nauc_map_at_1_max": 0.671725,
        "nauc_map_at_1_std": 0.270886,
        "nauc_map_at_1_diff1": 0.858381,
        "nauc_map_at_3_max": 0.719942,
        "nauc_map_at_3_std": 0.283971,
        "nauc_map_at_3_diff1": 0.855985,
        "nauc_map_at_5_max": 0.713072,
        "nauc_map_at_5_std": 0.269338,
        "nauc_map_at_5_diff1": 0.855644,
        "nauc_map_at_10_max": 0.70997,
        "nauc_map_at_10_std": 0.266327,
        "nauc_map_at_10_diff1": 0.854924,
        "nauc_map_at_20_max": 0.709065,
        "nauc_map_at_20_std": 0.265896,
        "nauc_map_at_20_diff1": 0.855029,
        "nauc_map_at_100_max": 0.708724,
        "nauc_map_at_100_std": 0.267872,
        "nauc_map_at_100_diff1": 0.854978,
        "nauc_map_at_1000_max": 0.708697,
        "nauc_map_at_1000_std": 0.267857,
        "nauc_map_at_1000_diff1": 0.854976,
        "nauc_recall_at_1_max": 0.671725,
        "nauc_recall_at_1_std": 0.270886,
        "nauc_recall_at_1_diff1": 0.858381,
        "nauc_recall_at_3_max": 0.869198,
        "nauc_recall_at_3_std": 0.347072,
        "nauc_recall_at_3_diff1": 0.852441,
        "nauc_recall_at_5_max": 0.875117,
        "nauc_recall_at_5_std": 0.174486,
        "nauc_recall_at_5_diff1": 0.848564,
        "nauc_recall_at_10_max": 0.880174,
        "nauc_recall_at_10_std": 0.006899,
        "nauc_recall_at_10_diff1": 0.823374,
        "nauc_recall_at_20_max": 0.866013,
        "nauc_recall_at_20_std": -0.249486,
        "nauc_recall_at_20_diff1": 0.819328,
        "nauc_recall_at_100_max": 0.869281,
        "nauc_recall_at_100_std": 0.358077,
        "nauc_recall_at_100_diff1": 0.869281,
        "nauc_recall_at_1000_max": NaN,
        "nauc_recall_at_1000_std": NaN,
        "nauc_recall_at_1000_diff1": NaN,
        "nauc_precision_at_1_max": 0.671725,
        "nauc_precision_at_1_std": 0.270886,
        "nauc_precision_at_1_diff1": 0.858381,
        "nauc_precision_at_3_max": 0.869198,
        "nauc_precision_at_3_std": 0.347072,
        "nauc_precision_at_3_diff1": 0.852441,
        "nauc_precision_at_5_max": 0.875117,
        "nauc_precision_at_5_std": 0.174486,
        "nauc_precision_at_5_diff1": 0.848564,
        "nauc_precision_at_10_max": 0.880174,
        "nauc_precision_at_10_std": 0.006899,
        "nauc_precision_at_10_diff1": 0.823374,
        "nauc_precision_at_20_max": 0.866013,
        "nauc_precision_at_20_std": -0.249486,
        "nauc_precision_at_20_diff1": 0.819328,
        "nauc_precision_at_100_max": 0.869281,
        "nauc_precision_at_100_std": 0.358077,
        "nauc_precision_at_100_diff1": 0.869281,
        "nauc_precision_at_1000_max": 1.0,
        "nauc_precision_at_1000_std": 1.0,
        "nauc_precision_at_1000_diff1": 1.0,
        "nauc_mrr_at_1_max": 0.671725,
        "nauc_mrr_at_1_std": 0.270886,
        "nauc_mrr_at_1_diff1": 0.858381,
        "nauc_mrr_at_3_max": 0.719942,
        "nauc_mrr_at_3_std": 0.283971,
        "nauc_mrr_at_3_diff1": 0.855985,
        "nauc_mrr_at_5_max": 0.713072,
        "nauc_mrr_at_5_std": 0.269338,
        "nauc_mrr_at_5_diff1": 0.855644,
        "nauc_mrr_at_10_max": 0.70997,
        "nauc_mrr_at_10_std": 0.266327,
        "nauc_mrr_at_10_diff1": 0.854924,
        "nauc_mrr_at_20_max": 0.709065,
        "nauc_mrr_at_20_std": 0.265896,
        "nauc_mrr_at_20_diff1": 0.855029,
        "nauc_mrr_at_100_max": 0.708724,
        "nauc_mrr_at_100_std": 0.267872,
        "nauc_mrr_at_100_diff1": 0.854978,
        "nauc_mrr_at_1000_max": 0.708697,
        "nauc_mrr_at_1000_std": 0.267857,
        "nauc_mrr_at_1000_diff1": 0.854976,
        "main_score": 0.91643,
        "hf_subset": "default",
        "languages": [
          "eng-Latn"
        ]
      }
    ]
  },
  "evaluation_time": 426.2191970348358,
  "kg_co2_emissions": null
}