{
  "dataset_revision": "ca0f1732432ad623ba6172b15e8c726b76e50fad",
  "task_name": "legal-rag-bench",
  "mteb_version": "1.39.7",
  "scores": {
    "test": [
      {
        "ndcg_at_1": 0.42,
        "ndcg_at_3": 0.58202,
        "ndcg_at_5": 0.61903,
        "ndcg_at_10": 0.64804,
        "ndcg_at_20": 0.66602,
        "ndcg_at_100": 0.67176,
        "ndcg_at_1000": 0.6731,
        "map_at_1": 0.42,
        "map_at_3": 0.53833,
        "map_at_5": 0.55883,
        "map_at_10": 0.57075,
        "map_at_20": 0.57583,
        "map_at_100": 0.57669,
        "map_at_1000": 0.57675,
        "recall_at_1": 0.42,
        "recall_at_3": 0.71,
        "recall_at_5": 0.8,
        "recall_at_10": 0.89,
        "recall_at_20": 0.96,
        "recall_at_100": 0.99,
        "recall_at_1000": 1.0,
        "precision_at_1": 0.42,
        "precision_at_3": 0.23667,
        "precision_at_5": 0.16,
        "precision_at_10": 0.089,
        "precision_at_20": 0.048,
        "precision_at_100": 0.0099,
        "precision_at_1000": 0.001,
        "mrr_at_1": 0.42,
        "mrr_at_3": 0.538333,
        "mrr_at_5": 0.558833,
        "mrr_at_10": 0.570746,
        "mrr_at_20": 0.575829,
        "mrr_at_100": 0.576688,
        "mrr_at_1000": 0.576746,
        "nauc_ndcg_at_1_max": 0.225458,
        "nauc_ndcg_at_1_std": 0.001037,
        "nauc_ndcg_at_1_diff1": 0.278754,
        "nauc_ndcg_at_3_max": 0.203191,
        "nauc_ndcg_at_3_std": 0.08828,
        "nauc_ndcg_at_3_diff1": 0.169951,
        "nauc_ndcg_at_5_max": 0.211236,
        "nauc_ndcg_at_5_std": 0.090157,
        "nauc_ndcg_at_5_diff1": 0.200669,
        "nauc_ndcg_at_10_max": 0.241961,
        "nauc_ndcg_at_10_std": 0.076876,
        "nauc_ndcg_at_10_diff1": 0.261412,
        "nauc_ndcg_at_20_max": 0.225682,
        "nauc_ndcg_at_20_std": 0.069362,
        "nauc_ndcg_at_20_diff1": 0.244519,
        "nauc_ndcg_at_100_max": 0.209415,
        "nauc_ndcg_at_100_std": 0.049143,
        "nauc_ndcg_at_100_diff1": 0.237359,
        "nauc_ndcg_at_1000_max": 0.221015,
        "nauc_ndcg_at_1000_std": 0.048705,
        "nauc_ndcg_at_1000_diff1": 0.235474,
        "nauc_map_at_1_max": 0.225458,
        "nauc_map_at_1_std": 0.001037,
        "nauc_map_at_1_diff1": 0.278754,
        "nauc_map_at_3_max": 0.208532,
        "nauc_map_at_3_std": 0.049442,
        "nauc_map_at_3_diff1": 0.203299,
        "nauc_map_at_5_max": 0.213004,
        "nauc_map_at_5_std": 0.04734,
        "nauc_map_at_5_diff1": 0.219664,
        "nauc_map_at_10_max": 0.22664,
        "nauc_map_at_10_std": 0.041714,
        "nauc_map_at_10_diff1": 0.240561,
        "nauc_map_at_20_max": 0.223208,
        "nauc_map_at_20_std": 0.039103,
        "nauc_map_at_20_diff1": 0.23654,
        "nauc_map_at_100_max": 0.221285,
        "nauc_map_at_100_std": 0.036632,
        "nauc_map_at_100_diff1": 0.235699,
        "nauc_map_at_1000_max": 0.221678,
        "nauc_map_at_1000_std": 0.036615,
        "nauc_map_at_1000_diff1": 0.235635,
        "nauc_recall_at_1_max": 0.225458,
        "nauc_recall_at_1_std": 0.001037,
        "nauc_recall_at_1_diff1": 0.278754,
        "nauc_recall_at_3_max": 0.184015,
        "nauc_recall_at_3_std": 0.23833,
        "nauc_recall_at_3_diff1": 0.045939,
        "nauc_recall_at_5_max": 0.204995,
        "nauc_recall_at_5_std": 0.305045,
        "nauc_recall_at_5_diff1": 0.117408,
        "nauc_recall_at_10_max": 0.379521,
        "nauc_recall_at_10_std": 0.356584,
        "nauc_recall_at_10_diff1": 0.506615,
        "nauc_recall_at_20_max": 0.21697,
        "nauc_recall_at_20_std": 0.682656,
        "nauc_recall_at_20_diff1": 0.534897,
        "nauc_recall_at_100_max": -1.739963,
        "nauc_recall_at_100_std": 0.122782,
        "nauc_recall_at_100_diff1": 0.554155,
        "nauc_recall_at_1000_max": NaN,
        "nauc_recall_at_1000_std": NaN,
        "nauc_recall_at_1000_diff1": NaN,
        "nauc_precision_at_1_max": 0.225458,
        "nauc_precision_at_1_std": 0.001037,
        "nauc_precision_at_1_diff1": 0.278754,
        "nauc_precision_at_3_max": 0.184015,
        "nauc_precision_at_3_std": 0.23833,
        "nauc_precision_at_3_diff1": 0.045939,
        "nauc_precision_at_5_max": 0.204995,
        "nauc_precision_at_5_std": 0.305045,
        "nauc_precision_at_5_diff1": 0.117408,
        "nauc_precision_at_10_max": 0.379521,
        "nauc_precision_at_10_std": 0.356584,
        "nauc_precision_at_10_diff1": 0.506615,
        "nauc_precision_at_20_max": 0.21697,
        "nauc_precision_at_20_std": 0.682656,
        "nauc_precision_at_20_diff1": 0.534897,
        "nauc_precision_at_100_max": -1.739963,
        "nauc_precision_at_100_std": 0.122782,
        "nauc_precision_at_100_diff1": 0.554155,
        "nauc_precision_at_1000_max": NaN,
        "nauc_precision_at_1000_std": NaN,
        "nauc_precision_at_1000_diff1": NaN,
        "nauc_mrr_at_1_max": 0.225458,
        "nauc_mrr_at_1_std": 0.001037,
        "nauc_mrr_at_1_diff1": 0.278754,
        "nauc_mrr_at_3_max": 0.208532,
        "nauc_mrr_at_3_std": 0.049442,
        "nauc_mrr_at_3_diff1": 0.203299,
        "nauc_mrr_at_5_max": 0.213004,
        "nauc_mrr_at_5_std": 0.04734,
        "nauc_mrr_at_5_diff1": 0.219664,
        "nauc_mrr_at_10_max": 0.22664,
        "nauc_mrr_at_10_std": 0.041714,
        "nauc_mrr_at_10_diff1": 0.240561,
        "nauc_mrr_at_20_max": 0.223208,
        "nauc_mrr_at_20_std": 0.039103,
        "nauc_mrr_at_20_diff1": 0.23654,
        "nauc_mrr_at_100_max": 0.221285,
        "nauc_mrr_at_100_std": 0.036632,
        "nauc_mrr_at_100_diff1": 0.235699,
        "nauc_mrr_at_1000_max": 0.221678,
        "nauc_mrr_at_1000_std": 0.036615,
        "nauc_mrr_at_1000_diff1": 0.235635,
        "main_score": 0.64804,
        "hf_subset": "default",
        "languages": [
          "eng-Latn"
        ]
      }
    ]
  },
  "evaluation_time": 303.57233786582947,
  "kg_co2_emissions": null
}