{
  "dataset_revision": "ec00129f88e9476e582131dc3a5db9220dfefa48",
  "task_name": "license-tldr-retrieval",
  "mteb_version": "1.39.7",
  "scores": {
    "test": [
      {
        "ndcg_at_1": 0.70769,
        "ndcg_at_3": 0.77729,
        "ndcg_at_5": 0.80907,
        "ndcg_at_10": 0.8142,
        "ndcg_at_20": 0.81849,
        "ndcg_at_100": 0.83043,
        "ndcg_at_1000": 0.83043,
        "map_at_1": 0.70769,
        "map_at_3": 0.75897,
        "map_at_5": 0.77667,
        "map_at_10": 0.77886,
        "map_at_20": 0.78026,
        "map_at_100": 0.78209,
        "map_at_1000": 0.78209,
        "recall_at_1": 0.70769,
        "recall_at_3": 0.83077,
        "recall_at_5": 0.90769,
        "recall_at_10": 0.92308,
        "recall_at_20": 0.93846,
        "recall_at_100": 1.0,
        "recall_at_1000": 1.0,
        "precision_at_1": 0.70769,
        "precision_at_3": 0.27692,
        "precision_at_5": 0.18154,
        "precision_at_10": 0.09231,
        "precision_at_20": 0.04692,
        "precision_at_100": 0.01,
        "precision_at_1000": 0.001,
        "mrr_at_1": 0.707692,
        "mrr_at_3": 0.758974,
        "mrr_at_5": 0.776667,
        "mrr_at_10": 0.778864,
        "mrr_at_20": 0.780263,
        "mrr_at_100": 0.782094,
        "mrr_at_1000": 0.782094,
        "nauc_ndcg_at_1_max": 0.526472,
        "nauc_ndcg_at_1_std": 0.000506,
        "nauc_ndcg_at_1_diff1": 0.651389,
        "nauc_ndcg_at_3_max": 0.502917,
        "nauc_ndcg_at_3_std": -0.090849,
        "nauc_ndcg_at_3_diff1": 0.615144,
        "nauc_ndcg_at_5_max": 0.528079,
        "nauc_ndcg_at_5_std": 0.061255,
        "nauc_ndcg_at_5_diff1": 0.602029,
        "nauc_ndcg_at_10_max": 0.549417,
        "nauc_ndcg_at_10_std": 0.052186,
        "nauc_ndcg_at_10_diff1": 0.589839,
        "nauc_ndcg_at_20_max": 0.544842,
        "nauc_ndcg_at_20_std": 0.057993,
        "nauc_ndcg_at_20_diff1": 0.595956,
        "nauc_ndcg_at_100_max": 0.535709,
        "nauc_ndcg_at_100_std": 0.016044,
        "nauc_ndcg_at_100_diff1": 0.606647,
        "nauc_ndcg_at_1000_max": 0.535709,
        "nauc_ndcg_at_1000_std": 0.016044,
        "nauc_ndcg_at_1000_diff1": 0.606647,
        "nauc_map_at_1_max": 0.526472,
        "nauc_map_at_1_std": 0.000506,
        "nauc_map_at_1_diff1": 0.651389,
        "nauc_map_at_3_max": 0.516327,
        "nauc_map_at_3_std": -0.063307,
        "nauc_map_at_3_diff1": 0.621987,
        "nauc_map_at_5_max": 0.528296,
        "nauc_map_at_5_std": 0.009274,
        "nauc_map_at_5_diff1": 0.615488,
        "nauc_map_at_10_max": 0.536086,
        "nauc_map_at_10_std": 0.005383,
        "nauc_map_at_10_diff1": 0.611189,
        "nauc_map_at_20_max": 0.534744,
        "nauc_map_at_20_std": 0.006629,
        "nauc_map_at_20_diff1": 0.613008,
        "nauc_map_at_100_max": 0.533513,
        "nauc_map_at_100_std": 0.001663,
        "nauc_map_at_100_diff1": 0.613947,
        "nauc_map_at_1000_max": 0.533513,
        "nauc_map_at_1000_std": 0.001663,
        "nauc_map_at_1000_diff1": 0.613947,
        "nauc_recall_at_1_max": 0.526472,
        "nauc_recall_at_1_std": 0.000506,
        "nauc_recall_at_1_diff1": 0.651389,
        "nauc_recall_at_3_max": 0.447144,
        "nauc_recall_at_3_std": -0.198607,
        "nauc_recall_at_3_diff1": 0.590515,
        "nauc_recall_at_5_max": 0.531474,
        "nauc_recall_at_5_std": 0.438571,
        "nauc_recall_at_5_diff1": 0.519491,
        "nauc_recall_at_10_max": 0.671474,
        "nauc_recall_at_10_std": 0.454821,
        "nauc_recall_at_10_diff1": 0.423389,
        "nauc_recall_at_20_max": 0.658511,
        "nauc_recall_at_20_std": 0.610659,
        "nauc_recall_at_20_diff1": 0.439908,
        "nauc_recall_at_100_max": NaN,
        "nauc_recall_at_100_std": NaN,
        "nauc_recall_at_100_diff1": NaN,
        "nauc_recall_at_1000_max": NaN,
        "nauc_recall_at_1000_std": NaN,
        "nauc_recall_at_1000_diff1": NaN,
        "nauc_precision_at_1_max": 0.526472,
        "nauc_precision_at_1_std": 0.000506,
        "nauc_precision_at_1_diff1": 0.651389,
        "nauc_precision_at_3_max": 0.447144,
        "nauc_precision_at_3_std": -0.198607,
        "nauc_precision_at_3_diff1": 0.590515,
        "nauc_precision_at_5_max": 0.531474,
        "nauc_precision_at_5_std": 0.438571,
        "nauc_precision_at_5_diff1": 0.519491,
        "nauc_precision_at_10_max": 0.671474,
        "nauc_precision_at_10_std": 0.454821,
        "nauc_precision_at_10_diff1": 0.423389,
        "nauc_precision_at_20_max": 0.658511,
        "nauc_precision_at_20_std": 0.610659,
        "nauc_precision_at_20_diff1": 0.439908,
        "nauc_precision_at_100_max": NaN,
        "nauc_precision_at_100_std": NaN,
        "nauc_precision_at_100_diff1": NaN,
        "nauc_precision_at_1000_max": 1.0,
        "nauc_precision_at_1000_std": 1.0,
        "nauc_precision_at_1000_diff1": 1.0,
        "nauc_mrr_at_1_max": 0.526472,
        "nauc_mrr_at_1_std": 0.000506,
        "nauc_mrr_at_1_diff1": 0.651389,
        "nauc_mrr_at_3_max": 0.516327,
        "nauc_mrr_at_3_std": -0.063307,
        "nauc_mrr_at_3_diff1": 0.621987,
        "nauc_mrr_at_5_max": 0.528296,
        "nauc_mrr_at_5_std": 0.009274,
        "nauc_mrr_at_5_diff1": 0.615488,
        "nauc_mrr_at_10_max": 0.536086,
        "nauc_mrr_at_10_std": 0.005383,
        "nauc_mrr_at_10_diff1": 0.611189,
        "nauc_mrr_at_20_max": 0.534744,
        "nauc_mrr_at_20_std": 0.006629,
        "nauc_mrr_at_20_diff1": 0.613008,
        "nauc_mrr_at_100_max": 0.533513,
        "nauc_mrr_at_100_std": 0.001663,
        "nauc_mrr_at_100_diff1": 0.613947,
        "nauc_mrr_at_1000_max": 0.533513,
        "nauc_mrr_at_1000_std": 0.001663,
        "nauc_mrr_at_1000_diff1": 0.613947,
        "main_score": 0.8142,
        "hf_subset": "default",
        "languages": [
          "eng-Latn"
        ]
      }
    ]
  },
  "evaluation_time": 36.83706021308899,
  "kg_co2_emissions": null
}