{
  "dataset_revision": "319b6cc4b012d733f126a943a8a66bdf9df5dc40",
  "task_name": "scalr",
  "mteb_version": "1.39.7",
  "scores": {
    "test": [
      {
        "ndcg_at_1": 0.65833,
        "ndcg_at_3": 0.75893,
        "ndcg_at_5": 0.77292,
        "ndcg_at_10": 0.79181,
        "ndcg_at_20": 0.79787,
        "ndcg_at_100": 0.80455,
        "ndcg_at_1000": 0.80664,
        "map_at_1": 0.65833,
        "map_at_3": 0.73333,
        "map_at_5": 0.74125,
        "map_at_10": 0.74906,
        "map_at_20": 0.75058,
        "map_at_100": 0.75168,
        "map_at_1000": 0.75175,
        "recall_at_1": 0.65833,
        "recall_at_3": 0.83333,
        "recall_at_5": 0.86667,
        "recall_at_10": 0.925,
        "recall_at_20": 0.95,
        "recall_at_100": 0.98333,
        "recall_at_1000": 1.0,
        "precision_at_1": 0.65833,
        "precision_at_3": 0.27778,
        "precision_at_5": 0.17333,
        "precision_at_10": 0.0925,
        "precision_at_20": 0.0475,
        "precision_at_100": 0.00983,
        "precision_at_1000": 0.001,
        "mrr_at_1": 0.658333,
        "mrr_at_3": 0.733333,
        "mrr_at_5": 0.74125,
        "mrr_at_10": 0.749061,
        "mrr_at_20": 0.750585,
        "mrr_at_100": 0.751683,
        "mrr_at_1000": 0.751753,
        "nauc_ndcg_at_1_max": 0.655768,
        "nauc_ndcg_at_1_std": 0.227163,
        "nauc_ndcg_at_1_diff1": 0.746606,
        "nauc_ndcg_at_3_max": 0.601312,
        "nauc_ndcg_at_3_std": 0.186326,
        "nauc_ndcg_at_3_diff1": 0.645324,
        "nauc_ndcg_at_5_max": 0.601114,
        "nauc_ndcg_at_5_std": 0.250299,
        "nauc_ndcg_at_5_diff1": 0.637715,
        "nauc_ndcg_at_10_max": 0.623062,
        "nauc_ndcg_at_10_std": 0.219961,
        "nauc_ndcg_at_10_diff1": 0.654891,
        "nauc_ndcg_at_20_max": 0.61697,
        "nauc_ndcg_at_20_std": 0.212439,
        "nauc_ndcg_at_20_diff1": 0.660699,
        "nauc_ndcg_at_100_max": 0.621513,
        "nauc_ndcg_at_100_std": 0.216284,
        "nauc_ndcg_at_100_diff1": 0.670744,
        "nauc_ndcg_at_1000_max": 0.621828,
        "nauc_ndcg_at_1000_std": 0.223457,
        "nauc_ndcg_at_1000_diff1": 0.672613,
        "nauc_map_at_1_max": 0.655768,
        "nauc_map_at_1_std": 0.227163,
        "nauc_map_at_1_diff1": 0.746606,
        "nauc_map_at_3_max": 0.61638,
        "nauc_map_at_3_std": 0.206015,
        "nauc_map_at_3_diff1": 0.676333,
        "nauc_map_at_5_max": 0.616771,
        "nauc_map_at_5_std": 0.239513,
        "nauc_map_at_5_diff1": 0.673625,
        "nauc_map_at_10_max": 0.624403,
        "nauc_map_at_10_std": 0.227748,
        "nauc_map_at_10_diff1": 0.680468,
        "nauc_map_at_20_max": 0.623269,
        "nauc_map_at_20_std": 0.226196,
        "nauc_map_at_20_diff1": 0.681749,
        "nauc_map_at_100_max": 0.624233,
        "nauc_map_at_100_std": 0.22709,
        "nauc_map_at_100_diff1": 0.68338,
        "nauc_map_at_1000_max": 0.624267,
        "nauc_map_at_1000_std": 0.227363,
        "nauc_map_at_1000_diff1": 0.683397,
        "nauc_recall_at_1_max": 0.655768,
        "nauc_recall_at_1_std": 0.227163,
        "nauc_recall_at_1_diff1": 0.746606,
        "nauc_recall_at_3_max": 0.538645,
        "nauc_recall_at_3_std": 0.099039,
        "nauc_recall_at_3_diff1": 0.514433,
        "nauc_recall_at_5_max": 0.523649,
        "nauc_recall_at_5_std": 0.311263,
        "nauc_recall_at_5_diff1": 0.455689,
        "nauc_recall_at_10_max": 0.639537,
        "nauc_recall_at_10_std": 0.139952,
        "nauc_recall_at_10_diff1": 0.457828,
        "nauc_recall_at_20_max": 0.5554,
        "nauc_recall_at_20_std": -0.007703,
        "nauc_recall_at_20_diff1": 0.447012,
        "nauc_recall_at_100_max": 0.613679,
        "nauc_recall_at_100_std": -0.298786,
        "nauc_recall_at_100_diff1": 0.496032,
        "nauc_recall_at_1000_max": NaN,
        "nauc_recall_at_1000_std": NaN,
        "nauc_recall_at_1000_diff1": NaN,
        "nauc_precision_at_1_max": 0.655768,
        "nauc_precision_at_1_std": 0.227163,
        "nauc_precision_at_1_diff1": 0.746606,
        "nauc_precision_at_3_max": 0.538645,
        "nauc_precision_at_3_std": 0.099039,
        "nauc_precision_at_3_diff1": 0.514433,
        "nauc_precision_at_5_max": 0.523649,
        "nauc_precision_at_5_std": 0.311263,
        "nauc_precision_at_5_diff1": 0.455689,
        "nauc_precision_at_10_max": 0.639537,
        "nauc_precision_at_10_std": 0.139952,
        "nauc_precision_at_10_diff1": 0.457828,
        "nauc_precision_at_20_max": 0.5554,
        "nauc_precision_at_20_std": -0.007703,
        "nauc_precision_at_20_diff1": 0.447012,
        "nauc_precision_at_100_max": 0.613679,
        "nauc_precision_at_100_std": -0.298786,
        "nauc_precision_at_100_diff1": 0.496032,
        "nauc_precision_at_1000_max": 1.0,
        "nauc_precision_at_1000_std": 1.0,
        "nauc_precision_at_1000_diff1": 1.0,
        "nauc_mrr_at_1_max": 0.655768,
        "nauc_mrr_at_1_std": 0.227163,
        "nauc_mrr_at_1_diff1": 0.746606,
        "nauc_mrr_at_3_max": 0.61638,
        "nauc_mrr_at_3_std": 0.206015,
        "nauc_mrr_at_3_diff1": 0.676333,
        "nauc_mrr_at_5_max": 0.616771,
        "nauc_mrr_at_5_std": 0.239513,
        "nauc_mrr_at_5_diff1": 0.673625,
        "nauc_mrr_at_10_max": 0.624403,
        "nauc_mrr_at_10_std": 0.227748,
        "nauc_mrr_at_10_diff1": 0.680468,
        "nauc_mrr_at_20_max": 0.623269,
        "nauc_mrr_at_20_std": 0.226196,
        "nauc_mrr_at_20_diff1": 0.681749,
        "nauc_mrr_at_100_max": 0.624233,
        "nauc_mrr_at_100_std": 0.22709,
        "nauc_mrr_at_100_diff1": 0.68338,
        "nauc_mrr_at_1000_max": 0.624267,
        "nauc_mrr_at_1000_std": 0.227363,
        "nauc_mrr_at_1000_diff1": 0.683397,
        "main_score": 0.79181,
        "hf_subset": "default",
        "languages": [
          "eng-Latn"
        ]
      }
    ]
  },
  "evaluation_time": 57.4916033744812,
  "kg_co2_emissions": null
}