{
  "dataset_revision": "427e2ae4b22cd9ad990ef8dd4647c16d79c89198",
  "task_name": "singaporean-judicial-keywords",
  "mteb_version": "1.39.7",
  "scores": {
    "test": [
      {
        "ndcg_at_1": 0.94,
        "ndcg_at_3": 0.96367,
        "ndcg_at_5": 0.96599,
        "ndcg_at_10": 0.96797,
        "ndcg_at_20": 0.96939,
        "ndcg_at_100": 0.96984,
        "ndcg_at_1000": 0.96984,
        "map_at_1": 0.94,
        "map_at_3": 0.958,
        "map_at_5": 0.9592,
        "map_at_10": 0.96004,
        "map_at_20": 0.96038,
        "map_at_100": 0.96048,
        "map_at_1000": 0.96048,
        "recall_at_1": 0.94,
        "recall_at_3": 0.98,
        "recall_at_5": 0.986,
        "recall_at_10": 0.992,
        "recall_at_20": 0.998,
        "recall_at_100": 1.0,
        "recall_at_1000": 1.0,
        "precision_at_1": 0.94,
        "precision_at_3": 0.32667,
        "precision_at_5": 0.1972,
        "precision_at_10": 0.0992,
        "precision_at_20": 0.0499,
        "precision_at_100": 0.01,
        "precision_at_1000": 0.001,
        "mrr_at_1": 0.94,
        "mrr_at_3": 0.958,
        "mrr_at_5": 0.9592,
        "mrr_at_10": 0.960041,
        "mrr_at_20": 0.960382,
        "mrr_at_100": 0.960477,
        "mrr_at_1000": 0.960477,
        "nauc_ndcg_at_1_max": 0.648382,
        "nauc_ndcg_at_1_std": 0.272565,
        "nauc_ndcg_at_1_diff1": 0.967709,
        "nauc_ndcg_at_3_max": 0.741226,
        "nauc_ndcg_at_3_std": 0.335557,
        "nauc_ndcg_at_3_diff1": 0.970298,
        "nauc_ndcg_at_5_max": 0.743521,
        "nauc_ndcg_at_5_std": 0.307789,
        "nauc_ndcg_at_5_diff1": 0.971245,
        "nauc_ndcg_at_10_max": 0.727658,
        "nauc_ndcg_at_10_std": 0.284515,
        "nauc_ndcg_at_10_diff1": 0.972374,
        "nauc_ndcg_at_20_max": 0.715006,
        "nauc_ndcg_at_20_std": 0.30949,
        "nauc_ndcg_at_20_diff1": 0.97109,
        "nauc_ndcg_at_100_max": 0.710768,
        "nauc_ndcg_at_100_std": 0.299222,
        "nauc_ndcg_at_100_diff1": 0.97066,
        "nauc_ndcg_at_1000_max": 0.710768,
        "nauc_ndcg_at_1000_std": 0.299222,
        "nauc_ndcg_at_1000_diff1": 0.97066,
        "nauc_map_at_1_max": 0.648382,
        "nauc_map_at_1_std": 0.272565,
        "nauc_map_at_1_diff1": 0.967709,
        "nauc_map_at_3_max": 0.712529,
        "nauc_map_at_3_std": 0.314985,
        "nauc_map_at_3_diff1": 0.969673,
        "nauc_map_at_5_max": 0.712675,
        "nauc_map_at_5_std": 0.302413,
        "nauc_map_at_5_diff1": 0.970063,
        "nauc_map_at_10_max": 0.706625,
        "nauc_map_at_10_std": 0.294633,
        "nauc_map_at_10_diff1": 0.970523,
        "nauc_map_at_20_max": 0.704104,
        "nauc_map_at_20_std": 0.299602,
        "nauc_map_at_20_diff1": 0.970269,
        "nauc_map_at_100_max": 0.703391,
        "nauc_map_at_100_std": 0.297915,
        "nauc_map_at_100_diff1": 0.970198,
        "nauc_map_at_1000_max": 0.703391,
        "nauc_map_at_1000_std": 0.297915,
        "nauc_map_at_1000_diff1": 0.970198,
        "nauc_recall_at_1_max": 0.648382,
        "nauc_recall_at_1_std": 0.272565,
        "nauc_recall_at_1_diff1": 0.967709,
        "nauc_recall_at_3_max": 0.912278,
        "nauc_recall_at_3_std": 0.459244,
        "nauc_recall_at_3_diff1": 0.973856,
        "nauc_recall_at_5_max": 1.0,
        "nauc_recall_at_5_std": 0.337868,
        "nauc_recall_at_5_diff1": 0.981326,
        "nauc_recall_at_10_max": 1.0,
        "nauc_recall_at_10_std": 0.071195,
        "nauc_recall_at_10_diff1": 1.0,
        "nauc_recall_at_20_max": 1.0,
        "nauc_recall_at_20_std": 1.0,
        "nauc_recall_at_20_diff1": 1.0,
        "nauc_recall_at_100_max": NaN,
        "nauc_recall_at_100_std": NaN,
        "nauc_recall_at_100_diff1": NaN,
        "nauc_recall_at_1000_max": NaN,
        "nauc_recall_at_1000_std": NaN,
        "nauc_recall_at_1000_diff1": NaN,
        "nauc_precision_at_1_max": 0.648382,
        "nauc_precision_at_1_std": 0.272565,
        "nauc_precision_at_1_diff1": 0.967709,
        "nauc_precision_at_3_max": 0.912278,
        "nauc_precision_at_3_std": 0.459244,
        "nauc_precision_at_3_diff1": 0.973856,
        "nauc_precision_at_5_max": 1.0,
        "nauc_precision_at_5_std": 0.337868,
        "nauc_precision_at_5_diff1": 0.981326,
        "nauc_precision_at_10_max": 1.0,
        "nauc_precision_at_10_std": 0.071195,
        "nauc_precision_at_10_diff1": 1.0,
        "nauc_precision_at_20_max": 1.0,
        "nauc_precision_at_20_std": 1.0,
        "nauc_precision_at_20_diff1": 1.0,
        "nauc_precision_at_100_max": 1.0,
        "nauc_precision_at_100_std": 1.0,
        "nauc_precision_at_100_diff1": 1.0,
        "nauc_precision_at_1000_max": 1.0,
        "nauc_precision_at_1000_std": 1.0,
        "nauc_precision_at_1000_diff1": 1.0,
        "nauc_mrr_at_1_max": 0.648382,
        "nauc_mrr_at_1_std": 0.272565,
        "nauc_mrr_at_1_diff1": 0.967709,
        "nauc_mrr_at_3_max": 0.712529,
        "nauc_mrr_at_3_std": 0.314985,
        "nauc_mrr_at_3_diff1": 0.969673,
        "nauc_mrr_at_5_max": 0.712675,
        "nauc_mrr_at_5_std": 0.302413,
        "nauc_mrr_at_5_diff1": 0.970063,
        "nauc_mrr_at_10_max": 0.706625,
        "nauc_mrr_at_10_std": 0.294633,
        "nauc_mrr_at_10_diff1": 0.970523,
        "nauc_mrr_at_20_max": 0.704104,
        "nauc_mrr_at_20_std": 0.299602,
        "nauc_mrr_at_20_diff1": 0.970269,
        "nauc_mrr_at_100_max": 0.703391,
        "nauc_mrr_at_100_std": 0.297915,
        "nauc_mrr_at_100_diff1": 0.970198,
        "nauc_mrr_at_1000_max": 0.703391,
        "nauc_mrr_at_1000_std": 0.297915,
        "nauc_mrr_at_1000_diff1": 0.970198,
        "main_score": 0.96797,
        "hf_subset": "default",
        "languages": [
          "eng-Latn"
        ]
      }
    ]
  },
  "evaluation_time": 473.131272315979,
  "kg_co2_emissions": null
}