{
  "dataset_revision": "436d6a79d06cac556799e9e0be54a6fb90bf7182",
  "task_name": "uk-legislative-long-titles",
  "mteb_version": "1.39.7",
  "scores": {
    "test": [
      {
        "ndcg_at_1": 0.92308,
        "ndcg_at_3": 0.94734,
        "ndcg_at_5": 0.95782,
        "ndcg_at_10": 0.95782,
        "ndcg_at_20": 0.96129,
        "ndcg_at_100": 0.96129,
        "ndcg_at_1000": 0.96129,
        "map_at_1": 0.92308,
        "map_at_3": 0.94231,
        "map_at_5": 0.94808,
        "map_at_10": 0.94808,
        "map_at_20": 0.94915,
        "map_at_100": 0.94915,
        "map_at_1000": 0.94915,
        "recall_at_1": 0.92308,
        "recall_at_3": 0.96154,
        "recall_at_5": 0.98718,
        "recall_at_10": 0.98718,
        "recall_at_20": 1.0,
        "recall_at_100": 1.0,
        "recall_at_1000": 1.0,
        "precision_at_1": 0.92308,
        "precision_at_3": 0.32051,
        "precision_at_5": 0.19744,
        "precision_at_10": 0.09872,
        "precision_at_20": 0.05,
        "precision_at_100": 0.01,
        "precision_at_1000": 0.001,
        "mrr_at_1": 0.923077,
        "mrr_at_3": 0.942308,
        "mrr_at_5": 0.948077,
        "mrr_at_10": 0.948077,
        "mrr_at_20": 0.949145,
        "mrr_at_100": 0.949145,
        "mrr_at_1000": 0.949145,
        "nauc_ndcg_at_1_max": 0.871286,
        "nauc_ndcg_at_1_std": 0.326242,
        "nauc_ndcg_at_1_diff1": 0.978151,
        "nauc_ndcg_at_3_max": 0.930603,
        "nauc_ndcg_at_3_std": 0.568236,
        "nauc_ndcg_at_3_diff1": 0.98822,
        "nauc_ndcg_at_5_max": 0.913358,
        "nauc_ndcg_at_5_std": 0.519319,
        "nauc_ndcg_at_5_diff1": 0.985293,
        "nauc_ndcg_at_10_max": 0.913358,
        "nauc_ndcg_at_10_std": 0.519319,
        "nauc_ndcg_at_10_diff1": 0.985293,
        "nauc_ndcg_at_20_max": 0.905603,
        "nauc_ndcg_at_20_std": 0.476299,
        "nauc_ndcg_at_20_diff1": 0.983976,
        "nauc_ndcg_at_100_max": 0.905603,
        "nauc_ndcg_at_100_std": 0.476299,
        "nauc_ndcg_at_100_diff1": 0.983976,
        "nauc_ndcg_at_1000_max": 0.905603,
        "nauc_ndcg_at_1000_std": 0.476299,
        "nauc_ndcg_at_1000_diff1": 0.983976,
        "nauc_map_at_1_max": 0.871286,
        "nauc_map_at_1_std": 0.326242,
        "nauc_map_at_1_diff1": 0.978151,
        "nauc_map_at_3_max": 0.914191,
        "nauc_map_at_3_std": 0.501279,
        "nauc_map_at_3_diff1": 0.985434,
        "nauc_map_at_5_max": 0.904657,
        "nauc_map_at_5_std": 0.473393,
        "nauc_map_at_5_diff1": 0.983816,
        "nauc_map_at_10_max": 0.904657,
        "nauc_map_at_10_std": 0.473393,
        "nauc_map_at_10_diff1": 0.983816,
        "nauc_map_at_20_max": 0.902654,
        "nauc_map_at_20_std": 0.462329,
        "nauc_map_at_20_diff1": 0.983476,
        "nauc_map_at_100_max": 0.902654,
        "nauc_map_at_100_std": 0.462329,
        "nauc_map_at_100_diff1": 0.983476,
        "nauc_map_at_1000_max": 0.902654,
        "nauc_map_at_1000_std": 0.462329,
        "nauc_map_at_1000_diff1": 0.983476,
        "nauc_recall_at_1_max": 0.871286,
        "nauc_recall_at_1_std": 0.326242,
        "nauc_recall_at_1_diff1": 0.978151,
        "nauc_recall_at_3_max": 1.0,
        "nauc_recall_at_3_std": 0.851352,
        "nauc_recall_at_3_diff1": 1.0,
        "nauc_recall_at_5_max": 1.0,
        "nauc_recall_at_5_std": 1.0,
        "nauc_recall_at_5_diff1": 1.0,
        "nauc_recall_at_10_max": 1.0,
        "nauc_recall_at_10_std": 1.0,
        "nauc_recall_at_10_diff1": 1.0,
        "nauc_recall_at_20_max": NaN,
        "nauc_recall_at_20_std": NaN,
        "nauc_recall_at_20_diff1": NaN,
        "nauc_recall_at_100_max": NaN,
        "nauc_recall_at_100_std": NaN,
        "nauc_recall_at_100_diff1": NaN,
        "nauc_recall_at_1000_max": NaN,
        "nauc_recall_at_1000_std": NaN,
        "nauc_recall_at_1000_diff1": NaN,
        "nauc_precision_at_1_max": 0.871286,
        "nauc_precision_at_1_std": 0.326242,
        "nauc_precision_at_1_diff1": 0.978151,
        "nauc_precision_at_3_max": 1.0,
        "nauc_precision_at_3_std": 0.851352,
        "nauc_precision_at_3_diff1": 1.0,
        "nauc_precision_at_5_max": 1.0,
        "nauc_precision_at_5_std": 1.0,
        "nauc_precision_at_5_diff1": 1.0,
        "nauc_precision_at_10_max": 1.0,
        "nauc_precision_at_10_std": 1.0,
        "nauc_precision_at_10_diff1": 1.0,
        "nauc_precision_at_20_max": 1.0,
        "nauc_precision_at_20_std": 1.0,
        "nauc_precision_at_20_diff1": 1.0,
        "nauc_precision_at_100_max": 1.0,
        "nauc_precision_at_100_std": 1.0,
        "nauc_precision_at_100_diff1": 1.0,
        "nauc_precision_at_1000_max": 1.0,
        "nauc_precision_at_1000_std": 1.0,
        "nauc_precision_at_1000_diff1": 1.0,
        "nauc_mrr_at_1_max": 0.871286,
        "nauc_mrr_at_1_std": 0.326242,
        "nauc_mrr_at_1_diff1": 0.978151,
        "nauc_mrr_at_3_max": 0.914191,
        "nauc_mrr_at_3_std": 0.501279,
        "nauc_mrr_at_3_diff1": 0.985434,
        "nauc_mrr_at_5_max": 0.904657,
        "nauc_mrr_at_5_std": 0.473393,
        "nauc_mrr_at_5_diff1": 0.983816,
        "nauc_mrr_at_10_max": 0.904657,
        "nauc_mrr_at_10_std": 0.473393,
        "nauc_mrr_at_10_diff1": 0.983816,
        "nauc_mrr_at_20_max": 0.902654,
        "nauc_mrr_at_20_std": 0.462329,
        "nauc_mrr_at_20_diff1": 0.983476,
        "nauc_mrr_at_100_max": 0.902654,
        "nauc_mrr_at_100_std": 0.462329,
        "nauc_mrr_at_100_diff1": 0.983476,
        "nauc_mrr_at_1000_max": 0.902654,
        "nauc_mrr_at_1000_std": 0.462329,
        "nauc_mrr_at_1000_diff1": 0.983476,
        "main_score": 0.95782,
        "hf_subset": "default",
        "languages": [
          "eng-Latn"
        ]
      }
    ]
  },
  "evaluation_time": 77.1361916065216,
  "kg_co2_emissions": null
}