{
  "dataset_revision": "c64c3baac6bfd5f934d2df6e5d42dcb7d87c8ba8",
  "task_name": "australian-tax-guidance-retrieval",
  "mteb_version": "1.38.49",
  "scores": {
    "test": [
      {
        "ndcg_at_1": 0.51786,
        "ndcg_at_3": 0.6538,
        "ndcg_at_5": 0.68724,
        "ndcg_at_10": 0.71274,
        "ndcg_at_20": 0.72869,
        "ndcg_at_100": 0.73387,
        "ndcg_at_1000": 0.73387,
        "map_at_1": 0.51786,
        "map_at_3": 0.62054,
        "map_at_5": 0.63929,
        "map_at_10": 0.64954,
        "map_at_20": 0.654,
        "map_at_100": 0.65477,
        "map_at_1000": 0.65477,
        "recall_at_1": 0.51786,
        "recall_at_3": 0.75,
        "recall_at_5": 0.83036,
        "recall_at_10": 0.91071,
        "recall_at_20": 0.97321,
        "recall_at_100": 1.0,
        "recall_at_1000": 1.0,
        "precision_at_1": 0.51786,
        "precision_at_3": 0.25,
        "precision_at_5": 0.16607,
        "precision_at_10": 0.09107,
        "precision_at_20": 0.04866,
        "precision_at_100": 0.01,
        "precision_at_1000": 0.001,
        "mrr_at_1": 0.517857,
        "mrr_at_3": 0.620536,
        "mrr_at_5": 0.639286,
        "mrr_at_10": 0.649539,
        "mrr_at_20": 0.653999,
        "mrr_at_100": 0.654768,
        "mrr_at_1000": 0.654768,
        "nauc_ndcg_at_1_max": 0.276236,
        "nauc_ndcg_at_1_std": 0.005737,
        "nauc_ndcg_at_1_diff1": 0.437358,
        "nauc_ndcg_at_3_max": 0.264777,
        "nauc_ndcg_at_3_std": 0.094768,
        "nauc_ndcg_at_3_diff1": 0.357615,
        "nauc_ndcg_at_5_max": 0.234031,
        "nauc_ndcg_at_5_std": 0.108539,
        "nauc_ndcg_at_5_diff1": 0.306647,
        "nauc_ndcg_at_10_max": 0.282322,
        "nauc_ndcg_at_10_std": 0.113293,
        "nauc_ndcg_at_10_diff1": 0.359601,
        "nauc_ndcg_at_20_max": 0.239375,
        "nauc_ndcg_at_20_std": 0.077078,
        "nauc_ndcg_at_20_diff1": 0.337374,
        "nauc_ndcg_at_100_max": 0.260852,
        "nauc_ndcg_at_100_std": 0.074637,
        "nauc_ndcg_at_100_diff1": 0.361561,
        "nauc_ndcg_at_1000_max": 0.260852,
        "nauc_ndcg_at_1000_std": 0.074637,
        "nauc_ndcg_at_1000_diff1": 0.361561,
        "nauc_map_at_1_max": 0.276236,
        "nauc_map_at_1_std": 0.005737,
        "nauc_map_at_1_diff1": 0.437358,
        "nauc_map_at_3_max": 0.269807,
        "nauc_map_at_3_std": 0.069509,
        "nauc_map_at_3_diff1": 0.379394,
        "nauc_map_at_5_max": 0.254707,
        "nauc_map_at_5_std": 0.07539,
        "nauc_map_at_5_diff1": 0.355002,
        "nauc_map_at_10_max": 0.271947,
        "nauc_map_at_10_std": 0.075009,
        "nauc_map_at_10_diff1": 0.374522,
        "nauc_map_at_20_max": 0.262061,
        "nauc_map_at_20_std": 0.065981,
        "nauc_map_at_20_diff1": 0.370063,
        "nauc_map_at_100_max": 0.264804,
        "nauc_map_at_100_std": 0.065786,
        "nauc_map_at_100_diff1": 0.37288,
        "nauc_map_at_1000_max": 0.264804,
        "nauc_map_at_1000_std": 0.065786,
        "nauc_map_at_1000_diff1": 0.37288,
        "nauc_recall_at_1_max": 0.276236,
        "nauc_recall_at_1_std": 0.005737,
        "nauc_recall_at_1_diff1": 0.437358,
        "nauc_recall_at_3_max": 0.244738,
        "nauc_recall_at_3_std": 0.190551,
        "nauc_recall_at_3_diff1": 0.27549,
        "nauc_recall_at_5_max": 0.121863,
        "nauc_recall_at_5_std": 0.276979,
        "nauc_recall_at_5_diff1": 0.05328,
        "nauc_recall_at_10_max": 0.414204,
        "nauc_recall_at_10_std": 0.462114,
        "nauc_recall_at_10_diff1": 0.274096,
        "nauc_recall_at_20_max": -0.586622,
        "nauc_recall_at_20_std": 0.188047,
        "nauc_recall_at_20_diff1": -0.628568,
        "nauc_recall_at_100_max": NaN,
        "nauc_recall_at_100_std": NaN,
        "nauc_recall_at_100_diff1": NaN,
        "nauc_recall_at_1000_max": NaN,
        "nauc_recall_at_1000_std": NaN,
        "nauc_recall_at_1000_diff1": NaN,
        "nauc_precision_at_1_max": 0.276236,
        "nauc_precision_at_1_std": 0.005737,
        "nauc_precision_at_1_diff1": 0.437358,
        "nauc_precision_at_3_max": 0.244738,
        "nauc_precision_at_3_std": 0.190551,
        "nauc_precision_at_3_diff1": 0.27549,
        "nauc_precision_at_5_max": 0.121863,
        "nauc_precision_at_5_std": 0.276979,
        "nauc_precision_at_5_diff1": 0.05328,
        "nauc_precision_at_10_max": 0.414204,
        "nauc_precision_at_10_std": 0.462114,
        "nauc_precision_at_10_diff1": 0.274096,
        "nauc_precision_at_20_max": -0.586622,
        "nauc_precision_at_20_std": 0.188047,
        "nauc_precision_at_20_diff1": -0.628568,
        "nauc_precision_at_100_max": NaN,
        "nauc_precision_at_100_std": NaN,
        "nauc_precision_at_100_diff1": NaN,
        "nauc_precision_at_1000_max": 1.0,
        "nauc_precision_at_1000_std": 1.0,
        "nauc_precision_at_1000_diff1": 1.0,
        "nauc_mrr_at_1_max": 0.276236,
        "nauc_mrr_at_1_std": 0.005737,
        "nauc_mrr_at_1_diff1": 0.437358,
        "nauc_mrr_at_3_max": 0.269807,
        "nauc_mrr_at_3_std": 0.069509,
        "nauc_mrr_at_3_diff1": 0.379394,
        "nauc_mrr_at_5_max": 0.254707,
        "nauc_mrr_at_5_std": 0.07539,
        "nauc_mrr_at_5_diff1": 0.355002,
        "nauc_mrr_at_10_max": 0.271947,
        "nauc_mrr_at_10_std": 0.075009,
        "nauc_mrr_at_10_diff1": 0.374522,
        "nauc_mrr_at_20_max": 0.262061,
        "nauc_mrr_at_20_std": 0.065981,
        "nauc_mrr_at_20_diff1": 0.370063,
        "nauc_mrr_at_100_max": 0.264804,
        "nauc_mrr_at_100_std": 0.065786,
        "nauc_mrr_at_100_diff1": 0.37288,
        "nauc_mrr_at_1000_max": 0.264804,
        "nauc_mrr_at_1000_std": 0.065786,
        "nauc_mrr_at_1000_diff1": 0.37288,
        "main_score": 0.71274,
        "hf_subset": "default",
        "languages": [
          "eng-Latn"
        ]
      }
    ]
  },
  "evaluation_time": 59.488205432891846,
  "kg_co2_emissions": null
}