{
  "dataset_revision": "dd157bbfa479359488c656981e3999da6f42e4e9",
  "task_name": "bar-exam-qa",
  "mteb_version": "1.38.49",
  "scores": {
    "test": [
      {
        "ndcg_at_1": 0.21368,
        "ndcg_at_3": 0.30515,
        "ndcg_at_5": 0.35518,
        "ndcg_at_10": 0.38567,
        "ndcg_at_20": 0.42642,
        "ndcg_at_100": 0.47236,
        "ndcg_at_1000": 0.4736,
        "map_at_1": 0.21368,
        "map_at_3": 0.28348,
        "map_at_5": 0.31168,
        "map_at_10": 0.32432,
        "map_at_20": 0.33535,
        "map_at_100": 0.34168,
        "map_at_1000": 0.34175,
        "recall_at_1": 0.21368,
        "recall_at_3": 0.36752,
        "recall_at_5": 0.48718,
        "recall_at_10": 0.5812,
        "recall_at_20": 0.74359,
        "recall_at_100": 0.99145,
        "recall_at_1000": 1.0,
        "precision_at_1": 0.21368,
        "precision_at_3": 0.12251,
        "precision_at_5": 0.09744,
        "precision_at_10": 0.05812,
        "precision_at_20": 0.03718,
        "precision_at_100": 0.00991,
        "precision_at_1000": 0.001,
        "mrr_at_1": 0.213675,
        "mrr_at_3": 0.283476,
        "mrr_at_5": 0.311681,
        "mrr_at_10": 0.324318,
        "mrr_at_20": 0.33535,
        "mrr_at_100": 0.341678,
        "mrr_at_1000": 0.341753,
        "nauc_ndcg_at_1_max": 0.287237,
        "nauc_ndcg_at_1_std": 0.171288,
        "nauc_ndcg_at_1_diff1": 0.359596,
        "nauc_ndcg_at_3_max": 0.301832,
        "nauc_ndcg_at_3_std": 0.180288,
        "nauc_ndcg_at_3_diff1": 0.349492,
        "nauc_ndcg_at_5_max": 0.278652,
        "nauc_ndcg_at_5_std": 0.191141,
        "nauc_ndcg_at_5_diff1": 0.307249,
        "nauc_ndcg_at_10_max": 0.287278,
        "nauc_ndcg_at_10_std": 0.180469,
        "nauc_ndcg_at_10_diff1": 0.282239,
        "nauc_ndcg_at_20_max": 0.302986,
        "nauc_ndcg_at_20_std": 0.208587,
        "nauc_ndcg_at_20_diff1": 0.324824,
        "nauc_ndcg_at_100_max": 0.290357,
        "nauc_ndcg_at_100_std": 0.18677,
        "nauc_ndcg_at_100_diff1": 0.327564,
        "nauc_ndcg_at_1000_max": 0.289073,
        "nauc_ndcg_at_1000_std": 0.183456,
        "nauc_ndcg_at_1000_diff1": 0.324934,
        "nauc_map_at_1_max": 0.287237,
        "nauc_map_at_1_std": 0.171288,
        "nauc_map_at_1_diff1": 0.359596,
        "nauc_map_at_3_max": 0.295634,
        "nauc_map_at_3_std": 0.174279,
        "nauc_map_at_3_diff1": 0.349975,
        "nauc_map_at_5_max": 0.282227,
        "nauc_map_at_5_std": 0.180908,
        "nauc_map_at_5_diff1": 0.326562,
        "nauc_map_at_10_max": 0.285805,
        "nauc_map_at_10_std": 0.175298,
        "nauc_map_at_10_diff1": 0.316003,
        "nauc_map_at_20_max": 0.289693,
        "nauc_map_at_20_std": 0.181091,
        "nauc_map_at_20_diff1": 0.328757,
        "nauc_map_at_100_max": 0.287373,
        "nauc_map_at_100_std": 0.177749,
        "nauc_map_at_100_diff1": 0.329375,
        "nauc_map_at_1000_max": 0.287308,
        "nauc_map_at_1000_std": 0.177582,
        "nauc_map_at_1000_diff1": 0.329244,
        "nauc_recall_at_1_max": 0.287237,
        "nauc_recall_at_1_std": 0.171288,
        "nauc_recall_at_1_diff1": 0.359596,
        "nauc_recall_at_3_max": 0.319289,
        "nauc_recall_at_3_std": 0.197642,
        "nauc_recall_at_3_diff1": 0.348877,
        "nauc_recall_at_5_max": 0.267377,
        "nauc_recall_at_5_std": 0.220855,
        "nauc_recall_at_5_diff1": 0.25005,
        "nauc_recall_at_10_max": 0.293338,
        "nauc_recall_at_10_std": 0.196167,
        "nauc_recall_at_10_diff1": 0.169974,
        "nauc_recall_at_20_max": 0.379646,
        "nauc_recall_at_20_std": 0.363234,
        "nauc_recall_at_20_diff1": 0.335027,
        "nauc_recall_at_100_max": 0.554612,
        "nauc_recall_at_100_std": 0.868908,
        "nauc_recall_at_100_diff1": 0.868908,
        "nauc_recall_at_1000_max": NaN,
        "nauc_recall_at_1000_std": NaN,
        "nauc_recall_at_1000_diff1": NaN,
        "nauc_precision_at_1_max": 0.287237,
        "nauc_precision_at_1_std": 0.171288,
        "nauc_precision_at_1_diff1": 0.359596,
        "nauc_precision_at_3_max": 0.319289,
        "nauc_precision_at_3_std": 0.197642,
        "nauc_precision_at_3_diff1": 0.348877,
        "nauc_precision_at_5_max": 0.267377,
        "nauc_precision_at_5_std": 0.220855,
        "nauc_precision_at_5_diff1": 0.25005,
        "nauc_precision_at_10_max": 0.293338,
        "nauc_precision_at_10_std": 0.196167,
        "nauc_precision_at_10_diff1": 0.169974,
        "nauc_precision_at_20_max": 0.379646,
        "nauc_precision_at_20_std": 0.363234,
        "nauc_precision_at_20_diff1": 0.335027,
        "nauc_precision_at_100_max": 0.554612,
        "nauc_precision_at_100_std": 0.868908,
        "nauc_precision_at_100_diff1": 0.868908,
        "nauc_precision_at_1000_max": 1.0,
        "nauc_precision_at_1000_std": 1.0,
        "nauc_precision_at_1000_diff1": 1.0,
        "nauc_mrr_at_1_max": 0.287237,
        "nauc_mrr_at_1_std": 0.171288,
        "nauc_mrr_at_1_diff1": 0.359596,
        "nauc_mrr_at_3_max": 0.295634,
        "nauc_mrr_at_3_std": 0.174279,
        "nauc_mrr_at_3_diff1": 0.349975,
        "nauc_mrr_at_5_max": 0.282227,
        "nauc_mrr_at_5_std": 0.180908,
        "nauc_mrr_at_5_diff1": 0.326562,
        "nauc_mrr_at_10_max": 0.285805,
        "nauc_mrr_at_10_std": 0.175298,
        "nauc_mrr_at_10_diff1": 0.316003,
        "nauc_mrr_at_20_max": 0.289693,
        "nauc_mrr_at_20_std": 0.181091,
        "nauc_mrr_at_20_diff1": 0.328757,
        "nauc_mrr_at_100_max": 0.287373,
        "nauc_mrr_at_100_std": 0.177749,
        "nauc_mrr_at_100_diff1": 0.329375,
        "nauc_mrr_at_1000_max": 0.287308,
        "nauc_mrr_at_1000_std": 0.177582,
        "nauc_mrr_at_1000_diff1": 0.329244,
        "main_score": 0.38567,
        "hf_subset": "default",
        "languages": [
          "eng-Latn"
        ]
      }
    ]
  },
  "evaluation_time": 55.97143602371216,
  "kg_co2_emissions": null
}