{
  "dataset_revision": "48ed7bcb1f50896a0f71461a04b2df0ca84329d9",
  "task_name": "contractual-clause-retrieval",
  "mteb_version": "1.38.49",
  "scores": {
    "test": [
      {
        "ndcg_at_1": 0.64444,
        "ndcg_at_3": 0.69035,
        "ndcg_at_5": 0.73083,
        "ndcg_at_10": 0.7618,
        "ndcg_at_20": 0.77898,
        "ndcg_at_100": 0.79624,
        "ndcg_at_1000": 0.79624,
        "map_at_1": 0.32222,
        "map_at_3": 0.65,
        "map_at_5": 0.68222,
        "map_at_10": 0.7005,
        "map_at_20": 0.70681,
        "map_at_100": 0.71159,
        "map_at_1000": 0.71159,
        "recall_at_1": 0.32222,
        "recall_at_3": 0.72222,
        "recall_at_5": 0.8,
        "recall_at_10": 0.87778,
        "recall_at_20": 0.93333,
        "recall_at_100": 1.0,
        "recall_at_1000": 1.0,
        "precision_at_1": 0.64444,
        "precision_at_3": 0.48148,
        "precision_at_5": 0.32,
        "precision_at_10": 0.17556,
        "precision_at_20": 0.09333,
        "precision_at_100": 0.02,
        "precision_at_1000": 0.002,
        "mrr_at_1": 0.644444,
        "mrr_at_3": 0.72963,
        "mrr_at_5": 0.740741,
        "mrr_at_10": 0.746138,
        "mrr_at_20": 0.748834,
        "mrr_at_100": 0.749723,
        "mrr_at_1000": 0.749723,
        "nauc_ndcg_at_1_max": 0.577182,
        "nauc_ndcg_at_1_std": 0.118412,
        "nauc_ndcg_at_1_diff1": 0.65841,
        "nauc_ndcg_at_3_max": 0.607502,
        "nauc_ndcg_at_3_std": 0.187386,
        "nauc_ndcg_at_3_diff1": 0.455939,
        "nauc_ndcg_at_5_max": 0.605532,
        "nauc_ndcg_at_5_std": 0.134176,
        "nauc_ndcg_at_5_diff1": 0.493786,
        "nauc_ndcg_at_10_max": 0.597192,
        "nauc_ndcg_at_10_std": 0.210458,
        "nauc_ndcg_at_10_diff1": 0.441504,
        "nauc_ndcg_at_20_max": 0.615787,
        "nauc_ndcg_at_20_std": 0.184553,
        "nauc_ndcg_at_20_diff1": 0.512151,
        "nauc_ndcg_at_100_max": 0.591682,
        "nauc_ndcg_at_100_std": 0.166989,
        "nauc_ndcg_at_100_diff1": 0.492265,
        "nauc_ndcg_at_1000_max": 0.591682,
        "nauc_ndcg_at_1000_std": 0.166989,
        "nauc_ndcg_at_1000_diff1": 0.492265,
        "nauc_map_at_1_max": 0.577182,
        "nauc_map_at_1_std": 0.118412,
        "nauc_map_at_1_diff1": 0.65841,
        "nauc_map_at_3_max": 0.558531,
        "nauc_map_at_3_std": 0.150853,
        "nauc_map_at_3_diff1": 0.423926,
        "nauc_map_at_5_max": 0.561643,
        "nauc_map_at_5_std": 0.116598,
        "nauc_map_at_5_diff1": 0.454871,
        "nauc_map_at_10_max": 0.558145,
        "nauc_map_at_10_std": 0.158238,
        "nauc_map_at_10_diff1": 0.428385,
        "nauc_map_at_20_max": 0.565039,
        "nauc_map_at_20_std": 0.148091,
        "nauc_map_at_20_diff1": 0.451427,
        "nauc_map_at_100_max": 0.55942,
        "nauc_map_at_100_std": 0.145147,
        "nauc_map_at_100_diff1": 0.446427,
        "nauc_map_at_1000_max": 0.55942,
        "nauc_map_at_1000_std": 0.145147,
        "nauc_map_at_1000_diff1": 0.446427,
        "nauc_recall_at_1_max": 0.577182,
        "nauc_recall_at_1_std": 0.118412,
        "nauc_recall_at_1_diff1": 0.65841,
        "nauc_recall_at_3_max": 0.651447,
        "nauc_recall_at_3_std": 0.232118,
        "nauc_recall_at_3_diff1": 0.397206,
        "nauc_recall_at_5_max": 0.655419,
        "nauc_recall_at_5_std": 0.117496,
        "nauc_recall_at_5_diff1": 0.467165,
        "nauc_recall_at_10_max": 0.640596,
        "nauc_recall_at_10_std": 0.428175,
        "nauc_recall_at_10_diff1": 0.22358,
        "nauc_recall_at_20_max": 0.843426,
        "nauc_recall_at_20_std": 0.366786,
        "nauc_recall_at_20_diff1": 0.698257,
        "nauc_recall_at_100_max": NaN,
        "nauc_recall_at_100_std": NaN,
        "nauc_recall_at_100_diff1": NaN,
        "nauc_recall_at_1000_max": NaN,
        "nauc_recall_at_1000_std": NaN,
        "nauc_recall_at_1000_diff1": NaN,
        "nauc_precision_at_1_max": 0.577182,
        "nauc_precision_at_1_std": 0.118412,
        "nauc_precision_at_1_diff1": 0.65841,
        "nauc_precision_at_3_max": 0.651447,
        "nauc_precision_at_3_std": 0.232118,
        "nauc_precision_at_3_diff1": 0.397206,
        "nauc_precision_at_5_max": 0.655419,
        "nauc_precision_at_5_std": 0.117496,
        "nauc_precision_at_5_diff1": 0.467165,
        "nauc_precision_at_10_max": 0.640596,
        "nauc_precision_at_10_std": 0.428175,
        "nauc_precision_at_10_diff1": 0.22358,
        "nauc_precision_at_20_max": 0.843426,
        "nauc_precision_at_20_std": 0.366786,
        "nauc_precision_at_20_diff1": 0.698257,
        "nauc_precision_at_100_max": 1.0,
        "nauc_precision_at_100_std": 1.0,
        "nauc_precision_at_100_diff1": 1.0,
        "nauc_precision_at_1000_max": NaN,
        "nauc_precision_at_1000_std": NaN,
        "nauc_precision_at_1000_diff1": NaN,
        "nauc_mrr_at_1_max": 0.577182,
        "nauc_mrr_at_1_std": 0.118412,
        "nauc_mrr_at_1_diff1": 0.65841,
        "nauc_mrr_at_3_max": 0.658941,
        "nauc_mrr_at_3_std": 0.21213,
        "nauc_mrr_at_3_diff1": 0.611776,
        "nauc_mrr_at_5_max": 0.644454,
        "nauc_mrr_at_5_std": 0.185019,
        "nauc_mrr_at_5_diff1": 0.615688,
        "nauc_mrr_at_10_max": 0.639734,
        "nauc_mrr_at_10_std": 0.18915,
        "nauc_mrr_at_10_diff1": 0.609655,
        "nauc_mrr_at_20_max": 0.640159,
        "nauc_mrr_at_20_std": 0.189153,
        "nauc_mrr_at_20_diff1": 0.616171,
        "nauc_mrr_at_100_max": 0.638653,
        "nauc_mrr_at_100_std": 0.186916,
        "nauc_mrr_at_100_diff1": 0.615105,
        "nauc_mrr_at_1000_max": 0.638653,
        "nauc_mrr_at_1000_std": 0.186916,
        "nauc_mrr_at_1000_diff1": 0.615105,
        "main_score": 0.7618,
        "hf_subset": "default",
        "languages": [
          "eng-Latn"
        ]
      }
    ]
  },
  "evaluation_time": 20.581976413726807,
  "kg_co2_emissions": null
}