{
  "dataset_revision": "f5452494f09a6d51c37b56883a65ef742ac07c99",
  "task_name": "echr-retrieval",
  "mteb_version": "1.39.7",
  "scores": {
    "test": [
      {
        "ndcg_at_1": 0.095,
        "ndcg_at_3": 0.14024,
        "ndcg_at_5": 0.1652,
        "ndcg_at_10": 0.20014,
        "ndcg_at_20": 0.248,
        "ndcg_at_100": 0.32116,
        "ndcg_at_1000": 0.33029,
        "map_at_1": 0.095,
        "map_at_3": 0.12833,
        "map_at_5": 0.14233,
        "map_at_10": 0.15639,
        "map_at_20": 0.16943,
        "map_at_100": 0.17917,
        "map_at_1000": 0.17965,
        "recall_at_1": 0.095,
        "recall_at_3": 0.175,
        "recall_at_5": 0.235,
        "recall_at_10": 0.345,
        "recall_at_20": 0.535,
        "recall_at_100": 0.935,
        "recall_at_1000": 1.0,
        "precision_at_1": 0.095,
        "precision_at_3": 0.05833,
        "precision_at_5": 0.047,
        "precision_at_10": 0.0345,
        "precision_at_20": 0.02675,
        "precision_at_100": 0.00935,
        "precision_at_1000": 0.001,
        "mrr_at_1": 0.095,
        "mrr_at_3": 0.128333,
        "mrr_at_5": 0.142333,
        "mrr_at_10": 0.156391,
        "mrr_at_20": 0.169429,
        "mrr_at_100": 0.179174,
        "mrr_at_1000": 0.17965,
        "nauc_ndcg_at_1_max": 0.34536,
        "nauc_ndcg_at_1_std": 0.14921,
        "nauc_ndcg_at_1_diff1": 0.379775,
        "nauc_ndcg_at_3_max": 0.384478,
        "nauc_ndcg_at_3_std": 0.18528,
        "nauc_ndcg_at_3_diff1": 0.367274,
        "nauc_ndcg_at_5_max": 0.385563,
        "nauc_ndcg_at_5_std": 0.192685,
        "nauc_ndcg_at_5_diff1": 0.38031,
        "nauc_ndcg_at_10_max": 0.351516,
        "nauc_ndcg_at_10_std": 0.216992,
        "nauc_ndcg_at_10_diff1": 0.372334,
        "nauc_ndcg_at_20_max": 0.383473,
        "nauc_ndcg_at_20_std": 0.207127,
        "nauc_ndcg_at_20_diff1": 0.316341,
        "nauc_ndcg_at_100_max": 0.364705,
        "nauc_ndcg_at_100_std": 0.218823,
        "nauc_ndcg_at_100_diff1": 0.342188,
        "nauc_ndcg_at_1000_max": 0.365802,
        "nauc_ndcg_at_1000_std": 0.202345,
        "nauc_ndcg_at_1000_diff1": 0.343637,
        "nauc_map_at_1_max": 0.34536,
        "nauc_map_at_1_std": 0.14921,
        "nauc_map_at_1_diff1": 0.379775,
        "nauc_map_at_3_max": 0.369994,
        "nauc_map_at_3_std": 0.175677,
        "nauc_map_at_3_diff1": 0.368011,
        "nauc_map_at_5_max": 0.371089,
        "nauc_map_at_5_std": 0.181535,
        "nauc_map_at_5_diff1": 0.375531,
        "nauc_map_at_10_max": 0.355778,
        "nauc_map_at_10_std": 0.19277,
        "nauc_map_at_10_diff1": 0.369709,
        "nauc_map_at_20_max": 0.365474,
        "nauc_map_at_20_std": 0.188984,
        "nauc_map_at_20_diff1": 0.351579,
        "nauc_map_at_100_max": 0.362046,
        "nauc_map_at_100_std": 0.190331,
        "nauc_map_at_100_diff1": 0.35524,
        "nauc_map_at_1000_max": 0.362036,
        "nauc_map_at_1000_std": 0.189483,
        "nauc_map_at_1000_diff1": 0.355264,
        "nauc_recall_at_1_max": 0.34536,
        "nauc_recall_at_1_std": 0.14921,
        "nauc_recall_at_1_diff1": 0.379775,
        "nauc_recall_at_3_max": 0.419651,
        "nauc_recall_at_3_std": 0.207961,
        "nauc_recall_at_3_diff1": 0.366148,
        "nauc_recall_at_5_max": 0.417172,
        "nauc_recall_at_5_std": 0.216015,
        "nauc_recall_at_5_diff1": 0.392159,
        "nauc_recall_at_10_max": 0.336519,
        "nauc_recall_at_10_std": 0.269093,
        "nauc_recall_at_10_diff1": 0.380259,
        "nauc_recall_at_20_max": 0.430613,
        "nauc_recall_at_20_std": 0.245511,
        "nauc_recall_at_20_diff1": 0.220402,
        "nauc_recall_at_100_max": 0.33556,
        "nauc_recall_at_100_std": 0.56658,
        "nauc_recall_at_100_diff1": 0.302054,
        "nauc_recall_at_1000_max": NaN,
        "nauc_recall_at_1000_std": NaN,
        "nauc_recall_at_1000_diff1": NaN,
        "nauc_precision_at_1_max": 0.34536,
        "nauc_precision_at_1_std": 0.14921,
        "nauc_precision_at_1_diff1": 0.379775,
        "nauc_precision_at_3_max": 0.419651,
        "nauc_precision_at_3_std": 0.207961,
        "nauc_precision_at_3_diff1": 0.366148,
        "nauc_precision_at_5_max": 0.417172,
        "nauc_precision_at_5_std": 0.216015,
        "nauc_precision_at_5_diff1": 0.392159,
        "nauc_precision_at_10_max": 0.336519,
        "nauc_precision_at_10_std": 0.269093,
        "nauc_precision_at_10_diff1": 0.380259,
        "nauc_precision_at_20_max": 0.430613,
        "nauc_precision_at_20_std": 0.245511,
        "nauc_precision_at_20_diff1": 0.220402,
        "nauc_precision_at_100_max": 0.33556,
        "nauc_precision_at_100_std": 0.56658,
        "nauc_precision_at_100_diff1": 0.302054,
        "nauc_precision_at_1000_max": 1.0,
        "nauc_precision_at_1000_std": 1.0,
        "nauc_precision_at_1000_diff1": 1.0,
        "nauc_mrr_at_1_max": 0.34536,
        "nauc_mrr_at_1_std": 0.14921,
        "nauc_mrr_at_1_diff1": 0.379775,
        "nauc_mrr_at_3_max": 0.369994,
        "nauc_mrr_at_3_std": 0.175677,
        "nauc_mrr_at_3_diff1": 0.368011,
        "nauc_mrr_at_5_max": 0.371089,
        "nauc_mrr_at_5_std": 0.181535,
        "nauc_mrr_at_5_diff1": 0.375531,
        "nauc_mrr_at_10_max": 0.355778,
        "nauc_mrr_at_10_std": 0.19277,
        "nauc_mrr_at_10_diff1": 0.369709,
        "nauc_mrr_at_20_max": 0.365474,
        "nauc_mrr_at_20_std": 0.188984,
        "nauc_mrr_at_20_diff1": 0.351579,
        "nauc_mrr_at_100_max": 0.362046,
        "nauc_mrr_at_100_std": 0.190331,
        "nauc_mrr_at_100_diff1": 0.35524,
        "nauc_mrr_at_1000_max": 0.362036,
        "nauc_mrr_at_1000_std": 0.189483,
        "nauc_mrr_at_1000_diff1": 0.355264,
        "main_score": 0.20014,
        "hf_subset": "default",
        "languages": [
          "eng-Latn"
        ]
      }
    ]
  },
  "evaluation_time": 68.6021773815155,
  "kg_co2_emissions": null
}