{
  "dataset_revision": "8d41f3d22bb73685b6f42b62ad95940ea3dfbf84",
  "task_name": "gdpr-holdings-retrieval",
  "mteb_version": "1.38.49",
  "scores": {
    "test": [
      {
        "ndcg_at_1": 0.79,
        "ndcg_at_3": 0.85564,
        "ndcg_at_5": 0.86227,
        "ndcg_at_10": 0.86765,
        "ndcg_at_20": 0.8721,
        "ndcg_at_100": 0.87739,
        "ndcg_at_1000": 0.87953,
        "map_at_1": 0.79,
        "map_at_3": 0.839,
        "map_at_5": 0.8427,
        "map_at_10": 0.84504,
        "map_at_20": 0.84621,
        "map_at_100": 0.84684,
        "map_at_1000": 0.84694,
        "recall_at_1": 0.79,
        "recall_at_3": 0.904,
        "recall_at_5": 0.92,
        "recall_at_10": 0.936,
        "recall_at_20": 0.954,
        "recall_at_100": 0.984,
        "recall_at_1000": 1.0,
        "precision_at_1": 0.79,
        "precision_at_3": 0.30133,
        "precision_at_5": 0.184,
        "precision_at_10": 0.0936,
        "precision_at_20": 0.0477,
        "precision_at_100": 0.00984,
        "precision_at_1000": 0.001,
        "mrr_at_1": 0.79,
        "mrr_at_3": 0.839,
        "mrr_at_5": 0.8427,
        "mrr_at_10": 0.845041,
        "mrr_at_20": 0.846211,
        "mrr_at_100": 0.846841,
        "mrr_at_1000": 0.846937,
        "nauc_ndcg_at_1_max": 0.424979,
        "nauc_ndcg_at_1_std": -0.210527,
        "nauc_ndcg_at_1_diff1": 0.876279,
        "nauc_ndcg_at_3_max": 0.543313,
        "nauc_ndcg_at_3_std": -0.116493,
        "nauc_ndcg_at_3_diff1": 0.847398,
        "nauc_ndcg_at_5_max": 0.535596,
        "nauc_ndcg_at_5_std": -0.111688,
        "nauc_ndcg_at_5_diff1": 0.845051,
        "nauc_ndcg_at_10_max": 0.529516,
        "nauc_ndcg_at_10_std": -0.100501,
        "nauc_ndcg_at_10_diff1": 0.84612,
        "nauc_ndcg_at_20_max": 0.524961,
        "nauc_ndcg_at_20_std": -0.11106,
        "nauc_ndcg_at_20_diff1": 0.851483,
        "nauc_ndcg_at_100_max": 0.515563,
        "nauc_ndcg_at_100_std": -0.12321,
        "nauc_ndcg_at_100_diff1": 0.852338,
        "nauc_ndcg_at_1000_max": 0.510123,
        "nauc_ndcg_at_1000_std": -0.130409,
        "nauc_ndcg_at_1000_diff1": 0.854171,
        "nauc_map_at_1_max": 0.424979,
        "nauc_map_at_1_std": -0.210527,
        "nauc_map_at_1_diff1": 0.876279,
        "nauc_map_at_3_max": 0.504872,
        "nauc_map_at_3_std": -0.152527,
        "nauc_map_at_3_diff1": 0.857057,
        "nauc_map_at_5_max": 0.500366,
        "nauc_map_at_5_std": -0.150212,
        "nauc_map_at_5_diff1": 0.856246,
        "nauc_map_at_10_max": 0.497606,
        "nauc_map_at_10_std": -0.146152,
        "nauc_map_at_10_diff1": 0.856905,
        "nauc_map_at_20_max": 0.49653,
        "nauc_map_at_20_std": -0.14844,
        "nauc_map_at_20_diff1": 0.858176,
        "nauc_map_at_100_max": 0.495586,
        "nauc_map_at_100_std": -0.149372,
        "nauc_map_at_100_diff1": 0.858193,
        "nauc_map_at_1000_max": 0.49537,
        "nauc_map_at_1000_std": -0.149639,
        "nauc_map_at_1000_diff1": 0.858268,
        "nauc_recall_at_1_max": 0.424979,
        "nauc_recall_at_1_std": -0.210527,
        "nauc_recall_at_1_diff1": 0.876279,
        "nauc_recall_at_3_max": 0.720413,
        "nauc_recall_at_3_std": 0.05292,
        "nauc_recall_at_3_diff1": 0.802725,
        "nauc_recall_at_5_max": 0.723308,
        "nauc_recall_at_5_std": 0.099335,
        "nauc_recall_at_5_diff1": 0.783695,
        "nauc_recall_at_10_max": 0.733718,
        "nauc_recall_at_10_std": 0.211689,
        "nauc_recall_at_10_diff1": 0.773678,
        "nauc_recall_at_20_max": 0.760626,
        "nauc_recall_at_20_std": 0.211586,
        "nauc_recall_at_20_diff1": 0.802318,
        "nauc_recall_at_100_max": 0.804563,
        "nauc_recall_at_100_std": 0.268324,
        "nauc_recall_at_100_diff1": 0.759045,
        "nauc_recall_at_1000_max": NaN,
        "nauc_recall_at_1000_std": NaN,
        "nauc_recall_at_1000_diff1": NaN,
        "nauc_precision_at_1_max": 0.424979,
        "nauc_precision_at_1_std": -0.210527,
        "nauc_precision_at_1_diff1": 0.876279,
        "nauc_precision_at_3_max": 0.720413,
        "nauc_precision_at_3_std": 0.05292,
        "nauc_precision_at_3_diff1": 0.802725,
        "nauc_precision_at_5_max": 0.723308,
        "nauc_precision_at_5_std": 0.099335,
        "nauc_precision_at_5_diff1": 0.783695,
        "nauc_precision_at_10_max": 0.733718,
        "nauc_precision_at_10_std": 0.211689,
        "nauc_precision_at_10_diff1": 0.773678,
        "nauc_precision_at_20_max": 0.760626,
        "nauc_precision_at_20_std": 0.211586,
        "nauc_precision_at_20_diff1": 0.802318,
        "nauc_precision_at_100_max": 0.804563,
        "nauc_precision_at_100_std": 0.268324,
        "nauc_precision_at_100_diff1": 0.759045,
        "nauc_precision_at_1000_max": 1.0,
        "nauc_precision_at_1000_std": 1.0,
        "nauc_precision_at_1000_diff1": 1.0,
        "nauc_mrr_at_1_max": 0.424979,
        "nauc_mrr_at_1_std": -0.210527,
        "nauc_mrr_at_1_diff1": 0.876279,
        "nauc_mrr_at_3_max": 0.504872,
        "nauc_mrr_at_3_std": -0.152527,
        "nauc_mrr_at_3_diff1": 0.857057,
        "nauc_mrr_at_5_max": 0.500366,
        "nauc_mrr_at_5_std": -0.150212,
        "nauc_mrr_at_5_diff1": 0.856246,
        "nauc_mrr_at_10_max": 0.497606,
        "nauc_mrr_at_10_std": -0.146152,
        "nauc_mrr_at_10_diff1": 0.856905,
        "nauc_mrr_at_20_max": 0.49653,
        "nauc_mrr_at_20_std": -0.14844,
        "nauc_mrr_at_20_diff1": 0.858176,
        "nauc_mrr_at_100_max": 0.495586,
        "nauc_mrr_at_100_std": -0.149372,
        "nauc_mrr_at_100_diff1": 0.858193,
        "nauc_mrr_at_1000_max": 0.49537,
        "nauc_mrr_at_1000_std": -0.149639,
        "nauc_mrr_at_1000_diff1": 0.858268,
        "main_score": 0.86765,
        "hf_subset": "default",
        "languages": [
          "eng-Latn"
        ]
      }
    ]
  },
  "evaluation_time": 272.14359164237976,
  "kg_co2_emissions": null
}