{
  "dataset_revision": "66d23b0ce609450ce24d0fc85e9bac69aba90b84",
  "task_name": "housing-qa",
  "mteb_version": "1.38.49",
  "scores": {
    "test": [
      {
        "ndcg_at_1": 0.15888,
        "ndcg_at_3": 0.16873,
        "ndcg_at_5": 0.17685,
        "ndcg_at_10": 0.21372,
        "ndcg_at_20": 0.26318,
        "ndcg_at_100": 0.3694,
        "ndcg_at_1000": 0.42056,
        "map_at_1": 0.06634,
        "map_at_3": 0.09564,
        "map_at_5": 0.11463,
        "map_at_10": 0.13497,
        "map_at_20": 0.15532,
        "map_at_100": 0.17942,
        "map_at_1000": 0.18578,
        "recall_at_1": 0.06634,
        "recall_at_3": 0.12765,
        "recall_at_5": 0.1775,
        "recall_at_10": 0.28088,
        "recall_at_20": 0.40788,
        "recall_at_100": 0.769,
        "recall_at_1000": 1.0,
        "precision_at_1": 0.15888,
        "precision_at_3": 0.13084,
        "precision_at_5": 0.11028,
        "precision_at_10": 0.09907,
        "precision_at_20": 0.08131,
        "precision_at_100": 0.03449,
        "precision_at_1000": 0.00467,
        "mrr_at_1": 0.158879,
        "mrr_at_3": 0.23676,
        "mrr_at_5": 0.254517,
        "mrr_at_10": 0.282662,
        "mrr_at_20": 0.29147,
        "mrr_at_100": 0.298642,
        "mrr_at_1000": 0.29886,
        "nauc_ndcg_at_1_max": 0.218382,
        "nauc_ndcg_at_1_std": -0.036426,
        "nauc_ndcg_at_1_diff1": -0.005479,
        "nauc_ndcg_at_3_max": 0.213945,
        "nauc_ndcg_at_3_std": 0.000993,
        "nauc_ndcg_at_3_diff1": 0.047374,
        "nauc_ndcg_at_5_max": 0.243022,
        "nauc_ndcg_at_5_std": -0.011979,
        "nauc_ndcg_at_5_diff1": 0.069297,
        "nauc_ndcg_at_10_max": 0.246267,
        "nauc_ndcg_at_10_std": -0.085795,
        "nauc_ndcg_at_10_diff1": 0.107434,
        "nauc_ndcg_at_20_max": 0.23009,
        "nauc_ndcg_at_20_std": -0.078249,
        "nauc_ndcg_at_20_diff1": 0.091169,
        "nauc_ndcg_at_100_max": 0.272962,
        "nauc_ndcg_at_100_std": 0.035397,
        "nauc_ndcg_at_100_diff1": 0.112244,
        "nauc_ndcg_at_1000_max": 0.288341,
        "nauc_ndcg_at_1000_std": 0.07141,
        "nauc_ndcg_at_1000_diff1": 0.093744,
        "nauc_map_at_1_max": 0.176675,
        "nauc_map_at_1_std": -0.278658,
        "nauc_map_at_1_diff1": 0.178368,
        "nauc_map_at_3_max": 0.175677,
        "nauc_map_at_3_std": -0.193495,
        "nauc_map_at_3_diff1": 0.119715,
        "nauc_map_at_5_max": 0.227144,
        "nauc_map_at_5_std": -0.13902,
        "nauc_map_at_5_diff1": 0.12569,
        "nauc_map_at_10_max": 0.236751,
        "nauc_map_at_10_std": -0.142223,
        "nauc_map_at_10_diff1": 0.126019,
        "nauc_map_at_20_max": 0.227012,
        "nauc_map_at_20_std": -0.132789,
        "nauc_map_at_20_diff1": 0.116652,
        "nauc_map_at_100_max": 0.245628,
        "nauc_map_at_100_std": -0.093719,
        "nauc_map_at_100_diff1": 0.125973,
        "nauc_map_at_1000_max": 0.251077,
        "nauc_map_at_1000_std": -0.082327,
        "nauc_map_at_1000_diff1": 0.124317,
        "nauc_recall_at_1_max": 0.176675,
        "nauc_recall_at_1_std": -0.278658,
        "nauc_recall_at_1_diff1": 0.178368,
        "nauc_recall_at_3_max": 0.109156,
        "nauc_recall_at_3_std": -0.168521,
        "nauc_recall_at_3_diff1": 0.053915,
        "nauc_recall_at_5_max": 0.173062,
        "nauc_recall_at_5_std": -0.102221,
        "nauc_recall_at_5_diff1": 0.094617,
        "nauc_recall_at_10_max": 0.175527,
        "nauc_recall_at_10_std": -0.146991,
        "nauc_recall_at_10_diff1": 0.110979,
        "nauc_recall_at_20_max": 0.149306,
        "nauc_recall_at_20_std": -0.118769,
        "nauc_recall_at_20_diff1": 0.050501,
        "nauc_recall_at_100_max": 0.133738,
        "nauc_recall_at_100_std": 0.005808,
        "nauc_recall_at_100_diff1": 0.135101,
        "nauc_recall_at_1000_max": NaN,
        "nauc_recall_at_1000_std": NaN,
        "nauc_recall_at_1000_diff1": NaN,
        "nauc_precision_at_1_max": 0.218382,
        "nauc_precision_at_1_std": -0.036426,
        "nauc_precision_at_1_diff1": -0.005479,
        "nauc_precision_at_3_max": 0.22759,
        "nauc_precision_at_3_std": 0.142571,
        "nauc_precision_at_3_diff1": -0.007104,
        "nauc_precision_at_5_max": 0.321357,
        "nauc_precision_at_5_std": 0.201314,
        "nauc_precision_at_5_diff1": -0.007771,
        "nauc_precision_at_10_max": 0.320518,
        "nauc_precision_at_10_std": 0.13412,
        "nauc_precision_at_10_diff1": 0.091262,
        "nauc_precision_at_20_max": 0.231004,
        "nauc_precision_at_20_std": 0.182248,
        "nauc_precision_at_20_diff1": 0.038247,
        "nauc_precision_at_100_max": 0.218185,
        "nauc_precision_at_100_std": 0.469244,
        "nauc_precision_at_100_diff1": -0.009948,
        "nauc_precision_at_1000_max": 0.178605,
        "nauc_precision_at_1000_std": 0.471469,
        "nauc_precision_at_1000_diff1": -0.054476,
        "nauc_mrr_at_1_max": 0.218382,
        "nauc_mrr_at_1_std": -0.036426,
        "nauc_mrr_at_1_diff1": -0.005479,
        "nauc_mrr_at_3_max": 0.206313,
        "nauc_mrr_at_3_std": 0.076802,
        "nauc_mrr_at_3_diff1": 0.002555,
        "nauc_mrr_at_5_max": 0.214571,
        "nauc_mrr_at_5_std": 0.077037,
        "nauc_mrr_at_5_diff1": 0.003397,
        "nauc_mrr_at_10_max": 0.228578,
        "nauc_mrr_at_10_std": 0.059952,
        "nauc_mrr_at_10_diff1": 0.026799,
        "nauc_mrr_at_20_max": 0.23139,
        "nauc_mrr_at_20_std": 0.064333,
        "nauc_mrr_at_20_diff1": 0.023082,
        "nauc_mrr_at_100_max": 0.230399,
        "nauc_mrr_at_100_std": 0.066942,
        "nauc_mrr_at_100_diff1": 0.021537,
        "nauc_mrr_at_1000_max": 0.230096,
        "nauc_mrr_at_1000_std": 0.066516,
        "nauc_mrr_at_1000_diff1": 0.021474,
        "main_score": 0.21372,
        "hf_subset": "default",
        "languages": [
          "eng-Latn"
        ]
      }
    ]
  },
  "evaluation_time": 62.45630860328674,
  "kg_co2_emissions": null
}