{
  "dataset_revision": "bbf8b2d84b7de5970b2ba4ea843c791285fdb1df",
  "task_name": "irish-legislative-summaries",
  "mteb_version": "1.38.49",
  "scores": {
    "test": [
      {
        "ndcg_at_1": 0.73,
        "ndcg_at_3": 0.81162,
        "ndcg_at_5": 0.82401,
        "ndcg_at_10": 0.83876,
        "ndcg_at_20": 0.84626,
        "ndcg_at_100": 0.85066,
        "ndcg_at_1000": 0.85147,
        "map_at_1": 0.73,
        "map_at_3": 0.79267,
        "map_at_5": 0.79957,
        "map_at_10": 0.80558,
        "map_at_20": 0.8076,
        "map_at_100": 0.80834,
        "map_at_1000": 0.80837,
        "recall_at_1": 0.73,
        "recall_at_3": 0.866,
        "recall_at_5": 0.896,
        "recall_at_10": 0.942,
        "recall_at_20": 0.972,
        "recall_at_100": 0.994,
        "recall_at_1000": 1.0,
        "precision_at_1": 0.73,
        "precision_at_3": 0.28867,
        "precision_at_5": 0.1792,
        "precision_at_10": 0.0942,
        "precision_at_20": 0.0486,
        "precision_at_100": 0.00994,
        "precision_at_1000": 0.001,
        "mrr_at_1": 0.73,
        "mrr_at_3": 0.792667,
        "mrr_at_5": 0.799567,
        "mrr_at_10": 0.805584,
        "mrr_at_20": 0.807601,
        "mrr_at_100": 0.808336,
        "mrr_at_1000": 0.808374,
        "nauc_ndcg_at_1_max": 0.610348,
        "nauc_ndcg_at_1_std": -0.142405,
        "nauc_ndcg_at_1_diff1": 0.838118,
        "nauc_ndcg_at_3_max": 0.639488,
        "nauc_ndcg_at_3_std": -0.182844,
        "nauc_ndcg_at_3_diff1": 0.826413,
        "nauc_ndcg_at_5_max": 0.62535,
        "nauc_ndcg_at_5_std": -0.209402,
        "nauc_ndcg_at_5_diff1": 0.820169,
        "nauc_ndcg_at_10_max": 0.613759,
        "nauc_ndcg_at_10_std": -0.219306,
        "nauc_ndcg_at_10_diff1": 0.821325,
        "nauc_ndcg_at_20_max": 0.617664,
        "nauc_ndcg_at_20_std": -0.194205,
        "nauc_ndcg_at_20_diff1": 0.815297,
        "nauc_ndcg_at_100_max": 0.619236,
        "nauc_ndcg_at_100_std": -0.182408,
        "nauc_ndcg_at_100_diff1": 0.820265,
        "nauc_ndcg_at_1000_max": 0.619654,
        "nauc_ndcg_at_1000_std": -0.185685,
        "nauc_ndcg_at_1000_diff1": 0.823194,
        "nauc_map_at_1_max": 0.610348,
        "nauc_map_at_1_std": -0.142405,
        "nauc_map_at_1_diff1": 0.838118,
        "nauc_map_at_3_max": 0.630275,
        "nauc_map_at_3_std": -0.169817,
        "nauc_map_at_3_diff1": 0.829221,
        "nauc_map_at_5_max": 0.622958,
        "nauc_map_at_5_std": -0.183142,
        "nauc_map_at_5_diff1": 0.826102,
        "nauc_map_at_10_max": 0.618577,
        "nauc_map_at_10_std": -0.187218,
        "nauc_map_at_10_diff1": 0.826743,
        "nauc_map_at_20_max": 0.619648,
        "nauc_map_at_20_std": -0.180946,
        "nauc_map_at_20_diff1": 0.825508,
        "nauc_map_at_100_max": 0.619908,
        "nauc_map_at_100_std": -0.179161,
        "nauc_map_at_100_diff1": 0.826349,
        "nauc_map_at_1000_max": 0.619898,
        "nauc_map_at_1000_std": -0.179284,
        "nauc_map_at_1000_diff1": 0.826456,
        "nauc_recall_at_1_max": 0.610348,
        "nauc_recall_at_1_std": -0.142405,
        "nauc_recall_at_1_diff1": 0.838118,
        "nauc_recall_at_3_max": 0.678308,
        "nauc_recall_at_3_std": -0.237874,
        "nauc_recall_at_3_diff1": 0.815097,
        "nauc_recall_at_5_max": 0.634447,
        "nauc_recall_at_5_std": -0.348273,
        "nauc_recall_at_5_diff1": 0.789387,
        "nauc_recall_at_10_max": 0.554896,
        "nauc_recall_at_10_std": -0.510689,
        "nauc_recall_at_10_diff1": 0.773544,
        "nauc_recall_at_20_max": 0.562092,
        "nauc_recall_at_20_std": -0.34227,
        "nauc_recall_at_20_diff1": 0.601274,
        "nauc_recall_at_100_max": 0.515406,
        "nauc_recall_at_100_std": 0.368347,
        "nauc_recall_at_100_diff1": 0.322596,
        "nauc_recall_at_1000_max": NaN,
        "nauc_recall_at_1000_std": NaN,
        "nauc_recall_at_1000_diff1": NaN,
        "nauc_precision_at_1_max": 0.610348,
        "nauc_precision_at_1_std": -0.142405,
        "nauc_precision_at_1_diff1": 0.838118,
        "nauc_precision_at_3_max": 0.678308,
        "nauc_precision_at_3_std": -0.237874,
        "nauc_precision_at_3_diff1": 0.815097,
        "nauc_precision_at_5_max": 0.634447,
        "nauc_precision_at_5_std": -0.348273,
        "nauc_precision_at_5_diff1": 0.789387,
        "nauc_precision_at_10_max": 0.554896,
        "nauc_precision_at_10_std": -0.510689,
        "nauc_precision_at_10_diff1": 0.773544,
        "nauc_precision_at_20_max": 0.562092,
        "nauc_precision_at_20_std": -0.34227,
        "nauc_precision_at_20_diff1": 0.601274,
        "nauc_precision_at_100_max": 0.515406,
        "nauc_precision_at_100_std": 0.368347,
        "nauc_precision_at_100_diff1": 0.322596,
        "nauc_precision_at_1000_max": 1.0,
        "nauc_precision_at_1000_std": 1.0,
        "nauc_precision_at_1000_diff1": 1.0,
        "nauc_mrr_at_1_max": 0.610348,
        "nauc_mrr_at_1_std": -0.142405,
        "nauc_mrr_at_1_diff1": 0.838118,
        "nauc_mrr_at_3_max": 0.630275,
        "nauc_mrr_at_3_std": -0.169817,
        "nauc_mrr_at_3_diff1": 0.829221,
        "nauc_mrr_at_5_max": 0.622958,
        "nauc_mrr_at_5_std": -0.183142,
        "nauc_mrr_at_5_diff1": 0.826102,
        "nauc_mrr_at_10_max": 0.618577,
        "nauc_mrr_at_10_std": -0.187218,
        "nauc_mrr_at_10_diff1": 0.826743,
        "nauc_mrr_at_20_max": 0.619648,
        "nauc_mrr_at_20_std": -0.180946,
        "nauc_mrr_at_20_diff1": 0.825508,
        "nauc_mrr_at_100_max": 0.619908,
        "nauc_mrr_at_100_std": -0.179161,
        "nauc_mrr_at_100_diff1": 0.826349,
        "nauc_mrr_at_1000_max": 0.619898,
        "nauc_mrr_at_1000_std": -0.179284,
        "nauc_mrr_at_1000_diff1": 0.826456,
        "main_score": 0.83876,
        "hf_subset": "default",
        "languages": [
          "eng-Latn"
        ]
      }
    ]
  },
  "evaluation_time": 310.2406692504883,
  "kg_co2_emissions": null
}