{
  "dataset_revision": "ca0f1732432ad623ba6172b15e8c726b76e50fad",
  "task_name": "legal-rag-bench",
  "mteb_version": "1.39.7",
  "scores": {
    "test": [
      {
        "ndcg_at_1": 0.14,
        "ndcg_at_3": 0.21655,
        "ndcg_at_5": 0.2445,
        "ndcg_at_10": 0.27438,
        "ndcg_at_20": 0.29743,
        "ndcg_at_100": 0.3446,
        "ndcg_at_1000": 0.36245,
        "map_at_1": 0.14,
        "map_at_3": 0.195,
        "map_at_5": 0.21,
        "map_at_10": 0.22281,
        "map_at_20": 0.22928,
        "map_at_100": 0.23533,
        "map_at_1000": 0.236,
        "recall_at_1": 0.14,
        "recall_at_3": 0.28,
        "recall_at_5": 0.35,
        "recall_at_10": 0.44,
        "recall_at_20": 0.53,
        "recall_at_100": 0.79,
        "recall_at_1000": 0.93,
        "precision_at_1": 0.14,
        "precision_at_3": 0.09333,
        "precision_at_5": 0.07,
        "precision_at_10": 0.044,
        "precision_at_20": 0.0265,
        "precision_at_100": 0.0079,
        "precision_at_1000": 0.00093,
        "mrr_at_1": 0.14,
        "mrr_at_3": 0.195,
        "mrr_at_5": 0.21,
        "mrr_at_10": 0.222806,
        "mrr_at_20": 0.229281,
        "mrr_at_100": 0.235332,
        "mrr_at_1000": 0.235999,
        "nauc_ndcg_at_1_max": -0.012516,
        "nauc_ndcg_at_1_std": -0.167763,
        "nauc_ndcg_at_1_diff1": 0.40653,
        "nauc_ndcg_at_3_max": 0.134901,
        "nauc_ndcg_at_3_std": -0.000171,
        "nauc_ndcg_at_3_diff1": 0.253378,
        "nauc_ndcg_at_5_max": 0.104118,
        "nauc_ndcg_at_5_std": 0.017538,
        "nauc_ndcg_at_5_diff1": 0.249014,
        "nauc_ndcg_at_10_max": 0.106956,
        "nauc_ndcg_at_10_std": 0.082513,
        "nauc_ndcg_at_10_diff1": 0.273265,
        "nauc_ndcg_at_20_max": 0.090328,
        "nauc_ndcg_at_20_std": 0.052534,
        "nauc_ndcg_at_20_diff1": 0.252197,
        "nauc_ndcg_at_100_max": 0.073437,
        "nauc_ndcg_at_100_std": 0.020264,
        "nauc_ndcg_at_100_diff1": 0.239938,
        "nauc_ndcg_at_1000_max": 0.106183,
        "nauc_ndcg_at_1000_std": 0.052493,
        "nauc_ndcg_at_1000_diff1": 0.256473,
        "nauc_map_at_1_max": -0.012516,
        "nauc_map_at_1_std": -0.167763,
        "nauc_map_at_1_diff1": 0.40653,
        "nauc_map_at_3_max": 0.108699,
        "nauc_map_at_3_std": -0.033489,
        "nauc_map_at_3_diff1": 0.282583,
        "nauc_map_at_5_max": 0.09131,
        "nauc_map_at_5_std": -0.02288,
        "nauc_map_at_5_diff1": 0.281106,
        "nauc_map_at_10_max": 0.095451,
        "nauc_map_at_10_std": 0.009426,
        "nauc_map_at_10_diff1": 0.293086,
        "nauc_map_at_20_max": 0.090621,
        "nauc_map_at_20_std": 0.000323,
        "nauc_map_at_20_diff1": 0.287426,
        "nauc_map_at_100_max": 0.08832,
        "nauc_map_at_100_std": -0.004497,
        "nauc_map_at_100_diff1": 0.287582,
        "nauc_map_at_1000_max": 0.089886,
        "nauc_map_at_1000_std": -0.003023,
        "nauc_map_at_1000_diff1": 0.288269,
        "nauc_recall_at_1_max": -0.012516,
        "nauc_recall_at_1_std": -0.167763,
        "nauc_recall_at_1_diff1": 0.40653,
        "nauc_recall_at_3_max": 0.194466,
        "nauc_recall_at_3_std": 0.076876,
        "nauc_recall_at_3_diff1": 0.186253,
        "nauc_recall_at_5_max": 0.127563,
        "nauc_recall_at_5_std": 0.109763,
        "nauc_recall_at_5_diff1": 0.176109,
        "nauc_recall_at_10_max": 0.123245,
        "nauc_recall_at_10_std": 0.261327,
        "nauc_recall_at_10_diff1": 0.233505,
        "nauc_recall_at_20_max": 0.067863,
        "nauc_recall_at_20_std": 0.169968,
        "nauc_recall_at_20_diff1": 0.157968,
        "nauc_recall_at_100_max": -0.073388,
        "nauc_recall_at_100_std": 0.015293,
        "nauc_recall_at_100_diff1": -0.034915,
        "nauc_recall_at_1000_max": 0.495932,
        "nauc_recall_at_1000_std": 0.821929,
        "nauc_recall_at_1000_diff1": -0.075897,
        "nauc_precision_at_1_max": -0.012516,
        "nauc_precision_at_1_std": -0.167763,
        "nauc_precision_at_1_diff1": 0.40653,
        "nauc_precision_at_3_max": 0.194466,
        "nauc_precision_at_3_std": 0.076876,
        "nauc_precision_at_3_diff1": 0.186253,
        "nauc_precision_at_5_max": 0.127563,
        "nauc_precision_at_5_std": 0.109763,
        "nauc_precision_at_5_diff1": 0.176109,
        "nauc_precision_at_10_max": 0.123245,
        "nauc_precision_at_10_std": 0.261327,
        "nauc_precision_at_10_diff1": 0.233505,
        "nauc_precision_at_20_max": 0.067863,
        "nauc_precision_at_20_std": 0.169968,
        "nauc_precision_at_20_diff1": 0.157968,
        "nauc_precision_at_100_max": -0.073388,
        "nauc_precision_at_100_std": 0.015293,
        "nauc_precision_at_100_diff1": -0.034915,
        "nauc_precision_at_1000_max": 0.495932,
        "nauc_precision_at_1000_std": 0.821929,
        "nauc_precision_at_1000_diff1": -0.075897,
        "nauc_mrr_at_1_max": -0.012516,
        "nauc_mrr_at_1_std": -0.167763,
        "nauc_mrr_at_1_diff1": 0.40653,
        "nauc_mrr_at_3_max": 0.108699,
        "nauc_mrr_at_3_std": -0.033489,
        "nauc_mrr_at_3_diff1": 0.282583,
        "nauc_mrr_at_5_max": 0.09131,
        "nauc_mrr_at_5_std": -0.02288,
        "nauc_mrr_at_5_diff1": 0.281106,
        "nauc_mrr_at_10_max": 0.095451,
        "nauc_mrr_at_10_std": 0.009426,
        "nauc_mrr_at_10_diff1": 0.293086,
        "nauc_mrr_at_20_max": 0.090621,
        "nauc_mrr_at_20_std": 0.000323,
        "nauc_mrr_at_20_diff1": 0.287426,
        "nauc_mrr_at_100_max": 0.08832,
        "nauc_mrr_at_100_std": -0.004497,
        "nauc_mrr_at_100_diff1": 0.287582,
        "nauc_mrr_at_1000_max": 0.089886,
        "nauc_mrr_at_1000_std": -0.003023,
        "nauc_mrr_at_1000_diff1": 0.288269,
        "main_score": 0.27438,
        "hf_subset": "default",
        "languages": [
          "eng-Latn"
        ]
      }
    ]
  },
  "evaluation_time": 81.03824090957642,
  "kg_co2_emissions": null
}