{
  "dataset_revision": "ec00129f88e9476e582131dc3a5db9220dfefa48",
  "task_name": "license-tldr-retrieval",
  "mteb_version": "1.38.49",
  "scores": {
    "test": [
      {
        "ndcg_at_1": 0.44615,
        "ndcg_at_3": 0.54286,
        "ndcg_at_5": 0.56206,
        "ndcg_at_10": 0.59208,
        "ndcg_at_20": 0.6226,
        "ndcg_at_100": 0.64583,
        "ndcg_at_1000": 0.64583,
        "map_at_1": 0.44615,
        "map_at_3": 0.51795,
        "map_at_5": 0.52872,
        "map_at_10": 0.54121,
        "map_at_20": 0.54927,
        "map_at_100": 0.55257,
        "map_at_1000": 0.55257,
        "recall_at_1": 0.44615,
        "recall_at_3": 0.61538,
        "recall_at_5": 0.66154,
        "recall_at_10": 0.75385,
        "recall_at_20": 0.87692,
        "recall_at_100": 1.0,
        "recall_at_1000": 1.0,
        "precision_at_1": 0.44615,
        "precision_at_3": 0.20513,
        "precision_at_5": 0.13231,
        "precision_at_10": 0.07538,
        "precision_at_20": 0.04385,
        "precision_at_100": 0.01,
        "precision_at_1000": 0.001,
        "mrr_at_1": 0.446154,
        "mrr_at_3": 0.517949,
        "mrr_at_5": 0.528718,
        "mrr_at_10": 0.541215,
        "mrr_at_20": 0.549271,
        "mrr_at_100": 0.55257,
        "mrr_at_1000": 0.55257,
        "nauc_ndcg_at_1_max": 0.261545,
        "nauc_ndcg_at_1_std": -0.060509,
        "nauc_ndcg_at_1_diff1": 0.782792,
        "nauc_ndcg_at_3_max": 0.414568,
        "nauc_ndcg_at_3_std": 0.114016,
        "nauc_ndcg_at_3_diff1": 0.68679,
        "nauc_ndcg_at_5_max": 0.421907,
        "nauc_ndcg_at_5_std": 0.144053,
        "nauc_ndcg_at_5_diff1": 0.689517,
        "nauc_ndcg_at_10_max": 0.405749,
        "nauc_ndcg_at_10_std": 0.178279,
        "nauc_ndcg_at_10_diff1": 0.666732,
        "nauc_ndcg_at_20_max": 0.410593,
        "nauc_ndcg_at_20_std": 0.166373,
        "nauc_ndcg_at_20_diff1": 0.679283,
        "nauc_ndcg_at_100_max": 0.385405,
        "nauc_ndcg_at_100_std": 0.118422,
        "nauc_ndcg_at_100_diff1": 0.69845,
        "nauc_ndcg_at_1000_max": 0.385405,
        "nauc_ndcg_at_1000_std": 0.118422,
        "nauc_ndcg_at_1000_diff1": 0.69845,
        "nauc_map_at_1_max": 0.261545,
        "nauc_map_at_1_std": -0.060509,
        "nauc_map_at_1_diff1": 0.782792,
        "nauc_map_at_3_max": 0.375033,
        "nauc_map_at_3_std": 0.068773,
        "nauc_map_at_3_diff1": 0.712139,
        "nauc_map_at_5_max": 0.378987,
        "nauc_map_at_5_std": 0.085085,
        "nauc_map_at_5_diff1": 0.714682,
        "nauc_map_at_10_max": 0.370917,
        "nauc_map_at_10_std": 0.097891,
        "nauc_map_at_10_diff1": 0.706426,
        "nauc_map_at_20_max": 0.372072,
        "nauc_map_at_20_std": 0.094473,
        "nauc_map_at_20_diff1": 0.709795,
        "nauc_map_at_100_max": 0.368891,
        "nauc_map_at_100_std": 0.08861,
        "nauc_map_at_100_diff1": 0.711918,
        "nauc_map_at_1000_max": 0.368891,
        "nauc_map_at_1000_std": 0.08861,
        "nauc_map_at_1000_diff1": 0.711918,
        "nauc_recall_at_1_max": 0.261545,
        "nauc_recall_at_1_std": -0.060509,
        "nauc_recall_at_1_diff1": 0.782792,
        "nauc_recall_at_3_max": 0.539936,
        "nauc_recall_at_3_std": 0.257548,
        "nauc_recall_at_3_diff1": 0.606163,
        "nauc_recall_at_5_max": 0.567868,
        "nauc_recall_at_5_std": 0.347903,
        "nauc_recall_at_5_diff1": 0.603271,
        "nauc_recall_at_10_max": 0.546686,
        "nauc_recall_at_10_std": 0.538822,
        "nauc_recall_at_10_diff1": 0.484426,
        "nauc_recall_at_20_max": 0.694955,
        "nauc_recall_at_20_std": 0.713357,
        "nauc_recall_at_20_diff1": 0.452884,
        "nauc_recall_at_100_max": NaN,
        "nauc_recall_at_100_std": NaN,
        "nauc_recall_at_100_diff1": NaN,
        "nauc_recall_at_1000_max": NaN,
        "nauc_recall_at_1000_std": NaN,
        "nauc_recall_at_1000_diff1": NaN,
        "nauc_precision_at_1_max": 0.261545,
        "nauc_precision_at_1_std": -0.060509,
        "nauc_precision_at_1_diff1": 0.782792,
        "nauc_precision_at_3_max": 0.539936,
        "nauc_precision_at_3_std": 0.257548,
        "nauc_precision_at_3_diff1": 0.606163,
        "nauc_precision_at_5_max": 0.567868,
        "nauc_precision_at_5_std": 0.347903,
        "nauc_precision_at_5_diff1": 0.603271,
        "nauc_precision_at_10_max": 0.546686,
        "nauc_precision_at_10_std": 0.538822,
        "nauc_precision_at_10_diff1": 0.484426,
        "nauc_precision_at_20_max": 0.694955,
        "nauc_precision_at_20_std": 0.713357,
        "nauc_precision_at_20_diff1": 0.452884,
        "nauc_precision_at_100_max": NaN,
        "nauc_precision_at_100_std": NaN,
        "nauc_precision_at_100_diff1": NaN,
        "nauc_precision_at_1000_max": 1.0,
        "nauc_precision_at_1000_std": 1.0,
        "nauc_precision_at_1000_diff1": 1.0,
        "nauc_mrr_at_1_max": 0.261545,
        "nauc_mrr_at_1_std": -0.060509,
        "nauc_mrr_at_1_diff1": 0.782792,
        "nauc_mrr_at_3_max": 0.375033,
        "nauc_mrr_at_3_std": 0.068773,
        "nauc_mrr_at_3_diff1": 0.712139,
        "nauc_mrr_at_5_max": 0.378987,
        "nauc_mrr_at_5_std": 0.085085,
        "nauc_mrr_at_5_diff1": 0.714682,
        "nauc_mrr_at_10_max": 0.370917,
        "nauc_mrr_at_10_std": 0.097891,
        "nauc_mrr_at_10_diff1": 0.706426,
        "nauc_mrr_at_20_max": 0.372072,
        "nauc_mrr_at_20_std": 0.094473,
        "nauc_mrr_at_20_diff1": 0.709795,
        "nauc_mrr_at_100_max": 0.368891,
        "nauc_mrr_at_100_std": 0.08861,
        "nauc_mrr_at_100_diff1": 0.711918,
        "nauc_mrr_at_1000_max": 0.368891,
        "nauc_mrr_at_1000_std": 0.08861,
        "nauc_mrr_at_1000_diff1": 0.711918,
        "main_score": 0.59208,
        "hf_subset": "default",
        "languages": [
          "eng-Latn"
        ]
      }
    ]
  },
  "evaluation_time": 30.870129585266113,
  "kg_co2_emissions": null
}