{
  "dataset_revision": "319b6cc4b012d733f126a943a8a66bdf9df5dc40",
  "task_name": "scalr",
  "mteb_version": "1.38.49",
  "scores": {
    "test": [
      {
        "ndcg_at_1": 0.4,
        "ndcg_at_3": 0.51329,
        "ndcg_at_5": 0.54735,
        "ndcg_at_10": 0.58243,
        "ndcg_at_20": 0.60582,
        "ndcg_at_100": 0.622,
        "ndcg_at_1000": 0.62728,
        "map_at_1": 0.4,
        "map_at_3": 0.48611,
        "map_at_5": 0.50486,
        "map_at_10": 0.51939,
        "map_at_20": 0.52594,
        "map_at_100": 0.52846,
        "map_at_1000": 0.52865,
        "recall_at_1": 0.4,
        "recall_at_3": 0.59167,
        "recall_at_5": 0.675,
        "recall_at_10": 0.78333,
        "recall_at_20": 0.875,
        "recall_at_100": 0.95833,
        "recall_at_1000": 1.0,
        "precision_at_1": 0.4,
        "precision_at_3": 0.19722,
        "precision_at_5": 0.135,
        "precision_at_10": 0.07833,
        "precision_at_20": 0.04375,
        "precision_at_100": 0.00958,
        "precision_at_1000": 0.001,
        "mrr_at_1": 0.4,
        "mrr_at_3": 0.486111,
        "mrr_at_5": 0.504861,
        "mrr_at_10": 0.519395,
        "mrr_at_20": 0.525941,
        "mrr_at_100": 0.528462,
        "mrr_at_1000": 0.528655,
        "nauc_ndcg_at_1_max": 0.462549,
        "nauc_ndcg_at_1_std": 0.091883,
        "nauc_ndcg_at_1_diff1": 0.544853,
        "nauc_ndcg_at_3_max": 0.440253,
        "nauc_ndcg_at_3_std": 0.046768,
        "nauc_ndcg_at_3_diff1": 0.500082,
        "nauc_ndcg_at_5_max": 0.445717,
        "nauc_ndcg_at_5_std": 0.067794,
        "nauc_ndcg_at_5_diff1": 0.470416,
        "nauc_ndcg_at_10_max": 0.44682,
        "nauc_ndcg_at_10_std": 0.060199,
        "nauc_ndcg_at_10_diff1": 0.466275,
        "nauc_ndcg_at_20_max": 0.443184,
        "nauc_ndcg_at_20_std": 0.061064,
        "nauc_ndcg_at_20_diff1": 0.467663,
        "nauc_ndcg_at_100_max": 0.445848,
        "nauc_ndcg_at_100_std": 0.057898,
        "nauc_ndcg_at_100_diff1": 0.484135,
        "nauc_ndcg_at_1000_max": 0.445782,
        "nauc_ndcg_at_1000_std": 0.061477,
        "nauc_ndcg_at_1000_diff1": 0.486325,
        "nauc_map_at_1_max": 0.462549,
        "nauc_map_at_1_std": 0.091883,
        "nauc_map_at_1_diff1": 0.544853,
        "nauc_map_at_3_max": 0.441252,
        "nauc_map_at_3_std": 0.055017,
        "nauc_map_at_3_diff1": 0.507736,
        "nauc_map_at_5_max": 0.445245,
        "nauc_map_at_5_std": 0.068167,
        "nauc_map_at_5_diff1": 0.492756,
        "nauc_map_at_10_max": 0.445702,
        "nauc_map_at_10_std": 0.06476,
        "nauc_map_at_10_diff1": 0.491153,
        "nauc_map_at_20_max": 0.444883,
        "nauc_map_at_20_std": 0.063336,
        "nauc_map_at_20_diff1": 0.492656,
        "nauc_map_at_100_max": 0.445166,
        "nauc_map_at_100_std": 0.063448,
        "nauc_map_at_100_diff1": 0.495059,
        "nauc_map_at_1000_max": 0.445296,
        "nauc_map_at_1000_std": 0.063713,
        "nauc_map_at_1000_diff1": 0.495191,
        "nauc_recall_at_1_max": 0.462549,
        "nauc_recall_at_1_std": 0.091883,
        "nauc_recall_at_1_diff1": 0.544853,
        "nauc_recall_at_3_max": 0.439227,
        "nauc_recall_at_3_std": 0.022457,
        "nauc_recall_at_3_diff1": 0.477856,
        "nauc_recall_at_5_max": 0.449147,
        "nauc_recall_at_5_std": 0.069215,
        "nauc_recall_at_5_diff1": 0.387499,
        "nauc_recall_at_10_max": 0.454617,
        "nauc_recall_at_10_std": 0.039185,
        "nauc_recall_at_10_diff1": 0.344159,
        "nauc_recall_at_20_max": 0.425503,
        "nauc_recall_at_20_std": 0.067498,
        "nauc_recall_at_20_diff1": 0.264334,
        "nauc_recall_at_100_max": 0.490289,
        "nauc_recall_at_100_std": -0.063212,
        "nauc_recall_at_100_diff1": 0.397479,
        "nauc_recall_at_1000_max": NaN,
        "nauc_recall_at_1000_std": NaN,
        "nauc_recall_at_1000_diff1": NaN,
        "nauc_precision_at_1_max": 0.462549,
        "nauc_precision_at_1_std": 0.091883,
        "nauc_precision_at_1_diff1": 0.544853,
        "nauc_precision_at_3_max": 0.439227,
        "nauc_precision_at_3_std": 0.022457,
        "nauc_precision_at_3_diff1": 0.477856,
        "nauc_precision_at_5_max": 0.449147,
        "nauc_precision_at_5_std": 0.069215,
        "nauc_precision_at_5_diff1": 0.387499,
        "nauc_precision_at_10_max": 0.454617,
        "nauc_precision_at_10_std": 0.039185,
        "nauc_precision_at_10_diff1": 0.344159,
        "nauc_precision_at_20_max": 0.425503,
        "nauc_precision_at_20_std": 0.067498,
        "nauc_precision_at_20_diff1": 0.264334,
        "nauc_precision_at_100_max": 0.490289,
        "nauc_precision_at_100_std": -0.063212,
        "nauc_precision_at_100_diff1": 0.397479,
        "nauc_precision_at_1000_max": 1.0,
        "nauc_precision_at_1000_std": 1.0,
        "nauc_precision_at_1000_diff1": 1.0,
        "nauc_mrr_at_1_max": 0.462549,
        "nauc_mrr_at_1_std": 0.091883,
        "nauc_mrr_at_1_diff1": 0.544853,
        "nauc_mrr_at_3_max": 0.441252,
        "nauc_mrr_at_3_std": 0.055017,
        "nauc_mrr_at_3_diff1": 0.507736,
        "nauc_mrr_at_5_max": 0.445245,
        "nauc_mrr_at_5_std": 0.068167,
        "nauc_mrr_at_5_diff1": 0.492756,
        "nauc_mrr_at_10_max": 0.445702,
        "nauc_mrr_at_10_std": 0.06476,
        "nauc_mrr_at_10_diff1": 0.491153,
        "nauc_mrr_at_20_max": 0.444883,
        "nauc_mrr_at_20_std": 0.063336,
        "nauc_mrr_at_20_diff1": 0.492656,
        "nauc_mrr_at_100_max": 0.445166,
        "nauc_mrr_at_100_std": 0.063448,
        "nauc_mrr_at_100_diff1": 0.495059,
        "nauc_mrr_at_1000_max": 0.445296,
        "nauc_mrr_at_1000_std": 0.063713,
        "nauc_mrr_at_1000_diff1": 0.495191,
        "main_score": 0.58243,
        "hf_subset": "default",
        "languages": [
          "eng-Latn"
        ]
      }
    ]
  },
  "evaluation_time": 87.24709486961365,
  "kg_co2_emissions": null
}