{
  "dataset_revision": "427e2ae4b22cd9ad990ef8dd4647c16d79c89198",
  "task_name": "singaporean-judicial-keywords",
  "mteb_version": "1.38.49",
  "scores": {
    "test": [
      {
        "ndcg_at_1": 0.54,
        "ndcg_at_3": 0.64797,
        "ndcg_at_5": 0.66536,
        "ndcg_at_10": 0.6958,
        "ndcg_at_20": 0.71089,
        "ndcg_at_100": 0.72156,
        "ndcg_at_1000": 0.72533,
        "map_at_1": 0.54,
        "map_at_3": 0.62167,
        "map_at_5": 0.63137,
        "map_at_10": 0.64432,
        "map_at_20": 0.64869,
        "map_at_100": 0.65027,
        "map_at_1000": 0.65044,
        "recall_at_1": 0.54,
        "recall_at_3": 0.724,
        "recall_at_5": 0.766,
        "recall_at_10": 0.858,
        "recall_at_20": 0.916,
        "recall_at_100": 0.972,
        "recall_at_1000": 1.0,
        "precision_at_1": 0.54,
        "precision_at_3": 0.24133,
        "precision_at_5": 0.1532,
        "precision_at_10": 0.0858,
        "precision_at_20": 0.0458,
        "precision_at_100": 0.00972,
        "precision_at_1000": 0.001,
        "mrr_at_1": 0.54,
        "mrr_at_3": 0.621667,
        "mrr_at_5": 0.631367,
        "mrr_at_10": 0.64432,
        "mrr_at_20": 0.648689,
        "mrr_at_100": 0.650273,
        "mrr_at_1000": 0.650443,
        "nauc_ndcg_at_1_max": 0.479609,
        "nauc_ndcg_at_1_std": -0.013434,
        "nauc_ndcg_at_1_diff1": 0.641513,
        "nauc_ndcg_at_3_max": 0.522143,
        "nauc_ndcg_at_3_std": 0.001757,
        "nauc_ndcg_at_3_diff1": 0.626703,
        "nauc_ndcg_at_5_max": 0.516532,
        "nauc_ndcg_at_5_std": -0.007575,
        "nauc_ndcg_at_5_diff1": 0.61757,
        "nauc_ndcg_at_10_max": 0.519566,
        "nauc_ndcg_at_10_std": -0.016023,
        "nauc_ndcg_at_10_diff1": 0.611783,
        "nauc_ndcg_at_20_max": 0.522271,
        "nauc_ndcg_at_20_std": -0.010042,
        "nauc_ndcg_at_20_diff1": 0.615946,
        "nauc_ndcg_at_100_max": 0.519937,
        "nauc_ndcg_at_100_std": -0.00264,
        "nauc_ndcg_at_100_diff1": 0.628026,
        "nauc_ndcg_at_1000_max": 0.515111,
        "nauc_ndcg_at_1000_std": -0.008359,
        "nauc_ndcg_at_1000_diff1": 0.625149,
        "nauc_map_at_1_max": 0.479609,
        "nauc_map_at_1_std": -0.013434,
        "nauc_map_at_1_diff1": 0.641513,
        "nauc_map_at_3_max": 0.511797,
        "nauc_map_at_3_std": -0.002997,
        "nauc_map_at_3_diff1": 0.63292,
        "nauc_map_at_5_max": 0.508624,
        "nauc_map_at_5_std": -0.007983,
        "nauc_map_at_5_diff1": 0.628393,
        "nauc_map_at_10_max": 0.509867,
        "nauc_map_at_10_std": -0.011479,
        "nauc_map_at_10_diff1": 0.626732,
        "nauc_map_at_20_max": 0.510142,
        "nauc_map_at_20_std": -0.010327,
        "nauc_map_at_20_diff1": 0.62793,
        "nauc_map_at_100_max": 0.509799,
        "nauc_map_at_100_std": -0.009412,
        "nauc_map_at_100_diff1": 0.629245,
        "nauc_map_at_1000_max": 0.509607,
        "nauc_map_at_1000_std": -0.009627,
        "nauc_map_at_1000_diff1": 0.629131,
        "nauc_recall_at_1_max": 0.479609,
        "nauc_recall_at_1_std": -0.013434,
        "nauc_recall_at_1_diff1": 0.641513,
        "nauc_recall_at_3_max": 0.557937,
        "nauc_recall_at_3_std": 0.018808,
        "nauc_recall_at_3_diff1": 0.603704,
        "nauc_recall_at_5_max": 0.54583,
        "nauc_recall_at_5_std": -0.007355,
        "nauc_recall_at_5_diff1": 0.571905,
        "nauc_recall_at_10_max": 0.574288,
        "nauc_recall_at_10_std": -0.049644,
        "nauc_recall_at_10_diff1": 0.514398,
        "nauc_recall_at_20_max": 0.643157,
        "nauc_recall_at_20_std": 0.001523,
        "nauc_recall_at_20_diff1": 0.498021,
        "nauc_recall_at_100_max": 0.790783,
        "nauc_recall_at_100_std": 0.323896,
        "nauc_recall_at_100_diff1": 0.788249,
        "nauc_recall_at_1000_max": NaN,
        "nauc_recall_at_1000_std": NaN,
        "nauc_recall_at_1000_diff1": NaN,
        "nauc_precision_at_1_max": 0.479609,
        "nauc_precision_at_1_std": -0.013434,
        "nauc_precision_at_1_diff1": 0.641513,
        "nauc_precision_at_3_max": 0.557937,
        "nauc_precision_at_3_std": 0.018808,
        "nauc_precision_at_3_diff1": 0.603704,
        "nauc_precision_at_5_max": 0.54583,
        "nauc_precision_at_5_std": -0.007355,
        "nauc_precision_at_5_diff1": 0.571905,
        "nauc_precision_at_10_max": 0.574288,
        "nauc_precision_at_10_std": -0.049644,
        "nauc_precision_at_10_diff1": 0.514398,
        "nauc_precision_at_20_max": 0.643157,
        "nauc_precision_at_20_std": 0.001523,
        "nauc_precision_at_20_diff1": 0.498021,
        "nauc_precision_at_100_max": 0.790783,
        "nauc_precision_at_100_std": 0.323896,
        "nauc_precision_at_100_diff1": 0.788249,
        "nauc_precision_at_1000_max": 1.0,
        "nauc_precision_at_1000_std": 1.0,
        "nauc_precision_at_1000_diff1": 1.0,
        "nauc_mrr_at_1_max": 0.479609,
        "nauc_mrr_at_1_std": -0.013434,
        "nauc_mrr_at_1_diff1": 0.641513,
        "nauc_mrr_at_3_max": 0.511797,
        "nauc_mrr_at_3_std": -0.002997,
        "nauc_mrr_at_3_diff1": 0.63292,
        "nauc_mrr_at_5_max": 0.508624,
        "nauc_mrr_at_5_std": -0.007983,
        "nauc_mrr_at_5_diff1": 0.628393,
        "nauc_mrr_at_10_max": 0.509867,
        "nauc_mrr_at_10_std": -0.011479,
        "nauc_mrr_at_10_diff1": 0.626732,
        "nauc_mrr_at_20_max": 0.510142,
        "nauc_mrr_at_20_std": -0.010327,
        "nauc_mrr_at_20_diff1": 0.62793,
        "nauc_mrr_at_100_max": 0.509799,
        "nauc_mrr_at_100_std": -0.009412,
        "nauc_mrr_at_100_diff1": 0.629245,
        "nauc_mrr_at_1000_max": 0.509607,
        "nauc_mrr_at_1000_std": -0.009627,
        "nauc_mrr_at_1000_diff1": 0.629131,
        "main_score": 0.6958,
        "hf_subset": "default",
        "languages": [
          "eng-Latn"
        ]
      }
    ]
  },
  "evaluation_time": 345.89786291122437,
  "kg_co2_emissions": null
}