{
  "dataset_revision": "436d6a79d06cac556799e9e0be54a6fb90bf7182",
  "task_name": "uk-legislative-long-titles",
  "mteb_version": "1.38.49",
  "scores": {
    "test": [
      {
        "ndcg_at_1": 0.9359,
        "ndcg_at_3": 0.96825,
        "ndcg_at_5": 0.96825,
        "ndcg_at_10": 0.96825,
        "ndcg_at_20": 0.97146,
        "ndcg_at_100": 0.97146,
        "ndcg_at_1000": 0.97146,
        "map_at_1": 0.9359,
        "map_at_3": 0.96154,
        "map_at_5": 0.96154,
        "map_at_10": 0.96154,
        "map_at_20": 0.96239,
        "map_at_100": 0.96239,
        "map_at_1000": 0.96239,
        "recall_at_1": 0.9359,
        "recall_at_3": 0.98718,
        "recall_at_5": 0.98718,
        "recall_at_10": 0.98718,
        "recall_at_20": 1.0,
        "recall_at_100": 1.0,
        "recall_at_1000": 1.0,
        "precision_at_1": 0.9359,
        "precision_at_3": 0.32906,
        "precision_at_5": 0.19744,
        "precision_at_10": 0.09872,
        "precision_at_20": 0.05,
        "precision_at_100": 0.01,
        "precision_at_1000": 0.001,
        "mrr_at_1": 0.935897,
        "mrr_at_3": 0.961538,
        "mrr_at_5": 0.961538,
        "mrr_at_10": 0.961538,
        "mrr_at_20": 0.962393,
        "mrr_at_100": 0.962393,
        "mrr_at_1000": 0.962393,
        "nauc_ndcg_at_1_max": 0.828773,
        "nauc_ndcg_at_1_std": 0.683077,
        "nauc_ndcg_at_1_diff1": 1.0,
        "nauc_ndcg_at_3_max": 0.872399,
        "nauc_ndcg_at_3_std": 0.763826,
        "nauc_ndcg_at_3_diff1": 1.0,
        "nauc_ndcg_at_5_max": 0.872399,
        "nauc_ndcg_at_5_std": 0.763826,
        "nauc_ndcg_at_5_diff1": 1.0,
        "nauc_ndcg_at_10_max": 0.872399,
        "nauc_ndcg_at_10_std": 0.763826,
        "nauc_ndcg_at_10_diff1": 1.0,
        "nauc_ndcg_at_20_max": 0.858071,
        "nauc_ndcg_at_20_std": 0.737305,
        "nauc_ndcg_at_20_diff1": 1.0,
        "nauc_ndcg_at_100_max": 0.858071,
        "nauc_ndcg_at_100_std": 0.737305,
        "nauc_ndcg_at_100_diff1": 1.0,
        "nauc_ndcg_at_1000_max": 0.858071,
        "nauc_ndcg_at_1000_std": 0.737305,
        "nauc_ndcg_at_1000_diff1": 1.0,
        "nauc_map_at_1_max": 0.828773,
        "nauc_map_at_1_std": 0.683077,
        "nauc_map_at_1_diff1": 1.0,
        "nauc_map_at_3_max": 0.85731,
        "nauc_map_at_3_std": 0.735898,
        "nauc_map_at_3_diff1": 1.0,
        "nauc_map_at_5_max": 0.85731,
        "nauc_map_at_5_std": 0.735898,
        "nauc_map_at_5_diff1": 1.0,
        "nauc_map_at_10_max": 0.85731,
        "nauc_map_at_10_std": 0.735898,
        "nauc_map_at_10_diff1": 1.0,
        "nauc_map_at_20_max": 0.854067,
        "nauc_map_at_20_std": 0.729896,
        "nauc_map_at_20_diff1": 1.0,
        "nauc_map_at_100_max": 0.854067,
        "nauc_map_at_100_std": 0.729896,
        "nauc_map_at_100_diff1": 1.0,
        "nauc_map_at_1000_max": 0.854067,
        "nauc_map_at_1000_std": 0.729896,
        "nauc_map_at_1000_diff1": 1.0,
        "nauc_recall_at_1_max": 0.828773,
        "nauc_recall_at_1_std": 0.683077,
        "nauc_recall_at_1_diff1": 1.0,
        "nauc_recall_at_3_max": 1.0,
        "nauc_recall_at_3_std": 1.0,
        "nauc_recall_at_3_diff1": 1.0,
        "nauc_recall_at_5_max": 1.0,
        "nauc_recall_at_5_std": 1.0,
        "nauc_recall_at_5_diff1": 1.0,
        "nauc_recall_at_10_max": 1.0,
        "nauc_recall_at_10_std": 1.0,
        "nauc_recall_at_10_diff1": 1.0,
        "nauc_recall_at_20_max": NaN,
        "nauc_recall_at_20_std": NaN,
        "nauc_recall_at_20_diff1": NaN,
        "nauc_recall_at_100_max": NaN,
        "nauc_recall_at_100_std": NaN,
        "nauc_recall_at_100_diff1": NaN,
        "nauc_recall_at_1000_max": NaN,
        "nauc_recall_at_1000_std": NaN,
        "nauc_recall_at_1000_diff1": NaN,
        "nauc_precision_at_1_max": 0.828773,
        "nauc_precision_at_1_std": 0.683077,
        "nauc_precision_at_1_diff1": 1.0,
        "nauc_precision_at_3_max": 1.0,
        "nauc_precision_at_3_std": 1.0,
        "nauc_precision_at_3_diff1": 1.0,
        "nauc_precision_at_5_max": 1.0,
        "nauc_precision_at_5_std": 1.0,
        "nauc_precision_at_5_diff1": 1.0,
        "nauc_precision_at_10_max": 1.0,
        "nauc_precision_at_10_std": 1.0,
        "nauc_precision_at_10_diff1": 1.0,
        "nauc_precision_at_20_max": 1.0,
        "nauc_precision_at_20_std": 1.0,
        "nauc_precision_at_20_diff1": 1.0,
        "nauc_precision_at_100_max": 1.0,
        "nauc_precision_at_100_std": 1.0,
        "nauc_precision_at_100_diff1": 1.0,
        "nauc_precision_at_1000_max": 1.0,
        "nauc_precision_at_1000_std": 1.0,
        "nauc_precision_at_1000_diff1": 1.0,
        "nauc_mrr_at_1_max": 0.828773,
        "nauc_mrr_at_1_std": 0.683077,
        "nauc_mrr_at_1_diff1": 1.0,
        "nauc_mrr_at_3_max": 0.85731,
        "nauc_mrr_at_3_std": 0.735898,
        "nauc_mrr_at_3_diff1": 1.0,
        "nauc_mrr_at_5_max": 0.85731,
        "nauc_mrr_at_5_std": 0.735898,
        "nauc_mrr_at_5_diff1": 1.0,
        "nauc_mrr_at_10_max": 0.85731,
        "nauc_mrr_at_10_std": 0.735898,
        "nauc_mrr_at_10_diff1": 1.0,
        "nauc_mrr_at_20_max": 0.854067,
        "nauc_mrr_at_20_std": 0.729896,
        "nauc_mrr_at_20_diff1": 1.0,
        "nauc_mrr_at_100_max": 0.854067,
        "nauc_mrr_at_100_std": 0.729896,
        "nauc_mrr_at_100_diff1": 1.0,
        "nauc_mrr_at_1000_max": 0.854067,
        "nauc_mrr_at_1000_std": 0.729896,
        "nauc_mrr_at_1000_diff1": 1.0,
        "main_score": 0.96825,
        "hf_subset": "default",
        "languages": [
          "eng-Latn"
        ]
      }
    ]
  },
  "evaluation_time": 51.908093214035034,
  "kg_co2_emissions": null
}