{
  "dataset_revision": "c64c3baac6bfd5f934d2df6e5d42dcb7d87c8ba8",
  "task_name": "australian-tax-guidance-retrieval",
  "mteb_version": "1.38.49",
  "scores": {
    "test": [
      {
        "ndcg_at_1": 0.61607,
        "ndcg_at_3": 0.73979,
        "ndcg_at_5": 0.78053,
        "ndcg_at_10": 0.79901,
        "ndcg_at_20": 0.8033,
        "ndcg_at_100": 0.8049,
        "ndcg_at_1000": 0.8049,
        "map_at_1": 0.61607,
        "map_at_3": 0.71131,
        "map_at_5": 0.73408,
        "map_at_10": 0.74241,
        "map_at_20": 0.74346,
        "map_at_100": 0.74366,
        "map_at_1000": 0.74366,
        "recall_at_1": 0.61607,
        "recall_at_3": 0.82143,
        "recall_at_5": 0.91964,
        "recall_at_10": 0.97321,
        "recall_at_20": 0.99107,
        "recall_at_100": 1.0,
        "recall_at_1000": 1.0,
        "precision_at_1": 0.61607,
        "precision_at_3": 0.27381,
        "precision_at_5": 0.18393,
        "precision_at_10": 0.09732,
        "precision_at_20": 0.04955,
        "precision_at_100": 0.01,
        "precision_at_1000": 0.001,
        "mrr_at_1": 0.616071,
        "mrr_at_3": 0.71131,
        "mrr_at_5": 0.734077,
        "mrr_at_10": 0.742411,
        "mrr_at_20": 0.743465,
        "mrr_at_100": 0.743659,
        "mrr_at_1000": 0.743659,
        "nauc_ndcg_at_1_max": 0.356982,
        "nauc_ndcg_at_1_std": -0.124932,
        "nauc_ndcg_at_1_diff1": 0.679785,
        "nauc_ndcg_at_3_max": 0.399867,
        "nauc_ndcg_at_3_std": -0.049565,
        "nauc_ndcg_at_3_diff1": 0.577581,
        "nauc_ndcg_at_5_max": 0.362092,
        "nauc_ndcg_at_5_std": -0.071518,
        "nauc_ndcg_at_5_diff1": 0.597434,
        "nauc_ndcg_at_10_max": 0.368599,
        "nauc_ndcg_at_10_std": -0.050759,
        "nauc_ndcg_at_10_diff1": 0.587203,
        "nauc_ndcg_at_20_max": 0.378544,
        "nauc_ndcg_at_20_std": -0.057454,
        "nauc_ndcg_at_20_diff1": 0.60576,
        "nauc_ndcg_at_100_max": 0.373694,
        "nauc_ndcg_at_100_std": -0.066612,
        "nauc_ndcg_at_100_diff1": 0.610536,
        "nauc_ndcg_at_1000_max": 0.373694,
        "nauc_ndcg_at_1000_std": -0.066612,
        "nauc_ndcg_at_1000_diff1": 0.610536,
        "nauc_map_at_1_max": 0.356982,
        "nauc_map_at_1_std": -0.124932,
        "nauc_map_at_1_diff1": 0.679785,
        "nauc_map_at_3_max": 0.386531,
        "nauc_map_at_3_std": -0.067424,
        "nauc_map_at_3_diff1": 0.605877,
        "nauc_map_at_5_max": 0.36684,
        "nauc_map_at_5_std": -0.080446,
        "nauc_map_at_5_diff1": 0.617549,
        "nauc_map_at_10_max": 0.37036,
        "nauc_map_at_10_std": -0.072223,
        "nauc_map_at_10_diff1": 0.615153,
        "nauc_map_at_20_max": 0.372365,
        "nauc_map_at_20_std": -0.073447,
        "nauc_map_at_20_diff1": 0.618613,
        "nauc_map_at_100_max": 0.371911,
        "nauc_map_at_100_std": -0.074307,
        "nauc_map_at_100_diff1": 0.619066,
        "nauc_map_at_1000_max": 0.371911,
        "nauc_map_at_1000_std": -0.074307,
        "nauc_map_at_1000_diff1": 0.619066,
        "nauc_recall_at_1_max": 0.356982,
        "nauc_recall_at_1_std": -0.124932,
        "nauc_recall_at_1_diff1": 0.679785,
        "nauc_recall_at_3_max": 0.455612,
        "nauc_recall_at_3_std": 0.021841,
        "nauc_recall_at_3_diff1": 0.461329,
        "nauc_recall_at_5_max": 0.312603,
        "nauc_recall_at_5_std": -0.011145,
        "nauc_recall_at_5_diff1": 0.448631,
        "nauc_recall_at_10_max": 0.288546,
        "nauc_recall_at_10_std": 0.437145,
        "nauc_recall_at_10_diff1": -0.055083,
        "nauc_recall_at_20_max": 0.86954,
        "nauc_recall_at_20_std": 0.86954,
        "nauc_recall_at_20_diff1": 0.122248,
        "nauc_recall_at_100_max": NaN,
        "nauc_recall_at_100_std": NaN,
        "nauc_recall_at_100_diff1": NaN,
        "nauc_recall_at_1000_max": NaN,
        "nauc_recall_at_1000_std": NaN,
        "nauc_recall_at_1000_diff1": NaN,
        "nauc_precision_at_1_max": 0.356982,
        "nauc_precision_at_1_std": -0.124932,
        "nauc_precision_at_1_diff1": 0.679785,
        "nauc_precision_at_3_max": 0.455612,
        "nauc_precision_at_3_std": 0.021841,
        "nauc_precision_at_3_diff1": 0.461329,
        "nauc_precision_at_5_max": 0.312603,
        "nauc_precision_at_5_std": -0.011145,
        "nauc_precision_at_5_diff1": 0.448631,
        "nauc_precision_at_10_max": 0.288546,
        "nauc_precision_at_10_std": 0.437145,
        "nauc_precision_at_10_diff1": -0.055083,
        "nauc_precision_at_20_max": 0.86954,
        "nauc_precision_at_20_std": 0.86954,
        "nauc_precision_at_20_diff1": 0.122248,
        "nauc_precision_at_100_max": NaN,
        "nauc_precision_at_100_std": NaN,
        "nauc_precision_at_100_diff1": NaN,
        "nauc_precision_at_1000_max": 1.0,
        "nauc_precision_at_1000_std": 1.0,
        "nauc_precision_at_1000_diff1": 1.0,
        "nauc_mrr_at_1_max": 0.356982,
        "nauc_mrr_at_1_std": -0.124932,
        "nauc_mrr_at_1_diff1": 0.679785,
        "nauc_mrr_at_3_max": 0.386531,
        "nauc_mrr_at_3_std": -0.067424,
        "nauc_mrr_at_3_diff1": 0.605877,
        "nauc_mrr_at_5_max": 0.36684,
        "nauc_mrr_at_5_std": -0.080446,
        "nauc_mrr_at_5_diff1": 0.617549,
        "nauc_mrr_at_10_max": 0.37036,
        "nauc_mrr_at_10_std": -0.072223,
        "nauc_mrr_at_10_diff1": 0.615153,
        "nauc_mrr_at_20_max": 0.372365,
        "nauc_mrr_at_20_std": -0.073447,
        "nauc_mrr_at_20_diff1": 0.618613,
        "nauc_mrr_at_100_max": 0.371911,
        "nauc_mrr_at_100_std": -0.074307,
        "nauc_mrr_at_100_diff1": 0.619066,
        "nauc_mrr_at_1000_max": 0.371911,
        "nauc_mrr_at_1000_std": -0.074307,
        "nauc_mrr_at_1000_diff1": 0.619066,
        "main_score": 0.79901,
        "hf_subset": "default",
        "languages": [
          "eng-Latn"
        ]
      }
    ]
  },
  "evaluation_time": 68.19150400161743,
  "kg_co2_emissions": null
}