{
  "dataset_revision": "dd157bbfa479359488c656981e3999da6f42e4e9",
  "task_name": "bar-exam-qa",
  "mteb_version": "1.38.49",
  "scores": {
    "test": [
      {
        "ndcg_at_1": 0.32479,
        "ndcg_at_3": 0.49806,
        "ndcg_at_5": 0.54479,
        "ndcg_at_10": 0.57834,
        "ndcg_at_20": 0.59333,
        "ndcg_at_100": 0.61424,
        "ndcg_at_1000": 0.61424,
        "map_at_1": 0.32479,
        "map_at_3": 0.45726,
        "map_at_5": 0.48376,
        "map_at_10": 0.49785,
        "map_at_20": 0.50189,
        "map_at_100": 0.50484,
        "map_at_1000": 0.50484,
        "recall_at_1": 0.32479,
        "recall_at_3": 0.61538,
        "recall_at_5": 0.7265,
        "recall_at_10": 0.82906,
        "recall_at_20": 0.88889,
        "recall_at_100": 1.0,
        "recall_at_1000": 1.0,
        "precision_at_1": 0.32479,
        "precision_at_3": 0.20513,
        "precision_at_5": 0.1453,
        "precision_at_10": 0.08291,
        "precision_at_20": 0.04444,
        "precision_at_100": 0.01,
        "precision_at_1000": 0.001,
        "mrr_at_1": 0.324786,
        "mrr_at_3": 0.457265,
        "mrr_at_5": 0.483761,
        "mrr_at_10": 0.49785,
        "mrr_at_20": 0.501888,
        "mrr_at_100": 0.504844,
        "mrr_at_1000": 0.504844,
        "nauc_ndcg_at_1_max": 0.16826,
        "nauc_ndcg_at_1_std": -0.080165,
        "nauc_ndcg_at_1_diff1": 0.3235,
        "nauc_ndcg_at_3_max": 0.184829,
        "nauc_ndcg_at_3_std": -0.151449,
        "nauc_ndcg_at_3_diff1": 0.254394,
        "nauc_ndcg_at_5_max": 0.17187,
        "nauc_ndcg_at_5_std": -0.13285,
        "nauc_ndcg_at_5_diff1": 0.244715,
        "nauc_ndcg_at_10_max": 0.187784,
        "nauc_ndcg_at_10_std": -0.143749,
        "nauc_ndcg_at_10_diff1": 0.265911,
        "nauc_ndcg_at_20_max": 0.186567,
        "nauc_ndcg_at_20_std": -0.128674,
        "nauc_ndcg_at_20_diff1": 0.276299,
        "nauc_ndcg_at_100_max": 0.181142,
        "nauc_ndcg_at_100_std": -0.121406,
        "nauc_ndcg_at_100_diff1": 0.271193,
        "nauc_ndcg_at_1000_max": 0.181142,
        "nauc_ndcg_at_1000_std": -0.121406,
        "nauc_ndcg_at_1000_diff1": 0.271193,
        "nauc_map_at_1_max": 0.16826,
        "nauc_map_at_1_std": -0.080165,
        "nauc_map_at_1_diff1": 0.3235,
        "nauc_map_at_3_max": 0.178597,
        "nauc_map_at_3_std": -0.135135,
        "nauc_map_at_3_diff1": 0.266536,
        "nauc_map_at_5_max": 0.170546,
        "nauc_map_at_5_std": -0.12474,
        "nauc_map_at_5_diff1": 0.260894,
        "nauc_map_at_10_max": 0.178618,
        "nauc_map_at_10_std": -0.125477,
        "nauc_map_at_10_diff1": 0.270307,
        "nauc_map_at_20_max": 0.178701,
        "nauc_map_at_20_std": -0.121359,
        "nauc_map_at_20_diff1": 0.273921,
        "nauc_map_at_100_max": 0.177891,
        "nauc_map_at_100_std": -0.11963,
        "nauc_map_at_100_diff1": 0.273093,
        "nauc_map_at_1000_max": 0.177891,
        "nauc_map_at_1000_std": -0.11963,
        "nauc_map_at_1000_diff1": 0.273093,
        "nauc_recall_at_1_max": 0.16826,
        "nauc_recall_at_1_std": -0.080165,
        "nauc_recall_at_1_diff1": 0.3235,
        "nauc_recall_at_3_max": 0.205299,
        "nauc_recall_at_3_std": -0.201859,
        "nauc_recall_at_3_diff1": 0.218702,
        "nauc_recall_at_5_max": 0.177174,
        "nauc_recall_at_5_std": -0.158953,
        "nauc_recall_at_5_diff1": 0.18617,
        "nauc_recall_at_10_max": 0.24044,
        "nauc_recall_at_10_std": -0.257808,
        "nauc_recall_at_10_diff1": 0.258483,
        "nauc_recall_at_20_max": 0.24388,
        "nauc_recall_at_20_std": -0.178374,
        "nauc_recall_at_20_diff1": 0.329306,
        "nauc_recall_at_100_max": NaN,
        "nauc_recall_at_100_std": NaN,
        "nauc_recall_at_100_diff1": NaN,
        "nauc_recall_at_1000_max": NaN,
        "nauc_recall_at_1000_std": NaN,
        "nauc_recall_at_1000_diff1": NaN,
        "nauc_precision_at_1_max": 0.16826,
        "nauc_precision_at_1_std": -0.080165,
        "nauc_precision_at_1_diff1": 0.3235,
        "nauc_precision_at_3_max": 0.205299,
        "nauc_precision_at_3_std": -0.201859,
        "nauc_precision_at_3_diff1": 0.218702,
        "nauc_precision_at_5_max": 0.177174,
        "nauc_precision_at_5_std": -0.158953,
        "nauc_precision_at_5_diff1": 0.18617,
        "nauc_precision_at_10_max": 0.24044,
        "nauc_precision_at_10_std": -0.257808,
        "nauc_precision_at_10_diff1": 0.258483,
        "nauc_precision_at_20_max": 0.24388,
        "nauc_precision_at_20_std": -0.178374,
        "nauc_precision_at_20_diff1": 0.329306,
        "nauc_precision_at_100_max": NaN,
        "nauc_precision_at_100_std": NaN,
        "nauc_precision_at_100_diff1": NaN,
        "nauc_precision_at_1000_max": 1.0,
        "nauc_precision_at_1000_std": 1.0,
        "nauc_precision_at_1000_diff1": 1.0,
        "nauc_mrr_at_1_max": 0.16826,
        "nauc_mrr_at_1_std": -0.080165,
        "nauc_mrr_at_1_diff1": 0.3235,
        "nauc_mrr_at_3_max": 0.178597,
        "nauc_mrr_at_3_std": -0.135135,
        "nauc_mrr_at_3_diff1": 0.266536,
        "nauc_mrr_at_5_max": 0.170546,
        "nauc_mrr_at_5_std": -0.12474,
        "nauc_mrr_at_5_diff1": 0.260894,
        "nauc_mrr_at_10_max": 0.178618,
        "nauc_mrr_at_10_std": -0.125477,
        "nauc_mrr_at_10_diff1": 0.270307,
        "nauc_mrr_at_20_max": 0.178701,
        "nauc_mrr_at_20_std": -0.121359,
        "nauc_mrr_at_20_diff1": 0.273921,
        "nauc_mrr_at_100_max": 0.177891,
        "nauc_mrr_at_100_std": -0.11963,
        "nauc_mrr_at_100_diff1": 0.273093,
        "nauc_mrr_at_1000_max": 0.177891,
        "nauc_mrr_at_1000_std": -0.11963,
        "nauc_mrr_at_1000_diff1": 0.273093,
        "main_score": 0.57834,
        "hf_subset": "default",
        "languages": [
          "eng-Latn"
        ]
      }
    ]
  },
  "evaluation_time": 61.98980188369751,
  "kg_co2_emissions": null
}