{
  "dataset_revision": "2095f248902963b4480ac96b774ba64b2104cbee",
  "task_name": "consumer-contracts-qa",
  "mteb_version": "1.38.49",
  "scores": {
    "test": [
      {
        "ndcg_at_1": 0.76263,
        "ndcg_at_3": 0.86051,
        "ndcg_at_5": 0.87094,
        "ndcg_at_10": 0.87588,
        "ndcg_at_20": 0.87842,
        "ndcg_at_100": 0.88257,
        "ndcg_at_1000": 0.88257,
        "map_at_1": 0.76263,
        "map_at_3": 0.8367,
        "map_at_5": 0.84251,
        "map_at_10": 0.84458,
        "map_at_20": 0.84526,
        "map_at_100": 0.84599,
        "map_at_1000": 0.84599,
        "recall_at_1": 0.76263,
        "recall_at_3": 0.92929,
        "recall_at_5": 0.95455,
        "recall_at_10": 0.9697,
        "recall_at_20": 0.9798,
        "recall_at_100": 1.0,
        "recall_at_1000": 1.0,
        "precision_at_1": 0.76263,
        "precision_at_3": 0.30976,
        "precision_at_5": 0.19091,
        "precision_at_10": 0.09697,
        "precision_at_20": 0.04899,
        "precision_at_100": 0.01,
        "precision_at_1000": 0.001,
        "mrr_at_1": 0.762626,
        "mrr_at_3": 0.8367,
        "mrr_at_5": 0.842508,
        "mrr_at_10": 0.844577,
        "mrr_at_20": 0.845262,
        "mrr_at_100": 0.845994,
        "mrr_at_1000": 0.845994,
        "nauc_ndcg_at_1_max": 0.355298,
        "nauc_ndcg_at_1_std": 0.14293,
        "nauc_ndcg_at_1_diff1": 0.789507,
        "nauc_ndcg_at_3_max": 0.331621,
        "nauc_ndcg_at_3_std": 0.271691,
        "nauc_ndcg_at_3_diff1": 0.77268,
        "nauc_ndcg_at_5_max": 0.334219,
        "nauc_ndcg_at_5_std": 0.278638,
        "nauc_ndcg_at_5_diff1": 0.780713,
        "nauc_ndcg_at_10_max": 0.335559,
        "nauc_ndcg_at_10_std": 0.267032,
        "nauc_ndcg_at_10_diff1": 0.783826,
        "nauc_ndcg_at_20_max": 0.330635,
        "nauc_ndcg_at_20_std": 0.255203,
        "nauc_ndcg_at_20_diff1": 0.787199,
        "nauc_ndcg_at_100_max": 0.345763,
        "nauc_ndcg_at_100_std": 0.241387,
        "nauc_ndcg_at_100_diff1": 0.783239,
        "nauc_ndcg_at_1000_max": 0.345763,
        "nauc_ndcg_at_1000_std": 0.241387,
        "nauc_ndcg_at_1000_diff1": 0.783239,
        "nauc_map_at_1_max": 0.355298,
        "nauc_map_at_1_std": 0.14293,
        "nauc_map_at_1_diff1": 0.789507,
        "nauc_map_at_3_max": 0.343955,
        "nauc_map_at_3_std": 0.235948,
        "nauc_map_at_3_diff1": 0.777788,
        "nauc_map_at_5_max": 0.34495,
        "nauc_map_at_5_std": 0.237857,
        "nauc_map_at_5_diff1": 0.781447,
        "nauc_map_at_10_max": 0.346337,
        "nauc_map_at_10_std": 0.23358,
        "nauc_map_at_10_diff1": 0.782633,
        "nauc_map_at_20_max": 0.345339,
        "nauc_map_at_20_std": 0.230927,
        "nauc_map_at_20_diff1": 0.783383,
        "nauc_map_at_100_max": 0.348089,
        "nauc_map_at_100_std": 0.229165,
        "nauc_map_at_100_diff1": 0.78291,
        "nauc_map_at_1000_max": 0.348089,
        "nauc_map_at_1000_std": 0.229165,
        "nauc_map_at_1000_diff1": 0.78291,
        "nauc_recall_at_1_max": 0.355298,
        "nauc_recall_at_1_std": 0.14293,
        "nauc_recall_at_1_diff1": 0.789507,
        "nauc_recall_at_3_max": 0.251748,
        "nauc_recall_at_3_std": 0.484992,
        "nauc_recall_at_3_diff1": 0.74172,
        "nauc_recall_at_5_max": 0.233168,
        "nauc_recall_at_5_std": 0.64604,
        "nauc_recall_at_5_diff1": 0.779068,
        "nauc_recall_at_10_max": 0.179047,
        "nauc_recall_at_10_std": 0.689528,
        "nauc_recall_at_10_diff1": 0.81111,
        "nauc_recall_at_20_max": -0.00849,
        "nauc_recall_at_20_std": 0.636583,
        "nauc_recall_at_20_diff1": 0.897709,
        "nauc_recall_at_100_max": NaN,
        "nauc_recall_at_100_std": NaN,
        "nauc_recall_at_100_diff1": NaN,
        "nauc_recall_at_1000_max": NaN,
        "nauc_recall_at_1000_std": NaN,
        "nauc_recall_at_1000_diff1": NaN,
        "nauc_precision_at_1_max": 0.355298,
        "nauc_precision_at_1_std": 0.14293,
        "nauc_precision_at_1_diff1": 0.789507,
        "nauc_precision_at_3_max": 0.251748,
        "nauc_precision_at_3_std": 0.484992,
        "nauc_precision_at_3_diff1": 0.74172,
        "nauc_precision_at_5_max": 0.233168,
        "nauc_precision_at_5_std": 0.64604,
        "nauc_precision_at_5_diff1": 0.779068,
        "nauc_precision_at_10_max": 0.179047,
        "nauc_precision_at_10_std": 0.689528,
        "nauc_precision_at_10_diff1": 0.81111,
        "nauc_precision_at_20_max": -0.00849,
        "nauc_precision_at_20_std": 0.636583,
        "nauc_precision_at_20_diff1": 0.897709,
        "nauc_precision_at_100_max": 1.0,
        "nauc_precision_at_100_std": 1.0,
        "nauc_precision_at_100_diff1": 1.0,
        "nauc_precision_at_1000_max": 1.0,
        "nauc_precision_at_1000_std": 1.0,
        "nauc_precision_at_1000_diff1": 1.0,
        "nauc_mrr_at_1_max": 0.355298,
        "nauc_mrr_at_1_std": 0.14293,
        "nauc_mrr_at_1_diff1": 0.789507,
        "nauc_mrr_at_3_max": 0.343955,
        "nauc_mrr_at_3_std": 0.235948,
        "nauc_mrr_at_3_diff1": 0.777788,
        "nauc_mrr_at_5_max": 0.34495,
        "nauc_mrr_at_5_std": 0.237857,
        "nauc_mrr_at_5_diff1": 0.781447,
        "nauc_mrr_at_10_max": 0.346337,
        "nauc_mrr_at_10_std": 0.23358,
        "nauc_mrr_at_10_diff1": 0.782633,
        "nauc_mrr_at_20_max": 0.345339,
        "nauc_mrr_at_20_std": 0.230927,
        "nauc_mrr_at_20_diff1": 0.783383,
        "nauc_mrr_at_100_max": 0.348089,
        "nauc_mrr_at_100_std": 0.229165,
        "nauc_mrr_at_100_diff1": 0.78291,
        "nauc_mrr_at_1000_max": 0.348089,
        "nauc_mrr_at_1000_std": 0.229165,
        "nauc_mrr_at_1000_diff1": 0.78291,
        "main_score": 0.87588,
        "hf_subset": "default",
        "languages": [
          "eng-Latn"
        ]
      }
    ]
  },
  "evaluation_time": 83.60286974906921,
  "kg_co2_emissions": null
}