{
  "dataset_revision": "48ed7bcb1f50896a0f71461a04b2df0ca84329d9",
  "task_name": "contractual-clause-retrieval",
  "mteb_version": "1.38.49",
  "scores": {
    "test": [
      {
        "ndcg_at_1": 0.68889,
        "ndcg_at_3": 0.70041,
        "ndcg_at_5": 0.75143,
        "ndcg_at_10": 0.76978,
        "ndcg_at_20": 0.78287,
        "ndcg_at_100": 0.80506,
        "ndcg_at_1000": 0.80506,
        "map_at_1": 0.34444,
        "map_at_3": 0.65741,
        "map_at_5": 0.7013,
        "map_at_10": 0.71435,
        "map_at_20": 0.71755,
        "map_at_100": 0.72301,
        "map_at_1000": 0.72301,
        "recall_at_1": 0.34444,
        "recall_at_3": 0.72222,
        "recall_at_5": 0.82222,
        "recall_at_10": 0.86667,
        "recall_at_20": 0.91111,
        "recall_at_100": 1.0,
        "recall_at_1000": 1.0,
        "precision_at_1": 0.68889,
        "precision_at_3": 0.48148,
        "precision_at_5": 0.32889,
        "precision_at_10": 0.17333,
        "precision_at_20": 0.09111,
        "precision_at_100": 0.02,
        "precision_at_1000": 0.002,
        "mrr_at_1": 0.688889,
        "mrr_at_3": 0.759259,
        "mrr_at_5": 0.764815,
        "mrr_at_10": 0.764815,
        "mrr_at_20": 0.769006,
        "mrr_at_100": 0.770581,
        "mrr_at_1000": 0.770581,
        "nauc_ndcg_at_1_max": 0.766408,
        "nauc_ndcg_at_1_std": 0.339516,
        "nauc_ndcg_at_1_diff1": 0.568321,
        "nauc_ndcg_at_3_max": 0.741754,
        "nauc_ndcg_at_3_std": 0.30987,
        "nauc_ndcg_at_3_diff1": 0.589926,
        "nauc_ndcg_at_5_max": 0.780064,
        "nauc_ndcg_at_5_std": 0.397554,
        "nauc_ndcg_at_5_diff1": 0.583685,
        "nauc_ndcg_at_10_max": 0.780599,
        "nauc_ndcg_at_10_std": 0.426864,
        "nauc_ndcg_at_10_diff1": 0.577619,
        "nauc_ndcg_at_20_max": 0.77083,
        "nauc_ndcg_at_20_std": 0.408331,
        "nauc_ndcg_at_20_diff1": 0.572798,
        "nauc_ndcg_at_100_max": 0.772053,
        "nauc_ndcg_at_100_std": 0.37936,
        "nauc_ndcg_at_100_diff1": 0.568502,
        "nauc_ndcg_at_1000_max": 0.772053,
        "nauc_ndcg_at_1000_std": 0.37936,
        "nauc_ndcg_at_1000_diff1": 0.568502,
        "nauc_map_at_1_max": 0.766408,
        "nauc_map_at_1_std": 0.339516,
        "nauc_map_at_1_diff1": 0.568321,
        "nauc_map_at_3_max": 0.737976,
        "nauc_map_at_3_std": 0.264207,
        "nauc_map_at_3_diff1": 0.574453,
        "nauc_map_at_5_max": 0.771782,
        "nauc_map_at_5_std": 0.332434,
        "nauc_map_at_5_diff1": 0.570553,
        "nauc_map_at_10_max": 0.771009,
        "nauc_map_at_10_std": 0.346552,
        "nauc_map_at_10_diff1": 0.56683,
        "nauc_map_at_20_max": 0.768365,
        "nauc_map_at_20_std": 0.341805,
        "nauc_map_at_20_diff1": 0.565383,
        "nauc_map_at_100_max": 0.767181,
        "nauc_map_at_100_std": 0.333969,
        "nauc_map_at_100_diff1": 0.563446,
        "nauc_map_at_1000_max": 0.767181,
        "nauc_map_at_1000_std": 0.333969,
        "nauc_map_at_1000_diff1": 0.563446,
        "nauc_recall_at_1_max": 0.766408,
        "nauc_recall_at_1_std": 0.339516,
        "nauc_recall_at_1_diff1": 0.568321,
        "nauc_recall_at_3_max": 0.70798,
        "nauc_recall_at_3_std": 0.285599,
        "nauc_recall_at_3_diff1": 0.615079,
        "nauc_recall_at_5_max": 0.780275,
        "nauc_recall_at_5_std": 0.494379,
        "nauc_recall_at_5_diff1": 0.606164,
        "nauc_recall_at_10_max": 0.787673,
        "nauc_recall_at_10_std": 0.633634,
        "nauc_recall_at_10_diff1": 0.589255,
        "nauc_recall_at_20_max": 0.742785,
        "nauc_recall_at_20_std": 0.616353,
        "nauc_recall_at_20_diff1": 0.582574,
        "nauc_recall_at_100_max": NaN,
        "nauc_recall_at_100_std": NaN,
        "nauc_recall_at_100_diff1": NaN,
        "nauc_recall_at_1000_max": NaN,
        "nauc_recall_at_1000_std": NaN,
        "nauc_recall_at_1000_diff1": NaN,
        "nauc_precision_at_1_max": 0.766408,
        "nauc_precision_at_1_std": 0.339516,
        "nauc_precision_at_1_diff1": 0.568321,
        "nauc_precision_at_3_max": 0.70798,
        "nauc_precision_at_3_std": 0.285599,
        "nauc_precision_at_3_diff1": 0.615079,
        "nauc_precision_at_5_max": 0.780275,
        "nauc_precision_at_5_std": 0.494379,
        "nauc_precision_at_5_diff1": 0.606164,
        "nauc_precision_at_10_max": 0.787673,
        "nauc_precision_at_10_std": 0.633634,
        "nauc_precision_at_10_diff1": 0.589255,
        "nauc_precision_at_20_max": 0.742785,
        "nauc_precision_at_20_std": 0.616353,
        "nauc_precision_at_20_diff1": 0.582574,
        "nauc_precision_at_100_max": 1.0,
        "nauc_precision_at_100_std": 1.0,
        "nauc_precision_at_100_diff1": 1.0,
        "nauc_precision_at_1000_max": NaN,
        "nauc_precision_at_1000_std": NaN,
        "nauc_precision_at_1000_diff1": NaN,
        "nauc_mrr_at_1_max": 0.766408,
        "nauc_mrr_at_1_std": 0.339516,
        "nauc_mrr_at_1_diff1": 0.568321,
        "nauc_mrr_at_3_max": 0.784249,
        "nauc_mrr_at_3_std": 0.454329,
        "nauc_mrr_at_3_diff1": 0.585219,
        "nauc_mrr_at_5_max": 0.783154,
        "nauc_mrr_at_5_std": 0.450106,
        "nauc_mrr_at_5_diff1": 0.579473,
        "nauc_mrr_at_10_max": 0.783154,
        "nauc_mrr_at_10_std": 0.450106,
        "nauc_mrr_at_10_diff1": 0.579473,
        "nauc_mrr_at_20_max": 0.782252,
        "nauc_mrr_at_20_std": 0.4447,
        "nauc_mrr_at_20_diff1": 0.578012,
        "nauc_mrr_at_100_max": 0.782877,
        "nauc_mrr_at_100_std": 0.444356,
        "nauc_mrr_at_100_diff1": 0.576953,
        "nauc_mrr_at_1000_max": 0.782877,
        "nauc_mrr_at_1000_std": 0.444356,
        "nauc_mrr_at_1000_diff1": 0.576953,
        "main_score": 0.76978,
        "hf_subset": "default",
        "languages": [
          "eng-Latn"
        ]
      }
    ]
  },
  "evaluation_time": 22.353947639465332,
  "kg_co2_emissions": null
}