{
  "dataset_revision": "f5452494f09a6d51c37b56883a65ef742ac07c99",
  "task_name": "echr-retrieval",
  "mteb_version": "1.39.7",
  "scores": {
    "test": [
      {
        "ndcg_at_1": 0.06,
        "ndcg_at_3": 0.09708,
        "ndcg_at_5": 0.11581,
        "ndcg_at_10": 0.13618,
        "ndcg_at_20": 0.18095,
        "ndcg_at_100": 0.26618,
        "ndcg_at_1000": 0.28398,
        "map_at_1": 0.06,
        "map_at_3": 0.0875,
        "map_at_5": 0.098,
        "map_at_10": 0.10605,
        "map_at_20": 0.11794,
        "map_at_100": 0.12965,
        "map_at_1000": 0.13064,
        "recall_at_1": 0.06,
        "recall_at_3": 0.125,
        "recall_at_5": 0.17,
        "recall_at_10": 0.235,
        "recall_at_20": 0.415,
        "recall_at_100": 0.875,
        "recall_at_1000": 1.0,
        "precision_at_1": 0.06,
        "precision_at_3": 0.04167,
        "precision_at_5": 0.034,
        "precision_at_10": 0.0235,
        "precision_at_20": 0.02075,
        "precision_at_100": 0.00875,
        "precision_at_1000": 0.001,
        "mrr_at_1": 0.06,
        "mrr_at_3": 0.0875,
        "mrr_at_5": 0.098,
        "mrr_at_10": 0.106046,
        "mrr_at_20": 0.117942,
        "mrr_at_100": 0.129654,
        "mrr_at_1000": 0.130637,
        "nauc_ndcg_at_1_max": 0.311041,
        "nauc_ndcg_at_1_std": 0.19437,
        "nauc_ndcg_at_1_diff1": 0.394687,
        "nauc_ndcg_at_3_max": 0.29244,
        "nauc_ndcg_at_3_std": 0.211452,
        "nauc_ndcg_at_3_diff1": 0.352871,
        "nauc_ndcg_at_5_max": 0.288838,
        "nauc_ndcg_at_5_std": 0.218181,
        "nauc_ndcg_at_5_diff1": 0.330112,
        "nauc_ndcg_at_10_max": 0.296689,
        "nauc_ndcg_at_10_std": 0.245773,
        "nauc_ndcg_at_10_diff1": 0.309318,
        "nauc_ndcg_at_20_max": 0.323786,
        "nauc_ndcg_at_20_std": 0.287819,
        "nauc_ndcg_at_20_diff1": 0.304833,
        "nauc_ndcg_at_100_max": 0.334362,
        "nauc_ndcg_at_100_std": 0.283652,
        "nauc_ndcg_at_100_diff1": 0.337763,
        "nauc_ndcg_at_1000_max": 0.307196,
        "nauc_ndcg_at_1000_std": 0.254621,
        "nauc_ndcg_at_1000_diff1": 0.323716,
        "nauc_map_at_1_max": 0.311041,
        "nauc_map_at_1_std": 0.19437,
        "nauc_map_at_1_diff1": 0.394687,
        "nauc_map_at_3_max": 0.294177,
        "nauc_map_at_3_std": 0.207493,
        "nauc_map_at_3_diff1": 0.360339,
        "nauc_map_at_5_max": 0.290515,
        "nauc_map_at_5_std": 0.210484,
        "nauc_map_at_5_diff1": 0.345029,
        "nauc_map_at_10_max": 0.292743,
        "nauc_map_at_10_std": 0.222117,
        "nauc_map_at_10_diff1": 0.331056,
        "nauc_map_at_20_max": 0.300467,
        "nauc_map_at_20_std": 0.235876,
        "nauc_map_at_20_diff1": 0.329955,
        "nauc_map_at_100_max": 0.299806,
        "nauc_map_at_100_std": 0.233914,
        "nauc_map_at_100_diff1": 0.333882,
        "nauc_map_at_1000_max": 0.298292,
        "nauc_map_at_1000_std": 0.232257,
        "nauc_map_at_1000_diff1": 0.333064,
        "nauc_recall_at_1_max": 0.311041,
        "nauc_recall_at_1_std": 0.19437,
        "nauc_recall_at_1_diff1": 0.394687,
        "nauc_recall_at_3_max": 0.289232,
        "nauc_recall_at_3_std": 0.220063,
        "nauc_recall_at_3_diff1": 0.337117,
        "nauc_recall_at_5_max": 0.286795,
        "nauc_recall_at_5_std": 0.234209,
        "nauc_recall_at_5_diff1": 0.301197,
        "nauc_recall_at_10_max": 0.307589,
        "nauc_recall_at_10_std": 0.293858,
        "nauc_recall_at_10_diff1": 0.273341,
        "nauc_recall_at_20_max": 0.376164,
        "nauc_recall_at_20_std": 0.39061,
        "nauc_recall_at_20_diff1": 0.264875,
        "nauc_recall_at_100_max": 0.581246,
        "nauc_recall_at_100_std": 0.548782,
        "nauc_recall_at_100_diff1": 0.459559,
        "nauc_recall_at_1000_max": NaN,
        "nauc_recall_at_1000_std": NaN,
        "nauc_recall_at_1000_diff1": NaN,
        "nauc_precision_at_1_max": 0.311041,
        "nauc_precision_at_1_std": 0.19437,
        "nauc_precision_at_1_diff1": 0.394687,
        "nauc_precision_at_3_max": 0.289232,
        "nauc_precision_at_3_std": 0.220063,
        "nauc_precision_at_3_diff1": 0.337117,
        "nauc_precision_at_5_max": 0.286795,
        "nauc_precision_at_5_std": 0.234209,
        "nauc_precision_at_5_diff1": 0.301197,
        "nauc_precision_at_10_max": 0.307589,
        "nauc_precision_at_10_std": 0.293858,
        "nauc_precision_at_10_diff1": 0.273341,
        "nauc_precision_at_20_max": 0.376164,
        "nauc_precision_at_20_std": 0.39061,
        "nauc_precision_at_20_diff1": 0.264875,
        "nauc_precision_at_100_max": 0.581246,
        "nauc_precision_at_100_std": 0.548782,
        "nauc_precision_at_100_diff1": 0.459559,
        "nauc_precision_at_1000_max": 1.0,
        "nauc_precision_at_1000_std": 1.0,
        "nauc_precision_at_1000_diff1": 1.0,
        "nauc_mrr_at_1_max": 0.311041,
        "nauc_mrr_at_1_std": 0.19437,
        "nauc_mrr_at_1_diff1": 0.394687,
        "nauc_mrr_at_3_max": 0.294177,
        "nauc_mrr_at_3_std": 0.207493,
        "nauc_mrr_at_3_diff1": 0.360339,
        "nauc_mrr_at_5_max": 0.290515,
        "nauc_mrr_at_5_std": 0.210484,
        "nauc_mrr_at_5_diff1": 0.345029,
        "nauc_mrr_at_10_max": 0.292743,
        "nauc_mrr_at_10_std": 0.222117,
        "nauc_mrr_at_10_diff1": 0.331056,
        "nauc_mrr_at_20_max": 0.300467,
        "nauc_mrr_at_20_std": 0.235876,
        "nauc_mrr_at_20_diff1": 0.329955,
        "nauc_mrr_at_100_max": 0.299806,
        "nauc_mrr_at_100_std": 0.233914,
        "nauc_mrr_at_100_diff1": 0.333882,
        "nauc_mrr_at_1000_max": 0.298292,
        "nauc_mrr_at_1000_std": 0.232257,
        "nauc_mrr_at_1000_diff1": 0.333064,
        "main_score": 0.13618,
        "hf_subset": "default",
        "languages": [
          "eng-Latn"
        ]
      }
    ]
  },
  "evaluation_time": 210.16083407402039,
  "kg_co2_emissions": null
}