{
  "dataset_revision": "8d41f3d22bb73685b6f42b62ad95940ea3dfbf84",
  "task_name": "gdpr-holdings-retrieval",
  "mteb_version": "1.38.49",
  "scores": {
    "test": [
      {
        "ndcg_at_1": 0.878,
        "ndcg_at_3": 0.92869,
        "ndcg_at_5": 0.93359,
        "ndcg_at_10": 0.9377,
        "ndcg_at_20": 0.93975,
        "ndcg_at_100": 0.94118,
        "ndcg_at_1000": 0.94118,
        "map_at_1": 0.878,
        "map_at_3": 0.91767,
        "map_at_5": 0.92037,
        "map_at_10": 0.92219,
        "map_at_20": 0.92277,
        "map_at_100": 0.92295,
        "map_at_1000": 0.92295,
        "recall_at_1": 0.878,
        "recall_at_3": 0.96,
        "recall_at_5": 0.972,
        "recall_at_10": 0.984,
        "recall_at_20": 0.992,
        "recall_at_100": 1.0,
        "recall_at_1000": 1.0,
        "precision_at_1": 0.878,
        "precision_at_3": 0.32,
        "precision_at_5": 0.1944,
        "precision_at_10": 0.0984,
        "precision_at_20": 0.0496,
        "precision_at_100": 0.01,
        "precision_at_1000": 0.001,
        "mrr_at_1": 0.878,
        "mrr_at_3": 0.917667,
        "mrr_at_5": 0.920367,
        "mrr_at_10": 0.922188,
        "mrr_at_20": 0.922773,
        "mrr_at_100": 0.92295,
        "mrr_at_1000": 0.92295,
        "nauc_ndcg_at_1_max": 0.583272,
        "nauc_ndcg_at_1_std": -0.148203,
        "nauc_ndcg_at_1_diff1": 0.892657,
        "nauc_ndcg_at_3_max": 0.666161,
        "nauc_ndcg_at_3_std": -0.14404,
        "nauc_ndcg_at_3_diff1": 0.886395,
        "nauc_ndcg_at_5_max": 0.650425,
        "nauc_ndcg_at_5_std": -0.171537,
        "nauc_ndcg_at_5_diff1": 0.884602,
        "nauc_ndcg_at_10_max": 0.641285,
        "nauc_ndcg_at_10_std": -0.123651,
        "nauc_ndcg_at_10_diff1": 0.883248,
        "nauc_ndcg_at_20_max": 0.633637,
        "nauc_ndcg_at_20_std": -0.135877,
        "nauc_ndcg_at_20_diff1": 0.891538,
        "nauc_ndcg_at_100_max": 0.630006,
        "nauc_ndcg_at_100_std": -0.144746,
        "nauc_ndcg_at_100_diff1": 0.888853,
        "nauc_ndcg_at_1000_max": 0.630006,
        "nauc_ndcg_at_1000_std": -0.144746,
        "nauc_ndcg_at_1000_diff1": 0.888853,
        "nauc_map_at_1_max": 0.583272,
        "nauc_map_at_1_std": -0.148203,
        "nauc_map_at_1_diff1": 0.892657,
        "nauc_map_at_3_max": 0.638723,
        "nauc_map_at_3_std": -0.146183,
        "nauc_map_at_3_diff1": 0.888609,
        "nauc_map_at_5_max": 0.630368,
        "nauc_map_at_5_std": -0.159475,
        "nauc_map_at_5_diff1": 0.887855,
        "nauc_map_at_10_max": 0.626505,
        "nauc_map_at_10_std": -0.143225,
        "nauc_map_at_10_diff1": 0.887419,
        "nauc_map_at_20_max": 0.624698,
        "nauc_map_at_20_std": -0.146455,
        "nauc_map_at_20_diff1": 0.889319,
        "nauc_map_at_100_max": 0.62431,
        "nauc_map_at_100_std": -0.14746,
        "nauc_map_at_100_diff1": 0.889059,
        "nauc_map_at_1000_max": 0.62431,
        "nauc_map_at_1000_std": -0.14746,
        "nauc_map_at_1000_diff1": 0.889059,
        "nauc_recall_at_1_max": 0.583272,
        "nauc_recall_at_1_std": -0.148203,
        "nauc_recall_at_1_diff1": 0.892657,
        "nauc_recall_at_3_max": 0.824627,
        "nauc_recall_at_3_std": -0.130976,
        "nauc_recall_at_3_diff1": 0.873483,
        "nauc_recall_at_5_max": 0.804655,
        "nauc_recall_at_5_std": -0.275777,
        "nauc_recall_at_5_diff1": 0.857776,
        "nauc_recall_at_10_max": 0.820903,
        "nauc_recall_at_10_std": 0.208217,
        "nauc_recall_at_10_diff1": 0.823179,
        "nauc_recall_at_20_max": 0.780696,
        "nauc_recall_at_20_std": 0.212885,
        "nauc_recall_at_20_diff1": 1.0,
        "nauc_recall_at_100_max": NaN,
        "nauc_recall_at_100_std": NaN,
        "nauc_recall_at_100_diff1": NaN,
        "nauc_recall_at_1000_max": NaN,
        "nauc_recall_at_1000_std": NaN,
        "nauc_recall_at_1000_diff1": NaN,
        "nauc_precision_at_1_max": 0.583272,
        "nauc_precision_at_1_std": -0.148203,
        "nauc_precision_at_1_diff1": 0.892657,
        "nauc_precision_at_3_max": 0.824627,
        "nauc_precision_at_3_std": -0.130976,
        "nauc_precision_at_3_diff1": 0.873483,
        "nauc_precision_at_5_max": 0.804655,
        "nauc_precision_at_5_std": -0.275777,
        "nauc_precision_at_5_diff1": 0.857776,
        "nauc_precision_at_10_max": 0.820903,
        "nauc_precision_at_10_std": 0.208217,
        "nauc_precision_at_10_diff1": 0.823179,
        "nauc_precision_at_20_max": 0.780696,
        "nauc_precision_at_20_std": 0.212885,
        "nauc_precision_at_20_diff1": 1.0,
        "nauc_precision_at_100_max": 1.0,
        "nauc_precision_at_100_std": 1.0,
        "nauc_precision_at_100_diff1": 1.0,
        "nauc_precision_at_1000_max": 1.0,
        "nauc_precision_at_1000_std": 1.0,
        "nauc_precision_at_1000_diff1": 1.0,
        "nauc_mrr_at_1_max": 0.583272,
        "nauc_mrr_at_1_std": -0.148203,
        "nauc_mrr_at_1_diff1": 0.892657,
        "nauc_mrr_at_3_max": 0.638723,
        "nauc_mrr_at_3_std": -0.146183,
        "nauc_mrr_at_3_diff1": 0.888609,
        "nauc_mrr_at_5_max": 0.630368,
        "nauc_mrr_at_5_std": -0.159475,
        "nauc_mrr_at_5_diff1": 0.887855,
        "nauc_mrr_at_10_max": 0.626505,
        "nauc_mrr_at_10_std": -0.143225,
        "nauc_mrr_at_10_diff1": 0.887419,
        "nauc_mrr_at_20_max": 0.624698,
        "nauc_mrr_at_20_std": -0.146455,
        "nauc_mrr_at_20_diff1": 0.889319,
        "nauc_mrr_at_100_max": 0.62431,
        "nauc_mrr_at_100_std": -0.14746,
        "nauc_mrr_at_100_diff1": 0.889059,
        "nauc_mrr_at_1000_max": 0.62431,
        "nauc_mrr_at_1000_std": -0.14746,
        "nauc_mrr_at_1000_diff1": 0.889059,
        "main_score": 0.9377,
        "hf_subset": "default",
        "languages": [
          "eng-Latn"
        ]
      }
    ]
  },
  "evaluation_time": 253.41454696655273,
  "kg_co2_emissions": null
}