{
  "dataset_revision": "bbf8b2d84b7de5970b2ba4ea843c791285fdb1df",
  "task_name": "irish-legislative-summaries",
  "mteb_version": "1.38.49",
  "scores": {
    "test": [
      {
        "ndcg_at_1": 0.894,
        "ndcg_at_3": 0.93759,
        "ndcg_at_5": 0.94568,
        "ndcg_at_10": 0.94904,
        "ndcg_at_20": 0.9495,
        "ndcg_at_100": 0.94982,
        "ndcg_at_1000": 0.94982,
        "map_at_1": 0.894,
        "map_at_3": 0.92767,
        "map_at_5": 0.93207,
        "map_at_10": 0.93353,
        "map_at_20": 0.93363,
        "map_at_100": 0.93366,
        "map_at_1000": 0.93366,
        "recall_at_1": 0.894,
        "recall_at_3": 0.966,
        "recall_at_5": 0.986,
        "recall_at_10": 0.996,
        "recall_at_20": 0.998,
        "recall_at_100": 1.0,
        "recall_at_1000": 1.0,
        "precision_at_1": 0.894,
        "precision_at_3": 0.322,
        "precision_at_5": 0.1972,
        "precision_at_10": 0.0996,
        "precision_at_20": 0.0499,
        "precision_at_100": 0.01,
        "precision_at_1000": 0.001,
        "mrr_at_1": 0.894,
        "mrr_at_3": 0.927667,
        "mrr_at_5": 0.932067,
        "mrr_at_10": 0.933527,
        "mrr_at_20": 0.933632,
        "mrr_at_100": 0.933656,
        "mrr_at_1000": 0.933656,
        "nauc_ndcg_at_1_max": 0.7807,
        "nauc_ndcg_at_1_std": -0.293435,
        "nauc_ndcg_at_1_diff1": 0.8924,
        "nauc_ndcg_at_3_max": 0.808981,
        "nauc_ndcg_at_3_std": -0.308515,
        "nauc_ndcg_at_3_diff1": 0.892256,
        "nauc_ndcg_at_5_max": 0.800705,
        "nauc_ndcg_at_5_std": -0.292113,
        "nauc_ndcg_at_5_diff1": 0.88649,
        "nauc_ndcg_at_10_max": 0.802006,
        "nauc_ndcg_at_10_std": -0.266576,
        "nauc_ndcg_at_10_diff1": 0.892062,
        "nauc_ndcg_at_20_max": 0.800181,
        "nauc_ndcg_at_20_std": -0.277045,
        "nauc_ndcg_at_20_diff1": 0.892272,
        "nauc_ndcg_at_100_max": 0.798932,
        "nauc_ndcg_at_100_std": -0.282244,
        "nauc_ndcg_at_100_diff1": 0.891598,
        "nauc_ndcg_at_1000_max": 0.798932,
        "nauc_ndcg_at_1000_std": -0.282244,
        "nauc_ndcg_at_1000_diff1": 0.891598,
        "nauc_map_at_1_max": 0.7807,
        "nauc_map_at_1_std": -0.293435,
        "nauc_map_at_1_diff1": 0.8924,
        "nauc_map_at_3_max": 0.800785,
        "nauc_map_at_3_std": -0.30253,
        "nauc_map_at_3_diff1": 0.89219,
        "nauc_map_at_5_max": 0.79654,
        "nauc_map_at_5_std": -0.295295,
        "nauc_map_at_5_diff1": 0.889452,
        "nauc_map_at_10_max": 0.797143,
        "nauc_map_at_10_std": -0.285046,
        "nauc_map_at_10_diff1": 0.891487,
        "nauc_map_at_20_max": 0.796819,
        "nauc_map_at_20_std": -0.286887,
        "nauc_map_at_20_diff1": 0.891523,
        "nauc_map_at_100_max": 0.796746,
        "nauc_map_at_100_std": -0.287191,
        "nauc_map_at_100_diff1": 0.891484,
        "nauc_map_at_1000_max": 0.796746,
        "nauc_map_at_1000_std": -0.287191,
        "nauc_map_at_1000_diff1": 0.891484,
        "nauc_recall_at_1_max": 0.7807,
        "nauc_recall_at_1_std": -0.293435,
        "nauc_recall_at_1_diff1": 0.8924,
        "nauc_recall_at_3_max": 0.857472,
        "nauc_recall_at_3_std": -0.345636,
        "nauc_recall_at_3_diff1": 0.892761,
        "nauc_recall_at_5_max": 0.84994,
        "nauc_recall_at_5_std": -0.236295,
        "nauc_recall_at_5_diff1": 0.842937,
        "nauc_recall_at_10_max": 1.0,
        "nauc_recall_at_10_std": 0.711718,
        "nauc_recall_at_10_diff1": 0.934641,
        "nauc_recall_at_20_max": 1.0,
        "nauc_recall_at_20_std": 0.554155,
        "nauc_recall_at_20_diff1": 1.0,
        "nauc_recall_at_100_max": NaN,
        "nauc_recall_at_100_std": NaN,
        "nauc_recall_at_100_diff1": NaN,
        "nauc_recall_at_1000_max": NaN,
        "nauc_recall_at_1000_std": NaN,
        "nauc_recall_at_1000_diff1": NaN,
        "nauc_precision_at_1_max": 0.7807,
        "nauc_precision_at_1_std": -0.293435,
        "nauc_precision_at_1_diff1": 0.8924,
        "nauc_precision_at_3_max": 0.857472,
        "nauc_precision_at_3_std": -0.345636,
        "nauc_precision_at_3_diff1": 0.892761,
        "nauc_precision_at_5_max": 0.84994,
        "nauc_precision_at_5_std": -0.236295,
        "nauc_precision_at_5_diff1": 0.842937,
        "nauc_precision_at_10_max": 1.0,
        "nauc_precision_at_10_std": 0.711718,
        "nauc_precision_at_10_diff1": 0.934641,
        "nauc_precision_at_20_max": 1.0,
        "nauc_precision_at_20_std": 0.554155,
        "nauc_precision_at_20_diff1": 1.0,
        "nauc_precision_at_100_max": 1.0,
        "nauc_precision_at_100_std": 1.0,
        "nauc_precision_at_100_diff1": 1.0,
        "nauc_precision_at_1000_max": 1.0,
        "nauc_precision_at_1000_std": 1.0,
        "nauc_precision_at_1000_diff1": 1.0,
        "nauc_mrr_at_1_max": 0.7807,
        "nauc_mrr_at_1_std": -0.293435,
        "nauc_mrr_at_1_diff1": 0.8924,
        "nauc_mrr_at_3_max": 0.800785,
        "nauc_mrr_at_3_std": -0.30253,
        "nauc_mrr_at_3_diff1": 0.89219,
        "nauc_mrr_at_5_max": 0.79654,
        "nauc_mrr_at_5_std": -0.295295,
        "nauc_mrr_at_5_diff1": 0.889452,
        "nauc_mrr_at_10_max": 0.797143,
        "nauc_mrr_at_10_std": -0.285046,
        "nauc_mrr_at_10_diff1": 0.891487,
        "nauc_mrr_at_20_max": 0.796819,
        "nauc_mrr_at_20_std": -0.286887,
        "nauc_mrr_at_20_diff1": 0.891523,
        "nauc_mrr_at_100_max": 0.796746,
        "nauc_mrr_at_100_std": -0.287191,
        "nauc_mrr_at_100_diff1": 0.891484,
        "nauc_mrr_at_1000_max": 0.796746,
        "nauc_mrr_at_1000_std": -0.287191,
        "nauc_mrr_at_1000_diff1": 0.891484,
        "main_score": 0.94904,
        "hf_subset": "default",
        "languages": [
          "eng-Latn"
        ]
      }
    ]
  },
  "evaluation_time": 441.28592681884766,
  "kg_co2_emissions": null
}