{
  "dataset_revision": "ca0f1732432ad623ba6172b15e8c726b76e50fad",
  "task_name": "legal-rag-bench",
  "mteb_version": "1.39.7",
  "scores": {
    "test": [
      {
        "ndcg_at_1": 0.23,
        "ndcg_at_3": 0.36702,
        "ndcg_at_5": 0.40016,
        "ndcg_at_10": 0.42196,
        "ndcg_at_20": 0.46528,
        "ndcg_at_100": 0.4959,
        "ndcg_at_1000": 0.50236,
        "map_at_1": 0.23,
        "map_at_3": 0.33167,
        "map_at_5": 0.35017,
        "map_at_10": 0.35867,
        "map_at_20": 0.37072,
        "map_at_100": 0.3753,
        "map_at_1000": 0.37554,
        "recall_at_1": 0.23,
        "recall_at_3": 0.47,
        "recall_at_5": 0.55,
        "recall_at_10": 0.62,
        "recall_at_20": 0.79,
        "recall_at_100": 0.95,
        "recall_at_1000": 1.0,
        "precision_at_1": 0.23,
        "precision_at_3": 0.15667,
        "precision_at_5": 0.11,
        "precision_at_10": 0.062,
        "precision_at_20": 0.0395,
        "precision_at_100": 0.0095,
        "precision_at_1000": 0.001,
        "mrr_at_1": 0.23,
        "mrr_at_3": 0.331667,
        "mrr_at_5": 0.350167,
        "mrr_at_10": 0.358675,
        "mrr_at_20": 0.370724,
        "mrr_at_100": 0.375297,
        "mrr_at_1000": 0.375536,
        "nauc_ndcg_at_1_max": 0.244505,
        "nauc_ndcg_at_1_std": -0.033251,
        "nauc_ndcg_at_1_diff1": 0.304358,
        "nauc_ndcg_at_3_max": 0.243795,
        "nauc_ndcg_at_3_std": -0.06621,
        "nauc_ndcg_at_3_diff1": 0.19864,
        "nauc_ndcg_at_5_max": 0.242699,
        "nauc_ndcg_at_5_std": -0.04556,
        "nauc_ndcg_at_5_diff1": 0.191562,
        "nauc_ndcg_at_10_max": 0.248882,
        "nauc_ndcg_at_10_std": -0.033365,
        "nauc_ndcg_at_10_diff1": 0.172957,
        "nauc_ndcg_at_20_max": 0.249508,
        "nauc_ndcg_at_20_std": -0.045507,
        "nauc_ndcg_at_20_diff1": 0.210999,
        "nauc_ndcg_at_100_max": 0.265137,
        "nauc_ndcg_at_100_std": -0.048157,
        "nauc_ndcg_at_100_diff1": 0.228757,
        "nauc_ndcg_at_1000_max": 0.252795,
        "nauc_ndcg_at_1000_std": -0.049353,
        "nauc_ndcg_at_1000_diff1": 0.222108,
        "nauc_map_at_1_max": 0.244505,
        "nauc_map_at_1_std": -0.033251,
        "nauc_map_at_1_diff1": 0.304358,
        "nauc_map_at_3_max": 0.241721,
        "nauc_map_at_3_std": -0.060946,
        "nauc_map_at_3_diff1": 0.225817,
        "nauc_map_at_5_max": 0.242132,
        "nauc_map_at_5_std": -0.048321,
        "nauc_map_at_5_diff1": 0.222632,
        "nauc_map_at_10_max": 0.244274,
        "nauc_map_at_10_std": -0.04284,
        "nauc_map_at_10_diff1": 0.214967,
        "nauc_map_at_20_max": 0.244729,
        "nauc_map_at_20_std": -0.04661,
        "nauc_map_at_20_diff1": 0.225387,
        "nauc_map_at_100_max": 0.246826,
        "nauc_map_at_100_std": -0.048055,
        "nauc_map_at_100_diff1": 0.229065,
        "nauc_map_at_1000_max": 0.246473,
        "nauc_map_at_1000_std": -0.048119,
        "nauc_map_at_1000_diff1": 0.22883,
        "nauc_recall_at_1_max": 0.244505,
        "nauc_recall_at_1_std": -0.033251,
        "nauc_recall_at_1_diff1": 0.304358,
        "nauc_recall_at_3_max": 0.250241,
        "nauc_recall_at_3_std": -0.079576,
        "nauc_recall_at_3_diff1": 0.124092,
        "nauc_recall_at_5_max": 0.243755,
        "nauc_recall_at_5_std": -0.035105,
        "nauc_recall_at_5_diff1": 0.100835,
        "nauc_recall_at_10_max": 0.266129,
        "nauc_recall_at_10_std": 0.002431,
        "nauc_recall_at_10_diff1": 0.034305,
        "nauc_recall_at_20_max": 0.275567,
        "nauc_recall_at_20_std": -0.043667,
        "nauc_recall_at_20_diff1": 0.186284,
        "nauc_recall_at_100_max": 0.769001,
        "nauc_recall_at_100_std": -0.009991,
        "nauc_recall_at_100_diff1": 0.485714,
        "nauc_recall_at_1000_max": NaN,
        "nauc_recall_at_1000_std": NaN,
        "nauc_recall_at_1000_diff1": NaN,
        "nauc_precision_at_1_max": 0.244505,
        "nauc_precision_at_1_std": -0.033251,
        "nauc_precision_at_1_diff1": 0.304358,
        "nauc_precision_at_3_max": 0.250241,
        "nauc_precision_at_3_std": -0.079576,
        "nauc_precision_at_3_diff1": 0.124092,
        "nauc_precision_at_5_max": 0.243755,
        "nauc_precision_at_5_std": -0.035105,
        "nauc_precision_at_5_diff1": 0.100835,
        "nauc_precision_at_10_max": 0.266129,
        "nauc_precision_at_10_std": 0.002431,
        "nauc_precision_at_10_diff1": 0.034305,
        "nauc_precision_at_20_max": 0.275567,
        "nauc_precision_at_20_std": -0.043667,
        "nauc_precision_at_20_diff1": 0.186284,
        "nauc_precision_at_100_max": 0.769001,
        "nauc_precision_at_100_std": -0.009991,
        "nauc_precision_at_100_diff1": 0.485714,
        "nauc_precision_at_1000_max": NaN,
        "nauc_precision_at_1000_std": NaN,
        "nauc_precision_at_1000_diff1": NaN,
        "nauc_mrr_at_1_max": 0.244505,
        "nauc_mrr_at_1_std": -0.033251,
        "nauc_mrr_at_1_diff1": 0.304358,
        "nauc_mrr_at_3_max": 0.241721,
        "nauc_mrr_at_3_std": -0.060946,
        "nauc_mrr_at_3_diff1": 0.225817,
        "nauc_mrr_at_5_max": 0.242132,
        "nauc_mrr_at_5_std": -0.048321,
        "nauc_mrr_at_5_diff1": 0.222632,
        "nauc_mrr_at_10_max": 0.244274,
        "nauc_mrr_at_10_std": -0.04284,
        "nauc_mrr_at_10_diff1": 0.214967,
        "nauc_mrr_at_20_max": 0.244729,
        "nauc_mrr_at_20_std": -0.04661,
        "nauc_mrr_at_20_diff1": 0.225387,
        "nauc_mrr_at_100_max": 0.246826,
        "nauc_mrr_at_100_std": -0.048055,
        "nauc_mrr_at_100_diff1": 0.229065,
        "nauc_mrr_at_1000_max": 0.246473,
        "nauc_mrr_at_1000_std": -0.048119,
        "nauc_mrr_at_1000_diff1": 0.22883,
        "main_score": 0.42196,
        "hf_subset": "default",
        "languages": [
          "eng-Latn"
        ]
      }
    ]
  },
  "evaluation_time": 399.3462131023407,
  "kg_co2_emissions": null
}