{
  "dataset_revision": "ec00129f88e9476e582131dc3a5db9220dfefa48",
  "task_name": "license-tldr-retrieval",
  "mteb_version": "1.38.49",
  "scores": {
    "test": [
      {
        "ndcg_at_1": 0.55385,
        "ndcg_at_3": 0.62344,
        "ndcg_at_5": 0.68105,
        "ndcg_at_10": 0.69081,
        "ndcg_at_20": 0.70576,
        "ndcg_at_100": 0.7229,
        "ndcg_at_1000": 0.7229,
        "map_at_1": 0.55385,
        "map_at_3": 0.60513,
        "map_at_5": 0.63744,
        "map_at_10": 0.64134,
        "map_at_20": 0.64511,
        "map_at_100": 0.64743,
        "map_at_1000": 0.64743,
        "recall_at_1": 0.55385,
        "recall_at_3": 0.67692,
        "recall_at_5": 0.81538,
        "recall_at_10": 0.84615,
        "recall_at_20": 0.90769,
        "recall_at_100": 1.0,
        "recall_at_1000": 1.0,
        "precision_at_1": 0.55385,
        "precision_at_3": 0.22564,
        "precision_at_5": 0.16308,
        "precision_at_10": 0.08462,
        "precision_at_20": 0.04538,
        "precision_at_100": 0.01,
        "precision_at_1000": 0.001,
        "mrr_at_1": 0.553846,
        "mrr_at_3": 0.605128,
        "mrr_at_5": 0.637436,
        "mrr_at_10": 0.641343,
        "mrr_at_20": 0.645113,
        "mrr_at_100": 0.647433,
        "mrr_at_1000": 0.647433,
        "nauc_ndcg_at_1_max": 0.062624,
        "nauc_ndcg_at_1_std": -0.176018,
        "nauc_ndcg_at_1_diff1": 0.824715,
        "nauc_ndcg_at_3_max": 0.094457,
        "nauc_ndcg_at_3_std": -0.142521,
        "nauc_ndcg_at_3_diff1": 0.750477,
        "nauc_ndcg_at_5_max": 0.13638,
        "nauc_ndcg_at_5_std": -0.021606,
        "nauc_ndcg_at_5_diff1": 0.794659,
        "nauc_ndcg_at_10_max": 0.133725,
        "nauc_ndcg_at_10_std": -0.021377,
        "nauc_ndcg_at_10_diff1": 0.800083,
        "nauc_ndcg_at_20_max": 0.08759,
        "nauc_ndcg_at_20_std": -0.048358,
        "nauc_ndcg_at_20_diff1": 0.789876,
        "nauc_ndcg_at_100_max": 0.10264,
        "nauc_ndcg_at_100_std": -0.079581,
        "nauc_ndcg_at_100_diff1": 0.793007,
        "nauc_ndcg_at_1000_max": 0.10264,
        "nauc_ndcg_at_1000_std": -0.079581,
        "nauc_ndcg_at_1000_diff1": 0.793007,
        "nauc_map_at_1_max": 0.062624,
        "nauc_map_at_1_std": -0.176018,
        "nauc_map_at_1_diff1": 0.824715,
        "nauc_map_at_3_max": 0.083446,
        "nauc_map_at_3_std": -0.152602,
        "nauc_map_at_3_diff1": 0.771189,
        "nauc_map_at_5_max": 0.104555,
        "nauc_map_at_5_std": -0.088698,
        "nauc_map_at_5_diff1": 0.794113,
        "nauc_map_at_10_max": 0.102487,
        "nauc_map_at_10_std": -0.09054,
        "nauc_map_at_10_diff1": 0.796028,
        "nauc_map_at_20_max": 0.092104,
        "nauc_map_at_20_std": -0.097579,
        "nauc_map_at_20_diff1": 0.793912,
        "nauc_map_at_100_max": 0.095064,
        "nauc_map_at_100_std": -0.100932,
        "nauc_map_at_100_diff1": 0.794393,
        "nauc_map_at_1000_max": 0.095064,
        "nauc_map_at_1000_std": -0.100932,
        "nauc_map_at_1000_diff1": 0.794393,
        "nauc_recall_at_1_max": 0.062624,
        "nauc_recall_at_1_std": -0.176018,
        "nauc_recall_at_1_diff1": 0.824715,
        "nauc_recall_at_3_max": 0.131616,
        "nauc_recall_at_3_std": -0.109029,
        "nauc_recall_at_3_diff1": 0.682318,
        "nauc_recall_at_5_max": 0.298179,
        "nauc_recall_at_5_std": 0.320207,
        "nauc_recall_at_5_diff1": 0.809168,
        "nauc_recall_at_10_max": 0.321348,
        "nauc_recall_at_10_std": 0.395791,
        "nauc_recall_at_10_diff1": 0.840998,
        "nauc_recall_at_20_max": -0.05174,
        "nauc_recall_at_20_std": 0.364771,
        "nauc_recall_at_20_diff1": 0.754551,
        "nauc_recall_at_100_max": NaN,
        "nauc_recall_at_100_std": NaN,
        "nauc_recall_at_100_diff1": NaN,
        "nauc_recall_at_1000_max": NaN,
        "nauc_recall_at_1000_std": NaN,
        "nauc_recall_at_1000_diff1": NaN,
        "nauc_precision_at_1_max": 0.062624,
        "nauc_precision_at_1_std": -0.176018,
        "nauc_precision_at_1_diff1": 0.824715,
        "nauc_precision_at_3_max": 0.131616,
        "nauc_precision_at_3_std": -0.109029,
        "nauc_precision_at_3_diff1": 0.682318,
        "nauc_precision_at_5_max": 0.298179,
        "nauc_precision_at_5_std": 0.320207,
        "nauc_precision_at_5_diff1": 0.809168,
        "nauc_precision_at_10_max": 0.321348,
        "nauc_precision_at_10_std": 0.395791,
        "nauc_precision_at_10_diff1": 0.840998,
        "nauc_precision_at_20_max": -0.05174,
        "nauc_precision_at_20_std": 0.364771,
        "nauc_precision_at_20_diff1": 0.754551,
        "nauc_precision_at_100_max": NaN,
        "nauc_precision_at_100_std": NaN,
        "nauc_precision_at_100_diff1": NaN,
        "nauc_precision_at_1000_max": 1.0,
        "nauc_precision_at_1000_std": 1.0,
        "nauc_precision_at_1000_diff1": 1.0,
        "nauc_mrr_at_1_max": 0.062624,
        "nauc_mrr_at_1_std": -0.176018,
        "nauc_mrr_at_1_diff1": 0.824715,
        "nauc_mrr_at_3_max": 0.083446,
        "nauc_mrr_at_3_std": -0.152602,
        "nauc_mrr_at_3_diff1": 0.771189,
        "nauc_mrr_at_5_max": 0.104555,
        "nauc_mrr_at_5_std": -0.088698,
        "nauc_mrr_at_5_diff1": 0.794113,
        "nauc_mrr_at_10_max": 0.102487,
        "nauc_mrr_at_10_std": -0.09054,
        "nauc_mrr_at_10_diff1": 0.796028,
        "nauc_mrr_at_20_max": 0.092104,
        "nauc_mrr_at_20_std": -0.097579,
        "nauc_mrr_at_20_diff1": 0.793912,
        "nauc_mrr_at_100_max": 0.095064,
        "nauc_mrr_at_100_std": -0.100932,
        "nauc_mrr_at_100_diff1": 0.794393,
        "nauc_mrr_at_1000_max": 0.095064,
        "nauc_mrr_at_1000_std": -0.100932,
        "nauc_mrr_at_1000_diff1": 0.794393,
        "main_score": 0.69081,
        "hf_subset": "default",
        "languages": [
          "eng-Latn"
        ]
      }
    ]
  },
  "evaluation_time": 42.20546317100525,
  "kg_co2_emissions": null
}