{
  "dataset_revision": "319b6cc4b012d733f126a943a8a66bdf9df5dc40",
  "task_name": "scalr",
  "mteb_version": "1.38.49",
  "scores": {
    "test": [
      {
        "ndcg_at_1": 0.55833,
        "ndcg_at_3": 0.69265,
        "ndcg_at_5": 0.71309,
        "ndcg_at_10": 0.72098,
        "ndcg_at_20": 0.7376,
        "ndcg_at_100": 0.74851,
        "ndcg_at_1000": 0.75071,
        "map_at_1": 0.55833,
        "map_at_3": 0.66111,
        "map_at_5": 0.67236,
        "map_at_10": 0.67551,
        "map_at_20": 0.67995,
        "map_at_100": 0.6815,
        "map_at_1000": 0.68159,
        "recall_at_1": 0.55833,
        "recall_at_3": 0.78333,
        "recall_at_5": 0.83333,
        "recall_at_10": 0.85833,
        "recall_at_20": 0.925,
        "recall_at_100": 0.98333,
        "recall_at_1000": 1.0,
        "precision_at_1": 0.55833,
        "precision_at_3": 0.26111,
        "precision_at_5": 0.16667,
        "precision_at_10": 0.08583,
        "precision_at_20": 0.04625,
        "precision_at_100": 0.00983,
        "precision_at_1000": 0.001,
        "mrr_at_1": 0.558333,
        "mrr_at_3": 0.661111,
        "mrr_at_5": 0.672361,
        "mrr_at_10": 0.675509,
        "mrr_at_20": 0.679949,
        "mrr_at_100": 0.681496,
        "mrr_at_1000": 0.681586,
        "nauc_ndcg_at_1_max": 0.433151,
        "nauc_ndcg_at_1_std": -0.085983,
        "nauc_ndcg_at_1_diff1": 0.699874,
        "nauc_ndcg_at_3_max": 0.482187,
        "nauc_ndcg_at_3_std": -0.142393,
        "nauc_ndcg_at_3_diff1": 0.594023,
        "nauc_ndcg_at_5_max": 0.447521,
        "nauc_ndcg_at_5_std": -0.092675,
        "nauc_ndcg_at_5_diff1": 0.620026,
        "nauc_ndcg_at_10_max": 0.447604,
        "nauc_ndcg_at_10_std": -0.106127,
        "nauc_ndcg_at_10_diff1": 0.62208,
        "nauc_ndcg_at_20_max": 0.467625,
        "nauc_ndcg_at_20_std": -0.058288,
        "nauc_ndcg_at_20_diff1": 0.627194,
        "nauc_ndcg_at_100_max": 0.453624,
        "nauc_ndcg_at_100_std": -0.082007,
        "nauc_ndcg_at_100_diff1": 0.617232,
        "nauc_ndcg_at_1000_max": 0.457366,
        "nauc_ndcg_at_1000_std": -0.08676,
        "nauc_ndcg_at_1000_diff1": 0.624777,
        "nauc_map_at_1_max": 0.433151,
        "nauc_map_at_1_std": -0.085983,
        "nauc_map_at_1_diff1": 0.699874,
        "nauc_map_at_3_max": 0.470788,
        "nauc_map_at_3_std": -0.120408,
        "nauc_map_at_3_diff1": 0.61719,
        "nauc_map_at_5_max": 0.453214,
        "nauc_map_at_5_std": -0.095652,
        "nauc_map_at_5_diff1": 0.631821,
        "nauc_map_at_10_max": 0.452959,
        "nauc_map_at_10_std": -0.101099,
        "nauc_map_at_10_diff1": 0.632918,
        "nauc_map_at_20_max": 0.457556,
        "nauc_map_at_20_std": -0.08939,
        "nauc_map_at_20_diff1": 0.634047,
        "nauc_map_at_100_max": 0.456353,
        "nauc_map_at_100_std": -0.092299,
        "nauc_map_at_100_diff1": 0.632899,
        "nauc_map_at_1000_max": 0.45645,
        "nauc_map_at_1000_std": -0.092478,
        "nauc_map_at_1000_diff1": 0.633051,
        "nauc_recall_at_1_max": 0.433151,
        "nauc_recall_at_1_std": -0.085983,
        "nauc_recall_at_1_diff1": 0.699874,
        "nauc_recall_at_3_max": 0.525361,
        "nauc_recall_at_3_std": -0.231962,
        "nauc_recall_at_3_diff1": 0.507293,
        "nauc_recall_at_5_max": 0.409877,
        "nauc_recall_at_5_std": -0.069064,
        "nauc_recall_at_5_diff1": 0.573374,
        "nauc_recall_at_10_max": 0.407666,
        "nauc_recall_at_10_std": -0.130291,
        "nauc_recall_at_10_diff1": 0.574256,
        "nauc_recall_at_20_max": 0.604316,
        "nauc_recall_at_20_std": 0.374313,
        "nauc_recall_at_20_diff1": 0.598817,
        "nauc_recall_at_100_max": 0.093371,
        "nauc_recall_at_100_std": 0.338469,
        "nauc_recall_at_100_diff1": -0.141223,
        "nauc_recall_at_1000_max": NaN,
        "nauc_recall_at_1000_std": NaN,
        "nauc_recall_at_1000_diff1": NaN,
        "nauc_precision_at_1_max": 0.433151,
        "nauc_precision_at_1_std": -0.085983,
        "nauc_precision_at_1_diff1": 0.699874,
        "nauc_precision_at_3_max": 0.525361,
        "nauc_precision_at_3_std": -0.231962,
        "nauc_precision_at_3_diff1": 0.507293,
        "nauc_precision_at_5_max": 0.409877,
        "nauc_precision_at_5_std": -0.069064,
        "nauc_precision_at_5_diff1": 0.573374,
        "nauc_precision_at_10_max": 0.407666,
        "nauc_precision_at_10_std": -0.130291,
        "nauc_precision_at_10_diff1": 0.574256,
        "nauc_precision_at_20_max": 0.604316,
        "nauc_precision_at_20_std": 0.374313,
        "nauc_precision_at_20_diff1": 0.598817,
        "nauc_precision_at_100_max": 0.093371,
        "nauc_precision_at_100_std": 0.338469,
        "nauc_precision_at_100_diff1": -0.141223,
        "nauc_precision_at_1000_max": 1.0,
        "nauc_precision_at_1000_std": 1.0,
        "nauc_precision_at_1000_diff1": 1.0,
        "nauc_mrr_at_1_max": 0.433151,
        "nauc_mrr_at_1_std": -0.085983,
        "nauc_mrr_at_1_diff1": 0.699874,
        "nauc_mrr_at_3_max": 0.470788,
        "nauc_mrr_at_3_std": -0.120408,
        "nauc_mrr_at_3_diff1": 0.61719,
        "nauc_mrr_at_5_max": 0.453214,
        "nauc_mrr_at_5_std": -0.095652,
        "nauc_mrr_at_5_diff1": 0.631821,
        "nauc_mrr_at_10_max": 0.452959,
        "nauc_mrr_at_10_std": -0.101099,
        "nauc_mrr_at_10_diff1": 0.632918,
        "nauc_mrr_at_20_max": 0.457556,
        "nauc_mrr_at_20_std": -0.08939,
        "nauc_mrr_at_20_diff1": 0.634047,
        "nauc_mrr_at_100_max": 0.456353,
        "nauc_mrr_at_100_std": -0.092299,
        "nauc_mrr_at_100_diff1": 0.632899,
        "nauc_mrr_at_1000_max": 0.45645,
        "nauc_mrr_at_1000_std": -0.092478,
        "nauc_mrr_at_1000_diff1": 0.633051,
        "main_score": 0.72098,
        "hf_subset": "default",
        "languages": [
          "eng-Latn"
        ]
      }
    ]
  },
  "evaluation_time": 89.28530836105347,
  "kg_co2_emissions": null
}