{
  "dataset_revision": "427e2ae4b22cd9ad990ef8dd4647c16d79c89198",
  "task_name": "singaporean-judicial-keywords",
  "mteb_version": "1.38.49",
  "scores": {
    "test": [
      {
        "ndcg_at_1": 0.618,
        "ndcg_at_3": 0.74859,
        "ndcg_at_5": 0.76408,
        "ndcg_at_10": 0.78249,
        "ndcg_at_20": 0.79207,
        "ndcg_at_100": 0.79538,
        "ndcg_at_1000": 0.79675,
        "map_at_1": 0.618,
        "map_at_3": 0.71633,
        "map_at_5": 0.72483,
        "map_at_10": 0.73261,
        "map_at_20": 0.73522,
        "map_at_100": 0.73581,
        "map_at_1000": 0.73588,
        "recall_at_1": 0.618,
        "recall_at_3": 0.842,
        "recall_at_5": 0.88,
        "recall_at_10": 0.936,
        "recall_at_20": 0.974,
        "recall_at_100": 0.99,
        "recall_at_1000": 1.0,
        "precision_at_1": 0.618,
        "precision_at_3": 0.28067,
        "precision_at_5": 0.176,
        "precision_at_10": 0.0936,
        "precision_at_20": 0.0487,
        "precision_at_100": 0.0099,
        "precision_at_1000": 0.001,
        "mrr_at_1": 0.618,
        "mrr_at_3": 0.716333,
        "mrr_at_5": 0.724833,
        "mrr_at_10": 0.73261,
        "mrr_at_20": 0.73522,
        "mrr_at_100": 0.735814,
        "mrr_at_1000": 0.735882,
        "nauc_ndcg_at_1_max": 0.320287,
        "nauc_ndcg_at_1_std": -0.19701,
        "nauc_ndcg_at_1_diff1": 0.658672,
        "nauc_ndcg_at_3_max": 0.388155,
        "nauc_ndcg_at_3_std": -0.186606,
        "nauc_ndcg_at_3_diff1": 0.647272,
        "nauc_ndcg_at_5_max": 0.373957,
        "nauc_ndcg_at_5_std": -0.18628,
        "nauc_ndcg_at_5_diff1": 0.647937,
        "nauc_ndcg_at_10_max": 0.378065,
        "nauc_ndcg_at_10_std": -0.179977,
        "nauc_ndcg_at_10_diff1": 0.649581,
        "nauc_ndcg_at_20_max": 0.369911,
        "nauc_ndcg_at_20_std": -0.177933,
        "nauc_ndcg_at_20_diff1": 0.647805,
        "nauc_ndcg_at_100_max": 0.364647,
        "nauc_ndcg_at_100_std": -0.179299,
        "nauc_ndcg_at_100_diff1": 0.649551,
        "nauc_ndcg_at_1000_max": 0.360709,
        "nauc_ndcg_at_1000_std": -0.185029,
        "nauc_ndcg_at_1000_diff1": 0.648611,
        "nauc_map_at_1_max": 0.320287,
        "nauc_map_at_1_std": -0.19701,
        "nauc_map_at_1_diff1": 0.658672,
        "nauc_map_at_3_max": 0.363408,
        "nauc_map_at_3_std": -0.190816,
        "nauc_map_at_3_diff1": 0.648084,
        "nauc_map_at_5_max": 0.355544,
        "nauc_map_at_5_std": -0.190952,
        "nauc_map_at_5_diff1": 0.648457,
        "nauc_map_at_10_max": 0.356298,
        "nauc_map_at_10_std": -0.189725,
        "nauc_map_at_10_diff1": 0.648841,
        "nauc_map_at_20_max": 0.354308,
        "nauc_map_at_20_std": -0.189332,
        "nauc_map_at_20_diff1": 0.64837,
        "nauc_map_at_100_max": 0.353521,
        "nauc_map_at_100_std": -0.189471,
        "nauc_map_at_100_diff1": 0.648678,
        "nauc_map_at_1000_max": 0.353338,
        "nauc_map_at_1000_std": -0.189678,
        "nauc_map_at_1000_diff1": 0.648647,
        "nauc_recall_at_1_max": 0.320287,
        "nauc_recall_at_1_std": -0.19701,
        "nauc_recall_at_1_diff1": 0.658672,
        "nauc_recall_at_3_max": 0.503855,
        "nauc_recall_at_3_std": -0.166694,
        "nauc_recall_at_3_diff1": 0.645321,
        "nauc_recall_at_5_max": 0.478349,
        "nauc_recall_at_5_std": -0.158423,
        "nauc_recall_at_5_diff1": 0.647367,
        "nauc_recall_at_10_max": 0.603569,
        "nauc_recall_at_10_std": -0.064382,
        "nauc_recall_at_10_diff1": 0.665368,
        "nauc_recall_at_20_max": 0.712777,
        "nauc_recall_at_20_std": 0.155354,
        "nauc_recall_at_20_diff1": 0.646879,
        "nauc_recall_at_100_max": 0.824556,
        "nauc_recall_at_100_std": 0.550047,
        "nauc_recall_at_100_diff1": 0.773576,
        "nauc_recall_at_1000_max": NaN,
        "nauc_recall_at_1000_std": NaN,
        "nauc_recall_at_1000_diff1": NaN,
        "nauc_precision_at_1_max": 0.320287,
        "nauc_precision_at_1_std": -0.19701,
        "nauc_precision_at_1_diff1": 0.658672,
        "nauc_precision_at_3_max": 0.503855,
        "nauc_precision_at_3_std": -0.166694,
        "nauc_precision_at_3_diff1": 0.645321,
        "nauc_precision_at_5_max": 0.478349,
        "nauc_precision_at_5_std": -0.158423,
        "nauc_precision_at_5_diff1": 0.647367,
        "nauc_precision_at_10_max": 0.603569,
        "nauc_precision_at_10_std": -0.064382,
        "nauc_precision_at_10_diff1": 0.665368,
        "nauc_precision_at_20_max": 0.712777,
        "nauc_precision_at_20_std": 0.155354,
        "nauc_precision_at_20_diff1": 0.646879,
        "nauc_precision_at_100_max": 0.824556,
        "nauc_precision_at_100_std": 0.550047,
        "nauc_precision_at_100_diff1": 0.773576,
        "nauc_precision_at_1000_max": 1.0,
        "nauc_precision_at_1000_std": 1.0,
        "nauc_precision_at_1000_diff1": 1.0,
        "nauc_mrr_at_1_max": 0.320287,
        "nauc_mrr_at_1_std": -0.19701,
        "nauc_mrr_at_1_diff1": 0.658672,
        "nauc_mrr_at_3_max": 0.363408,
        "nauc_mrr_at_3_std": -0.190816,
        "nauc_mrr_at_3_diff1": 0.648084,
        "nauc_mrr_at_5_max": 0.355544,
        "nauc_mrr_at_5_std": -0.190952,
        "nauc_mrr_at_5_diff1": 0.648457,
        "nauc_mrr_at_10_max": 0.356298,
        "nauc_mrr_at_10_std": -0.189725,
        "nauc_mrr_at_10_diff1": 0.648841,
        "nauc_mrr_at_20_max": 0.354308,
        "nauc_mrr_at_20_std": -0.189332,
        "nauc_mrr_at_20_diff1": 0.64837,
        "nauc_mrr_at_100_max": 0.353521,
        "nauc_mrr_at_100_std": -0.189471,
        "nauc_mrr_at_100_diff1": 0.648678,
        "nauc_mrr_at_1000_max": 0.353338,
        "nauc_mrr_at_1000_std": -0.189678,
        "nauc_mrr_at_1000_diff1": 0.648647,
        "main_score": 0.78249,
        "hf_subset": "default",
        "languages": [
          "eng-Latn"
        ]
      }
    ]
  },
  "evaluation_time": 561.9813270568848,
  "kg_co2_emissions": null
}