{
  "dataset_revision": "c64c3baac6bfd5f934d2df6e5d42dcb7d87c8ba8",
  "task_name": "australian-tax-guidance-retrieval",
  "mteb_version": "1.38.49",
  "scores": {
    "test": [
      {
        "ndcg_at_1": 0.59821,
        "ndcg_at_3": 0.72757,
        "ndcg_at_5": 0.75716,
        "ndcg_at_10": 0.77753,
        "ndcg_at_20": 0.78635,
        "ndcg_at_100": 0.78937,
        "ndcg_at_1000": 0.78937,
        "map_at_1": 0.59821,
        "map_at_3": 0.69792,
        "map_at_5": 0.71443,
        "map_at_10": 0.72294,
        "map_at_20": 0.72524,
        "map_at_100": 0.72555,
        "map_at_1000": 0.72555,
        "recall_at_1": 0.59821,
        "recall_at_3": 0.8125,
        "recall_at_5": 0.88393,
        "recall_at_10": 0.94643,
        "recall_at_20": 0.98214,
        "recall_at_100": 1.0,
        "recall_at_1000": 1.0,
        "precision_at_1": 0.59821,
        "precision_at_3": 0.27083,
        "precision_at_5": 0.17679,
        "precision_at_10": 0.09464,
        "precision_at_20": 0.04911,
        "precision_at_100": 0.01,
        "precision_at_1000": 0.001,
        "mrr_at_1": 0.598214,
        "mrr_at_3": 0.697917,
        "mrr_at_5": 0.714435,
        "mrr_at_10": 0.722938,
        "mrr_at_20": 0.725241,
        "mrr_at_100": 0.725547,
        "mrr_at_1000": 0.725547,
        "nauc_ndcg_at_1_max": 0.248899,
        "nauc_ndcg_at_1_std": -0.118968,
        "nauc_ndcg_at_1_diff1": 0.602268,
        "nauc_ndcg_at_3_max": 0.269946,
        "nauc_ndcg_at_3_std": -0.065065,
        "nauc_ndcg_at_3_diff1": 0.522037,
        "nauc_ndcg_at_5_max": 0.206101,
        "nauc_ndcg_at_5_std": -0.071588,
        "nauc_ndcg_at_5_diff1": 0.488916,
        "nauc_ndcg_at_10_max": 0.242524,
        "nauc_ndcg_at_10_std": -0.052064,
        "nauc_ndcg_at_10_diff1": 0.517203,
        "nauc_ndcg_at_20_max": 0.237221,
        "nauc_ndcg_at_20_std": -0.075049,
        "nauc_ndcg_at_20_diff1": 0.535145,
        "nauc_ndcg_at_100_max": 0.24484,
        "nauc_ndcg_at_100_std": -0.072828,
        "nauc_ndcg_at_100_diff1": 0.533442,
        "nauc_ndcg_at_1000_max": 0.24484,
        "nauc_ndcg_at_1000_std": -0.072828,
        "nauc_ndcg_at_1000_diff1": 0.533442,
        "nauc_map_at_1_max": 0.248899,
        "nauc_map_at_1_std": -0.118968,
        "nauc_map_at_1_diff1": 0.602268,
        "nauc_map_at_3_max": 0.267408,
        "nauc_map_at_3_std": -0.073155,
        "nauc_map_at_3_diff1": 0.538373,
        "nauc_map_at_5_max": 0.235684,
        "nauc_map_at_5_std": -0.077271,
        "nauc_map_at_5_diff1": 0.523332,
        "nauc_map_at_10_max": 0.24833,
        "nauc_map_at_10_std": -0.072603,
        "nauc_map_at_10_diff1": 0.535359,
        "nauc_map_at_20_max": 0.247525,
        "nauc_map_at_20_std": -0.077376,
        "nauc_map_at_20_diff1": 0.539333,
        "nauc_map_at_100_max": 0.248386,
        "nauc_map_at_100_std": -0.076954,
        "nauc_map_at_100_diff1": 0.539226,
        "nauc_map_at_1000_max": 0.248386,
        "nauc_map_at_1000_std": -0.076954,
        "nauc_map_at_1000_diff1": 0.539226,
        "nauc_recall_at_1_max": 0.248899,
        "nauc_recall_at_1_std": -0.118968,
        "nauc_recall_at_1_diff1": 0.602268,
        "nauc_recall_at_3_max": 0.278146,
        "nauc_recall_at_3_std": -0.036565,
        "nauc_recall_at_3_diff1": 0.459366,
        "nauc_recall_at_5_max": 0.008311,
        "nauc_recall_at_5_std": -0.045573,
        "nauc_recall_at_5_diff1": 0.27985,
        "nauc_recall_at_10_max": 0.192479,
        "nauc_recall_at_10_std": 0.231221,
        "nauc_recall_at_10_diff1": 0.32036,
        "nauc_recall_at_20_max": -0.143748,
        "nauc_recall_at_20_std": -0.143748,
        "nauc_recall_at_20_diff1": 0.63867,
        "nauc_recall_at_100_max": NaN,
        "nauc_recall_at_100_std": NaN,
        "nauc_recall_at_100_diff1": NaN,
        "nauc_recall_at_1000_max": NaN,
        "nauc_recall_at_1000_std": NaN,
        "nauc_recall_at_1000_diff1": NaN,
        "nauc_precision_at_1_max": 0.248899,
        "nauc_precision_at_1_std": -0.118968,
        "nauc_precision_at_1_diff1": 0.602268,
        "nauc_precision_at_3_max": 0.278146,
        "nauc_precision_at_3_std": -0.036565,
        "nauc_precision_at_3_diff1": 0.459366,
        "nauc_precision_at_5_max": 0.008311,
        "nauc_precision_at_5_std": -0.045573,
        "nauc_precision_at_5_diff1": 0.27985,
        "nauc_precision_at_10_max": 0.192479,
        "nauc_precision_at_10_std": 0.231221,
        "nauc_precision_at_10_diff1": 0.32036,
        "nauc_precision_at_20_max": -0.143748,
        "nauc_precision_at_20_std": -0.143748,
        "nauc_precision_at_20_diff1": 0.63867,
        "nauc_precision_at_100_max": NaN,
        "nauc_precision_at_100_std": NaN,
        "nauc_precision_at_100_diff1": NaN,
        "nauc_precision_at_1000_max": 1.0,
        "nauc_precision_at_1000_std": 1.0,
        "nauc_precision_at_1000_diff1": 1.0,
        "nauc_mrr_at_1_max": 0.248899,
        "nauc_mrr_at_1_std": -0.118968,
        "nauc_mrr_at_1_diff1": 0.602268,
        "nauc_mrr_at_3_max": 0.267408,
        "nauc_mrr_at_3_std": -0.073155,
        "nauc_mrr_at_3_diff1": 0.538373,
        "nauc_mrr_at_5_max": 0.235684,
        "nauc_mrr_at_5_std": -0.077271,
        "nauc_mrr_at_5_diff1": 0.523332,
        "nauc_mrr_at_10_max": 0.24833,
        "nauc_mrr_at_10_std": -0.072603,
        "nauc_mrr_at_10_diff1": 0.535359,
        "nauc_mrr_at_20_max": 0.247525,
        "nauc_mrr_at_20_std": -0.077376,
        "nauc_mrr_at_20_diff1": 0.539333,
        "nauc_mrr_at_100_max": 0.248386,
        "nauc_mrr_at_100_std": -0.076954,
        "nauc_mrr_at_100_diff1": 0.539226,
        "nauc_mrr_at_1000_max": 0.248386,
        "nauc_mrr_at_1000_std": -0.076954,
        "nauc_mrr_at_1000_diff1": 0.539226,
        "main_score": 0.77753,
        "hf_subset": "default",
        "languages": [
          "eng-Latn"
        ]
      }
    ]
  },
  "evaluation_time": 66.33446550369263,
  "kg_co2_emissions": null
}