{
  "dataset_revision": "dd157bbfa479359488c656981e3999da6f42e4e9",
  "task_name": "bar-exam-qa",
  "mteb_version": "1.38.49",
  "scores": {
    "test": [
      {
        "ndcg_at_1": 0.32479,
        "ndcg_at_3": 0.46571,
        "ndcg_at_5": 0.50395,
        "ndcg_at_10": 0.53404,
        "ndcg_at_20": 0.56998,
        "ndcg_at_100": 0.58884,
        "ndcg_at_1000": 0.58884,
        "map_at_1": 0.32479,
        "map_at_3": 0.43162,
        "map_at_5": 0.45256,
        "map_at_10": 0.46481,
        "map_at_20": 0.47424,
        "map_at_100": 0.47673,
        "map_at_1000": 0.47673,
        "recall_at_1": 0.32479,
        "recall_at_3": 0.5641,
        "recall_at_5": 0.65812,
        "recall_at_10": 0.75214,
        "recall_at_20": 0.89744,
        "recall_at_100": 1.0,
        "recall_at_1000": 1.0,
        "precision_at_1": 0.32479,
        "precision_at_3": 0.18803,
        "precision_at_5": 0.13162,
        "precision_at_10": 0.07521,
        "precision_at_20": 0.04487,
        "precision_at_100": 0.01,
        "precision_at_1000": 0.001,
        "mrr_at_1": 0.324786,
        "mrr_at_3": 0.431624,
        "mrr_at_5": 0.452564,
        "mrr_at_10": 0.464811,
        "mrr_at_20": 0.474238,
        "mrr_at_100": 0.476728,
        "mrr_at_1000": 0.476728,
        "nauc_ndcg_at_1_max": 0.408369,
        "nauc_ndcg_at_1_std": 0.248234,
        "nauc_ndcg_at_1_diff1": 0.381517,
        "nauc_ndcg_at_3_max": 0.325078,
        "nauc_ndcg_at_3_std": 0.169826,
        "nauc_ndcg_at_3_diff1": 0.274644,
        "nauc_ndcg_at_5_max": 0.328822,
        "nauc_ndcg_at_5_std": 0.229172,
        "nauc_ndcg_at_5_diff1": 0.292086,
        "nauc_ndcg_at_10_max": 0.333804,
        "nauc_ndcg_at_10_std": 0.210718,
        "nauc_ndcg_at_10_diff1": 0.320985,
        "nauc_ndcg_at_20_max": 0.358618,
        "nauc_ndcg_at_20_std": 0.234752,
        "nauc_ndcg_at_20_diff1": 0.321884,
        "nauc_ndcg_at_100_max": 0.348853,
        "nauc_ndcg_at_100_std": 0.217032,
        "nauc_ndcg_at_100_diff1": 0.315137,
        "nauc_ndcg_at_1000_max": 0.348853,
        "nauc_ndcg_at_1000_std": 0.217032,
        "nauc_ndcg_at_1000_diff1": 0.315137,
        "nauc_map_at_1_max": 0.408369,
        "nauc_map_at_1_std": 0.248234,
        "nauc_map_at_1_diff1": 0.381517,
        "nauc_map_at_3_max": 0.345324,
        "nauc_map_at_3_std": 0.187188,
        "nauc_map_at_3_diff1": 0.301153,
        "nauc_map_at_5_max": 0.347093,
        "nauc_map_at_5_std": 0.218315,
        "nauc_map_at_5_diff1": 0.310666,
        "nauc_map_at_10_max": 0.348606,
        "nauc_map_at_10_std": 0.210077,
        "nauc_map_at_10_diff1": 0.320157,
        "nauc_map_at_20_max": 0.354934,
        "nauc_map_at_20_std": 0.216064,
        "nauc_map_at_20_diff1": 0.320313,
        "nauc_map_at_100_max": 0.353519,
        "nauc_map_at_100_std": 0.214145,
        "nauc_map_at_100_diff1": 0.31933,
        "nauc_map_at_1000_max": 0.353519,
        "nauc_map_at_1000_std": 0.214145,
        "nauc_map_at_1000_diff1": 0.31933,
        "nauc_recall_at_1_max": 0.408369,
        "nauc_recall_at_1_std": 0.248234,
        "nauc_recall_at_1_diff1": 0.381517,
        "nauc_recall_at_3_max": 0.264155,
        "nauc_recall_at_3_std": 0.11832,
        "nauc_recall_at_3_diff1": 0.194645,
        "nauc_recall_at_5_max": 0.268753,
        "nauc_recall_at_5_std": 0.279072,
        "nauc_recall_at_5_diff1": 0.232787,
        "nauc_recall_at_10_max": 0.279494,
        "nauc_recall_at_10_std": 0.222141,
        "nauc_recall_at_10_diff1": 0.353183,
        "nauc_recall_at_20_max": 0.473326,
        "nauc_recall_at_20_std": 0.478518,
        "nauc_recall_at_20_diff1": 0.400532,
        "nauc_recall_at_100_max": NaN,
        "nauc_recall_at_100_std": NaN,
        "nauc_recall_at_100_diff1": NaN,
        "nauc_recall_at_1000_max": NaN,
        "nauc_recall_at_1000_std": NaN,
        "nauc_recall_at_1000_diff1": NaN,
        "nauc_precision_at_1_max": 0.408369,
        "nauc_precision_at_1_std": 0.248234,
        "nauc_precision_at_1_diff1": 0.381517,
        "nauc_precision_at_3_max": 0.264155,
        "nauc_precision_at_3_std": 0.11832,
        "nauc_precision_at_3_diff1": 0.194645,
        "nauc_precision_at_5_max": 0.268753,
        "nauc_precision_at_5_std": 0.279072,
        "nauc_precision_at_5_diff1": 0.232787,
        "nauc_precision_at_10_max": 0.279494,
        "nauc_precision_at_10_std": 0.222141,
        "nauc_precision_at_10_diff1": 0.353183,
        "nauc_precision_at_20_max": 0.473326,
        "nauc_precision_at_20_std": 0.478518,
        "nauc_precision_at_20_diff1": 0.400532,
        "nauc_precision_at_100_max": NaN,
        "nauc_precision_at_100_std": NaN,
        "nauc_precision_at_100_diff1": NaN,
        "nauc_precision_at_1000_max": 1.0,
        "nauc_precision_at_1000_std": 1.0,
        "nauc_precision_at_1000_diff1": 1.0,
        "nauc_mrr_at_1_max": 0.408369,
        "nauc_mrr_at_1_std": 0.248234,
        "nauc_mrr_at_1_diff1": 0.381517,
        "nauc_mrr_at_3_max": 0.345324,
        "nauc_mrr_at_3_std": 0.187188,
        "nauc_mrr_at_3_diff1": 0.301153,
        "nauc_mrr_at_5_max": 0.347093,
        "nauc_mrr_at_5_std": 0.218315,
        "nauc_mrr_at_5_diff1": 0.310666,
        "nauc_mrr_at_10_max": 0.348606,
        "nauc_mrr_at_10_std": 0.210077,
        "nauc_mrr_at_10_diff1": 0.320157,
        "nauc_mrr_at_20_max": 0.354934,
        "nauc_mrr_at_20_std": 0.216064,
        "nauc_mrr_at_20_diff1": 0.320313,
        "nauc_mrr_at_100_max": 0.353519,
        "nauc_mrr_at_100_std": 0.214145,
        "nauc_mrr_at_100_diff1": 0.31933,
        "nauc_mrr_at_1000_max": 0.353519,
        "nauc_mrr_at_1000_std": 0.214145,
        "nauc_mrr_at_1000_diff1": 0.31933,
        "main_score": 0.53404,
        "hf_subset": "default",
        "languages": [
          "eng-Latn"
        ]
      }
    ]
  },
  "evaluation_time": 74.14850234985352,
  "kg_co2_emissions": null
}