{
  "dataset_revision": "2095f248902963b4480ac96b774ba64b2104cbee",
  "task_name": "consumer-contracts-qa",
  "mteb_version": "1.38.49",
  "scores": {
    "test": [
      {
        "ndcg_at_1": 0.72222,
        "ndcg_at_3": 0.82846,
        "ndcg_at_5": 0.85128,
        "ndcg_at_10": 0.85636,
        "ndcg_at_20": 0.86265,
        "ndcg_at_100": 0.86368,
        "ndcg_at_1000": 0.86368,
        "map_at_1": 0.72222,
        "map_at_3": 0.80387,
        "map_at_5": 0.8165,
        "map_at_10": 0.81869,
        "map_at_20": 0.82038,
        "map_at_100": 0.82055,
        "map_at_1000": 0.82055,
        "recall_at_1": 0.72222,
        "recall_at_3": 0.89899,
        "recall_at_5": 0.95455,
        "recall_at_10": 0.9697,
        "recall_at_20": 0.99495,
        "recall_at_100": 1.0,
        "recall_at_1000": 1.0,
        "precision_at_1": 0.72222,
        "precision_at_3": 0.29966,
        "precision_at_5": 0.19091,
        "precision_at_10": 0.09697,
        "precision_at_20": 0.04975,
        "precision_at_100": 0.01,
        "precision_at_1000": 0.001,
        "mrr_at_1": 0.722222,
        "mrr_at_3": 0.803872,
        "mrr_at_5": 0.816498,
        "mrr_at_10": 0.818693,
        "mrr_at_20": 0.820379,
        "mrr_at_100": 0.820553,
        "mrr_at_1000": 0.820553,
        "nauc_ndcg_at_1_max": 0.585341,
        "nauc_ndcg_at_1_std": 0.193809,
        "nauc_ndcg_at_1_diff1": 0.603603,
        "nauc_ndcg_at_3_max": 0.566274,
        "nauc_ndcg_at_3_std": 0.228176,
        "nauc_ndcg_at_3_diff1": 0.530466,
        "nauc_ndcg_at_5_max": 0.596887,
        "nauc_ndcg_at_5_std": 0.239941,
        "nauc_ndcg_at_5_diff1": 0.582214,
        "nauc_ndcg_at_10_max": 0.58734,
        "nauc_ndcg_at_10_std": 0.226511,
        "nauc_ndcg_at_10_diff1": 0.573696,
        "nauc_ndcg_at_20_max": 0.581874,
        "nauc_ndcg_at_20_std": 0.230121,
        "nauc_ndcg_at_20_diff1": 0.569867,
        "nauc_ndcg_at_100_max": 0.585715,
        "nauc_ndcg_at_100_std": 0.226006,
        "nauc_ndcg_at_100_diff1": 0.573607,
        "nauc_ndcg_at_1000_max": 0.585715,
        "nauc_ndcg_at_1000_std": 0.226006,
        "nauc_ndcg_at_1000_diff1": 0.573607,
        "nauc_map_at_1_max": 0.585341,
        "nauc_map_at_1_std": 0.193809,
        "nauc_map_at_1_diff1": 0.603603,
        "nauc_map_at_3_max": 0.575268,
        "nauc_map_at_3_std": 0.221401,
        "nauc_map_at_3_diff1": 0.553594,
        "nauc_map_at_5_max": 0.590155,
        "nauc_map_at_5_std": 0.226621,
        "nauc_map_at_5_diff1": 0.579228,
        "nauc_map_at_10_max": 0.586945,
        "nauc_map_at_10_std": 0.222268,
        "nauc_map_at_10_diff1": 0.576377,
        "nauc_map_at_20_max": 0.585579,
        "nauc_map_at_20_std": 0.223146,
        "nauc_map_at_20_diff1": 0.575448,
        "nauc_map_at_100_max": 0.586078,
        "nauc_map_at_100_std": 0.222608,
        "nauc_map_at_100_diff1": 0.575936,
        "nauc_map_at_1000_max": 0.586078,
        "nauc_map_at_1000_std": 0.222608,
        "nauc_map_at_1000_diff1": 0.575936,
        "nauc_recall_at_1_max": 0.585341,
        "nauc_recall_at_1_std": 0.193809,
        "nauc_recall_at_1_diff1": 0.603603,
        "nauc_recall_at_3_max": 0.51854,
        "nauc_recall_at_3_std": 0.259333,
        "nauc_recall_at_3_diff1": 0.413508,
        "nauc_recall_at_5_max": 0.676962,
        "nauc_recall_at_5_std": 0.376498,
        "nauc_recall_at_5_diff1": 0.639023,
        "nauc_recall_at_10_max": 0.589757,
        "nauc_recall_at_10_std": 0.260044,
        "nauc_recall_at_10_diff1": 0.554659,
        "nauc_recall_at_20_max": 0.123076,
        "nauc_recall_at_20_std": 0.721703,
        "nauc_recall_at_20_diff1": 0.123076,
        "nauc_recall_at_100_max": NaN,
        "nauc_recall_at_100_std": NaN,
        "nauc_recall_at_100_diff1": NaN,
        "nauc_recall_at_1000_max": NaN,
        "nauc_recall_at_1000_std": NaN,
        "nauc_recall_at_1000_diff1": NaN,
        "nauc_precision_at_1_max": 0.585341,
        "nauc_precision_at_1_std": 0.193809,
        "nauc_precision_at_1_diff1": 0.603603,
        "nauc_precision_at_3_max": 0.51854,
        "nauc_precision_at_3_std": 0.259333,
        "nauc_precision_at_3_diff1": 0.413508,
        "nauc_precision_at_5_max": 0.676962,
        "nauc_precision_at_5_std": 0.376498,
        "nauc_precision_at_5_diff1": 0.639023,
        "nauc_precision_at_10_max": 0.589757,
        "nauc_precision_at_10_std": 0.260044,
        "nauc_precision_at_10_diff1": 0.554659,
        "nauc_precision_at_20_max": 0.123076,
        "nauc_precision_at_20_std": 0.721703,
        "nauc_precision_at_20_diff1": 0.123076,
        "nauc_precision_at_100_max": 1.0,
        "nauc_precision_at_100_std": 1.0,
        "nauc_precision_at_100_diff1": 1.0,
        "nauc_precision_at_1000_max": 1.0,
        "nauc_precision_at_1000_std": 1.0,
        "nauc_precision_at_1000_diff1": 1.0,
        "nauc_mrr_at_1_max": 0.585341,
        "nauc_mrr_at_1_std": 0.193809,
        "nauc_mrr_at_1_diff1": 0.603603,
        "nauc_mrr_at_3_max": 0.575268,
        "nauc_mrr_at_3_std": 0.221401,
        "nauc_mrr_at_3_diff1": 0.553594,
        "nauc_mrr_at_5_max": 0.590155,
        "nauc_mrr_at_5_std": 0.226621,
        "nauc_mrr_at_5_diff1": 0.579228,
        "nauc_mrr_at_10_max": 0.586945,
        "nauc_mrr_at_10_std": 0.222268,
        "nauc_mrr_at_10_diff1": 0.576377,
        "nauc_mrr_at_20_max": 0.585579,
        "nauc_mrr_at_20_std": 0.223146,
        "nauc_mrr_at_20_diff1": 0.575448,
        "nauc_mrr_at_100_max": 0.586078,
        "nauc_mrr_at_100_std": 0.222608,
        "nauc_mrr_at_100_diff1": 0.575936,
        "nauc_mrr_at_1000_max": 0.586078,
        "nauc_mrr_at_1000_std": 0.222608,
        "nauc_mrr_at_1000_diff1": 0.575936,
        "main_score": 0.85636,
        "hf_subset": "default",
        "languages": [
          "eng-Latn"
        ]
      }
    ]
  },
  "evaluation_time": 106.11632943153381,
  "kg_co2_emissions": null
}