{
  "dataset_revision": "8d41f3d22bb73685b6f42b62ad95940ea3dfbf84",
  "task_name": "gdpr-holdings-retrieval",
  "mteb_version": "1.38.49",
  "scores": {
    "test": [
      {
        "ndcg_at_1": 0.822,
        "ndcg_at_3": 0.88364,
        "ndcg_at_5": 0.8919,
        "ndcg_at_10": 0.89593,
        "ndcg_at_20": 0.8985,
        "ndcg_at_100": 0.90321,
        "ndcg_at_1000": 0.90372,
        "map_at_1": 0.822,
        "map_at_3": 0.86833,
        "map_at_5": 0.87293,
        "map_at_10": 0.87468,
        "map_at_20": 0.8754,
        "map_at_100": 0.87601,
        "map_at_1000": 0.87603,
        "recall_at_1": 0.822,
        "recall_at_3": 0.928,
        "recall_at_5": 0.948,
        "recall_at_10": 0.96,
        "recall_at_20": 0.97,
        "recall_at_100": 0.996,
        "recall_at_1000": 1.0,
        "precision_at_1": 0.822,
        "precision_at_3": 0.30933,
        "precision_at_5": 0.1896,
        "precision_at_10": 0.096,
        "precision_at_20": 0.0485,
        "precision_at_100": 0.00996,
        "precision_at_1000": 0.001,
        "mrr_at_1": 0.822,
        "mrr_at_3": 0.868333,
        "mrr_at_5": 0.872933,
        "mrr_at_10": 0.874679,
        "mrr_at_20": 0.875402,
        "mrr_at_100": 0.87601,
        "mrr_at_1000": 0.876028,
        "nauc_ndcg_at_1_max": 0.640965,
        "nauc_ndcg_at_1_std": 0.009637,
        "nauc_ndcg_at_1_diff1": 0.891869,
        "nauc_ndcg_at_3_max": 0.68909,
        "nauc_ndcg_at_3_std": 0.054408,
        "nauc_ndcg_at_3_diff1": 0.867514,
        "nauc_ndcg_at_5_max": 0.700307,
        "nauc_ndcg_at_5_std": 0.070596,
        "nauc_ndcg_at_5_diff1": 0.873939,
        "nauc_ndcg_at_10_max": 0.700249,
        "nauc_ndcg_at_10_std": 0.071223,
        "nauc_ndcg_at_10_diff1": 0.874618,
        "nauc_ndcg_at_20_max": 0.697664,
        "nauc_ndcg_at_20_std": 0.08441,
        "nauc_ndcg_at_20_diff1": 0.874229,
        "nauc_ndcg_at_100_max": 0.687644,
        "nauc_ndcg_at_100_std": 0.066214,
        "nauc_ndcg_at_100_diff1": 0.877383,
        "nauc_ndcg_at_1000_max": 0.685901,
        "nauc_ndcg_at_1000_std": 0.061361,
        "nauc_ndcg_at_1000_diff1": 0.877428,
        "nauc_map_at_1_max": 0.640965,
        "nauc_map_at_1_std": 0.009637,
        "nauc_map_at_1_diff1": 0.891869,
        "nauc_map_at_3_max": 0.674181,
        "nauc_map_at_3_std": 0.039011,
        "nauc_map_at_3_diff1": 0.875881,
        "nauc_map_at_5_max": 0.679207,
        "nauc_map_at_5_std": 0.045436,
        "nauc_map_at_5_diff1": 0.879391,
        "nauc_map_at_10_max": 0.679193,
        "nauc_map_at_10_std": 0.045842,
        "nauc_map_at_10_diff1": 0.879722,
        "nauc_map_at_20_max": 0.678438,
        "nauc_map_at_20_std": 0.04901,
        "nauc_map_at_20_diff1": 0.879694,
        "nauc_map_at_100_max": 0.677377,
        "nauc_map_at_100_std": 0.047409,
        "nauc_map_at_100_diff1": 0.879928,
        "nauc_map_at_1000_max": 0.677327,
        "nauc_map_at_1000_std": 0.04727,
        "nauc_map_at_1000_diff1": 0.879929,
        "nauc_recall_at_1_max": 0.640965,
        "nauc_recall_at_1_std": 0.009637,
        "nauc_recall_at_1_diff1": 0.891869,
        "nauc_recall_at_3_max": 0.7642,
        "nauc_recall_at_3_std": 0.133118,
        "nauc_recall_at_3_diff1": 0.824748,
        "nauc_recall_at_5_max": 0.845059,
        "nauc_recall_at_5_std": 0.248671,
        "nauc_recall_at_5_diff1": 0.838146,
        "nauc_recall_at_10_max": 0.883287,
        "nauc_recall_at_10_std": 0.298319,
        "nauc_recall_at_10_diff1": 0.832306,
        "nauc_recall_at_20_max": 0.912543,
        "nauc_recall_at_20_std": 0.533209,
        "nauc_recall_at_20_diff1": 0.812356,
        "nauc_recall_at_100_max": 1.0,
        "nauc_recall_at_100_std": 0.934641,
        "nauc_recall_at_100_diff1": 0.869281,
        "nauc_recall_at_1000_max": NaN,
        "nauc_recall_at_1000_std": NaN,
        "nauc_recall_at_1000_diff1": NaN,
        "nauc_precision_at_1_max": 0.640965,
        "nauc_precision_at_1_std": 0.009637,
        "nauc_precision_at_1_diff1": 0.891869,
        "nauc_precision_at_3_max": 0.7642,
        "nauc_precision_at_3_std": 0.133118,
        "nauc_precision_at_3_diff1": 0.824748,
        "nauc_precision_at_5_max": 0.845059,
        "nauc_precision_at_5_std": 0.248671,
        "nauc_precision_at_5_diff1": 0.838146,
        "nauc_precision_at_10_max": 0.883287,
        "nauc_precision_at_10_std": 0.298319,
        "nauc_precision_at_10_diff1": 0.832306,
        "nauc_precision_at_20_max": 0.912543,
        "nauc_precision_at_20_std": 0.533209,
        "nauc_precision_at_20_diff1": 0.812356,
        "nauc_precision_at_100_max": 1.0,
        "nauc_precision_at_100_std": 0.934641,
        "nauc_precision_at_100_diff1": 0.869281,
        "nauc_precision_at_1000_max": 1.0,
        "nauc_precision_at_1000_std": 1.0,
        "nauc_precision_at_1000_diff1": 1.0,
        "nauc_mrr_at_1_max": 0.640965,
        "nauc_mrr_at_1_std": 0.009637,
        "nauc_mrr_at_1_diff1": 0.891869,
        "nauc_mrr_at_3_max": 0.674181,
        "nauc_mrr_at_3_std": 0.039011,
        "nauc_mrr_at_3_diff1": 0.875881,
        "nauc_mrr_at_5_max": 0.679207,
        "nauc_mrr_at_5_std": 0.045436,
        "nauc_mrr_at_5_diff1": 0.879391,
        "nauc_mrr_at_10_max": 0.679193,
        "nauc_mrr_at_10_std": 0.045842,
        "nauc_mrr_at_10_diff1": 0.879722,
        "nauc_mrr_at_20_max": 0.678438,
        "nauc_mrr_at_20_std": 0.04901,
        "nauc_mrr_at_20_diff1": 0.879694,
        "nauc_mrr_at_100_max": 0.677377,
        "nauc_mrr_at_100_std": 0.047409,
        "nauc_mrr_at_100_diff1": 0.879928,
        "nauc_mrr_at_1000_max": 0.677327,
        "nauc_mrr_at_1000_std": 0.04727,
        "nauc_mrr_at_1000_diff1": 0.879929,
        "main_score": 0.89593,
        "hf_subset": "default",
        "languages": [
          "eng-Latn"
        ]
      }
    ]
  },
  "evaluation_time": 320.1482229232788,
  "kg_co2_emissions": null
}