{
  "dataset_revision": "66d23b0ce609450ce24d0fc85e9bac69aba90b84",
  "task_name": "housing-qa",
  "mteb_version": "1.38.49",
  "scores": {
    "test": [
      {
        "ndcg_at_1": 0.17757,
        "ndcg_at_3": 0.19003,
        "ndcg_at_5": 0.19668,
        "ndcg_at_10": 0.25742,
        "ndcg_at_20": 0.3092,
        "ndcg_at_100": 0.41518,
        "ndcg_at_1000": 0.44702,
        "map_at_1": 0.04294,
        "map_at_3": 0.09372,
        "map_at_5": 0.11047,
        "map_at_10": 0.14937,
        "map_at_20": 0.17174,
        "map_at_100": 0.19922,
        "map_at_1000": 0.20368,
        "recall_at_1": 0.04294,
        "recall_at_3": 0.15128,
        "recall_at_5": 0.19702,
        "recall_at_10": 0.3764,
        "recall_at_20": 0.52021,
        "recall_at_100": 0.86713,
        "recall_at_1000": 1.0,
        "precision_at_1": 0.17757,
        "precision_at_3": 0.15576,
        "precision_at_5": 0.13832,
        "precision_at_10": 0.12991,
        "precision_at_20": 0.09766,
        "precision_at_100": 0.03841,
        "precision_at_1000": 0.00467,
        "mrr_at_1": 0.17757,
        "mrr_at_3": 0.26947,
        "mrr_at_5": 0.293302,
        "mrr_at_10": 0.329283,
        "mrr_at_20": 0.336866,
        "mrr_at_100": 0.340274,
        "mrr_at_1000": 0.340356,
        "nauc_ndcg_at_1_max": -0.109423,
        "nauc_ndcg_at_1_std": 0.11111,
        "nauc_ndcg_at_1_diff1": 0.050368,
        "nauc_ndcg_at_3_max": 0.050088,
        "nauc_ndcg_at_3_std": 0.064449,
        "nauc_ndcg_at_3_diff1": 0.138716,
        "nauc_ndcg_at_5_max": 0.055081,
        "nauc_ndcg_at_5_std": 0.050337,
        "nauc_ndcg_at_5_diff1": 0.128057,
        "nauc_ndcg_at_10_max": 0.065386,
        "nauc_ndcg_at_10_std": -0.057756,
        "nauc_ndcg_at_10_diff1": 0.083331,
        "nauc_ndcg_at_20_max": 0.069785,
        "nauc_ndcg_at_20_std": -0.070463,
        "nauc_ndcg_at_20_diff1": 0.082563,
        "nauc_ndcg_at_100_max": 0.05186,
        "nauc_ndcg_at_100_std": 0.111209,
        "nauc_ndcg_at_100_diff1": 0.100301,
        "nauc_ndcg_at_1000_max": -0.000787,
        "nauc_ndcg_at_1000_std": 0.124738,
        "nauc_ndcg_at_1000_diff1": 0.085774,
        "nauc_map_at_1_max": -0.219654,
        "nauc_map_at_1_std": -0.21566,
        "nauc_map_at_1_diff1": 0.287878,
        "nauc_map_at_3_max": -0.007026,
        "nauc_map_at_3_std": -0.164931,
        "nauc_map_at_3_diff1": 0.233827,
        "nauc_map_at_5_max": 0.027871,
        "nauc_map_at_5_std": -0.108958,
        "nauc_map_at_5_diff1": 0.198576,
        "nauc_map_at_10_max": 0.049365,
        "nauc_map_at_10_std": -0.124352,
        "nauc_map_at_10_diff1": 0.151597,
        "nauc_map_at_20_max": 0.048775,
        "nauc_map_at_20_std": -0.106319,
        "nauc_map_at_20_diff1": 0.15034,
        "nauc_map_at_100_max": 0.04324,
        "nauc_map_at_100_std": -0.038141,
        "nauc_map_at_100_diff1": 0.140544,
        "nauc_map_at_1000_max": 0.037052,
        "nauc_map_at_1000_std": -0.032072,
        "nauc_map_at_1000_diff1": 0.142026,
        "nauc_recall_at_1_max": -0.219654,
        "nauc_recall_at_1_std": -0.21566,
        "nauc_recall_at_1_diff1": 0.287878,
        "nauc_recall_at_3_max": 0.103703,
        "nauc_recall_at_3_std": -0.146707,
        "nauc_recall_at_3_diff1": 0.149621,
        "nauc_recall_at_5_max": 0.143065,
        "nauc_recall_at_5_std": -0.071525,
        "nauc_recall_at_5_diff1": 0.131281,
        "nauc_recall_at_10_max": 0.126797,
        "nauc_recall_at_10_std": -0.180391,
        "nauc_recall_at_10_diff1": 0.014174,
        "nauc_recall_at_20_max": 0.157278,
        "nauc_recall_at_20_std": -0.226149,
        "nauc_recall_at_20_diff1": 0.022079,
        "nauc_recall_at_100_max": 0.315682,
        "nauc_recall_at_100_std": 0.053933,
        "nauc_recall_at_100_diff1": 0.186349,
        "nauc_recall_at_1000_max": NaN,
        "nauc_recall_at_1000_std": NaN,
        "nauc_recall_at_1000_diff1": NaN,
        "nauc_precision_at_1_max": -0.109423,
        "nauc_precision_at_1_std": 0.11111,
        "nauc_precision_at_1_diff1": 0.050368,
        "nauc_precision_at_3_max": 0.108776,
        "nauc_precision_at_3_std": 0.178944,
        "nauc_precision_at_3_diff1": 0.103322,
        "nauc_precision_at_5_max": 0.073285,
        "nauc_precision_at_5_std": 0.227842,
        "nauc_precision_at_5_diff1": 0.033911,
        "nauc_precision_at_10_max": 0.098421,
        "nauc_precision_at_10_std": 0.215937,
        "nauc_precision_at_10_diff1": 0.002021,
        "nauc_precision_at_20_max": 0.04504,
        "nauc_precision_at_20_std": 0.227517,
        "nauc_precision_at_20_diff1": -0.008484,
        "nauc_precision_at_100_max": -0.028582,
        "nauc_precision_at_100_std": 0.470273,
        "nauc_precision_at_100_diff1": -0.013196,
        "nauc_precision_at_1000_max": -0.101582,
        "nauc_precision_at_1000_std": 0.415297,
        "nauc_precision_at_1000_diff1": -0.022134,
        "nauc_mrr_at_1_max": -0.109423,
        "nauc_mrr_at_1_std": 0.11111,
        "nauc_mrr_at_1_diff1": 0.050368,
        "nauc_mrr_at_3_max": -0.051315,
        "nauc_mrr_at_3_std": 0.106213,
        "nauc_mrr_at_3_diff1": -0.012645,
        "nauc_mrr_at_5_max": -0.052774,
        "nauc_mrr_at_5_std": 0.117238,
        "nauc_mrr_at_5_diff1": 0.004559,
        "nauc_mrr_at_10_max": -0.050834,
        "nauc_mrr_at_10_std": 0.119026,
        "nauc_mrr_at_10_diff1": 0.007811,
        "nauc_mrr_at_20_max": -0.046291,
        "nauc_mrr_at_20_std": 0.12344,
        "nauc_mrr_at_20_diff1": 0.009258,
        "nauc_mrr_at_100_max": -0.050599,
        "nauc_mrr_at_100_std": 0.119989,
        "nauc_mrr_at_100_diff1": 0.010184,
        "nauc_mrr_at_1000_max": -0.050904,
        "nauc_mrr_at_1000_std": 0.119771,
        "nauc_mrr_at_1000_diff1": 0.009896,
        "main_score": 0.25742,
        "hf_subset": "default",
        "languages": [
          "eng-Latn"
        ]
      }
    ]
  },
  "evaluation_time": 84.82996606826782,
  "kg_co2_emissions": null
}