{
  "dataset_revision": "bbf8b2d84b7de5970b2ba4ea843c791285fdb1df",
  "task_name": "irish-legislative-summaries",
  "mteb_version": "1.38.49",
  "scores": {
    "test": [
      {
        "ndcg_at_1": 0.656,
        "ndcg_at_3": 0.73683,
        "ndcg_at_5": 0.75508,
        "ndcg_at_10": 0.77392,
        "ndcg_at_20": 0.78305,
        "ndcg_at_100": 0.79399,
        "ndcg_at_1000": 0.79534,
        "map_at_1": 0.656,
        "map_at_3": 0.71767,
        "map_at_5": 0.72787,
        "map_at_10": 0.7357,
        "map_at_20": 0.73821,
        "map_at_100": 0.73965,
        "map_at_1000": 0.73971,
        "recall_at_1": 0.656,
        "recall_at_3": 0.792,
        "recall_at_5": 0.836,
        "recall_at_10": 0.894,
        "recall_at_20": 0.93,
        "recall_at_100": 0.99,
        "recall_at_1000": 1.0,
        "precision_at_1": 0.656,
        "precision_at_3": 0.264,
        "precision_at_5": 0.1672,
        "precision_at_10": 0.0894,
        "precision_at_20": 0.0465,
        "precision_at_100": 0.0099,
        "precision_at_1000": 0.001,
        "mrr_at_1": 0.656,
        "mrr_at_3": 0.717667,
        "mrr_at_5": 0.727867,
        "mrr_at_10": 0.735698,
        "mrr_at_20": 0.738209,
        "mrr_at_100": 0.739654,
        "mrr_at_1000": 0.739714,
        "nauc_ndcg_at_1_max": 0.547263,
        "nauc_ndcg_at_1_std": -0.200893,
        "nauc_ndcg_at_1_diff1": 0.734177,
        "nauc_ndcg_at_3_max": 0.5112,
        "nauc_ndcg_at_3_std": -0.251229,
        "nauc_ndcg_at_3_diff1": 0.678277,
        "nauc_ndcg_at_5_max": 0.511394,
        "nauc_ndcg_at_5_std": -0.260491,
        "nauc_ndcg_at_5_diff1": 0.669813,
        "nauc_ndcg_at_10_max": 0.511009,
        "nauc_ndcg_at_10_std": -0.251656,
        "nauc_ndcg_at_10_diff1": 0.672827,
        "nauc_ndcg_at_20_max": 0.518645,
        "nauc_ndcg_at_20_std": -0.242538,
        "nauc_ndcg_at_20_diff1": 0.674761,
        "nauc_ndcg_at_100_max": 0.518881,
        "nauc_ndcg_at_100_std": -0.240375,
        "nauc_ndcg_at_100_diff1": 0.68143,
        "nauc_ndcg_at_1000_max": 0.520024,
        "nauc_ndcg_at_1000_std": -0.240549,
        "nauc_ndcg_at_1000_diff1": 0.683818,
        "nauc_map_at_1_max": 0.547263,
        "nauc_map_at_1_std": -0.200893,
        "nauc_map_at_1_diff1": 0.734177,
        "nauc_map_at_3_max": 0.521128,
        "nauc_map_at_3_std": -0.238806,
        "nauc_map_at_3_diff1": 0.692465,
        "nauc_map_at_5_max": 0.521224,
        "nauc_map_at_5_std": -0.243394,
        "nauc_map_at_5_diff1": 0.688486,
        "nauc_map_at_10_max": 0.521268,
        "nauc_map_at_10_std": -0.238597,
        "nauc_map_at_10_diff1": 0.689885,
        "nauc_map_at_20_max": 0.523011,
        "nauc_map_at_20_std": -0.236643,
        "nauc_map_at_20_diff1": 0.690557,
        "nauc_map_at_100_max": 0.523236,
        "nauc_map_at_100_std": -0.23632,
        "nauc_map_at_100_diff1": 0.691343,
        "nauc_map_at_1000_max": 0.523276,
        "nauc_map_at_1000_std": -0.236343,
        "nauc_map_at_1000_diff1": 0.691426,
        "nauc_recall_at_1_max": 0.547263,
        "nauc_recall_at_1_std": -0.200893,
        "nauc_recall_at_1_diff1": 0.734177,
        "nauc_recall_at_3_max": 0.475241,
        "nauc_recall_at_3_std": -0.295463,
        "nauc_recall_at_3_diff1": 0.627527,
        "nauc_recall_at_5_max": 0.469601,
        "nauc_recall_at_5_std": -0.334897,
        "nauc_recall_at_5_diff1": 0.588341,
        "nauc_recall_at_10_max": 0.448503,
        "nauc_recall_at_10_std": -0.331958,
        "nauc_recall_at_10_diff1": 0.569583,
        "nauc_recall_at_20_max": 0.501627,
        "nauc_recall_at_20_std": -0.268027,
        "nauc_recall_at_20_diff1": 0.537215,
        "nauc_recall_at_100_max": 0.368067,
        "nauc_recall_at_100_std": -0.23408,
        "nauc_recall_at_100_diff1": 0.363866,
        "nauc_recall_at_1000_max": NaN,
        "nauc_recall_at_1000_std": NaN,
        "nauc_recall_at_1000_diff1": NaN,
        "nauc_precision_at_1_max": 0.547263,
        "nauc_precision_at_1_std": -0.200893,
        "nauc_precision_at_1_diff1": 0.734177,
        "nauc_precision_at_3_max": 0.475241,
        "nauc_precision_at_3_std": -0.295463,
        "nauc_precision_at_3_diff1": 0.627527,
        "nauc_precision_at_5_max": 0.469601,
        "nauc_precision_at_5_std": -0.334897,
        "nauc_precision_at_5_diff1": 0.588341,
        "nauc_precision_at_10_max": 0.448503,
        "nauc_precision_at_10_std": -0.331958,
        "nauc_precision_at_10_diff1": 0.569583,
        "nauc_precision_at_20_max": 0.501627,
        "nauc_precision_at_20_std": -0.268027,
        "nauc_precision_at_20_diff1": 0.537215,
        "nauc_precision_at_100_max": 0.368067,
        "nauc_precision_at_100_std": -0.23408,
        "nauc_precision_at_100_diff1": 0.363866,
        "nauc_precision_at_1000_max": 1.0,
        "nauc_precision_at_1000_std": 1.0,
        "nauc_precision_at_1000_diff1": 1.0,
        "nauc_mrr_at_1_max": 0.547263,
        "nauc_mrr_at_1_std": -0.200893,
        "nauc_mrr_at_1_diff1": 0.734177,
        "nauc_mrr_at_3_max": 0.521128,
        "nauc_mrr_at_3_std": -0.238806,
        "nauc_mrr_at_3_diff1": 0.692465,
        "nauc_mrr_at_5_max": 0.521224,
        "nauc_mrr_at_5_std": -0.243394,
        "nauc_mrr_at_5_diff1": 0.688486,
        "nauc_mrr_at_10_max": 0.521268,
        "nauc_mrr_at_10_std": -0.238597,
        "nauc_mrr_at_10_diff1": 0.689885,
        "nauc_mrr_at_20_max": 0.523011,
        "nauc_mrr_at_20_std": -0.236643,
        "nauc_mrr_at_20_diff1": 0.690557,
        "nauc_mrr_at_100_max": 0.523236,
        "nauc_mrr_at_100_std": -0.23632,
        "nauc_mrr_at_100_diff1": 0.691343,
        "nauc_mrr_at_1000_max": 0.523276,
        "nauc_mrr_at_1000_std": -0.236343,
        "nauc_mrr_at_1000_diff1": 0.691426,
        "main_score": 0.77392,
        "hf_subset": "default",
        "languages": [
          "eng-Latn"
        ]
      }
    ]
  },
  "evaluation_time": 363.0575416088104,
  "kg_co2_emissions": null
}