{
  "dataset_revision": "ca0f1732432ad623ba6172b15e8c726b76e50fad",
  "task_name": "legal-rag-bench",
  "mteb_version": "1.39.7",
  "scores": {
    "test": [
      {
        "ndcg_at_1": 0.19,
        "ndcg_at_3": 0.28547,
        "ndcg_at_5": 0.34657,
        "ndcg_at_10": 0.39838,
        "ndcg_at_20": 0.42184,
        "ndcg_at_100": 0.45424,
        "ndcg_at_1000": 0.4607,
        "map_at_1": 0.19,
        "map_at_3": 0.26,
        "map_at_5": 0.2935,
        "map_at_10": 0.31491,
        "map_at_20": 0.32172,
        "map_at_100": 0.32513,
        "map_at_1000": 0.3254,
        "recall_at_1": 0.19,
        "recall_at_3": 0.36,
        "recall_at_5": 0.51,
        "recall_at_10": 0.67,
        "recall_at_20": 0.76,
        "recall_at_100": 0.95,
        "recall_at_1000": 1.0,
        "precision_at_1": 0.19,
        "precision_at_3": 0.12,
        "precision_at_5": 0.102,
        "precision_at_10": 0.067,
        "precision_at_20": 0.038,
        "precision_at_100": 0.0095,
        "precision_at_1000": 0.001,
        "mrr_at_1": 0.19,
        "mrr_at_3": 0.26,
        "mrr_at_5": 0.2935,
        "mrr_at_10": 0.314909,
        "mrr_at_20": 0.321719,
        "mrr_at_100": 0.325127,
        "mrr_at_1000": 0.325396,
        "nauc_ndcg_at_1_max": 0.091201,
        "nauc_ndcg_at_1_std": -0.043431,
        "nauc_ndcg_at_1_diff1": 0.183007,
        "nauc_ndcg_at_3_max": 0.076495,
        "nauc_ndcg_at_3_std": -0.027662,
        "nauc_ndcg_at_3_diff1": 0.161893,
        "nauc_ndcg_at_5_max": 0.086672,
        "nauc_ndcg_at_5_std": -0.008522,
        "nauc_ndcg_at_5_diff1": 0.19739,
        "nauc_ndcg_at_10_max": 0.141973,
        "nauc_ndcg_at_10_std": 0.021777,
        "nauc_ndcg_at_10_diff1": 0.177503,
        "nauc_ndcg_at_20_max": 0.122531,
        "nauc_ndcg_at_20_std": 0.020854,
        "nauc_ndcg_at_20_diff1": 0.161908,
        "nauc_ndcg_at_100_max": 0.113011,
        "nauc_ndcg_at_100_std": 0.033609,
        "nauc_ndcg_at_100_diff1": 0.165888,
        "nauc_ndcg_at_1000_max": 0.114506,
        "nauc_ndcg_at_1000_std": 0.0159,
        "nauc_ndcg_at_1000_diff1": 0.171588,
        "nauc_map_at_1_max": 0.091201,
        "nauc_map_at_1_std": -0.043431,
        "nauc_map_at_1_diff1": 0.183007,
        "nauc_map_at_3_max": 0.08848,
        "nauc_map_at_3_std": -0.02286,
        "nauc_map_at_3_diff1": 0.169633,
        "nauc_map_at_5_max": 0.093468,
        "nauc_map_at_5_std": -0.013147,
        "nauc_map_at_5_diff1": 0.188228,
        "nauc_map_at_10_max": 0.115426,
        "nauc_map_at_10_std": 0.000814,
        "nauc_map_at_10_diff1": 0.182343,
        "nauc_map_at_20_max": 0.110058,
        "nauc_map_at_20_std": 0.000649,
        "nauc_map_at_20_diff1": 0.177482,
        "nauc_map_at_100_max": 0.10926,
        "nauc_map_at_100_std": 0.002241,
        "nauc_map_at_100_diff1": 0.177458,
        "nauc_map_at_1000_max": 0.109372,
        "nauc_map_at_1000_std": 0.001677,
        "nauc_map_at_1000_diff1": 0.177708,
        "nauc_recall_at_1_max": 0.091201,
        "nauc_recall_at_1_std": -0.043431,
        "nauc_recall_at_1_diff1": 0.183007,
        "nauc_recall_at_3_max": 0.042946,
        "nauc_recall_at_3_std": -0.042789,
        "nauc_recall_at_3_diff1": 0.141133,
        "nauc_recall_at_5_max": 0.068199,
        "nauc_recall_at_5_std": 0.004375,
        "nauc_recall_at_5_diff1": 0.226606,
        "nauc_recall_at_10_max": 0.252036,
        "nauc_recall_at_10_std": 0.098661,
        "nauc_recall_at_10_diff1": 0.153713,
        "nauc_recall_at_20_max": 0.181557,
        "nauc_recall_at_20_std": 0.111534,
        "nauc_recall_at_20_diff1": 0.075149,
        "nauc_recall_at_100_max": 0.078245,
        "nauc_recall_at_100_std": 0.739589,
        "nauc_recall_at_100_diff1": -0.0338,
        "nauc_recall_at_1000_max": NaN,
        "nauc_recall_at_1000_std": NaN,
        "nauc_recall_at_1000_diff1": NaN,
        "nauc_precision_at_1_max": 0.091201,
        "nauc_precision_at_1_std": -0.043431,
        "nauc_precision_at_1_diff1": 0.183007,
        "nauc_precision_at_3_max": 0.042946,
        "nauc_precision_at_3_std": -0.042789,
        "nauc_precision_at_3_diff1": 0.141133,
        "nauc_precision_at_5_max": 0.068199,
        "nauc_precision_at_5_std": 0.004375,
        "nauc_precision_at_5_diff1": 0.226606,
        "nauc_precision_at_10_max": 0.252036,
        "nauc_precision_at_10_std": 0.098661,
        "nauc_precision_at_10_diff1": 0.153713,
        "nauc_precision_at_20_max": 0.181557,
        "nauc_precision_at_20_std": 0.111534,
        "nauc_precision_at_20_diff1": 0.075149,
        "nauc_precision_at_100_max": 0.078245,
        "nauc_precision_at_100_std": 0.739589,
        "nauc_precision_at_100_diff1": -0.0338,
        "nauc_precision_at_1000_max": NaN,
        "nauc_precision_at_1000_std": NaN,
        "nauc_precision_at_1000_diff1": NaN,
        "nauc_mrr_at_1_max": 0.091201,
        "nauc_mrr_at_1_std": -0.043431,
        "nauc_mrr_at_1_diff1": 0.183007,
        "nauc_mrr_at_3_max": 0.08848,
        "nauc_mrr_at_3_std": -0.02286,
        "nauc_mrr_at_3_diff1": 0.169633,
        "nauc_mrr_at_5_max": 0.093468,
        "nauc_mrr_at_5_std": -0.013147,
        "nauc_mrr_at_5_diff1": 0.188228,
        "nauc_mrr_at_10_max": 0.115426,
        "nauc_mrr_at_10_std": 0.000814,
        "nauc_mrr_at_10_diff1": 0.182343,
        "nauc_mrr_at_20_max": 0.110058,
        "nauc_mrr_at_20_std": 0.000649,
        "nauc_mrr_at_20_diff1": 0.177482,
        "nauc_mrr_at_100_max": 0.10926,
        "nauc_mrr_at_100_std": 0.002241,
        "nauc_mrr_at_100_diff1": 0.177458,
        "nauc_mrr_at_1000_max": 0.109372,
        "nauc_mrr_at_1000_std": 0.001677,
        "nauc_mrr_at_1000_diff1": 0.177708,
        "main_score": 0.39838,
        "hf_subset": "default",
        "languages": [
          "eng-Latn"
        ]
      }
    ]
  },
  "evaluation_time": 102.467520236969,
  "kg_co2_emissions": null
}