{
  "dataset_revision": "ec00129f88e9476e582131dc3a5db9220dfefa48",
  "task_name": "license-tldr-retrieval",
  "mteb_version": "1.38.49",
  "scores": {
    "test": [
      {
        "ndcg_at_1": 0.52308,
        "ndcg_at_3": 0.61209,
        "ndcg_at_5": 0.6624,
        "ndcg_at_10": 0.66684,
        "ndcg_at_20": 0.68514,
        "ndcg_at_100": 0.70711,
        "ndcg_at_1000": 0.70711,
        "map_at_1": 0.52308,
        "map_at_3": 0.58974,
        "map_at_5": 0.61744,
        "map_at_10": 0.61897,
        "map_at_20": 0.6234,
        "map_at_100": 0.62717,
        "map_at_1000": 0.62717,
        "recall_at_1": 0.52308,
        "recall_at_3": 0.67692,
        "recall_at_5": 0.8,
        "recall_at_10": 0.81538,
        "recall_at_20": 0.89231,
        "recall_at_100": 1.0,
        "recall_at_1000": 1.0,
        "precision_at_1": 0.52308,
        "precision_at_3": 0.22564,
        "precision_at_5": 0.16,
        "precision_at_10": 0.08154,
        "precision_at_20": 0.04462,
        "precision_at_100": 0.01,
        "precision_at_1000": 0.001,
        "mrr_at_1": 0.523077,
        "mrr_at_3": 0.589744,
        "mrr_at_5": 0.617436,
        "mrr_at_10": 0.618974,
        "mrr_at_20": 0.623395,
        "mrr_at_100": 0.627166,
        "mrr_at_1000": 0.627166,
        "nauc_ndcg_at_1_max": 0.577229,
        "nauc_ndcg_at_1_std": 0.196764,
        "nauc_ndcg_at_1_diff1": 0.674704,
        "nauc_ndcg_at_3_max": 0.637828,
        "nauc_ndcg_at_3_std": 0.357023,
        "nauc_ndcg_at_3_diff1": 0.613888,
        "nauc_ndcg_at_5_max": 0.631574,
        "nauc_ndcg_at_5_std": 0.453005,
        "nauc_ndcg_at_5_diff1": 0.596923,
        "nauc_ndcg_at_10_max": 0.638729,
        "nauc_ndcg_at_10_std": 0.453629,
        "nauc_ndcg_at_10_diff1": 0.588818,
        "nauc_ndcg_at_20_max": 0.632577,
        "nauc_ndcg_at_20_std": 0.424929,
        "nauc_ndcg_at_20_diff1": 0.590733,
        "nauc_ndcg_at_100_max": 0.624526,
        "nauc_ndcg_at_100_std": 0.380222,
        "nauc_ndcg_at_100_diff1": 0.617432,
        "nauc_ndcg_at_1000_max": 0.624526,
        "nauc_ndcg_at_1000_std": 0.380222,
        "nauc_ndcg_at_1000_diff1": 0.617432,
        "nauc_map_at_1_max": 0.577229,
        "nauc_map_at_1_std": 0.196764,
        "nauc_map_at_1_diff1": 0.674704,
        "nauc_map_at_3_max": 0.624543,
        "nauc_map_at_3_std": 0.318019,
        "nauc_map_at_3_diff1": 0.634197,
        "nauc_map_at_5_max": 0.618646,
        "nauc_map_at_5_std": 0.365967,
        "nauc_map_at_5_diff1": 0.625195,
        "nauc_map_at_10_max": 0.620818,
        "nauc_map_at_10_std": 0.365763,
        "nauc_map_at_10_diff1": 0.622797,
        "nauc_map_at_20_max": 0.619684,
        "nauc_map_at_20_std": 0.358856,
        "nauc_map_at_20_diff1": 0.623654,
        "nauc_map_at_100_max": 0.618648,
        "nauc_map_at_100_std": 0.352031,
        "nauc_map_at_100_diff1": 0.62794,
        "nauc_map_at_1000_max": 0.618648,
        "nauc_map_at_1000_std": 0.352031,
        "nauc_map_at_1000_diff1": 0.62794,
        "nauc_recall_at_1_max": 0.577229,
        "nauc_recall_at_1_std": 0.196764,
        "nauc_recall_at_1_diff1": 0.674704,
        "nauc_recall_at_3_max": 0.680615,
        "nauc_recall_at_3_std": 0.484843,
        "nauc_recall_at_3_diff1": 0.544496,
        "nauc_recall_at_5_max": 0.690829,
        "nauc_recall_at_5_std": 0.866051,
        "nauc_recall_at_5_diff1": 0.464622,
        "nauc_recall_at_10_max": 0.733217,
        "nauc_recall_at_10_std": 0.901381,
        "nauc_recall_at_10_diff1": 0.411549,
        "nauc_recall_at_20_max": 0.723854,
        "nauc_recall_at_20_std": 0.897265,
        "nauc_recall_at_20_diff1": 0.317973,
        "nauc_recall_at_100_max": NaN,
        "nauc_recall_at_100_std": NaN,
        "nauc_recall_at_100_diff1": NaN,
        "nauc_recall_at_1000_max": NaN,
        "nauc_recall_at_1000_std": NaN,
        "nauc_recall_at_1000_diff1": NaN,
        "nauc_precision_at_1_max": 0.577229,
        "nauc_precision_at_1_std": 0.196764,
        "nauc_precision_at_1_diff1": 0.674704,
        "nauc_precision_at_3_max": 0.680615,
        "nauc_precision_at_3_std": 0.484843,
        "nauc_precision_at_3_diff1": 0.544496,
        "nauc_precision_at_5_max": 0.690829,
        "nauc_precision_at_5_std": 0.866051,
        "nauc_precision_at_5_diff1": 0.464622,
        "nauc_precision_at_10_max": 0.733217,
        "nauc_precision_at_10_std": 0.901381,
        "nauc_precision_at_10_diff1": 0.411549,
        "nauc_precision_at_20_max": 0.723854,
        "nauc_precision_at_20_std": 0.897265,
        "nauc_precision_at_20_diff1": 0.317973,
        "nauc_precision_at_100_max": NaN,
        "nauc_precision_at_100_std": NaN,
        "nauc_precision_at_100_diff1": NaN,
        "nauc_precision_at_1000_max": 1.0,
        "nauc_precision_at_1000_std": 1.0,
        "nauc_precision_at_1000_diff1": 1.0,
        "nauc_mrr_at_1_max": 0.577229,
        "nauc_mrr_at_1_std": 0.196764,
        "nauc_mrr_at_1_diff1": 0.674704,
        "nauc_mrr_at_3_max": 0.624543,
        "nauc_mrr_at_3_std": 0.318019,
        "nauc_mrr_at_3_diff1": 0.634197,
        "nauc_mrr_at_5_max": 0.618646,
        "nauc_mrr_at_5_std": 0.365967,
        "nauc_mrr_at_5_diff1": 0.625195,
        "nauc_mrr_at_10_max": 0.620818,
        "nauc_mrr_at_10_std": 0.365763,
        "nauc_mrr_at_10_diff1": 0.622797,
        "nauc_mrr_at_20_max": 0.619684,
        "nauc_mrr_at_20_std": 0.358856,
        "nauc_mrr_at_20_diff1": 0.623654,
        "nauc_mrr_at_100_max": 0.618648,
        "nauc_mrr_at_100_std": 0.352031,
        "nauc_mrr_at_100_diff1": 0.62794,
        "nauc_mrr_at_1000_max": 0.618648,
        "nauc_mrr_at_1000_std": 0.352031,
        "nauc_mrr_at_1000_diff1": 0.62794,
        "main_score": 0.66684,
        "hf_subset": "default",
        "languages": [
          "eng-Latn"
        ]
      }
    ]
  },
  "evaluation_time": 41.501100301742554,
  "kg_co2_emissions": null
}