{
  "dataset_revision": "319b6cc4b012d733f126a943a8a66bdf9df5dc40",
  "task_name": "scalr",
  "mteb_version": "1.38.49",
  "scores": {
    "test": [
      {
        "ndcg_at_1": 0.59167,
        "ndcg_at_3": 0.69553,
        "ndcg_at_5": 0.72601,
        "ndcg_at_10": 0.74476,
        "ndcg_at_20": 0.75304,
        "ndcg_at_100": 0.76263,
        "ndcg_at_1000": 0.76473,
        "map_at_1": 0.59167,
        "map_at_3": 0.67083,
        "map_at_5": 0.6875,
        "map_at_10": 0.69517,
        "map_at_20": 0.69736,
        "map_at_100": 0.69879,
        "map_at_1000": 0.69886,
        "recall_at_1": 0.59167,
        "recall_at_3": 0.76667,
        "recall_at_5": 0.84167,
        "recall_at_10": 0.9,
        "recall_at_20": 0.93333,
        "recall_at_100": 0.98333,
        "recall_at_1000": 1.0,
        "precision_at_1": 0.59167,
        "precision_at_3": 0.25556,
        "precision_at_5": 0.16833,
        "precision_at_10": 0.09,
        "precision_at_20": 0.04667,
        "precision_at_100": 0.00983,
        "precision_at_1000": 0.001,
        "mrr_at_1": 0.591667,
        "mrr_at_3": 0.670833,
        "mrr_at_5": 0.6875,
        "mrr_at_10": 0.695169,
        "mrr_at_20": 0.697358,
        "mrr_at_100": 0.698788,
        "mrr_at_1000": 0.698861,
        "nauc_ndcg_at_1_max": 0.470223,
        "nauc_ndcg_at_1_std": 0.052007,
        "nauc_ndcg_at_1_diff1": 0.712422,
        "nauc_ndcg_at_3_max": 0.503326,
        "nauc_ndcg_at_3_std": 0.046542,
        "nauc_ndcg_at_3_diff1": 0.642531,
        "nauc_ndcg_at_5_max": 0.526041,
        "nauc_ndcg_at_5_std": 0.066182,
        "nauc_ndcg_at_5_diff1": 0.65465,
        "nauc_ndcg_at_10_max": 0.517264,
        "nauc_ndcg_at_10_std": 0.045079,
        "nauc_ndcg_at_10_diff1": 0.647679,
        "nauc_ndcg_at_20_max": 0.52005,
        "nauc_ndcg_at_20_std": 0.063184,
        "nauc_ndcg_at_20_diff1": 0.653641,
        "nauc_ndcg_at_100_max": 0.512313,
        "nauc_ndcg_at_100_std": 0.063935,
        "nauc_ndcg_at_100_diff1": 0.654108,
        "nauc_ndcg_at_1000_max": 0.51004,
        "nauc_ndcg_at_1000_std": 0.059607,
        "nauc_ndcg_at_1000_diff1": 0.65882,
        "nauc_map_at_1_max": 0.470223,
        "nauc_map_at_1_std": 0.052007,
        "nauc_map_at_1_diff1": 0.712422,
        "nauc_map_at_3_max": 0.496909,
        "nauc_map_at_3_std": 0.049552,
        "nauc_map_at_3_diff1": 0.661286,
        "nauc_map_at_5_max": 0.507332,
        "nauc_map_at_5_std": 0.060072,
        "nauc_map_at_5_diff1": 0.666999,
        "nauc_map_at_10_max": 0.503729,
        "nauc_map_at_10_std": 0.053076,
        "nauc_map_at_10_diff1": 0.665401,
        "nauc_map_at_20_max": 0.50451,
        "nauc_map_at_20_std": 0.057754,
        "nauc_map_at_20_diff1": 0.666992,
        "nauc_map_at_100_max": 0.503417,
        "nauc_map_at_100_std": 0.057445,
        "nauc_map_at_100_diff1": 0.666965,
        "nauc_map_at_1000_max": 0.503352,
        "nauc_map_at_1000_std": 0.057315,
        "nauc_map_at_1000_diff1": 0.667063,
        "nauc_recall_at_1_max": 0.470223,
        "nauc_recall_at_1_std": 0.052007,
        "nauc_recall_at_1_diff1": 0.712422,
        "nauc_recall_at_3_max": 0.525481,
        "nauc_recall_at_3_std": 0.034645,
        "nauc_recall_at_3_diff1": 0.573752,
        "nauc_recall_at_5_max": 0.622696,
        "nauc_recall_at_5_std": 0.09874,
        "nauc_recall_at_5_diff1": 0.600392,
        "nauc_recall_at_10_max": 0.613368,
        "nauc_recall_at_10_std": -0.033458,
        "nauc_recall_at_10_diff1": 0.519297,
        "nauc_recall_at_20_max": 0.687558,
        "nauc_recall_at_20_std": 0.134162,
        "nauc_recall_at_20_diff1": 0.525444,
        "nauc_recall_at_100_max": 0.722222,
        "nauc_recall_at_100_std": 0.456116,
        "nauc_recall_at_100_diff1": 0.19141,
        "nauc_recall_at_1000_max": NaN,
        "nauc_recall_at_1000_std": NaN,
        "nauc_recall_at_1000_diff1": NaN,
        "nauc_precision_at_1_max": 0.470223,
        "nauc_precision_at_1_std": 0.052007,
        "nauc_precision_at_1_diff1": 0.712422,
        "nauc_precision_at_3_max": 0.525481,
        "nauc_precision_at_3_std": 0.034645,
        "nauc_precision_at_3_diff1": 0.573752,
        "nauc_precision_at_5_max": 0.622696,
        "nauc_precision_at_5_std": 0.09874,
        "nauc_precision_at_5_diff1": 0.600392,
        "nauc_precision_at_10_max": 0.613368,
        "nauc_precision_at_10_std": -0.033458,
        "nauc_precision_at_10_diff1": 0.519297,
        "nauc_precision_at_20_max": 0.687558,
        "nauc_precision_at_20_std": 0.134162,
        "nauc_precision_at_20_diff1": 0.525444,
        "nauc_precision_at_100_max": 0.722222,
        "nauc_precision_at_100_std": 0.456116,
        "nauc_precision_at_100_diff1": 0.19141,
        "nauc_precision_at_1000_max": 1.0,
        "nauc_precision_at_1000_std": 1.0,
        "nauc_precision_at_1000_diff1": 1.0,
        "nauc_mrr_at_1_max": 0.470223,
        "nauc_mrr_at_1_std": 0.052007,
        "nauc_mrr_at_1_diff1": 0.712422,
        "nauc_mrr_at_3_max": 0.496909,
        "nauc_mrr_at_3_std": 0.049552,
        "nauc_mrr_at_3_diff1": 0.661286,
        "nauc_mrr_at_5_max": 0.507332,
        "nauc_mrr_at_5_std": 0.060072,
        "nauc_mrr_at_5_diff1": 0.666999,
        "nauc_mrr_at_10_max": 0.503729,
        "nauc_mrr_at_10_std": 0.053076,
        "nauc_mrr_at_10_diff1": 0.665401,
        "nauc_mrr_at_20_max": 0.50451,
        "nauc_mrr_at_20_std": 0.057754,
        "nauc_mrr_at_20_diff1": 0.666992,
        "nauc_mrr_at_100_max": 0.503417,
        "nauc_mrr_at_100_std": 0.057445,
        "nauc_mrr_at_100_diff1": 0.666965,
        "nauc_mrr_at_1000_max": 0.503352,
        "nauc_mrr_at_1000_std": 0.057315,
        "nauc_mrr_at_1000_diff1": 0.667063,
        "main_score": 0.74476,
        "hf_subset": "default",
        "languages": [
          "eng-Latn"
        ]
      }
    ]
  },
  "evaluation_time": 95.95570683479309,
  "kg_co2_emissions": null
}