{
  "dataset_revision": "427e2ae4b22cd9ad990ef8dd4647c16d79c89198",
  "task_name": "singaporean-judicial-keywords",
  "mteb_version": "1.38.49",
  "scores": {
    "test": [
      {
        "ndcg_at_1": 0.71,
        "ndcg_at_3": 0.80119,
        "ndcg_at_5": 0.82366,
        "ndcg_at_10": 0.83502,
        "ndcg_at_20": 0.84263,
        "ndcg_at_100": 0.84572,
        "ndcg_at_1000": 0.84599,
        "map_at_1": 0.71,
        "map_at_3": 0.78,
        "map_at_5": 0.7926,
        "map_at_10": 0.79713,
        "map_at_20": 0.79924,
        "map_at_100": 0.79969,
        "map_at_1000": 0.7997,
        "recall_at_1": 0.71,
        "recall_at_3": 0.862,
        "recall_at_5": 0.916,
        "recall_at_10": 0.952,
        "recall_at_20": 0.982,
        "recall_at_100": 0.998,
        "recall_at_1000": 1.0,
        "precision_at_1": 0.71,
        "precision_at_3": 0.28733,
        "precision_at_5": 0.1832,
        "precision_at_10": 0.0952,
        "precision_at_20": 0.0491,
        "precision_at_100": 0.00998,
        "precision_at_1000": 0.001,
        "mrr_at_1": 0.71,
        "mrr_at_3": 0.78,
        "mrr_at_5": 0.7926,
        "mrr_at_10": 0.79713,
        "mrr_at_20": 0.799236,
        "mrr_at_100": 0.799693,
        "mrr_at_1000": 0.799704,
        "nauc_ndcg_at_1_max": 0.273847,
        "nauc_ndcg_at_1_std": -0.097593,
        "nauc_ndcg_at_1_diff1": 0.700328,
        "nauc_ndcg_at_3_max": 0.337982,
        "nauc_ndcg_at_3_std": -0.147034,
        "nauc_ndcg_at_3_diff1": 0.687227,
        "nauc_ndcg_at_5_max": 0.360385,
        "nauc_ndcg_at_5_std": -0.140619,
        "nauc_ndcg_at_5_diff1": 0.681406,
        "nauc_ndcg_at_10_max": 0.336115,
        "nauc_ndcg_at_10_std": -0.14634,
        "nauc_ndcg_at_10_diff1": 0.68381,
        "nauc_ndcg_at_20_max": 0.332667,
        "nauc_ndcg_at_20_std": -0.134432,
        "nauc_ndcg_at_20_diff1": 0.686086,
        "nauc_ndcg_at_100_max": 0.324948,
        "nauc_ndcg_at_100_std": -0.128668,
        "nauc_ndcg_at_100_diff1": 0.684972,
        "nauc_ndcg_at_1000_max": 0.323895,
        "nauc_ndcg_at_1000_std": -0.1306,
        "nauc_ndcg_at_1000_diff1": 0.68606,
        "nauc_map_at_1_max": 0.273847,
        "nauc_map_at_1_std": -0.097593,
        "nauc_map_at_1_diff1": 0.700328,
        "nauc_map_at_3_max": 0.317574,
        "nauc_map_at_3_std": -0.133878,
        "nauc_map_at_3_diff1": 0.68997,
        "nauc_map_at_5_max": 0.326815,
        "nauc_map_at_5_std": -0.129913,
        "nauc_map_at_5_diff1": 0.686948,
        "nauc_map_at_10_max": 0.317901,
        "nauc_map_at_10_std": -0.130787,
        "nauc_map_at_10_diff1": 0.687678,
        "nauc_map_at_20_max": 0.31699,
        "nauc_map_at_20_std": -0.127786,
        "nauc_map_at_20_diff1": 0.688141,
        "nauc_map_at_100_max": 0.316078,
        "nauc_map_at_100_std": -0.127226,
        "nauc_map_at_100_diff1": 0.687994,
        "nauc_map_at_1000_max": 0.316043,
        "nauc_map_at_1000_std": -0.12729,
        "nauc_map_at_1000_diff1": 0.68803,
        "nauc_recall_at_1_max": 0.273847,
        "nauc_recall_at_1_std": -0.097593,
        "nauc_recall_at_1_diff1": 0.700328,
        "nauc_recall_at_3_max": 0.425925,
        "nauc_recall_at_3_std": -0.2022,
        "nauc_recall_at_3_diff1": 0.676252,
        "nauc_recall_at_5_max": 0.583456,
        "nauc_recall_at_5_std": -0.20546,
        "nauc_recall_at_5_diff1": 0.646525,
        "nauc_recall_at_10_max": 0.514181,
        "nauc_recall_at_10_std": -0.32456,
        "nauc_recall_at_10_diff1": 0.647895,
        "nauc_recall_at_20_max": 0.702303,
        "nauc_recall_at_20_std": -0.269063,
        "nauc_recall_at_20_diff1": 0.664747,
        "nauc_recall_at_100_max": 0.869281,
        "nauc_recall_at_100_std": 0.869281,
        "nauc_recall_at_100_diff1": 0.122782,
        "nauc_recall_at_1000_max": NaN,
        "nauc_recall_at_1000_std": NaN,
        "nauc_recall_at_1000_diff1": NaN,
        "nauc_precision_at_1_max": 0.273847,
        "nauc_precision_at_1_std": -0.097593,
        "nauc_precision_at_1_diff1": 0.700328,
        "nauc_precision_at_3_max": 0.425925,
        "nauc_precision_at_3_std": -0.2022,
        "nauc_precision_at_3_diff1": 0.676252,
        "nauc_precision_at_5_max": 0.583456,
        "nauc_precision_at_5_std": -0.20546,
        "nauc_precision_at_5_diff1": 0.646525,
        "nauc_precision_at_10_max": 0.514181,
        "nauc_precision_at_10_std": -0.32456,
        "nauc_precision_at_10_diff1": 0.647895,
        "nauc_precision_at_20_max": 0.702303,
        "nauc_precision_at_20_std": -0.269063,
        "nauc_precision_at_20_diff1": 0.664747,
        "nauc_precision_at_100_max": 0.869281,
        "nauc_precision_at_100_std": 0.869281,
        "nauc_precision_at_100_diff1": 0.122782,
        "nauc_precision_at_1000_max": 1.0,
        "nauc_precision_at_1000_std": 1.0,
        "nauc_precision_at_1000_diff1": 1.0,
        "nauc_mrr_at_1_max": 0.273847,
        "nauc_mrr_at_1_std": -0.097593,
        "nauc_mrr_at_1_diff1": 0.700328,
        "nauc_mrr_at_3_max": 0.317574,
        "nauc_mrr_at_3_std": -0.133878,
        "nauc_mrr_at_3_diff1": 0.68997,
        "nauc_mrr_at_5_max": 0.326815,
        "nauc_mrr_at_5_std": -0.129913,
        "nauc_mrr_at_5_diff1": 0.686948,
        "nauc_mrr_at_10_max": 0.317901,
        "nauc_mrr_at_10_std": -0.130787,
        "nauc_mrr_at_10_diff1": 0.687678,
        "nauc_mrr_at_20_max": 0.31699,
        "nauc_mrr_at_20_std": -0.127786,
        "nauc_mrr_at_20_diff1": 0.688141,
        "nauc_mrr_at_100_max": 0.316078,
        "nauc_mrr_at_100_std": -0.127226,
        "nauc_mrr_at_100_diff1": 0.687994,
        "nauc_mrr_at_1000_max": 0.316043,
        "nauc_mrr_at_1000_std": -0.12729,
        "nauc_mrr_at_1000_diff1": 0.68803,
        "main_score": 0.83502,
        "hf_subset": "default",
        "languages": [
          "eng-Latn"
        ]
      }
    ]
  },
  "evaluation_time": 390.27003836631775,
  "kg_co2_emissions": null
}