{
  "dataset_revision": "c64c3baac6bfd5f934d2df6e5d42dcb7d87c8ba8",
  "task_name": "australian-tax-guidance-retrieval",
  "mteb_version": "1.38.49",
  "scores": {
    "test": [
      {
        "ndcg_at_1": 0.51786,
        "ndcg_at_3": 0.65263,
        "ndcg_at_5": 0.68607,
        "ndcg_at_10": 0.71303,
        "ndcg_at_20": 0.71958,
        "ndcg_at_100": 0.7317,
        "ndcg_at_1000": 0.7317,
        "map_at_1": 0.51786,
        "map_at_3": 0.61905,
        "map_at_5": 0.6378,
        "map_at_10": 0.64951,
        "map_at_20": 0.6512,
        "map_at_100": 0.65302,
        "map_at_1000": 0.65302,
        "recall_at_1": 0.51786,
        "recall_at_3": 0.75,
        "recall_at_5": 0.83036,
        "recall_at_10": 0.91071,
        "recall_at_20": 0.9375,
        "recall_at_100": 1.0,
        "recall_at_1000": 1.0,
        "precision_at_1": 0.51786,
        "precision_at_3": 0.25,
        "precision_at_5": 0.16607,
        "precision_at_10": 0.09107,
        "precision_at_20": 0.04688,
        "precision_at_100": 0.01,
        "precision_at_1000": 0.001,
        "mrr_at_1": 0.517857,
        "mrr_at_3": 0.619048,
        "mrr_at_5": 0.637798,
        "mrr_at_10": 0.649515,
        "mrr_at_20": 0.651197,
        "mrr_at_100": 0.653019,
        "mrr_at_1000": 0.653019,
        "nauc_ndcg_at_1_max": 0.314159,
        "nauc_ndcg_at_1_std": 0.07434,
        "nauc_ndcg_at_1_diff1": 0.46511,
        "nauc_ndcg_at_3_max": 0.295412,
        "nauc_ndcg_at_3_std": 0.078112,
        "nauc_ndcg_at_3_diff1": 0.379833,
        "nauc_ndcg_at_5_max": 0.292886,
        "nauc_ndcg_at_5_std": 0.074454,
        "nauc_ndcg_at_5_diff1": 0.376067,
        "nauc_ndcg_at_10_max": 0.315502,
        "nauc_ndcg_at_10_std": 0.114604,
        "nauc_ndcg_at_10_diff1": 0.404077,
        "nauc_ndcg_at_20_max": 0.332804,
        "nauc_ndcg_at_20_std": 0.120449,
        "nauc_ndcg_at_20_diff1": 0.397991,
        "nauc_ndcg_at_100_max": 0.310638,
        "nauc_ndcg_at_100_std": 0.090937,
        "nauc_ndcg_at_100_diff1": 0.407188,
        "nauc_ndcg_at_1000_max": 0.310638,
        "nauc_ndcg_at_1000_std": 0.090937,
        "nauc_ndcg_at_1000_diff1": 0.407188,
        "nauc_map_at_1_max": 0.314159,
        "nauc_map_at_1_std": 0.07434,
        "nauc_map_at_1_diff1": 0.46511,
        "nauc_map_at_3_max": 0.302029,
        "nauc_map_at_3_std": 0.075935,
        "nauc_map_at_3_diff1": 0.403991,
        "nauc_map_at_5_max": 0.301871,
        "nauc_map_at_5_std": 0.074409,
        "nauc_map_at_5_diff1": 0.402842,
        "nauc_map_at_10_max": 0.30854,
        "nauc_map_at_10_std": 0.087593,
        "nauc_map_at_10_diff1": 0.413641,
        "nauc_map_at_20_max": 0.311886,
        "nauc_map_at_20_std": 0.088346,
        "nauc_map_at_20_diff1": 0.412457,
        "nauc_map_at_100_max": 0.308933,
        "nauc_map_at_100_std": 0.084464,
        "nauc_map_at_100_diff1": 0.413672,
        "nauc_map_at_1000_max": 0.308933,
        "nauc_map_at_1000_std": 0.084464,
        "nauc_map_at_1000_diff1": 0.413672,
        "nauc_recall_at_1_max": 0.314159,
        "nauc_recall_at_1_std": 0.07434,
        "nauc_recall_at_1_diff1": 0.46511,
        "nauc_recall_at_3_max": 0.269533,
        "nauc_recall_at_3_std": 0.086995,
        "nauc_recall_at_3_diff1": 0.287948,
        "nauc_recall_at_5_max": 0.244544,
        "nauc_recall_at_5_std": 0.073726,
        "nauc_recall_at_5_diff1": 0.241944,
        "nauc_recall_at_10_max": 0.405989,
        "nauc_recall_at_10_std": 0.398374,
        "nauc_recall_at_10_diff1": 0.353484,
        "nauc_recall_at_20_max": 0.700587,
        "nauc_recall_at_20_std": 0.613627,
        "nauc_recall_at_20_diff1": 0.243328,
        "nauc_recall_at_100_max": NaN,
        "nauc_recall_at_100_std": NaN,
        "nauc_recall_at_100_diff1": NaN,
        "nauc_recall_at_1000_max": NaN,
        "nauc_recall_at_1000_std": NaN,
        "nauc_recall_at_1000_diff1": NaN,
        "nauc_precision_at_1_max": 0.314159,
        "nauc_precision_at_1_std": 0.07434,
        "nauc_precision_at_1_diff1": 0.46511,
        "nauc_precision_at_3_max": 0.269533,
        "nauc_precision_at_3_std": 0.086995,
        "nauc_precision_at_3_diff1": 0.287948,
        "nauc_precision_at_5_max": 0.244544,
        "nauc_precision_at_5_std": 0.073726,
        "nauc_precision_at_5_diff1": 0.241944,
        "nauc_precision_at_10_max": 0.405989,
        "nauc_precision_at_10_std": 0.398374,
        "nauc_precision_at_10_diff1": 0.353484,
        "nauc_precision_at_20_max": 0.700587,
        "nauc_precision_at_20_std": 0.613627,
        "nauc_precision_at_20_diff1": 0.243328,
        "nauc_precision_at_100_max": NaN,
        "nauc_precision_at_100_std": NaN,
        "nauc_precision_at_100_diff1": NaN,
        "nauc_precision_at_1000_max": 1.0,
        "nauc_precision_at_1000_std": 1.0,
        "nauc_precision_at_1000_diff1": 1.0,
        "nauc_mrr_at_1_max": 0.314159,
        "nauc_mrr_at_1_std": 0.07434,
        "nauc_mrr_at_1_diff1": 0.46511,
        "nauc_mrr_at_3_max": 0.302029,
        "nauc_mrr_at_3_std": 0.075935,
        "nauc_mrr_at_3_diff1": 0.403991,
        "nauc_mrr_at_5_max": 0.301871,
        "nauc_mrr_at_5_std": 0.074409,
        "nauc_mrr_at_5_diff1": 0.402842,
        "nauc_mrr_at_10_max": 0.30854,
        "nauc_mrr_at_10_std": 0.087593,
        "nauc_mrr_at_10_diff1": 0.413641,
        "nauc_mrr_at_20_max": 0.311886,
        "nauc_mrr_at_20_std": 0.088346,
        "nauc_mrr_at_20_diff1": 0.412457,
        "nauc_mrr_at_100_max": 0.308933,
        "nauc_mrr_at_100_std": 0.084464,
        "nauc_mrr_at_100_diff1": 0.413672,
        "nauc_mrr_at_1000_max": 0.308933,
        "nauc_mrr_at_1000_std": 0.084464,
        "nauc_mrr_at_1000_diff1": 0.413672,
        "main_score": 0.71303,
        "hf_subset": "default",
        "languages": [
          "eng-Latn"
        ]
      }
    ]
  },
  "evaluation_time": 5.261962413787842,
  "kg_co2_emissions": null
}