{
  "dataset_revision": "dd157bbfa479359488c656981e3999da6f42e4e9",
  "task_name": "bar-exam-qa",
  "mteb_version": "1.38.49",
  "scores": {
    "test": [
      {
        "ndcg_at_1": 0.17949,
        "ndcg_at_3": 0.2968,
        "ndcg_at_5": 0.3207,
        "ndcg_at_10": 0.34235,
        "ndcg_at_20": 0.37438,
        "ndcg_at_100": 0.4427,
        "ndcg_at_1000": 0.4427,
        "map_at_1": 0.17949,
        "map_at_3": 0.26923,
        "map_at_5": 0.28205,
        "map_at_10": 0.29071,
        "map_at_20": 0.29931,
        "map_at_100": 0.30872,
        "map_at_1000": 0.30872,
        "recall_at_1": 0.17949,
        "recall_at_3": 0.37607,
        "recall_at_5": 0.4359,
        "recall_at_10": 0.50427,
        "recall_at_20": 0.63248,
        "recall_at_100": 1.0,
        "recall_at_1000": 1.0,
        "precision_at_1": 0.17949,
        "precision_at_3": 0.12536,
        "precision_at_5": 0.08718,
        "precision_at_10": 0.05043,
        "precision_at_20": 0.03162,
        "precision_at_100": 0.01,
        "precision_at_1000": 0.001,
        "mrr_at_1": 0.179487,
        "mrr_at_3": 0.269231,
        "mrr_at_5": 0.282051,
        "mrr_at_10": 0.290714,
        "mrr_at_20": 0.299309,
        "mrr_at_100": 0.308719,
        "mrr_at_1000": 0.308719,
        "nauc_ndcg_at_1_max": -0.018683,
        "nauc_ndcg_at_1_std": -0.010718,
        "nauc_ndcg_at_1_diff1": 0.092028,
        "nauc_ndcg_at_3_max": 0.094358,
        "nauc_ndcg_at_3_std": 0.007098,
        "nauc_ndcg_at_3_diff1": 0.035499,
        "nauc_ndcg_at_5_max": 0.098961,
        "nauc_ndcg_at_5_std": -0.008802,
        "nauc_ndcg_at_5_diff1": 0.039996,
        "nauc_ndcg_at_10_max": 0.078857,
        "nauc_ndcg_at_10_std": 0.000832,
        "nauc_ndcg_at_10_diff1": 0.033367,
        "nauc_ndcg_at_20_max": 0.099192,
        "nauc_ndcg_at_20_std": -0.002085,
        "nauc_ndcg_at_20_diff1": 0.010645,
        "nauc_ndcg_at_100_max": 0.075086,
        "nauc_ndcg_at_100_std": -0.001578,
        "nauc_ndcg_at_100_diff1": 0.025908,
        "nauc_ndcg_at_1000_max": 0.075086,
        "nauc_ndcg_at_1000_std": -0.001578,
        "nauc_ndcg_at_1000_diff1": 0.025908,
        "nauc_map_at_1_max": -0.018683,
        "nauc_map_at_1_std": -0.010718,
        "nauc_map_at_1_diff1": 0.092028,
        "nauc_map_at_3_max": 0.06905,
        "nauc_map_at_3_std": 0.002723,
        "nauc_map_at_3_diff1": 0.037985,
        "nauc_map_at_5_max": 0.071966,
        "nauc_map_at_5_std": -0.005599,
        "nauc_map_at_5_diff1": 0.039304,
        "nauc_map_at_10_max": 0.063131,
        "nauc_map_at_10_std": -0.002741,
        "nauc_map_at_10_diff1": 0.036737,
        "nauc_map_at_20_max": 0.070005,
        "nauc_map_at_20_std": -0.002821,
        "nauc_map_at_20_diff1": 0.030859,
        "nauc_map_at_100_max": 0.065272,
        "nauc_map_at_100_std": -0.002739,
        "nauc_map_at_100_diff1": 0.032634,
        "nauc_map_at_1000_max": 0.065272,
        "nauc_map_at_1000_std": -0.002739,
        "nauc_map_at_1000_diff1": 0.032634,
        "nauc_recall_at_1_max": -0.018683,
        "nauc_recall_at_1_std": -0.010718,
        "nauc_recall_at_1_diff1": 0.092028,
        "nauc_recall_at_3_max": 0.158542,
        "nauc_recall_at_3_std": 0.018322,
        "nauc_recall_at_3_diff1": 0.032577,
        "nauc_recall_at_5_max": 0.167732,
        "nauc_recall_at_5_std": -0.019607,
        "nauc_recall_at_5_diff1": 0.04703,
        "nauc_recall_at_10_max": 0.11297,
        "nauc_recall_at_10_std": 0.01335,
        "nauc_recall_at_10_diff1": 0.027012,
        "nauc_recall_at_20_max": 0.191582,
        "nauc_recall_at_20_std": -0.002141,
        "nauc_recall_at_20_diff1": -0.069786,
        "nauc_recall_at_100_max": NaN,
        "nauc_recall_at_100_std": NaN,
        "nauc_recall_at_100_diff1": NaN,
        "nauc_recall_at_1000_max": NaN,
        "nauc_recall_at_1000_std": NaN,
        "nauc_recall_at_1000_diff1": NaN,
        "nauc_precision_at_1_max": -0.018683,
        "nauc_precision_at_1_std": -0.010718,
        "nauc_precision_at_1_diff1": 0.092028,
        "nauc_precision_at_3_max": 0.158542,
        "nauc_precision_at_3_std": 0.018322,
        "nauc_precision_at_3_diff1": 0.032577,
        "nauc_precision_at_5_max": 0.167732,
        "nauc_precision_at_5_std": -0.019607,
        "nauc_precision_at_5_diff1": 0.04703,
        "nauc_precision_at_10_max": 0.11297,
        "nauc_precision_at_10_std": 0.01335,
        "nauc_precision_at_10_diff1": 0.027012,
        "nauc_precision_at_20_max": 0.191582,
        "nauc_precision_at_20_std": -0.002141,
        "nauc_precision_at_20_diff1": -0.069786,
        "nauc_precision_at_100_max": NaN,
        "nauc_precision_at_100_std": NaN,
        "nauc_precision_at_100_diff1": NaN,
        "nauc_precision_at_1000_max": 1.0,
        "nauc_precision_at_1000_std": 1.0,
        "nauc_precision_at_1000_diff1": 1.0,
        "nauc_mrr_at_1_max": -0.018683,
        "nauc_mrr_at_1_std": -0.010718,
        "nauc_mrr_at_1_diff1": 0.092028,
        "nauc_mrr_at_3_max": 0.06905,
        "nauc_mrr_at_3_std": 0.002723,
        "nauc_mrr_at_3_diff1": 0.037985,
        "nauc_mrr_at_5_max": 0.071966,
        "nauc_mrr_at_5_std": -0.005599,
        "nauc_mrr_at_5_diff1": 0.039304,
        "nauc_mrr_at_10_max": 0.063131,
        "nauc_mrr_at_10_std": -0.002741,
        "nauc_mrr_at_10_diff1": 0.036737,
        "nauc_mrr_at_20_max": 0.070005,
        "nauc_mrr_at_20_std": -0.002821,
        "nauc_mrr_at_20_diff1": 0.030859,
        "nauc_mrr_at_100_max": 0.065272,
        "nauc_mrr_at_100_std": -0.002739,
        "nauc_mrr_at_100_diff1": 0.032634,
        "nauc_mrr_at_1000_max": 0.065272,
        "nauc_mrr_at_1000_std": -0.002739,
        "nauc_mrr_at_1000_diff1": 0.032634,
        "main_score": 0.34235,
        "hf_subset": "default",
        "languages": [
          "eng-Latn"
        ]
      }
    ]
  },
  "evaluation_time": 5.039692640304565,
  "kg_co2_emissions": null
}