{
  "dataset_revision": "2095f248902963b4480ac96b774ba64b2104cbee",
  "task_name": "consumer-contracts-qa",
  "mteb_version": "1.38.49",
  "scores": {
    "test": [
      {
        "ndcg_at_1": 0.60606,
        "ndcg_at_3": 0.74404,
        "ndcg_at_5": 0.76708,
        "ndcg_at_10": 0.78359,
        "ndcg_at_20": 0.79343,
        "ndcg_at_100": 0.7967,
        "ndcg_at_1000": 0.7967,
        "map_at_1": 0.60606,
        "map_at_3": 0.71128,
        "map_at_5": 0.72416,
        "map_at_10": 0.73108,
        "map_at_20": 0.73359,
        "map_at_100": 0.73422,
        "map_at_1000": 0.73422,
        "recall_at_1": 0.60606,
        "recall_at_3": 0.83838,
        "recall_at_5": 0.89394,
        "recall_at_10": 0.94444,
        "recall_at_20": 0.98485,
        "recall_at_100": 1.0,
        "recall_at_1000": 1.0,
        "precision_at_1": 0.60606,
        "precision_at_3": 0.27946,
        "precision_at_5": 0.17879,
        "precision_at_10": 0.09444,
        "precision_at_20": 0.04924,
        "precision_at_100": 0.01,
        "precision_at_1000": 0.001,
        "mrr_at_1": 0.606061,
        "mrr_at_3": 0.711279,
        "mrr_at_5": 0.724158,
        "mrr_at_10": 0.731081,
        "mrr_at_20": 0.73359,
        "mrr_at_100": 0.734223,
        "mrr_at_1000": 0.734223,
        "nauc_ndcg_at_1_max": 0.431931,
        "nauc_ndcg_at_1_std": 0.106743,
        "nauc_ndcg_at_1_diff1": 0.656004,
        "nauc_ndcg_at_3_max": 0.451792,
        "nauc_ndcg_at_3_std": 0.077065,
        "nauc_ndcg_at_3_diff1": 0.630654,
        "nauc_ndcg_at_5_max": 0.454604,
        "nauc_ndcg_at_5_std": 0.119201,
        "nauc_ndcg_at_5_diff1": 0.646175,
        "nauc_ndcg_at_10_max": 0.431716,
        "nauc_ndcg_at_10_std": 0.074783,
        "nauc_ndcg_at_10_diff1": 0.634271,
        "nauc_ndcg_at_20_max": 0.457342,
        "nauc_ndcg_at_20_std": 0.101798,
        "nauc_ndcg_at_20_diff1": 0.641726,
        "nauc_ndcg_at_100_max": 0.446892,
        "nauc_ndcg_at_100_std": 0.092224,
        "nauc_ndcg_at_100_diff1": 0.640474,
        "nauc_ndcg_at_1000_max": 0.446892,
        "nauc_ndcg_at_1000_std": 0.092224,
        "nauc_ndcg_at_1000_diff1": 0.640474,
        "nauc_map_at_1_max": 0.431931,
        "nauc_map_at_1_std": 0.106743,
        "nauc_map_at_1_diff1": 0.656004,
        "nauc_map_at_3_max": 0.448295,
        "nauc_map_at_3_std": 0.081719,
        "nauc_map_at_3_diff1": 0.636664,
        "nauc_map_at_5_max": 0.450116,
        "nauc_map_at_5_std": 0.103721,
        "nauc_map_at_5_diff1": 0.64478,
        "nauc_map_at_10_max": 0.441898,
        "nauc_map_at_10_std": 0.088052,
        "nauc_map_at_10_diff1": 0.640468,
        "nauc_map_at_20_max": 0.447638,
        "nauc_map_at_20_std": 0.093714,
        "nauc_map_at_20_diff1": 0.642006,
        "nauc_map_at_100_max": 0.446049,
        "nauc_map_at_100_std": 0.092329,
        "nauc_map_at_100_diff1": 0.641794,
        "nauc_map_at_1000_max": 0.446049,
        "nauc_map_at_1000_std": 0.092329,
        "nauc_map_at_1000_diff1": 0.641794,
        "nauc_recall_at_1_max": 0.431931,
        "nauc_recall_at_1_std": 0.106743,
        "nauc_recall_at_1_diff1": 0.656004,
        "nauc_recall_at_3_max": 0.465906,
        "nauc_recall_at_3_std": 0.058941,
        "nauc_recall_at_3_diff1": 0.604628,
        "nauc_recall_at_5_max": 0.479417,
        "nauc_recall_at_5_std": 0.229284,
        "nauc_recall_at_5_diff1": 0.66031,
        "nauc_recall_at_10_max": 0.27633,
        "nauc_recall_at_10_std": -0.11949,
        "nauc_recall_at_10_diff1": 0.557438,
        "nauc_recall_at_20_max": 1.0,
        "nauc_recall_at_20_std": 0.609405,
        "nauc_recall_at_20_diff1": 0.702746,
        "nauc_recall_at_100_max": NaN,
        "nauc_recall_at_100_std": NaN,
        "nauc_recall_at_100_diff1": NaN,
        "nauc_recall_at_1000_max": NaN,
        "nauc_recall_at_1000_std": NaN,
        "nauc_recall_at_1000_diff1": NaN,
        "nauc_precision_at_1_max": 0.431931,
        "nauc_precision_at_1_std": 0.106743,
        "nauc_precision_at_1_diff1": 0.656004,
        "nauc_precision_at_3_max": 0.465906,
        "nauc_precision_at_3_std": 0.058941,
        "nauc_precision_at_3_diff1": 0.604628,
        "nauc_precision_at_5_max": 0.479417,
        "nauc_precision_at_5_std": 0.229284,
        "nauc_precision_at_5_diff1": 0.66031,
        "nauc_precision_at_10_max": 0.27633,
        "nauc_precision_at_10_std": -0.11949,
        "nauc_precision_at_10_diff1": 0.557438,
        "nauc_precision_at_20_max": 1.0,
        "nauc_precision_at_20_std": 0.609405,
        "nauc_precision_at_20_diff1": 0.702746,
        "nauc_precision_at_100_max": 1.0,
        "nauc_precision_at_100_std": 1.0,
        "nauc_precision_at_100_diff1": 1.0,
        "nauc_precision_at_1000_max": 1.0,
        "nauc_precision_at_1000_std": 1.0,
        "nauc_precision_at_1000_diff1": 1.0,
        "nauc_mrr_at_1_max": 0.431931,
        "nauc_mrr_at_1_std": 0.106743,
        "nauc_mrr_at_1_diff1": 0.656004,
        "nauc_mrr_at_3_max": 0.448295,
        "nauc_mrr_at_3_std": 0.081719,
        "nauc_mrr_at_3_diff1": 0.636664,
        "nauc_mrr_at_5_max": 0.450116,
        "nauc_mrr_at_5_std": 0.103721,
        "nauc_mrr_at_5_diff1": 0.64478,
        "nauc_mrr_at_10_max": 0.441898,
        "nauc_mrr_at_10_std": 0.088052,
        "nauc_mrr_at_10_diff1": 0.640468,
        "nauc_mrr_at_20_max": 0.447638,
        "nauc_mrr_at_20_std": 0.093714,
        "nauc_mrr_at_20_diff1": 0.642006,
        "nauc_mrr_at_100_max": 0.446049,
        "nauc_mrr_at_100_std": 0.092329,
        "nauc_mrr_at_100_diff1": 0.641794,
        "nauc_mrr_at_1000_max": 0.446049,
        "nauc_mrr_at_1000_std": 0.092329,
        "nauc_mrr_at_1000_diff1": 0.641794,
        "main_score": 0.78359,
        "hf_subset": "default",
        "languages": [
          "eng-Latn"
        ]
      }
    ]
  },
  "evaluation_time": 3.1084704399108887,
  "kg_co2_emissions": null
}