{
  "dataset_revision": "48ed7bcb1f50896a0f71461a04b2df0ca84329d9",
  "task_name": "contractual-clause-retrieval",
  "mteb_version": "1.38.49",
  "scores": {
    "test": [
      {
        "ndcg_at_1": 0.4,
        "ndcg_at_3": 0.39789,
        "ndcg_at_5": 0.44712,
        "ndcg_at_10": 0.51236,
        "ndcg_at_20": 0.57171,
        "ndcg_at_100": 0.60475,
        "ndcg_at_1000": 0.60475,
        "map_at_1": 0.2,
        "map_at_3": 0.33519,
        "map_at_5": 0.37574,
        "map_at_10": 0.41219,
        "map_at_20": 0.43327,
        "map_at_100": 0.44113,
        "map_at_1000": 0.44113,
        "recall_at_1": 0.2,
        "recall_at_3": 0.41111,
        "recall_at_5": 0.51111,
        "recall_at_10": 0.67778,
        "recall_at_20": 0.86667,
        "recall_at_100": 1.0,
        "recall_at_1000": 1.0,
        "precision_at_1": 0.4,
        "precision_at_3": 0.27407,
        "precision_at_5": 0.20444,
        "precision_at_10": 0.13556,
        "precision_at_20": 0.08667,
        "precision_at_100": 0.02,
        "precision_at_1000": 0.002,
        "mrr_at_1": 0.4,
        "mrr_at_3": 0.507407,
        "mrr_at_5": 0.512963,
        "mrr_at_10": 0.526296,
        "mrr_at_20": 0.538554,
        "mrr_at_100": 0.540961,
        "mrr_at_1000": 0.540961,
        "nauc_ndcg_at_1_max": 0.473712,
        "nauc_ndcg_at_1_std": 0.110136,
        "nauc_ndcg_at_1_diff1": 0.502872,
        "nauc_ndcg_at_3_max": 0.499339,
        "nauc_ndcg_at_3_std": 0.168964,
        "nauc_ndcg_at_3_diff1": 0.541168,
        "nauc_ndcg_at_5_max": 0.501529,
        "nauc_ndcg_at_5_std": 0.239001,
        "nauc_ndcg_at_5_diff1": 0.618013,
        "nauc_ndcg_at_10_max": 0.483057,
        "nauc_ndcg_at_10_std": 0.229647,
        "nauc_ndcg_at_10_diff1": 0.59228,
        "nauc_ndcg_at_20_max": 0.473448,
        "nauc_ndcg_at_20_std": 0.209513,
        "nauc_ndcg_at_20_diff1": 0.577189,
        "nauc_ndcg_at_100_max": 0.481643,
        "nauc_ndcg_at_100_std": 0.198071,
        "nauc_ndcg_at_100_diff1": 0.563671,
        "nauc_ndcg_at_1000_max": 0.481643,
        "nauc_ndcg_at_1000_std": 0.198071,
        "nauc_ndcg_at_1000_diff1": 0.563671,
        "nauc_map_at_1_max": 0.473712,
        "nauc_map_at_1_std": 0.110136,
        "nauc_map_at_1_diff1": 0.502872,
        "nauc_map_at_3_max": 0.495537,
        "nauc_map_at_3_std": 0.175101,
        "nauc_map_at_3_diff1": 0.525083,
        "nauc_map_at_5_max": 0.492474,
        "nauc_map_at_5_std": 0.223598,
        "nauc_map_at_5_diff1": 0.580886,
        "nauc_map_at_10_max": 0.488808,
        "nauc_map_at_10_std": 0.214142,
        "nauc_map_at_10_diff1": 0.573307,
        "nauc_map_at_20_max": 0.484414,
        "nauc_map_at_20_std": 0.210801,
        "nauc_map_at_20_diff1": 0.561313,
        "nauc_map_at_100_max": 0.484311,
        "nauc_map_at_100_std": 0.206398,
        "nauc_map_at_100_diff1": 0.55736,
        "nauc_map_at_1000_max": 0.484311,
        "nauc_map_at_1000_std": 0.206398,
        "nauc_map_at_1000_diff1": 0.55736,
        "nauc_recall_at_1_max": 0.473712,
        "nauc_recall_at_1_std": 0.110136,
        "nauc_recall_at_1_diff1": 0.502872,
        "nauc_recall_at_3_max": 0.49974,
        "nauc_recall_at_3_std": 0.176108,
        "nauc_recall_at_3_diff1": 0.543188,
        "nauc_recall_at_5_max": 0.473872,
        "nauc_recall_at_5_std": 0.302893,
        "nauc_recall_at_5_diff1": 0.655045,
        "nauc_recall_at_10_max": 0.414898,
        "nauc_recall_at_10_std": 0.286885,
        "nauc_recall_at_10_diff1": 0.588846,
        "nauc_recall_at_20_max": 0.377998,
        "nauc_recall_at_20_std": 0.265345,
        "nauc_recall_at_20_diff1": 0.613513,
        "nauc_recall_at_100_max": NaN,
        "nauc_recall_at_100_std": NaN,
        "nauc_recall_at_100_diff1": NaN,
        "nauc_recall_at_1000_max": NaN,
        "nauc_recall_at_1000_std": NaN,
        "nauc_recall_at_1000_diff1": NaN,
        "nauc_precision_at_1_max": 0.473712,
        "nauc_precision_at_1_std": 0.110136,
        "nauc_precision_at_1_diff1": 0.502872,
        "nauc_precision_at_3_max": 0.49974,
        "nauc_precision_at_3_std": 0.176108,
        "nauc_precision_at_3_diff1": 0.543188,
        "nauc_precision_at_5_max": 0.473872,
        "nauc_precision_at_5_std": 0.302893,
        "nauc_precision_at_5_diff1": 0.655045,
        "nauc_precision_at_10_max": 0.414898,
        "nauc_precision_at_10_std": 0.286885,
        "nauc_precision_at_10_diff1": 0.588846,
        "nauc_precision_at_20_max": 0.377998,
        "nauc_precision_at_20_std": 0.265345,
        "nauc_precision_at_20_diff1": 0.613513,
        "nauc_precision_at_100_max": 1.0,
        "nauc_precision_at_100_std": 1.0,
        "nauc_precision_at_100_diff1": 1.0,
        "nauc_precision_at_1000_max": NaN,
        "nauc_precision_at_1000_std": NaN,
        "nauc_precision_at_1000_diff1": NaN,
        "nauc_mrr_at_1_max": 0.473712,
        "nauc_mrr_at_1_std": 0.110136,
        "nauc_mrr_at_1_diff1": 0.502872,
        "nauc_mrr_at_3_max": 0.484817,
        "nauc_mrr_at_3_std": 0.141009,
        "nauc_mrr_at_3_diff1": 0.543514,
        "nauc_mrr_at_5_max": 0.492159,
        "nauc_mrr_at_5_std": 0.161928,
        "nauc_mrr_at_5_diff1": 0.568186,
        "nauc_mrr_at_10_max": 0.479389,
        "nauc_mrr_at_10_std": 0.166655,
        "nauc_mrr_at_10_diff1": 0.550929,
        "nauc_mrr_at_20_max": 0.475147,
        "nauc_mrr_at_20_std": 0.154574,
        "nauc_mrr_at_20_diff1": 0.551577,
        "nauc_mrr_at_100_max": 0.478534,
        "nauc_mrr_at_100_std": 0.156458,
        "nauc_mrr_at_100_diff1": 0.551272,
        "nauc_mrr_at_1000_max": 0.478534,
        "nauc_mrr_at_1000_std": 0.156458,
        "nauc_mrr_at_1000_diff1": 0.551272,
        "main_score": 0.51236,
        "hf_subset": "default",
        "languages": [
          "eng-Latn"
        ]
      }
    ]
  },
  "evaluation_time": 1.4830782413482666,
  "kg_co2_emissions": null
}