{
  "dataset_revision": "8d41f3d22bb73685b6f42b62ad95940ea3dfbf84",
  "task_name": "gdpr-holdings-retrieval",
  "mteb_version": "1.38.49",
  "scores": {
    "test": [
      {
        "ndcg_at_1": 0.738,
        "ndcg_at_3": 0.80117,
        "ndcg_at_5": 0.81924,
        "ndcg_at_10": 0.82853,
        "ndcg_at_20": 0.83676,
        "ndcg_at_100": 0.84144,
        "ndcg_at_1000": 0.84458,
        "map_at_1": 0.738,
        "map_at_3": 0.78567,
        "map_at_5": 0.79567,
        "map_at_10": 0.79964,
        "map_at_20": 0.80197,
        "map_at_100": 0.80257,
        "map_at_1000": 0.8027,
        "recall_at_1": 0.738,
        "recall_at_3": 0.846,
        "recall_at_5": 0.89,
        "recall_at_10": 0.918,
        "recall_at_20": 0.95,
        "recall_at_100": 0.976,
        "recall_at_1000": 1.0,
        "precision_at_1": 0.738,
        "precision_at_3": 0.282,
        "precision_at_5": 0.178,
        "precision_at_10": 0.0918,
        "precision_at_20": 0.0475,
        "precision_at_100": 0.00976,
        "precision_at_1000": 0.001,
        "mrr_at_1": 0.738,
        "mrr_at_3": 0.785667,
        "mrr_at_5": 0.795667,
        "mrr_at_10": 0.79964,
        "mrr_at_20": 0.801969,
        "mrr_at_100": 0.802566,
        "mrr_at_1000": 0.802695,
        "nauc_ndcg_at_1_max": 0.441475,
        "nauc_ndcg_at_1_std": -0.198798,
        "nauc_ndcg_at_1_diff1": 0.806546,
        "nauc_ndcg_at_3_max": 0.474706,
        "nauc_ndcg_at_3_std": -0.121454,
        "nauc_ndcg_at_3_diff1": 0.77885,
        "nauc_ndcg_at_5_max": 0.488185,
        "nauc_ndcg_at_5_std": -0.090706,
        "nauc_ndcg_at_5_diff1": 0.782037,
        "nauc_ndcg_at_10_max": 0.477263,
        "nauc_ndcg_at_10_std": -0.107525,
        "nauc_ndcg_at_10_diff1": 0.784514,
        "nauc_ndcg_at_20_max": 0.470238,
        "nauc_ndcg_at_20_std": -0.121619,
        "nauc_ndcg_at_20_diff1": 0.781921,
        "nauc_ndcg_at_100_max": 0.474642,
        "nauc_ndcg_at_100_std": -0.117874,
        "nauc_ndcg_at_100_diff1": 0.783057,
        "nauc_ndcg_at_1000_max": 0.46848,
        "nauc_ndcg_at_1000_std": -0.13002,
        "nauc_ndcg_at_1000_diff1": 0.785431,
        "nauc_map_at_1_max": 0.441475,
        "nauc_map_at_1_std": -0.198798,
        "nauc_map_at_1_diff1": 0.806546,
        "nauc_map_at_3_max": 0.461213,
        "nauc_map_at_3_std": -0.145118,
        "nauc_map_at_3_diff1": 0.785282,
        "nauc_map_at_5_max": 0.467624,
        "nauc_map_at_5_std": -0.131355,
        "nauc_map_at_5_diff1": 0.787365,
        "nauc_map_at_10_max": 0.463069,
        "nauc_map_at_10_std": -0.138086,
        "nauc_map_at_10_diff1": 0.78855,
        "nauc_map_at_20_max": 0.461125,
        "nauc_map_at_20_std": -0.142583,
        "nauc_map_at_20_diff1": 0.788018,
        "nauc_map_at_100_max": 0.461783,
        "nauc_map_at_100_std": -0.142418,
        "nauc_map_at_100_diff1": 0.788175,
        "nauc_map_at_1000_max": 0.461572,
        "nauc_map_at_1000_std": -0.142882,
        "nauc_map_at_1000_diff1": 0.788266,
        "nauc_recall_at_1_max": 0.441475,
        "nauc_recall_at_1_std": -0.198798,
        "nauc_recall_at_1_diff1": 0.806546,
        "nauc_recall_at_3_max": 0.528505,
        "nauc_recall_at_3_std": -0.0301,
        "nauc_recall_at_3_diff1": 0.755068,
        "nauc_recall_at_5_max": 0.595275,
        "nauc_recall_at_5_std": 0.119655,
        "nauc_recall_at_5_diff1": 0.757177,
        "nauc_recall_at_10_max": 0.567637,
        "nauc_recall_at_10_std": 0.086823,
        "nauc_recall_at_10_diff1": 0.761575,
        "nauc_recall_at_20_max": 0.546424,
        "nauc_recall_at_20_std": 0.067974,
        "nauc_recall_at_20_diff1": 0.715892,
        "nauc_recall_at_100_max": 0.754007,
        "nauc_recall_at_100_std": 0.417717,
        "nauc_recall_at_100_diff1": 0.680633,
        "nauc_recall_at_1000_max": NaN,
        "nauc_recall_at_1000_std": NaN,
        "nauc_recall_at_1000_diff1": NaN,
        "nauc_precision_at_1_max": 0.441475,
        "nauc_precision_at_1_std": -0.198798,
        "nauc_precision_at_1_diff1": 0.806546,
        "nauc_precision_at_3_max": 0.528505,
        "nauc_precision_at_3_std": -0.0301,
        "nauc_precision_at_3_diff1": 0.755068,
        "nauc_precision_at_5_max": 0.595275,
        "nauc_precision_at_5_std": 0.119655,
        "nauc_precision_at_5_diff1": 0.757177,
        "nauc_precision_at_10_max": 0.567637,
        "nauc_precision_at_10_std": 0.086823,
        "nauc_precision_at_10_diff1": 0.761575,
        "nauc_precision_at_20_max": 0.546424,
        "nauc_precision_at_20_std": 0.067974,
        "nauc_precision_at_20_diff1": 0.715892,
        "nauc_precision_at_100_max": 0.754007,
        "nauc_precision_at_100_std": 0.417717,
        "nauc_precision_at_100_diff1": 0.680633,
        "nauc_precision_at_1000_max": 1.0,
        "nauc_precision_at_1000_std": 1.0,
        "nauc_precision_at_1000_diff1": 1.0,
        "nauc_mrr_at_1_max": 0.441475,
        "nauc_mrr_at_1_std": -0.198798,
        "nauc_mrr_at_1_diff1": 0.806546,
        "nauc_mrr_at_3_max": 0.461213,
        "nauc_mrr_at_3_std": -0.145118,
        "nauc_mrr_at_3_diff1": 0.785282,
        "nauc_mrr_at_5_max": 0.467624,
        "nauc_mrr_at_5_std": -0.131355,
        "nauc_mrr_at_5_diff1": 0.787365,
        "nauc_mrr_at_10_max": 0.463069,
        "nauc_mrr_at_10_std": -0.138086,
        "nauc_mrr_at_10_diff1": 0.78855,
        "nauc_mrr_at_20_max": 0.461125,
        "nauc_mrr_at_20_std": -0.142583,
        "nauc_mrr_at_20_diff1": 0.788018,
        "nauc_mrr_at_100_max": 0.461783,
        "nauc_mrr_at_100_std": -0.142418,
        "nauc_mrr_at_100_diff1": 0.788175,
        "nauc_mrr_at_1000_max": 0.461572,
        "nauc_mrr_at_1000_std": -0.142882,
        "nauc_mrr_at_1000_diff1": 0.788266,
        "main_score": 0.82853,
        "hf_subset": "default",
        "languages": [
          "eng-Latn"
        ]
      }
    ]
  },
  "evaluation_time": 12.156683206558228,
  "kg_co2_emissions": null
}