{
  "dataset_revision": "bbf8b2d84b7de5970b2ba4ea843c791285fdb1df",
  "task_name": "irish-legislative-summaries",
  "mteb_version": "1.38.49",
  "scores": {
    "test": [
      {
        "ndcg_at_1": 0.688,
        "ndcg_at_3": 0.77488,
        "ndcg_at_5": 0.79425,
        "ndcg_at_10": 0.8111,
        "ndcg_at_20": 0.81808,
        "ndcg_at_100": 0.82423,
        "ndcg_at_1000": 0.82532,
        "map_at_1": 0.688,
        "map_at_3": 0.75433,
        "map_at_5": 0.76533,
        "map_at_10": 0.77232,
        "map_at_20": 0.77418,
        "map_at_100": 0.77511,
        "map_at_1000": 0.77516,
        "recall_at_1": 0.688,
        "recall_at_3": 0.834,
        "recall_at_5": 0.88,
        "recall_at_10": 0.932,
        "recall_at_20": 0.96,
        "recall_at_100": 0.992,
        "recall_at_1000": 1.0,
        "precision_at_1": 0.688,
        "precision_at_3": 0.278,
        "precision_at_5": 0.176,
        "precision_at_10": 0.0932,
        "precision_at_20": 0.048,
        "precision_at_100": 0.00992,
        "precision_at_1000": 0.001,
        "mrr_at_1": 0.688,
        "mrr_at_3": 0.754333,
        "mrr_at_5": 0.765333,
        "mrr_at_10": 0.772321,
        "mrr_at_20": 0.774176,
        "mrr_at_100": 0.775112,
        "mrr_at_1000": 0.775164,
        "nauc_ndcg_at_1_max": 0.4724,
        "nauc_ndcg_at_1_std": -0.09467,
        "nauc_ndcg_at_1_diff1": 0.847221,
        "nauc_ndcg_at_3_max": 0.519315,
        "nauc_ndcg_at_3_std": -0.117194,
        "nauc_ndcg_at_3_diff1": 0.833802,
        "nauc_ndcg_at_5_max": 0.542117,
        "nauc_ndcg_at_5_std": -0.092945,
        "nauc_ndcg_at_5_diff1": 0.834282,
        "nauc_ndcg_at_10_max": 0.538946,
        "nauc_ndcg_at_10_std": -0.081339,
        "nauc_ndcg_at_10_diff1": 0.830161,
        "nauc_ndcg_at_20_max": 0.532678,
        "nauc_ndcg_at_20_std": -0.080724,
        "nauc_ndcg_at_20_diff1": 0.833567,
        "nauc_ndcg_at_100_max": 0.525014,
        "nauc_ndcg_at_100_std": -0.085222,
        "nauc_ndcg_at_100_diff1": 0.834067,
        "nauc_ndcg_at_1000_max": 0.521906,
        "nauc_ndcg_at_1000_std": -0.091892,
        "nauc_ndcg_at_1000_diff1": 0.834435,
        "nauc_map_at_1_max": 0.4724,
        "nauc_map_at_1_std": -0.09467,
        "nauc_map_at_1_diff1": 0.847221,
        "nauc_map_at_3_max": 0.505384,
        "nauc_map_at_3_std": -0.112915,
        "nauc_map_at_3_diff1": 0.835872,
        "nauc_map_at_5_max": 0.516585,
        "nauc_map_at_5_std": -0.101027,
        "nauc_map_at_5_diff1": 0.836308,
        "nauc_map_at_10_max": 0.515104,
        "nauc_map_at_10_std": -0.097476,
        "nauc_map_at_10_diff1": 0.834922,
        "nauc_map_at_20_max": 0.513437,
        "nauc_map_at_20_std": -0.097894,
        "nauc_map_at_20_diff1": 0.83568,
        "nauc_map_at_100_max": 0.512607,
        "nauc_map_at_100_std": -0.098137,
        "nauc_map_at_100_diff1": 0.835796,
        "nauc_map_at_1000_max": 0.512486,
        "nauc_map_at_1000_std": -0.098392,
        "nauc_map_at_1000_diff1": 0.835798,
        "nauc_recall_at_1_max": 0.4724,
        "nauc_recall_at_1_std": -0.09467,
        "nauc_recall_at_1_diff1": 0.847221,
        "nauc_recall_at_3_max": 0.574858,
        "nauc_recall_at_3_std": -0.13289,
        "nauc_recall_at_3_diff1": 0.826635,
        "nauc_recall_at_5_max": 0.676829,
        "nauc_recall_at_5_std": -0.043295,
        "nauc_recall_at_5_diff1": 0.82527,
        "nauc_recall_at_10_max": 0.74345,
        "nauc_recall_at_10_std": 0.08575,
        "nauc_recall_at_10_diff1": 0.787335,
        "nauc_recall_at_20_max": 0.787955,
        "nauc_recall_at_20_std": 0.227918,
        "nauc_recall_at_20_diff1": 0.813609,
        "nauc_recall_at_100_max": 0.96732,
        "nauc_recall_at_100_std": 0.861111,
        "nauc_recall_at_100_diff1": 0.770075,
        "nauc_recall_at_1000_max": NaN,
        "nauc_recall_at_1000_std": NaN,
        "nauc_recall_at_1000_diff1": NaN,
        "nauc_precision_at_1_max": 0.4724,
        "nauc_precision_at_1_std": -0.09467,
        "nauc_precision_at_1_diff1": 0.847221,
        "nauc_precision_at_3_max": 0.574858,
        "nauc_precision_at_3_std": -0.13289,
        "nauc_precision_at_3_diff1": 0.826635,
        "nauc_precision_at_5_max": 0.676829,
        "nauc_precision_at_5_std": -0.043295,
        "nauc_precision_at_5_diff1": 0.82527,
        "nauc_precision_at_10_max": 0.74345,
        "nauc_precision_at_10_std": 0.08575,
        "nauc_precision_at_10_diff1": 0.787335,
        "nauc_precision_at_20_max": 0.787955,
        "nauc_precision_at_20_std": 0.227918,
        "nauc_precision_at_20_diff1": 0.813609,
        "nauc_precision_at_100_max": 0.96732,
        "nauc_precision_at_100_std": 0.861111,
        "nauc_precision_at_100_diff1": 0.770075,
        "nauc_precision_at_1000_max": 1.0,
        "nauc_precision_at_1000_std": 1.0,
        "nauc_precision_at_1000_diff1": 1.0,
        "nauc_mrr_at_1_max": 0.4724,
        "nauc_mrr_at_1_std": -0.09467,
        "nauc_mrr_at_1_diff1": 0.847221,
        "nauc_mrr_at_3_max": 0.505384,
        "nauc_mrr_at_3_std": -0.112915,
        "nauc_mrr_at_3_diff1": 0.835872,
        "nauc_mrr_at_5_max": 0.516585,
        "nauc_mrr_at_5_std": -0.101027,
        "nauc_mrr_at_5_diff1": 0.836308,
        "nauc_mrr_at_10_max": 0.515104,
        "nauc_mrr_at_10_std": -0.097476,
        "nauc_mrr_at_10_diff1": 0.834922,
        "nauc_mrr_at_20_max": 0.513437,
        "nauc_mrr_at_20_std": -0.097894,
        "nauc_mrr_at_20_diff1": 0.83568,
        "nauc_mrr_at_100_max": 0.512607,
        "nauc_mrr_at_100_std": -0.098137,
        "nauc_mrr_at_100_diff1": 0.835796,
        "nauc_mrr_at_1000_max": 0.512486,
        "nauc_mrr_at_1000_std": -0.098392,
        "nauc_mrr_at_1000_diff1": 0.835798,
        "main_score": 0.8111,
        "hf_subset": "default",
        "languages": [
          "eng-Latn"
        ]
      }
    ]
  },
  "evaluation_time": 59.8212685585022,
  "kg_co2_emissions": null
}