{
  "dataset_revision": "ec00129f88e9476e582131dc3a5db9220dfefa48",
  "task_name": "license-tldr-retrieval",
  "mteb_version": "1.38.49",
  "scores": {
    "test": [
      {
        "ndcg_at_1": 0.47692,
        "ndcg_at_3": 0.59304,
        "ndcg_at_5": 0.61819,
        "ndcg_at_10": 0.63864,
        "ndcg_at_20": 0.65018,
        "ndcg_at_100": 0.68017,
        "ndcg_at_1000": 0.68017,
        "map_at_1": 0.47692,
        "map_at_3": 0.5641,
        "map_at_5": 0.57795,
        "map_at_10": 0.58671,
        "map_at_20": 0.58982,
        "map_at_100": 0.59453,
        "map_at_1000": 0.59453,
        "recall_at_1": 0.47692,
        "recall_at_3": 0.67692,
        "recall_at_5": 0.73846,
        "recall_at_10": 0.8,
        "recall_at_20": 0.84615,
        "recall_at_100": 1.0,
        "recall_at_1000": 1.0,
        "precision_at_1": 0.47692,
        "precision_at_3": 0.22564,
        "precision_at_5": 0.14769,
        "precision_at_10": 0.08,
        "precision_at_20": 0.04231,
        "precision_at_100": 0.01,
        "precision_at_1000": 0.001,
        "mrr_at_1": 0.476923,
        "mrr_at_3": 0.564103,
        "mrr_at_5": 0.577949,
        "mrr_at_10": 0.586709,
        "mrr_at_20": 0.589823,
        "mrr_at_100": 0.594527,
        "mrr_at_1000": 0.594527,
        "nauc_ndcg_at_1_max": 0.414721,
        "nauc_ndcg_at_1_std": 0.109814,
        "nauc_ndcg_at_1_diff1": 0.692702,
        "nauc_ndcg_at_3_max": 0.488223,
        "nauc_ndcg_at_3_std": 0.295712,
        "nauc_ndcg_at_3_diff1": 0.625225,
        "nauc_ndcg_at_5_max": 0.478059,
        "nauc_ndcg_at_5_std": 0.346146,
        "nauc_ndcg_at_5_diff1": 0.602533,
        "nauc_ndcg_at_10_max": 0.450342,
        "nauc_ndcg_at_10_std": 0.321973,
        "nauc_ndcg_at_10_diff1": 0.590754,
        "nauc_ndcg_at_20_max": 0.450611,
        "nauc_ndcg_at_20_std": 0.319213,
        "nauc_ndcg_at_20_diff1": 0.582276,
        "nauc_ndcg_at_100_max": 0.449988,
        "nauc_ndcg_at_100_std": 0.271299,
        "nauc_ndcg_at_100_diff1": 0.612108,
        "nauc_ndcg_at_1000_max": 0.449988,
        "nauc_ndcg_at_1000_std": 0.271299,
        "nauc_ndcg_at_1000_diff1": 0.612108,
        "nauc_map_at_1_max": 0.414721,
        "nauc_map_at_1_std": 0.109814,
        "nauc_map_at_1_diff1": 0.692702,
        "nauc_map_at_3_max": 0.466322,
        "nauc_map_at_3_std": 0.244694,
        "nauc_map_at_3_diff1": 0.643848,
        "nauc_map_at_5_max": 0.459742,
        "nauc_map_at_5_std": 0.26656,
        "nauc_map_at_5_diff1": 0.632343,
        "nauc_map_at_10_max": 0.448041,
        "nauc_map_at_10_std": 0.255801,
        "nauc_map_at_10_diff1": 0.627188,
        "nauc_map_at_20_max": 0.447731,
        "nauc_map_at_20_std": 0.254577,
        "nauc_map_at_20_diff1": 0.625166,
        "nauc_map_at_100_max": 0.447672,
        "nauc_map_at_100_std": 0.247113,
        "nauc_map_at_100_diff1": 0.628491,
        "nauc_map_at_1000_max": 0.447672,
        "nauc_map_at_1000_std": 0.247113,
        "nauc_map_at_1000_diff1": 0.628491,
        "nauc_recall_at_1_max": 0.414721,
        "nauc_recall_at_1_std": 0.109814,
        "nauc_recall_at_1_diff1": 0.692702,
        "nauc_recall_at_3_max": 0.563424,
        "nauc_recall_at_3_std": 0.469009,
        "nauc_recall_at_3_diff1": 0.561914,
        "nauc_recall_at_5_max": 0.54956,
        "nauc_recall_at_5_std": 0.67029,
        "nauc_recall_at_5_diff1": 0.482574,
        "nauc_recall_at_10_max": 0.447732,
        "nauc_recall_at_10_std": 0.637615,
        "nauc_recall_at_10_diff1": 0.411538,
        "nauc_recall_at_20_max": 0.454156,
        "nauc_recall_at_20_std": 0.703914,
        "nauc_recall_at_20_diff1": 0.305432,
        "nauc_recall_at_100_max": NaN,
        "nauc_recall_at_100_std": NaN,
        "nauc_recall_at_100_diff1": NaN,
        "nauc_recall_at_1000_max": NaN,
        "nauc_recall_at_1000_std": NaN,
        "nauc_recall_at_1000_diff1": NaN,
        "nauc_precision_at_1_max": 0.414721,
        "nauc_precision_at_1_std": 0.109814,
        "nauc_precision_at_1_diff1": 0.692702,
        "nauc_precision_at_3_max": 0.563424,
        "nauc_precision_at_3_std": 0.469009,
        "nauc_precision_at_3_diff1": 0.561914,
        "nauc_precision_at_5_max": 0.54956,
        "nauc_precision_at_5_std": 0.67029,
        "nauc_precision_at_5_diff1": 0.482574,
        "nauc_precision_at_10_max": 0.447732,
        "nauc_precision_at_10_std": 0.637615,
        "nauc_precision_at_10_diff1": 0.411538,
        "nauc_precision_at_20_max": 0.454156,
        "nauc_precision_at_20_std": 0.703914,
        "nauc_precision_at_20_diff1": 0.305432,
        "nauc_precision_at_100_max": NaN,
        "nauc_precision_at_100_std": NaN,
        "nauc_precision_at_100_diff1": NaN,
        "nauc_precision_at_1000_max": 1.0,
        "nauc_precision_at_1000_std": 1.0,
        "nauc_precision_at_1000_diff1": 1.0,
        "nauc_mrr_at_1_max": 0.414721,
        "nauc_mrr_at_1_std": 0.109814,
        "nauc_mrr_at_1_diff1": 0.692702,
        "nauc_mrr_at_3_max": 0.466322,
        "nauc_mrr_at_3_std": 0.244694,
        "nauc_mrr_at_3_diff1": 0.643848,
        "nauc_mrr_at_5_max": 0.459742,
        "nauc_mrr_at_5_std": 0.26656,
        "nauc_mrr_at_5_diff1": 0.632343,
        "nauc_mrr_at_10_max": 0.448041,
        "nauc_mrr_at_10_std": 0.255801,
        "nauc_mrr_at_10_diff1": 0.627188,
        "nauc_mrr_at_20_max": 0.447731,
        "nauc_mrr_at_20_std": 0.254577,
        "nauc_mrr_at_20_diff1": 0.625166,
        "nauc_mrr_at_100_max": 0.447672,
        "nauc_mrr_at_100_std": 0.247113,
        "nauc_mrr_at_100_diff1": 0.628491,
        "nauc_mrr_at_1000_max": 0.447672,
        "nauc_mrr_at_1000_std": 0.247113,
        "nauc_mrr_at_1000_diff1": 0.628491,
        "main_score": 0.63864,
        "hf_subset": "default",
        "languages": [
          "eng-Latn"
        ]
      }
    ]
  },
  "evaluation_time": 3.234550714492798,
  "kg_co2_emissions": null
}