{
  "dataset_revision": "319b6cc4b012d733f126a943a8a66bdf9df5dc40",
  "task_name": "scalr",
  "mteb_version": "1.38.49",
  "scores": {
    "test": [
      {
        "ndcg_at_1": 0.43333,
        "ndcg_at_3": 0.55367,
        "ndcg_at_5": 0.58378,
        "ndcg_at_10": 0.62132,
        "ndcg_at_20": 0.63005,
        "ndcg_at_100": 0.64417,
        "ndcg_at_1000": 0.65064,
        "map_at_1": 0.43333,
        "map_at_3": 0.52083,
        "map_at_5": 0.53708,
        "map_at_10": 0.55245,
        "map_at_20": 0.555,
        "map_at_100": 0.557,
        "map_at_1000": 0.55725,
        "recall_at_1": 0.43333,
        "recall_at_3": 0.65,
        "recall_at_5": 0.725,
        "recall_at_10": 0.84167,
        "recall_at_20": 0.875,
        "recall_at_100": 0.95,
        "recall_at_1000": 1.0,
        "precision_at_1": 0.43333,
        "precision_at_3": 0.21667,
        "precision_at_5": 0.145,
        "precision_at_10": 0.08417,
        "precision_at_20": 0.04375,
        "precision_at_100": 0.0095,
        "precision_at_1000": 0.001,
        "mrr_at_1": 0.433333,
        "mrr_at_3": 0.520833,
        "mrr_at_5": 0.537083,
        "mrr_at_10": 0.55245,
        "mrr_at_20": 0.555001,
        "mrr_at_100": 0.557,
        "mrr_at_1000": 0.557251,
        "nauc_ndcg_at_1_max": 0.394048,
        "nauc_ndcg_at_1_std": 0.125537,
        "nauc_ndcg_at_1_diff1": 0.524966,
        "nauc_ndcg_at_3_max": 0.364146,
        "nauc_ndcg_at_3_std": 0.149239,
        "nauc_ndcg_at_3_diff1": 0.399958,
        "nauc_ndcg_at_5_max": 0.351102,
        "nauc_ndcg_at_5_std": 0.135148,
        "nauc_ndcg_at_5_diff1": 0.404735,
        "nauc_ndcg_at_10_max": 0.383993,
        "nauc_ndcg_at_10_std": 0.114711,
        "nauc_ndcg_at_10_diff1": 0.467898,
        "nauc_ndcg_at_20_max": 0.398998,
        "nauc_ndcg_at_20_std": 0.145234,
        "nauc_ndcg_at_20_diff1": 0.466993,
        "nauc_ndcg_at_100_max": 0.396351,
        "nauc_ndcg_at_100_std": 0.137428,
        "nauc_ndcg_at_100_diff1": 0.454051,
        "nauc_ndcg_at_1000_max": 0.388797,
        "nauc_ndcg_at_1000_std": 0.135326,
        "nauc_ndcg_at_1000_diff1": 0.457061,
        "nauc_map_at_1_max": 0.394048,
        "nauc_map_at_1_std": 0.125537,
        "nauc_map_at_1_diff1": 0.524966,
        "nauc_map_at_3_max": 0.376588,
        "nauc_map_at_3_std": 0.14292,
        "nauc_map_at_3_diff1": 0.43606,
        "nauc_map_at_5_max": 0.370228,
        "nauc_map_at_5_std": 0.136249,
        "nauc_map_at_5_diff1": 0.440011,
        "nauc_map_at_10_max": 0.382889,
        "nauc_map_at_10_std": 0.127749,
        "nauc_map_at_10_diff1": 0.464424,
        "nauc_map_at_20_max": 0.387037,
        "nauc_map_at_20_std": 0.135836,
        "nauc_map_at_20_diff1": 0.464213,
        "nauc_map_at_100_max": 0.38642,
        "nauc_map_at_100_std": 0.134105,
        "nauc_map_at_100_diff1": 0.462868,
        "nauc_map_at_1000_max": 0.386165,
        "nauc_map_at_1000_std": 0.13414,
        "nauc_map_at_1000_diff1": 0.462832,
        "nauc_recall_at_1_max": 0.394048,
        "nauc_recall_at_1_std": 0.125537,
        "nauc_recall_at_1_diff1": 0.524966,
        "nauc_recall_at_3_max": 0.320395,
        "nauc_recall_at_3_std": 0.170396,
        "nauc_recall_at_3_diff1": 0.277769,
        "nauc_recall_at_5_max": 0.272111,
        "nauc_recall_at_5_std": 0.126785,
        "nauc_recall_at_5_diff1": 0.267125,
        "nauc_recall_at_10_max": 0.410243,
        "nauc_recall_at_10_std": 0.019309,
        "nauc_recall_at_10_diff1": 0.538154,
        "nauc_recall_at_20_max": 0.53458,
        "nauc_recall_at_20_std": 0.245318,
        "nauc_recall_at_20_diff1": 0.546437,
        "nauc_recall_at_100_max": 0.679038,
        "nauc_recall_at_100_std": 0.243075,
        "nauc_recall_at_100_diff1": 0.297541,
        "nauc_recall_at_1000_max": NaN,
        "nauc_recall_at_1000_std": NaN,
        "nauc_recall_at_1000_diff1": NaN,
        "nauc_precision_at_1_max": 0.394048,
        "nauc_precision_at_1_std": 0.125537,
        "nauc_precision_at_1_diff1": 0.524966,
        "nauc_precision_at_3_max": 0.320395,
        "nauc_precision_at_3_std": 0.170396,
        "nauc_precision_at_3_diff1": 0.277769,
        "nauc_precision_at_5_max": 0.272111,
        "nauc_precision_at_5_std": 0.126785,
        "nauc_precision_at_5_diff1": 0.267125,
        "nauc_precision_at_10_max": 0.410243,
        "nauc_precision_at_10_std": 0.019309,
        "nauc_precision_at_10_diff1": 0.538154,
        "nauc_precision_at_20_max": 0.53458,
        "nauc_precision_at_20_std": 0.245318,
        "nauc_precision_at_20_diff1": 0.546437,
        "nauc_precision_at_100_max": 0.679038,
        "nauc_precision_at_100_std": 0.243075,
        "nauc_precision_at_100_diff1": 0.297541,
        "nauc_precision_at_1000_max": 1.0,
        "nauc_precision_at_1000_std": 1.0,
        "nauc_precision_at_1000_diff1": 1.0,
        "nauc_mrr_at_1_max": 0.394048,
        "nauc_mrr_at_1_std": 0.125537,
        "nauc_mrr_at_1_diff1": 0.524966,
        "nauc_mrr_at_3_max": 0.376588,
        "nauc_mrr_at_3_std": 0.14292,
        "nauc_mrr_at_3_diff1": 0.43606,
        "nauc_mrr_at_5_max": 0.370228,
        "nauc_mrr_at_5_std": 0.136249,
        "nauc_mrr_at_5_diff1": 0.440011,
        "nauc_mrr_at_10_max": 0.382889,
        "nauc_mrr_at_10_std": 0.127749,
        "nauc_mrr_at_10_diff1": 0.464424,
        "nauc_mrr_at_20_max": 0.387037,
        "nauc_mrr_at_20_std": 0.135836,
        "nauc_mrr_at_20_diff1": 0.464213,
        "nauc_mrr_at_100_max": 0.38642,
        "nauc_mrr_at_100_std": 0.134105,
        "nauc_mrr_at_100_diff1": 0.462868,
        "nauc_mrr_at_1000_max": 0.386165,
        "nauc_mrr_at_1000_std": 0.13414,
        "nauc_mrr_at_1000_diff1": 0.462832,
        "main_score": 0.62132,
        "hf_subset": "default",
        "languages": [
          "eng-Latn"
        ]
      }
    ]
  },
  "evaluation_time": 6.601541757583618,
  "kg_co2_emissions": null
}