{
  "dataset_revision": "427e2ae4b22cd9ad990ef8dd4647c16d79c89198",
  "task_name": "singaporean-judicial-keywords",
  "mteb_version": "1.38.49",
  "scores": {
    "test": [
      {
        "ndcg_at_1": 0.484,
        "ndcg_at_3": 0.58062,
        "ndcg_at_5": 0.60368,
        "ndcg_at_10": 0.63463,
        "ndcg_at_20": 0.64982,
        "ndcg_at_100": 0.67006,
        "ndcg_at_1000": 0.67452,
        "map_at_1": 0.484,
        "map_at_3": 0.55667,
        "map_at_5": 0.56947,
        "map_at_10": 0.58257,
        "map_at_20": 0.58675,
        "map_at_100": 0.58976,
        "map_at_1000": 0.58994,
        "recall_at_1": 0.484,
        "recall_at_3": 0.65,
        "recall_at_5": 0.706,
        "recall_at_10": 0.8,
        "recall_at_20": 0.86,
        "recall_at_100": 0.966,
        "recall_at_1000": 1.0,
        "precision_at_1": 0.484,
        "precision_at_3": 0.21667,
        "precision_at_5": 0.1412,
        "precision_at_10": 0.08,
        "precision_at_20": 0.043,
        "precision_at_100": 0.00966,
        "precision_at_1000": 0.001,
        "mrr_at_1": 0.484,
        "mrr_at_3": 0.556667,
        "mrr_at_5": 0.569467,
        "mrr_at_10": 0.582568,
        "mrr_at_20": 0.586751,
        "mrr_at_100": 0.589762,
        "mrr_at_1000": 0.589944,
        "nauc_ndcg_at_1_max": 0.469766,
        "nauc_ndcg_at_1_std": -0.051146,
        "nauc_ndcg_at_1_diff1": 0.576554,
        "nauc_ndcg_at_3_max": 0.47942,
        "nauc_ndcg_at_3_std": -0.036851,
        "nauc_ndcg_at_3_diff1": 0.513705,
        "nauc_ndcg_at_5_max": 0.499668,
        "nauc_ndcg_at_5_std": -0.017234,
        "nauc_ndcg_at_5_diff1": 0.510967,
        "nauc_ndcg_at_10_max": 0.505833,
        "nauc_ndcg_at_10_std": -0.001391,
        "nauc_ndcg_at_10_diff1": 0.509034,
        "nauc_ndcg_at_20_max": 0.502106,
        "nauc_ndcg_at_20_std": 0.00515,
        "nauc_ndcg_at_20_diff1": 0.521716,
        "nauc_ndcg_at_100_max": 0.494909,
        "nauc_ndcg_at_100_std": -0.005676,
        "nauc_ndcg_at_100_diff1": 0.524866,
        "nauc_ndcg_at_1000_max": 0.494262,
        "nauc_ndcg_at_1000_std": -0.011996,
        "nauc_ndcg_at_1000_diff1": 0.525943,
        "nauc_map_at_1_max": 0.469766,
        "nauc_map_at_1_std": -0.051146,
        "nauc_map_at_1_diff1": 0.576554,
        "nauc_map_at_3_max": 0.477348,
        "nauc_map_at_3_std": -0.039221,
        "nauc_map_at_3_diff1": 0.529994,
        "nauc_map_at_5_max": 0.488264,
        "nauc_map_at_5_std": -0.028778,
        "nauc_map_at_5_diff1": 0.528885,
        "nauc_map_at_10_max": 0.490641,
        "nauc_map_at_10_std": -0.023077,
        "nauc_map_at_10_diff1": 0.529422,
        "nauc_map_at_20_max": 0.489686,
        "nauc_map_at_20_std": -0.021543,
        "nauc_map_at_20_diff1": 0.532892,
        "nauc_map_at_100_max": 0.488727,
        "nauc_map_at_100_std": -0.022756,
        "nauc_map_at_100_diff1": 0.532955,
        "nauc_map_at_1000_max": 0.488728,
        "nauc_map_at_1000_std": -0.022963,
        "nauc_map_at_1000_diff1": 0.532995,
        "nauc_recall_at_1_max": 0.469766,
        "nauc_recall_at_1_std": -0.051146,
        "nauc_recall_at_1_diff1": 0.576554,
        "nauc_recall_at_3_max": 0.485983,
        "nauc_recall_at_3_std": -0.029744,
        "nauc_recall_at_3_diff1": 0.460529,
        "nauc_recall_at_5_max": 0.543632,
        "nauc_recall_at_5_std": 0.026851,
        "nauc_recall_at_5_diff1": 0.446163,
        "nauc_recall_at_10_max": 0.58472,
        "nauc_recall_at_10_std": 0.115155,
        "nauc_recall_at_10_diff1": 0.407562,
        "nauc_recall_at_20_max": 0.583864,
        "nauc_recall_at_20_std": 0.207171,
        "nauc_recall_at_20_diff1": 0.464244,
        "nauc_recall_at_100_max": 0.541028,
        "nauc_recall_at_100_std": 0.343577,
        "nauc_recall_at_100_diff1": 0.466414,
        "nauc_recall_at_1000_max": NaN,
        "nauc_recall_at_1000_std": NaN,
        "nauc_recall_at_1000_diff1": NaN,
        "nauc_precision_at_1_max": 0.469766,
        "nauc_precision_at_1_std": -0.051146,
        "nauc_precision_at_1_diff1": 0.576554,
        "nauc_precision_at_3_max": 0.485983,
        "nauc_precision_at_3_std": -0.029744,
        "nauc_precision_at_3_diff1": 0.460529,
        "nauc_precision_at_5_max": 0.543632,
        "nauc_precision_at_5_std": 0.026851,
        "nauc_precision_at_5_diff1": 0.446163,
        "nauc_precision_at_10_max": 0.58472,
        "nauc_precision_at_10_std": 0.115155,
        "nauc_precision_at_10_diff1": 0.407562,
        "nauc_precision_at_20_max": 0.583864,
        "nauc_precision_at_20_std": 0.207171,
        "nauc_precision_at_20_diff1": 0.464244,
        "nauc_precision_at_100_max": 0.541028,
        "nauc_precision_at_100_std": 0.343577,
        "nauc_precision_at_100_diff1": 0.466414,
        "nauc_precision_at_1000_max": 1.0,
        "nauc_precision_at_1000_std": 1.0,
        "nauc_precision_at_1000_diff1": 1.0,
        "nauc_mrr_at_1_max": 0.469766,
        "nauc_mrr_at_1_std": -0.051146,
        "nauc_mrr_at_1_diff1": 0.576554,
        "nauc_mrr_at_3_max": 0.477348,
        "nauc_mrr_at_3_std": -0.039221,
        "nauc_mrr_at_3_diff1": 0.529994,
        "nauc_mrr_at_5_max": 0.488264,
        "nauc_mrr_at_5_std": -0.028778,
        "nauc_mrr_at_5_diff1": 0.528885,
        "nauc_mrr_at_10_max": 0.490641,
        "nauc_mrr_at_10_std": -0.023077,
        "nauc_mrr_at_10_diff1": 0.529422,
        "nauc_mrr_at_20_max": 0.489686,
        "nauc_mrr_at_20_std": -0.021543,
        "nauc_mrr_at_20_diff1": 0.532892,
        "nauc_mrr_at_100_max": 0.488727,
        "nauc_mrr_at_100_std": -0.022756,
        "nauc_mrr_at_100_diff1": 0.532955,
        "nauc_mrr_at_1000_max": 0.488728,
        "nauc_mrr_at_1000_std": -0.022963,
        "nauc_mrr_at_1000_diff1": 0.532995,
        "main_score": 0.63463,
        "hf_subset": "default",
        "languages": [
          "eng-Latn"
        ]
      }
    ]
  },
  "evaluation_time": 94.17738747596741,
  "kg_co2_emissions": null
}