{
  "dataset_revision": "436d6a79d06cac556799e9e0be54a6fb90bf7182",
  "task_name": "uk-legislative-long-titles",
  "mteb_version": "1.38.49",
  "scores": {
    "test": [
      {
        "ndcg_at_1": 0.85897,
        "ndcg_at_3": 0.91056,
        "ndcg_at_5": 0.91608,
        "ndcg_at_10": 0.92036,
        "ndcg_at_20": 0.92036,
        "ndcg_at_100": 0.92529,
        "ndcg_at_1000": 0.92529,
        "map_at_1": 0.85897,
        "map_at_3": 0.89744,
        "map_at_5": 0.90064,
        "map_at_10": 0.90247,
        "map_at_20": 0.90247,
        "map_at_100": 0.90323,
        "map_at_1000": 0.90323,
        "recall_at_1": 0.85897,
        "recall_at_3": 0.94872,
        "recall_at_5": 0.96154,
        "recall_at_10": 0.97436,
        "recall_at_20": 0.97436,
        "recall_at_100": 1.0,
        "recall_at_1000": 1.0,
        "precision_at_1": 0.85897,
        "precision_at_3": 0.31624,
        "precision_at_5": 0.19231,
        "precision_at_10": 0.09744,
        "precision_at_20": 0.04872,
        "precision_at_100": 0.01,
        "precision_at_1000": 0.001,
        "mrr_at_1": 0.858974,
        "mrr_at_3": 0.897436,
        "mrr_at_5": 0.900641,
        "mrr_at_10": 0.902473,
        "mrr_at_20": 0.902473,
        "mrr_at_100": 0.903233,
        "mrr_at_1000": 0.903233,
        "nauc_ndcg_at_1_max": 0.930048,
        "nauc_ndcg_at_1_std": 0.582664,
        "nauc_ndcg_at_1_diff1": 0.987641,
        "nauc_ndcg_at_3_max": 0.934136,
        "nauc_ndcg_at_3_std": 0.675844,
        "nauc_ndcg_at_3_diff1": 0.954081,
        "nauc_ndcg_at_5_max": 0.929704,
        "nauc_ndcg_at_5_std": 0.672812,
        "nauc_ndcg_at_5_diff1": 0.950992,
        "nauc_ndcg_at_10_max": 0.941176,
        "nauc_ndcg_at_10_std": 0.690064,
        "nauc_ndcg_at_10_diff1": 0.955501,
        "nauc_ndcg_at_20_max": 0.941176,
        "nauc_ndcg_at_20_std": 0.690064,
        "nauc_ndcg_at_20_diff1": 0.955501,
        "nauc_ndcg_at_100_max": 0.937192,
        "nauc_ndcg_at_100_std": 0.669077,
        "nauc_ndcg_at_100_diff1": 0.961365,
        "nauc_ndcg_at_1000_max": 0.937192,
        "nauc_ndcg_at_1000_std": 0.669077,
        "nauc_ndcg_at_1000_diff1": 0.961365,
        "nauc_map_at_1_max": 0.930048,
        "nauc_map_at_1_std": 0.582664,
        "nauc_map_at_1_diff1": 0.987641,
        "nauc_map_at_3_max": 0.934576,
        "nauc_map_at_3_std": 0.6574,
        "nauc_map_at_3_diff1": 0.963601,
        "nauc_map_at_5_max": 0.93241,
        "nauc_map_at_5_std": 0.655299,
        "nauc_map_at_5_diff1": 0.962396,
        "nauc_map_at_10_max": 0.936488,
        "nauc_map_at_10_std": 0.661014,
        "nauc_map_at_10_diff1": 0.964199,
        "nauc_map_at_20_max": 0.936488,
        "nauc_map_at_20_std": 0.661014,
        "nauc_map_at_20_diff1": 0.964199,
        "nauc_map_at_100_max": 0.935975,
        "nauc_map_at_100_std": 0.658277,
        "nauc_map_at_100_diff1": 0.964968,
        "nauc_map_at_1000_max": 0.935975,
        "nauc_map_at_1000_std": 0.658277,
        "nauc_map_at_1000_diff1": 0.964968,
        "nauc_recall_at_1_max": 0.930048,
        "nauc_recall_at_1_std": 0.582664,
        "nauc_recall_at_1_diff1": 0.987641,
        "nauc_recall_at_3_max": 0.930225,
        "nauc_recall_at_3_std": 0.769928,
        "nauc_recall_at_3_diff1": 0.901681,
        "nauc_recall_at_5_max": 0.906967,
        "nauc_recall_at_5_std": 0.78627,
        "nauc_recall_at_5_diff1": 0.868908,
        "nauc_recall_at_10_max": 1.0,
        "nauc_recall_at_10_std": 1.0,
        "nauc_recall_at_10_diff1": 0.868908,
        "nauc_recall_at_20_max": 1.0,
        "nauc_recall_at_20_std": 1.0,
        "nauc_recall_at_20_diff1": 0.868908,
        "nauc_recall_at_100_max": NaN,
        "nauc_recall_at_100_std": NaN,
        "nauc_recall_at_100_diff1": NaN,
        "nauc_recall_at_1000_max": NaN,
        "nauc_recall_at_1000_std": NaN,
        "nauc_recall_at_1000_diff1": NaN,
        "nauc_precision_at_1_max": 0.930048,
        "nauc_precision_at_1_std": 0.582664,
        "nauc_precision_at_1_diff1": 0.987641,
        "nauc_precision_at_3_max": 0.930225,
        "nauc_precision_at_3_std": 0.769928,
        "nauc_precision_at_3_diff1": 0.901681,
        "nauc_precision_at_5_max": 0.906967,
        "nauc_precision_at_5_std": 0.78627,
        "nauc_precision_at_5_diff1": 0.868908,
        "nauc_precision_at_10_max": 1.0,
        "nauc_precision_at_10_std": 1.0,
        "nauc_precision_at_10_diff1": 0.868908,
        "nauc_precision_at_20_max": 1.0,
        "nauc_precision_at_20_std": 1.0,
        "nauc_precision_at_20_diff1": 0.868908,
        "nauc_precision_at_100_max": 1.0,
        "nauc_precision_at_100_std": 1.0,
        "nauc_precision_at_100_diff1": 1.0,
        "nauc_precision_at_1000_max": 1.0,
        "nauc_precision_at_1000_std": 1.0,
        "nauc_precision_at_1000_diff1": 1.0,
        "nauc_mrr_at_1_max": 0.930048,
        "nauc_mrr_at_1_std": 0.582664,
        "nauc_mrr_at_1_diff1": 0.987641,
        "nauc_mrr_at_3_max": 0.934576,
        "nauc_mrr_at_3_std": 0.6574,
        "nauc_mrr_at_3_diff1": 0.963601,
        "nauc_mrr_at_5_max": 0.93241,
        "nauc_mrr_at_5_std": 0.655299,
        "nauc_mrr_at_5_diff1": 0.962396,
        "nauc_mrr_at_10_max": 0.936488,
        "nauc_mrr_at_10_std": 0.661014,
        "nauc_mrr_at_10_diff1": 0.964199,
        "nauc_mrr_at_20_max": 0.936488,
        "nauc_mrr_at_20_std": 0.661014,
        "nauc_mrr_at_20_diff1": 0.964199,
        "nauc_mrr_at_100_max": 0.935975,
        "nauc_mrr_at_100_std": 0.658277,
        "nauc_mrr_at_100_diff1": 0.964968,
        "nauc_mrr_at_1000_max": 0.935975,
        "nauc_mrr_at_1000_std": 0.658277,
        "nauc_mrr_at_1000_diff1": 0.964968,
        "main_score": 0.92036,
        "hf_subset": "default",
        "languages": [
          "eng-Latn"
        ]
      }
    ]
  },
  "evaluation_time": 12.337448358535767,
  "kg_co2_emissions": null
}