{
  "dataset_revision": "dd157bbfa479359488c656981e3999da6f42e4e9",
  "task_name": "bar-exam-qa",
  "mteb_version": "1.38.49",
  "scores": {
    "test": [
      {
        "ndcg_at_1": 0.35897,
        "ndcg_at_3": 0.47629,
        "ndcg_at_5": 0.51859,
        "ndcg_at_10": 0.56547,
        "ndcg_at_20": 0.59013,
        "ndcg_at_100": 0.60994,
        "ndcg_at_1000": 0.60994,
        "map_at_1": 0.35897,
        "map_at_3": 0.44872,
        "map_at_5": 0.47222,
        "map_at_10": 0.49153,
        "map_at_20": 0.49878,
        "map_at_100": 0.50186,
        "map_at_1000": 0.50186,
        "recall_at_1": 0.35897,
        "recall_at_3": 0.55556,
        "recall_at_5": 0.65812,
        "recall_at_10": 0.80342,
        "recall_at_20": 0.89744,
        "recall_at_100": 1.0,
        "recall_at_1000": 1.0,
        "precision_at_1": 0.35897,
        "precision_at_3": 0.18519,
        "precision_at_5": 0.13162,
        "precision_at_10": 0.08034,
        "precision_at_20": 0.04487,
        "precision_at_100": 0.01,
        "precision_at_1000": 0.001,
        "mrr_at_1": 0.358974,
        "mrr_at_3": 0.448718,
        "mrr_at_5": 0.472222,
        "mrr_at_10": 0.491531,
        "mrr_at_20": 0.498779,
        "mrr_at_100": 0.501859,
        "mrr_at_1000": 0.501859,
        "nauc_ndcg_at_1_max": 0.256913,
        "nauc_ndcg_at_1_std": -0.121404,
        "nauc_ndcg_at_1_diff1": 0.443359,
        "nauc_ndcg_at_3_max": 0.349403,
        "nauc_ndcg_at_3_std": 0.035238,
        "nauc_ndcg_at_3_diff1": 0.41939,
        "nauc_ndcg_at_5_max": 0.340009,
        "nauc_ndcg_at_5_std": 0.038391,
        "nauc_ndcg_at_5_diff1": 0.455545,
        "nauc_ndcg_at_10_max": 0.333581,
        "nauc_ndcg_at_10_std": 0.005727,
        "nauc_ndcg_at_10_diff1": 0.454283,
        "nauc_ndcg_at_20_max": 0.335577,
        "nauc_ndcg_at_20_std": 0.016842,
        "nauc_ndcg_at_20_diff1": 0.460776,
        "nauc_ndcg_at_100_max": 0.327642,
        "nauc_ndcg_at_100_std": -0.000256,
        "nauc_ndcg_at_100_diff1": 0.44624,
        "nauc_ndcg_at_1000_max": 0.327642,
        "nauc_ndcg_at_1000_std": -0.000256,
        "nauc_ndcg_at_1000_diff1": 0.44624,
        "nauc_map_at_1_max": 0.256913,
        "nauc_map_at_1_std": -0.121404,
        "nauc_map_at_1_diff1": 0.443359,
        "nauc_map_at_3_max": 0.327747,
        "nauc_map_at_3_std": -0.000832,
        "nauc_map_at_3_diff1": 0.420061,
        "nauc_map_at_5_max": 0.322593,
        "nauc_map_at_5_std": -0.000501,
        "nauc_map_at_5_diff1": 0.439799,
        "nauc_map_at_10_max": 0.319617,
        "nauc_map_at_10_std": -0.013774,
        "nauc_map_at_10_diff1": 0.438988,
        "nauc_map_at_20_max": 0.319723,
        "nauc_map_at_20_std": -0.010821,
        "nauc_map_at_20_diff1": 0.440427,
        "nauc_map_at_100_max": 0.319336,
        "nauc_map_at_100_std": -0.013158,
        "nauc_map_at_100_diff1": 0.439121,
        "nauc_map_at_1000_max": 0.319336,
        "nauc_map_at_1000_std": -0.013158,
        "nauc_map_at_1000_diff1": 0.439121,
        "nauc_recall_at_1_max": 0.256913,
        "nauc_recall_at_1_std": -0.121404,
        "nauc_recall_at_1_diff1": 0.443359,
        "nauc_recall_at_3_max": 0.414211,
        "nauc_recall_at_3_std": 0.142906,
        "nauc_recall_at_3_diff1": 0.41964,
        "nauc_recall_at_5_max": 0.396524,
        "nauc_recall_at_5_std": 0.171,
        "nauc_recall_at_5_diff1": 0.517829,
        "nauc_recall_at_10_max": 0.394385,
        "nauc_recall_at_10_std": 0.07742,
        "nauc_recall_at_10_diff1": 0.54194,
        "nauc_recall_at_20_max": 0.465187,
        "nauc_recall_at_20_std": 0.233924,
        "nauc_recall_at_20_diff1": 0.673543,
        "nauc_recall_at_100_max": NaN,
        "nauc_recall_at_100_std": NaN,
        "nauc_recall_at_100_diff1": NaN,
        "nauc_recall_at_1000_max": NaN,
        "nauc_recall_at_1000_std": NaN,
        "nauc_recall_at_1000_diff1": NaN,
        "nauc_precision_at_1_max": 0.256913,
        "nauc_precision_at_1_std": -0.121404,
        "nauc_precision_at_1_diff1": 0.443359,
        "nauc_precision_at_3_max": 0.414211,
        "nauc_precision_at_3_std": 0.142906,
        "nauc_precision_at_3_diff1": 0.41964,
        "nauc_precision_at_5_max": 0.396524,
        "nauc_precision_at_5_std": 0.171,
        "nauc_precision_at_5_diff1": 0.517829,
        "nauc_precision_at_10_max": 0.394385,
        "nauc_precision_at_10_std": 0.07742,
        "nauc_precision_at_10_diff1": 0.54194,
        "nauc_precision_at_20_max": 0.465187,
        "nauc_precision_at_20_std": 0.233924,
        "nauc_precision_at_20_diff1": 0.673543,
        "nauc_precision_at_100_max": NaN,
        "nauc_precision_at_100_std": NaN,
        "nauc_precision_at_100_diff1": NaN,
        "nauc_precision_at_1000_max": 1.0,
        "nauc_precision_at_1000_std": 1.0,
        "nauc_precision_at_1000_diff1": 1.0,
        "nauc_mrr_at_1_max": 0.256913,
        "nauc_mrr_at_1_std": -0.121404,
        "nauc_mrr_at_1_diff1": 0.443359,
        "nauc_mrr_at_3_max": 0.327747,
        "nauc_mrr_at_3_std": -0.000832,
        "nauc_mrr_at_3_diff1": 0.420061,
        "nauc_mrr_at_5_max": 0.322593,
        "nauc_mrr_at_5_std": -0.000501,
        "nauc_mrr_at_5_diff1": 0.439799,
        "nauc_mrr_at_10_max": 0.319617,
        "nauc_mrr_at_10_std": -0.013774,
        "nauc_mrr_at_10_diff1": 0.438988,
        "nauc_mrr_at_20_max": 0.319723,
        "nauc_mrr_at_20_std": -0.010821,
        "nauc_mrr_at_20_diff1": 0.440427,
        "nauc_mrr_at_100_max": 0.319336,
        "nauc_mrr_at_100_std": -0.013158,
        "nauc_mrr_at_100_diff1": 0.439121,
        "nauc_mrr_at_1000_max": 0.319336,
        "nauc_mrr_at_1000_std": -0.013158,
        "nauc_mrr_at_1000_diff1": 0.439121,
        "main_score": 0.56547,
        "hf_subset": "default",
        "languages": [
          "eng-Latn"
        ]
      }
    ]
  },
  "evaluation_time": 8.676798582077026,
  "kg_co2_emissions": null
}