{
  "dataset_revision": "2095f248902963b4480ac96b774ba64b2104cbee",
  "task_name": "consumer-contracts-qa",
  "mteb_version": "1.38.49",
  "scores": {
    "test": [
      {
        "ndcg_at_1": 0.79293,
        "ndcg_at_3": 0.85708,
        "ndcg_at_5": 0.86339,
        "ndcg_at_10": 0.87872,
        "ndcg_at_20": 0.88513,
        "ndcg_at_100": 0.88732,
        "ndcg_at_1000": 0.88732,
        "map_at_1": 0.79293,
        "map_at_3": 0.84091,
        "map_at_5": 0.84444,
        "map_at_10": 0.85114,
        "map_at_20": 0.85292,
        "map_at_100": 0.85335,
        "map_at_1000": 0.85335,
        "recall_at_1": 0.79293,
        "recall_at_3": 0.90404,
        "recall_at_5": 0.91919,
        "recall_at_10": 0.96465,
        "recall_at_20": 0.9899,
        "recall_at_100": 1.0,
        "recall_at_1000": 1.0,
        "precision_at_1": 0.79293,
        "precision_at_3": 0.30135,
        "precision_at_5": 0.18384,
        "precision_at_10": 0.09646,
        "precision_at_20": 0.04949,
        "precision_at_100": 0.01,
        "precision_at_1000": 0.001,
        "mrr_at_1": 0.792929,
        "mrr_at_3": 0.840909,
        "mrr_at_5": 0.844444,
        "mrr_at_10": 0.851138,
        "mrr_at_20": 0.852922,
        "mrr_at_100": 0.853349,
        "mrr_at_1000": 0.853349,
        "nauc_ndcg_at_1_max": 0.661146,
        "nauc_ndcg_at_1_std": 0.134167,
        "nauc_ndcg_at_1_diff1": 0.793317,
        "nauc_ndcg_at_3_max": 0.700493,
        "nauc_ndcg_at_3_std": 0.235703,
        "nauc_ndcg_at_3_diff1": 0.732768,
        "nauc_ndcg_at_5_max": 0.698679,
        "nauc_ndcg_at_5_std": 0.22792,
        "nauc_ndcg_at_5_diff1": 0.741866,
        "nauc_ndcg_at_10_max": 0.689943,
        "nauc_ndcg_at_10_std": 0.196445,
        "nauc_ndcg_at_10_diff1": 0.744393,
        "nauc_ndcg_at_20_max": 0.684988,
        "nauc_ndcg_at_20_std": 0.208956,
        "nauc_ndcg_at_20_diff1": 0.748238,
        "nauc_ndcg_at_100_max": 0.684322,
        "nauc_ndcg_at_100_std": 0.192754,
        "nauc_ndcg_at_100_diff1": 0.754143,
        "nauc_ndcg_at_1000_max": 0.684322,
        "nauc_ndcg_at_1000_std": 0.192754,
        "nauc_ndcg_at_1000_diff1": 0.754143,
        "nauc_map_at_1_max": 0.661146,
        "nauc_map_at_1_std": 0.134167,
        "nauc_map_at_1_diff1": 0.793317,
        "nauc_map_at_3_max": 0.688962,
        "nauc_map_at_3_std": 0.207705,
        "nauc_map_at_3_diff1": 0.750517,
        "nauc_map_at_5_max": 0.687894,
        "nauc_map_at_5_std": 0.203135,
        "nauc_map_at_5_diff1": 0.75547,
        "nauc_map_at_10_max": 0.684007,
        "nauc_map_at_10_std": 0.190128,
        "nauc_map_at_10_diff1": 0.757203,
        "nauc_map_at_20_max": 0.682509,
        "nauc_map_at_20_std": 0.19103,
        "nauc_map_at_20_diff1": 0.757855,
        "nauc_map_at_100_max": 0.682358,
        "nauc_map_at_100_std": 0.188532,
        "nauc_map_at_100_diff1": 0.758749,
        "nauc_map_at_1000_max": 0.682358,
        "nauc_map_at_1000_std": 0.188532,
        "nauc_map_at_1000_diff1": 0.758749,
        "nauc_recall_at_1_max": 0.661146,
        "nauc_recall_at_1_std": 0.134167,
        "nauc_recall_at_1_diff1": 0.793317,
        "nauc_recall_at_3_max": 0.752451,
        "nauc_recall_at_3_std": 0.360659,
        "nauc_recall_at_3_diff1": 0.652794,
        "nauc_recall_at_5_max": 0.754316,
        "nauc_recall_at_5_std": 0.354121,
        "nauc_recall_at_5_diff1": 0.673056,
        "nauc_recall_at_10_max": 0.746433,
        "nauc_recall_at_10_std": 0.223306,
        "nauc_recall_at_10_diff1": 0.605233,
        "nauc_recall_at_20_max": 0.711627,
        "nauc_recall_at_20_std": 1.0,
        "nauc_recall_at_20_diff1": 0.456245,
        "nauc_recall_at_100_max": NaN,
        "nauc_recall_at_100_std": NaN,
        "nauc_recall_at_100_diff1": NaN,
        "nauc_recall_at_1000_max": NaN,
        "nauc_recall_at_1000_std": NaN,
        "nauc_recall_at_1000_diff1": NaN,
        "nauc_precision_at_1_max": 0.661146,
        "nauc_precision_at_1_std": 0.134167,
        "nauc_precision_at_1_diff1": 0.793317,
        "nauc_precision_at_3_max": 0.752451,
        "nauc_precision_at_3_std": 0.360659,
        "nauc_precision_at_3_diff1": 0.652794,
        "nauc_precision_at_5_max": 0.754316,
        "nauc_precision_at_5_std": 0.354121,
        "nauc_precision_at_5_diff1": 0.673056,
        "nauc_precision_at_10_max": 0.746433,
        "nauc_precision_at_10_std": 0.223306,
        "nauc_precision_at_10_diff1": 0.605233,
        "nauc_precision_at_20_max": 0.711627,
        "nauc_precision_at_20_std": 1.0,
        "nauc_precision_at_20_diff1": 0.456245,
        "nauc_precision_at_100_max": 1.0,
        "nauc_precision_at_100_std": 1.0,
        "nauc_precision_at_100_diff1": 1.0,
        "nauc_precision_at_1000_max": 1.0,
        "nauc_precision_at_1000_std": 1.0,
        "nauc_precision_at_1000_diff1": 1.0,
        "nauc_mrr_at_1_max": 0.661146,
        "nauc_mrr_at_1_std": 0.134167,
        "nauc_mrr_at_1_diff1": 0.793317,
        "nauc_mrr_at_3_max": 0.688962,
        "nauc_mrr_at_3_std": 0.207705,
        "nauc_mrr_at_3_diff1": 0.750517,
        "nauc_mrr_at_5_max": 0.687894,
        "nauc_mrr_at_5_std": 0.203135,
        "nauc_mrr_at_5_diff1": 0.75547,
        "nauc_mrr_at_10_max": 0.684007,
        "nauc_mrr_at_10_std": 0.190128,
        "nauc_mrr_at_10_diff1": 0.757203,
        "nauc_mrr_at_20_max": 0.682509,
        "nauc_mrr_at_20_std": 0.19103,
        "nauc_mrr_at_20_diff1": 0.757855,
        "nauc_mrr_at_100_max": 0.682358,
        "nauc_mrr_at_100_std": 0.188532,
        "nauc_mrr_at_100_diff1": 0.758749,
        "nauc_mrr_at_1000_max": 0.682358,
        "nauc_mrr_at_1000_std": 0.188532,
        "nauc_mrr_at_1000_diff1": 0.758749,
        "main_score": 0.87872,
        "hf_subset": "default",
        "languages": [
          "eng-Latn"
        ]
      }
    ]
  },
  "evaluation_time": 11.948670387268066,
  "kg_co2_emissions": null
}