{
  "dataset_revision": "48ed7bcb1f50896a0f71461a04b2df0ca84329d9",
  "task_name": "contractual-clause-retrieval",
  "mteb_version": "1.38.49",
  "scores": {
    "test": [
      {
        "ndcg_at_1": 0.82222,
        "ndcg_at_3": 0.82547,
        "ndcg_at_5": 0.86475,
        "ndcg_at_10": 0.88279,
        "ndcg_at_20": 0.88949,
        "ndcg_at_100": 0.89551,
        "ndcg_at_1000": 0.89551,
        "map_at_1": 0.41111,
        "map_at_3": 0.80185,
        "map_at_5": 0.83185,
        "map_at_10": 0.84279,
        "map_at_20": 0.84561,
        "map_at_100": 0.8471,
        "map_at_1000": 0.8471,
        "recall_at_1": 0.41111,
        "recall_at_3": 0.83333,
        "recall_at_5": 0.91111,
        "recall_at_10": 0.95556,
        "recall_at_20": 0.97778,
        "recall_at_100": 1.0,
        "recall_at_1000": 1.0,
        "precision_at_1": 0.82222,
        "precision_at_3": 0.55556,
        "precision_at_5": 0.36444,
        "precision_at_10": 0.19111,
        "precision_at_20": 0.09778,
        "precision_at_100": 0.02,
        "precision_at_1000": 0.002,
        "mrr_at_1": 0.822222,
        "mrr_at_3": 0.862963,
        "mrr_at_5": 0.874074,
        "mrr_at_10": 0.877249,
        "mrr_at_20": 0.877249,
        "mrr_at_100": 0.878307,
        "mrr_at_1000": 0.878307,
        "nauc_ndcg_at_1_max": 0.880918,
        "nauc_ndcg_at_1_std": 0.429839,
        "nauc_ndcg_at_1_diff1": 0.718412,
        "nauc_ndcg_at_3_max": 0.801892,
        "nauc_ndcg_at_3_std": 0.26173,
        "nauc_ndcg_at_3_diff1": 0.539787,
        "nauc_ndcg_at_5_max": 0.8528,
        "nauc_ndcg_at_5_std": 0.352015,
        "nauc_ndcg_at_5_diff1": 0.590679,
        "nauc_ndcg_at_10_max": 0.836548,
        "nauc_ndcg_at_10_std": 0.285251,
        "nauc_ndcg_at_10_diff1": 0.618985,
        "nauc_ndcg_at_20_max": 0.829214,
        "nauc_ndcg_at_20_std": 0.246772,
        "nauc_ndcg_at_20_diff1": 0.624099,
        "nauc_ndcg_at_100_max": 0.835796,
        "nauc_ndcg_at_100_std": 0.298069,
        "nauc_ndcg_at_100_diff1": 0.608687,
        "nauc_ndcg_at_1000_max": 0.835796,
        "nauc_ndcg_at_1000_std": 0.298069,
        "nauc_ndcg_at_1000_diff1": 0.608687,
        "nauc_map_at_1_max": 0.880918,
        "nauc_map_at_1_std": 0.429839,
        "nauc_map_at_1_diff1": 0.718412,
        "nauc_map_at_3_max": 0.808437,
        "nauc_map_at_3_std": 0.288437,
        "nauc_map_at_3_diff1": 0.526747,
        "nauc_map_at_5_max": 0.840136,
        "nauc_map_at_5_std": 0.336802,
        "nauc_map_at_5_diff1": 0.567173,
        "nauc_map_at_10_max": 0.831403,
        "nauc_map_at_10_std": 0.304434,
        "nauc_map_at_10_diff1": 0.57613,
        "nauc_map_at_20_max": 0.829161,
        "nauc_map_at_20_std": 0.293104,
        "nauc_map_at_20_diff1": 0.577304,
        "nauc_map_at_100_max": 0.830289,
        "nauc_map_at_100_std": 0.302399,
        "nauc_map_at_100_diff1": 0.574159,
        "nauc_map_at_1000_max": 0.830289,
        "nauc_map_at_1000_std": 0.302399,
        "nauc_map_at_1000_diff1": 0.574159,
        "nauc_recall_at_1_max": 0.880918,
        "nauc_recall_at_1_std": 0.429839,
        "nauc_recall_at_1_diff1": 0.718412,
        "nauc_recall_at_3_max": 0.773496,
        "nauc_recall_at_3_std": 0.222576,
        "nauc_recall_at_3_diff1": 0.476337,
        "nauc_recall_at_5_max": 0.887596,
        "nauc_recall_at_5_std": 0.447073,
        "nauc_recall_at_5_diff1": 0.55401,
        "nauc_recall_at_10_max": 0.829627,
        "nauc_recall_at_10_std": 0.148149,
        "nauc_recall_at_10_diff1": 0.705632,
        "nauc_recall_at_20_max": 0.723816,
        "nauc_recall_at_20_std": -0.574577,
        "nauc_recall_at_20_diff1": 0.870875,
        "nauc_recall_at_100_max": NaN,
        "nauc_recall_at_100_std": NaN,
        "nauc_recall_at_100_diff1": NaN,
        "nauc_recall_at_1000_max": NaN,
        "nauc_recall_at_1000_std": NaN,
        "nauc_recall_at_1000_diff1": NaN,
        "nauc_precision_at_1_max": 0.880918,
        "nauc_precision_at_1_std": 0.429839,
        "nauc_precision_at_1_diff1": 0.718412,
        "nauc_precision_at_3_max": 0.773496,
        "nauc_precision_at_3_std": 0.222576,
        "nauc_precision_at_3_diff1": 0.476337,
        "nauc_precision_at_5_max": 0.887596,
        "nauc_precision_at_5_std": 0.447073,
        "nauc_precision_at_5_diff1": 0.55401,
        "nauc_precision_at_10_max": 0.829627,
        "nauc_precision_at_10_std": 0.148149,
        "nauc_precision_at_10_diff1": 0.705632,
        "nauc_precision_at_20_max": 0.723816,
        "nauc_precision_at_20_std": -0.574577,
        "nauc_precision_at_20_diff1": 0.870875,
        "nauc_precision_at_100_max": 1.0,
        "nauc_precision_at_100_std": 1.0,
        "nauc_precision_at_100_diff1": 1.0,
        "nauc_precision_at_1000_max": NaN,
        "nauc_precision_at_1000_std": NaN,
        "nauc_precision_at_1000_diff1": NaN,
        "nauc_mrr_at_1_max": 0.880918,
        "nauc_mrr_at_1_std": 0.429839,
        "nauc_mrr_at_1_diff1": 0.718412,
        "nauc_mrr_at_3_max": 0.830342,
        "nauc_mrr_at_3_std": 0.256925,
        "nauc_mrr_at_3_diff1": 0.679513,
        "nauc_mrr_at_5_max": 0.85512,
        "nauc_mrr_at_5_std": 0.31889,
        "nauc_mrr_at_5_diff1": 0.691252,
        "nauc_mrr_at_10_max": 0.851173,
        "nauc_mrr_at_10_std": 0.303853,
        "nauc_mrr_at_10_diff1": 0.700358,
        "nauc_mrr_at_20_max": 0.851173,
        "nauc_mrr_at_20_std": 0.303853,
        "nauc_mrr_at_20_diff1": 0.700358,
        "nauc_mrr_at_100_max": 0.852341,
        "nauc_mrr_at_100_std": 0.311903,
        "nauc_mrr_at_100_diff1": 0.698796,
        "nauc_mrr_at_1000_max": 0.852341,
        "nauc_mrr_at_1000_std": 0.311903,
        "nauc_mrr_at_1000_diff1": 0.698796,
        "main_score": 0.88279,
        "hf_subset": "default",
        "languages": [
          "eng-Latn"
        ]
      }
    ]
  },
  "evaluation_time": 5.764505863189697,
  "kg_co2_emissions": null
}