{
  "dataset_revision": "8d41f3d22bb73685b6f42b62ad95940ea3dfbf84",
  "task_name": "gdpr-holdings-retrieval",
  "mteb_version": "1.38.49",
  "scores": {
    "test": [
      {
        "ndcg_at_1": 0.784,
        "ndcg_at_3": 0.8409,
        "ndcg_at_5": 0.85674,
        "ndcg_at_10": 0.86512,
        "ndcg_at_20": 0.8708,
        "ndcg_at_100": 0.87594,
        "ndcg_at_1000": 0.87672,
        "map_at_1": 0.784,
        "map_at_3": 0.82733,
        "map_at_5": 0.83623,
        "map_at_10": 0.83968,
        "map_at_20": 0.84129,
        "map_at_100": 0.84199,
        "map_at_1000": 0.84202,
        "recall_at_1": 0.784,
        "recall_at_3": 0.88,
        "recall_at_5": 0.918,
        "recall_at_10": 0.944,
        "recall_at_20": 0.966,
        "recall_at_100": 0.994,
        "recall_at_1000": 1.0,
        "precision_at_1": 0.784,
        "precision_at_3": 0.29333,
        "precision_at_5": 0.1836,
        "precision_at_10": 0.0944,
        "precision_at_20": 0.0483,
        "precision_at_100": 0.00994,
        "precision_at_1000": 0.001,
        "mrr_at_1": 0.784,
        "mrr_at_3": 0.827333,
        "mrr_at_5": 0.836233,
        "mrr_at_10": 0.839677,
        "mrr_at_20": 0.841293,
        "mrr_at_100": 0.84199,
        "mrr_at_1000": 0.842021,
        "nauc_ndcg_at_1_max": 0.564702,
        "nauc_ndcg_at_1_std": -0.043387,
        "nauc_ndcg_at_1_diff1": 0.826025,
        "nauc_ndcg_at_3_max": 0.639017,
        "nauc_ndcg_at_3_std": 0.022406,
        "nauc_ndcg_at_3_diff1": 0.79107,
        "nauc_ndcg_at_5_max": 0.624306,
        "nauc_ndcg_at_5_std": -0.009708,
        "nauc_ndcg_at_5_diff1": 0.794071,
        "nauc_ndcg_at_10_max": 0.625366,
        "nauc_ndcg_at_10_std": -0.003074,
        "nauc_ndcg_at_10_diff1": 0.803609,
        "nauc_ndcg_at_20_max": 0.624868,
        "nauc_ndcg_at_20_std": 0.010065,
        "nauc_ndcg_at_20_diff1": 0.801519,
        "nauc_ndcg_at_100_max": 0.618975,
        "nauc_ndcg_at_100_std": 0.001312,
        "nauc_ndcg_at_100_diff1": 0.804817,
        "nauc_ndcg_at_1000_max": 0.616698,
        "nauc_ndcg_at_1000_std": -0.003458,
        "nauc_ndcg_at_1000_diff1": 0.804114,
        "nauc_map_at_1_max": 0.564702,
        "nauc_map_at_1_std": -0.043387,
        "nauc_map_at_1_diff1": 0.826025,
        "nauc_map_at_3_max": 0.620013,
        "nauc_map_at_3_std": 0.002667,
        "nauc_map_at_3_diff1": 0.801672,
        "nauc_map_at_5_max": 0.611447,
        "nauc_map_at_5_std": -0.014358,
        "nauc_map_at_5_diff1": 0.80349,
        "nauc_map_at_10_max": 0.611239,
        "nauc_map_at_10_std": -0.012243,
        "nauc_map_at_10_diff1": 0.807146,
        "nauc_map_at_20_max": 0.610923,
        "nauc_map_at_20_std": -0.009064,
        "nauc_map_at_20_diff1": 0.806597,
        "nauc_map_at_100_max": 0.610206,
        "nauc_map_at_100_std": -0.010239,
        "nauc_map_at_100_diff1": 0.806819,
        "nauc_map_at_1000_max": 0.610133,
        "nauc_map_at_1000_std": -0.010392,
        "nauc_map_at_1000_diff1": 0.806801,
        "nauc_recall_at_1_max": 0.564702,
        "nauc_recall_at_1_std": -0.043387,
        "nauc_recall_at_1_diff1": 0.826025,
        "nauc_recall_at_3_max": 0.713013,
        "nauc_recall_at_3_std": 0.101185,
        "nauc_recall_at_3_diff1": 0.748696,
        "nauc_recall_at_5_max": 0.688415,
        "nauc_recall_at_5_std": 0.007823,
        "nauc_recall_at_5_diff1": 0.744187,
        "nauc_recall_at_10_max": 0.729875,
        "nauc_recall_at_10_std": 0.063592,
        "nauc_recall_at_10_diff1": 0.787031,
        "nauc_recall_at_20_max": 0.791756,
        "nauc_recall_at_20_std": 0.28165,
        "nauc_recall_at_20_diff1": 0.7507,
        "nauc_recall_at_100_max": 0.956427,
        "nauc_recall_at_100_std": 0.707594,
        "nauc_recall_at_100_diff1": 0.912854,
        "nauc_recall_at_1000_max": NaN,
        "nauc_recall_at_1000_std": NaN,
        "nauc_recall_at_1000_diff1": NaN,
        "nauc_precision_at_1_max": 0.564702,
        "nauc_precision_at_1_std": -0.043387,
        "nauc_precision_at_1_diff1": 0.826025,
        "nauc_precision_at_3_max": 0.713013,
        "nauc_precision_at_3_std": 0.101185,
        "nauc_precision_at_3_diff1": 0.748696,
        "nauc_precision_at_5_max": 0.688415,
        "nauc_precision_at_5_std": 0.007823,
        "nauc_precision_at_5_diff1": 0.744187,
        "nauc_precision_at_10_max": 0.729875,
        "nauc_precision_at_10_std": 0.063592,
        "nauc_precision_at_10_diff1": 0.787031,
        "nauc_precision_at_20_max": 0.791756,
        "nauc_precision_at_20_std": 0.28165,
        "nauc_precision_at_20_diff1": 0.7507,
        "nauc_precision_at_100_max": 0.956427,
        "nauc_precision_at_100_std": 0.707594,
        "nauc_precision_at_100_diff1": 0.912854,
        "nauc_precision_at_1000_max": 1.0,
        "nauc_precision_at_1000_std": 1.0,
        "nauc_precision_at_1000_diff1": 1.0,
        "nauc_mrr_at_1_max": 0.564702,
        "nauc_mrr_at_1_std": -0.043387,
        "nauc_mrr_at_1_diff1": 0.826025,
        "nauc_mrr_at_3_max": 0.620013,
        "nauc_mrr_at_3_std": 0.002667,
        "nauc_mrr_at_3_diff1": 0.801672,
        "nauc_mrr_at_5_max": 0.611447,
        "nauc_mrr_at_5_std": -0.014358,
        "nauc_mrr_at_5_diff1": 0.80349,
        "nauc_mrr_at_10_max": 0.611239,
        "nauc_mrr_at_10_std": -0.012243,
        "nauc_mrr_at_10_diff1": 0.807146,
        "nauc_mrr_at_20_max": 0.610923,
        "nauc_mrr_at_20_std": -0.009064,
        "nauc_mrr_at_20_diff1": 0.806597,
        "nauc_mrr_at_100_max": 0.610206,
        "nauc_mrr_at_100_std": -0.010239,
        "nauc_mrr_at_100_diff1": 0.806819,
        "nauc_mrr_at_1000_max": 0.610133,
        "nauc_mrr_at_1000_std": -0.010392,
        "nauc_mrr_at_1000_diff1": 0.806801,
        "main_score": 0.86512,
        "hf_subset": "default",
        "languages": [
          "eng-Latn"
        ]
      }
    ]
  },
  "evaluation_time": 45.64052152633667,
  "kg_co2_emissions": null
}