{
  "dataset_revision": "66d23b0ce609450ce24d0fc85e9bac69aba90b84",
  "task_name": "housing-qa",
  "mteb_version": "1.38.49",
  "scores": {
    "test": [
      {
        "ndcg_at_1": 0.17757,
        "ndcg_at_3": 0.19931,
        "ndcg_at_5": 0.21051,
        "ndcg_at_10": 0.2523,
        "ndcg_at_20": 0.30533,
        "ndcg_at_100": 0.40597,
        "ndcg_at_1000": 0.45029,
        "map_at_1": 0.07899,
        "map_at_3": 0.11953,
        "map_at_5": 0.13802,
        "map_at_10": 0.16545,
        "map_at_20": 0.18705,
        "map_at_100": 0.21295,
        "map_at_1000": 0.21841,
        "recall_at_1": 0.07899,
        "recall_at_3": 0.15855,
        "recall_at_5": 0.20702,
        "recall_at_10": 0.33247,
        "recall_at_20": 0.47971,
        "recall_at_100": 0.80233,
        "recall_at_1000": 1.0,
        "precision_at_1": 0.17757,
        "precision_at_3": 0.14953,
        "precision_at_5": 0.13458,
        "precision_at_10": 0.11776,
        "precision_at_20": 0.08972,
        "precision_at_100": 0.03589,
        "precision_at_1000": 0.00467,
        "mrr_at_1": 0.17757,
        "mrr_at_3": 0.255452,
        "mrr_at_5": 0.283489,
        "mrr_at_10": 0.306813,
        "mrr_at_20": 0.319894,
        "mrr_at_100": 0.323925,
        "mrr_at_1000": 0.324096,
        "nauc_ndcg_at_1_max": 0.022069,
        "nauc_ndcg_at_1_std": -0.12842,
        "nauc_ndcg_at_1_diff1": 0.257332,
        "nauc_ndcg_at_3_max": 0.007899,
        "nauc_ndcg_at_3_std": -0.142001,
        "nauc_ndcg_at_3_diff1": 0.056936,
        "nauc_ndcg_at_5_max": 0.033267,
        "nauc_ndcg_at_5_std": -0.158865,
        "nauc_ndcg_at_5_diff1": 0.043333,
        "nauc_ndcg_at_10_max": 0.055462,
        "nauc_ndcg_at_10_std": -0.200876,
        "nauc_ndcg_at_10_diff1": 0.108258,
        "nauc_ndcg_at_20_max": 0.064884,
        "nauc_ndcg_at_20_std": -0.197693,
        "nauc_ndcg_at_20_diff1": 0.112148,
        "nauc_ndcg_at_100_max": 0.108343,
        "nauc_ndcg_at_100_std": -0.090388,
        "nauc_ndcg_at_100_diff1": 0.148421,
        "nauc_ndcg_at_1000_max": 0.074393,
        "nauc_ndcg_at_1000_std": -0.052731,
        "nauc_ndcg_at_1000_diff1": 0.118867,
        "nauc_map_at_1_max": -0.080114,
        "nauc_map_at_1_std": -0.350664,
        "nauc_map_at_1_diff1": 0.189015,
        "nauc_map_at_3_max": -0.06977,
        "nauc_map_at_3_std": -0.309871,
        "nauc_map_at_3_diff1": 0.086836,
        "nauc_map_at_5_max": -0.009421,
        "nauc_map_at_5_std": -0.284213,
        "nauc_map_at_5_diff1": 0.095945,
        "nauc_map_at_10_max": 0.005999,
        "nauc_map_at_10_std": -0.276348,
        "nauc_map_at_10_diff1": 0.121402,
        "nauc_map_at_20_max": 0.01576,
        "nauc_map_at_20_std": -0.259698,
        "nauc_map_at_20_diff1": 0.119424,
        "nauc_map_at_100_max": 0.030725,
        "nauc_map_at_100_std": -0.226275,
        "nauc_map_at_100_diff1": 0.127845,
        "nauc_map_at_1000_max": 0.031089,
        "nauc_map_at_1000_std": -0.216144,
        "nauc_map_at_1000_diff1": 0.125814,
        "nauc_recall_at_1_max": -0.080114,
        "nauc_recall_at_1_std": -0.350664,
        "nauc_recall_at_1_diff1": 0.189015,
        "nauc_recall_at_3_max": -0.095323,
        "nauc_recall_at_3_std": -0.27646,
        "nauc_recall_at_3_diff1": -0.023297,
        "nauc_recall_at_5_max": -0.00847,
        "nauc_recall_at_5_std": -0.22631,
        "nauc_recall_at_5_diff1": -0.028334,
        "nauc_recall_at_10_max": 0.120464,
        "nauc_recall_at_10_std": -0.232432,
        "nauc_recall_at_10_diff1": 0.112027,
        "nauc_recall_at_20_max": 0.137442,
        "nauc_recall_at_20_std": -0.274118,
        "nauc_recall_at_20_diff1": 0.113995,
        "nauc_recall_at_100_max": 0.31869,
        "nauc_recall_at_100_std": -0.090613,
        "nauc_recall_at_100_diff1": 0.292785,
        "nauc_recall_at_1000_max": NaN,
        "nauc_recall_at_1000_std": NaN,
        "nauc_recall_at_1000_diff1": NaN,
        "nauc_precision_at_1_max": 0.022069,
        "nauc_precision_at_1_std": -0.12842,
        "nauc_precision_at_1_diff1": 0.257332,
        "nauc_precision_at_3_max": 0.037091,
        "nauc_precision_at_3_std": -0.024017,
        "nauc_precision_at_3_diff1": -0.014293,
        "nauc_precision_at_5_max": 0.122406,
        "nauc_precision_at_5_std": 0.013957,
        "nauc_precision_at_5_diff1": 0.008283,
        "nauc_precision_at_10_max": 0.118919,
        "nauc_precision_at_10_std": 0.091049,
        "nauc_precision_at_10_diff1": 0.051499,
        "nauc_precision_at_20_max": 0.159339,
        "nauc_precision_at_20_std": 0.200945,
        "nauc_precision_at_20_diff1": 0.049716,
        "nauc_precision_at_100_max": 0.203129,
        "nauc_precision_at_100_std": 0.450404,
        "nauc_precision_at_100_diff1": 0.051856,
        "nauc_precision_at_1000_max": 0.125019,
        "nauc_precision_at_1000_std": 0.483959,
        "nauc_precision_at_1000_diff1": -0.003531,
        "nauc_mrr_at_1_max": 0.022069,
        "nauc_mrr_at_1_std": -0.12842,
        "nauc_mrr_at_1_diff1": 0.257332,
        "nauc_mrr_at_3_max": 0.030483,
        "nauc_mrr_at_3_std": -0.089613,
        "nauc_mrr_at_3_diff1": 0.116505,
        "nauc_mrr_at_5_max": 0.034773,
        "nauc_mrr_at_5_std": -0.074176,
        "nauc_mrr_at_5_diff1": 0.104846,
        "nauc_mrr_at_10_max": 0.064283,
        "nauc_mrr_at_10_std": -0.068007,
        "nauc_mrr_at_10_diff1": 0.136475,
        "nauc_mrr_at_20_max": 0.067356,
        "nauc_mrr_at_20_std": -0.056276,
        "nauc_mrr_at_20_diff1": 0.139087,
        "nauc_mrr_at_100_max": 0.062261,
        "nauc_mrr_at_100_std": -0.061105,
        "nauc_mrr_at_100_diff1": 0.13958,
        "nauc_mrr_at_1000_max": 0.061776,
        "nauc_mrr_at_1000_std": -0.061547,
        "nauc_mrr_at_1000_diff1": 0.13926,
        "main_score": 0.2523,
        "hf_subset": "default",
        "languages": [
          "eng-Latn"
        ]
      }
    ]
  },
  "evaluation_time": 18.008495092391968,
  "kg_co2_emissions": null
}