{
  "dataset_revision": "bbf8b2d84b7de5970b2ba4ea843c791285fdb1df",
  "task_name": "irish-legislative-summaries",
  "mteb_version": "1.38.49",
  "scores": {
    "test": [
      {
        "ndcg_at_1": 0.792,
        "ndcg_at_3": 0.86457,
        "ndcg_at_5": 0.87447,
        "ndcg_at_10": 0.88299,
        "ndcg_at_20": 0.88644,
        "ndcg_at_100": 0.89051,
        "ndcg_at_1000": 0.89074,
        "map_at_1": 0.792,
        "map_at_3": 0.848,
        "map_at_5": 0.8535,
        "map_at_10": 0.85708,
        "map_at_20": 0.85799,
        "map_at_100": 0.85854,
        "map_at_1000": 0.85855,
        "recall_at_1": 0.792,
        "recall_at_3": 0.912,
        "recall_at_5": 0.936,
        "recall_at_10": 0.962,
        "recall_at_20": 0.976,
        "recall_at_100": 0.998,
        "recall_at_1000": 1.0,
        "precision_at_1": 0.792,
        "precision_at_3": 0.304,
        "precision_at_5": 0.1872,
        "precision_at_10": 0.0962,
        "precision_at_20": 0.0488,
        "precision_at_100": 0.00998,
        "precision_at_1000": 0.001,
        "mrr_at_1": 0.792,
        "mrr_at_3": 0.848,
        "mrr_at_5": 0.8535,
        "mrr_at_10": 0.857085,
        "mrr_at_20": 0.857988,
        "mrr_at_100": 0.858542,
        "mrr_at_1000": 0.858548,
        "nauc_ndcg_at_1_max": 0.701504,
        "nauc_ndcg_at_1_std": -0.00471,
        "nauc_ndcg_at_1_diff1": 0.847157,
        "nauc_ndcg_at_3_max": 0.714041,
        "nauc_ndcg_at_3_std": -0.054595,
        "nauc_ndcg_at_3_diff1": 0.841601,
        "nauc_ndcg_at_5_max": 0.720253,
        "nauc_ndcg_at_5_std": -0.040954,
        "nauc_ndcg_at_5_diff1": 0.83728,
        "nauc_ndcg_at_10_max": 0.718635,
        "nauc_ndcg_at_10_std": -0.033672,
        "nauc_ndcg_at_10_diff1": 0.836234,
        "nauc_ndcg_at_20_max": 0.711524,
        "nauc_ndcg_at_20_std": -0.030838,
        "nauc_ndcg_at_20_diff1": 0.83402,
        "nauc_ndcg_at_100_max": 0.711125,
        "nauc_ndcg_at_100_std": -0.027654,
        "nauc_ndcg_at_100_diff1": 0.836116,
        "nauc_ndcg_at_1000_max": 0.711099,
        "nauc_ndcg_at_1000_std": -0.029389,
        "nauc_ndcg_at_1000_diff1": 0.837222,
        "nauc_map_at_1_max": 0.701504,
        "nauc_map_at_1_std": -0.00471,
        "nauc_map_at_1_diff1": 0.847157,
        "nauc_map_at_3_max": 0.708565,
        "nauc_map_at_3_std": -0.039426,
        "nauc_map_at_3_diff1": 0.841403,
        "nauc_map_at_5_max": 0.711097,
        "nauc_map_at_5_std": -0.032571,
        "nauc_map_at_5_diff1": 0.839418,
        "nauc_map_at_10_max": 0.710344,
        "nauc_map_at_10_std": -0.030014,
        "nauc_map_at_10_diff1": 0.839213,
        "nauc_map_at_20_max": 0.708809,
        "nauc_map_at_20_std": -0.029581,
        "nauc_map_at_20_diff1": 0.838751,
        "nauc_map_at_100_max": 0.708819,
        "nauc_map_at_100_std": -0.028768,
        "nauc_map_at_100_diff1": 0.838978,
        "nauc_map_at_1000_max": 0.708818,
        "nauc_map_at_1000_std": -0.028802,
        "nauc_map_at_1000_diff1": 0.839,
        "nauc_recall_at_1_max": 0.701504,
        "nauc_recall_at_1_std": -0.00471,
        "nauc_recall_at_1_diff1": 0.847157,
        "nauc_recall_at_3_max": 0.740886,
        "nauc_recall_at_3_std": -0.125647,
        "nauc_recall_at_3_diff1": 0.84388,
        "nauc_recall_at_5_max": 0.781192,
        "nauc_recall_at_5_std": -0.087812,
        "nauc_recall_at_5_diff1": 0.824288,
        "nauc_recall_at_10_max": 0.807386,
        "nauc_recall_at_10_std": -0.051526,
        "nauc_recall_at_10_diff1": 0.804044,
        "nauc_recall_at_20_max": 0.729069,
        "nauc_recall_at_20_std": -0.002568,
        "nauc_recall_at_20_diff1": 0.745565,
        "nauc_recall_at_100_max": 0.722222,
        "nauc_recall_at_100_std": 0.722222,
        "nauc_recall_at_100_diff1": 0.358077,
        "nauc_recall_at_1000_max": NaN,
        "nauc_recall_at_1000_std": NaN,
        "nauc_recall_at_1000_diff1": NaN,
        "nauc_precision_at_1_max": 0.701504,
        "nauc_precision_at_1_std": -0.00471,
        "nauc_precision_at_1_diff1": 0.847157,
        "nauc_precision_at_3_max": 0.740886,
        "nauc_precision_at_3_std": -0.125647,
        "nauc_precision_at_3_diff1": 0.84388,
        "nauc_precision_at_5_max": 0.781192,
        "nauc_precision_at_5_std": -0.087812,
        "nauc_precision_at_5_diff1": 0.824288,
        "nauc_precision_at_10_max": 0.807386,
        "nauc_precision_at_10_std": -0.051526,
        "nauc_precision_at_10_diff1": 0.804044,
        "nauc_precision_at_20_max": 0.729069,
        "nauc_precision_at_20_std": -0.002568,
        "nauc_precision_at_20_diff1": 0.745565,
        "nauc_precision_at_100_max": 0.722222,
        "nauc_precision_at_100_std": 0.722222,
        "nauc_precision_at_100_diff1": 0.358077,
        "nauc_precision_at_1000_max": 1.0,
        "nauc_precision_at_1000_std": 1.0,
        "nauc_precision_at_1000_diff1": 1.0,
        "nauc_mrr_at_1_max": 0.701504,
        "nauc_mrr_at_1_std": -0.00471,
        "nauc_mrr_at_1_diff1": 0.847157,
        "nauc_mrr_at_3_max": 0.708565,
        "nauc_mrr_at_3_std": -0.039426,
        "nauc_mrr_at_3_diff1": 0.841403,
        "nauc_mrr_at_5_max": 0.711097,
        "nauc_mrr_at_5_std": -0.032571,
        "nauc_mrr_at_5_diff1": 0.839418,
        "nauc_mrr_at_10_max": 0.710344,
        "nauc_mrr_at_10_std": -0.030014,
        "nauc_mrr_at_10_diff1": 0.839213,
        "nauc_mrr_at_20_max": 0.708809,
        "nauc_mrr_at_20_std": -0.029581,
        "nauc_mrr_at_20_diff1": 0.838751,
        "nauc_mrr_at_100_max": 0.708819,
        "nauc_mrr_at_100_std": -0.028768,
        "nauc_mrr_at_100_diff1": 0.838978,
        "nauc_mrr_at_1000_max": 0.708818,
        "nauc_mrr_at_1000_std": -0.028802,
        "nauc_mrr_at_1000_diff1": 0.839,
        "main_score": 0.88299,
        "hf_subset": "default",
        "languages": [
          "eng-Latn"
        ]
      }
    ]
  },
  "evaluation_time": 366.9228186607361,
  "kg_co2_emissions": null
}