{
  "dataset_revision": "ca0f1732432ad623ba6172b15e8c726b76e50fad",
  "task_name": "legal-rag-bench",
  "mteb_version": "1.39.7",
  "scores": {
    "test": [
      {
        "ndcg_at_1": 0.27,
        "ndcg_at_3": 0.38571,
        "ndcg_at_5": 0.41885,
        "ndcg_at_10": 0.45435,
        "ndcg_at_20": 0.47716,
        "ndcg_at_100": 0.51805,
        "ndcg_at_1000": 0.52301,
        "map_at_1": 0.27,
        "map_at_3": 0.35667,
        "map_at_5": 0.37517,
        "map_at_10": 0.38976,
        "map_at_20": 0.39605,
        "map_at_100": 0.4024,
        "map_at_1000": 0.40256,
        "recall_at_1": 0.27,
        "recall_at_3": 0.47,
        "recall_at_5": 0.55,
        "recall_at_10": 0.66,
        "recall_at_20": 0.75,
        "recall_at_100": 0.96,
        "recall_at_1000": 1.0,
        "precision_at_1": 0.27,
        "precision_at_3": 0.15667,
        "precision_at_5": 0.11,
        "precision_at_10": 0.066,
        "precision_at_20": 0.0375,
        "precision_at_100": 0.0096,
        "precision_at_1000": 0.001,
        "mrr_at_1": 0.27,
        "mrr_at_3": 0.356667,
        "mrr_at_5": 0.375167,
        "mrr_at_10": 0.389758,
        "mrr_at_20": 0.396046,
        "mrr_at_100": 0.402402,
        "mrr_at_1000": 0.402562,
        "nauc_ndcg_at_1_max": 0.00429,
        "nauc_ndcg_at_1_std": -0.081291,
        "nauc_ndcg_at_1_diff1": 0.340579,
        "nauc_ndcg_at_3_max": 0.025075,
        "nauc_ndcg_at_3_std": -0.101937,
        "nauc_ndcg_at_3_diff1": 0.245856,
        "nauc_ndcg_at_5_max": 0.034961,
        "nauc_ndcg_at_5_std": -0.115621,
        "nauc_ndcg_at_5_diff1": 0.26609,
        "nauc_ndcg_at_10_max": 0.035907,
        "nauc_ndcg_at_10_std": -0.080436,
        "nauc_ndcg_at_10_diff1": 0.287273,
        "nauc_ndcg_at_20_max": 0.041333,
        "nauc_ndcg_at_20_std": -0.043034,
        "nauc_ndcg_at_20_diff1": 0.284288,
        "nauc_ndcg_at_100_max": 0.034408,
        "nauc_ndcg_at_100_std": -0.0575,
        "nauc_ndcg_at_100_diff1": 0.288612,
        "nauc_ndcg_at_1000_max": 0.039432,
        "nauc_ndcg_at_1000_std": -0.065299,
        "nauc_ndcg_at_1000_diff1": 0.285546,
        "nauc_map_at_1_max": 0.00429,
        "nauc_map_at_1_std": -0.081291,
        "nauc_map_at_1_diff1": 0.340579,
        "nauc_map_at_3_max": 0.023567,
        "nauc_map_at_3_std": -0.090015,
        "nauc_map_at_3_diff1": 0.265255,
        "nauc_map_at_5_max": 0.030002,
        "nauc_map_at_5_std": -0.096019,
        "nauc_map_at_5_diff1": 0.274786,
        "nauc_map_at_10_max": 0.032407,
        "nauc_map_at_10_std": -0.079131,
        "nauc_map_at_10_diff1": 0.284779,
        "nauc_map_at_20_max": 0.034435,
        "nauc_map_at_20_std": -0.070017,
        "nauc_map_at_20_diff1": 0.284692,
        "nauc_map_at_100_max": 0.034495,
        "nauc_map_at_100_std": -0.072476,
        "nauc_map_at_100_diff1": 0.285302,
        "nauc_map_at_1000_max": 0.034761,
        "nauc_map_at_1000_std": -0.072608,
        "nauc_map_at_1000_diff1": 0.285281,
        "nauc_recall_at_1_max": 0.00429,
        "nauc_recall_at_1_std": -0.081291,
        "nauc_recall_at_1_diff1": 0.340579,
        "nauc_recall_at_3_max": 0.027967,
        "nauc_recall_at_3_std": -0.138069,
        "nauc_recall_at_3_diff1": 0.192711,
        "nauc_recall_at_5_max": 0.048318,
        "nauc_recall_at_5_std": -0.179948,
        "nauc_recall_at_5_diff1": 0.247209,
        "nauc_recall_at_10_max": 0.041488,
        "nauc_recall_at_10_std": -0.082462,
        "nauc_recall_at_10_diff1": 0.3101,
        "nauc_recall_at_20_max": 0.06472,
        "nauc_recall_at_20_std": 0.124563,
        "nauc_recall_at_20_diff1": 0.292308,
        "nauc_recall_at_100_max": -0.187325,
        "nauc_recall_at_100_std": 0.389823,
        "nauc_recall_at_100_diff1": 0.477241,
        "nauc_recall_at_1000_max": NaN,
        "nauc_recall_at_1000_std": NaN,
        "nauc_recall_at_1000_diff1": NaN,
        "nauc_precision_at_1_max": 0.00429,
        "nauc_precision_at_1_std": -0.081291,
        "nauc_precision_at_1_diff1": 0.340579,
        "nauc_precision_at_3_max": 0.027967,
        "nauc_precision_at_3_std": -0.138069,
        "nauc_precision_at_3_diff1": 0.192711,
        "nauc_precision_at_5_max": 0.048318,
        "nauc_precision_at_5_std": -0.179948,
        "nauc_precision_at_5_diff1": 0.247209,
        "nauc_precision_at_10_max": 0.041488,
        "nauc_precision_at_10_std": -0.082462,
        "nauc_precision_at_10_diff1": 0.3101,
        "nauc_precision_at_20_max": 0.06472,
        "nauc_precision_at_20_std": 0.124563,
        "nauc_precision_at_20_diff1": 0.292308,
        "nauc_precision_at_100_max": -0.187325,
        "nauc_precision_at_100_std": 0.389823,
        "nauc_precision_at_100_diff1": 0.477241,
        "nauc_precision_at_1000_max": NaN,
        "nauc_precision_at_1000_std": NaN,
        "nauc_precision_at_1000_diff1": NaN,
        "nauc_mrr_at_1_max": 0.00429,
        "nauc_mrr_at_1_std": -0.081291,
        "nauc_mrr_at_1_diff1": 0.340579,
        "nauc_mrr_at_3_max": 0.023567,
        "nauc_mrr_at_3_std": -0.090015,
        "nauc_mrr_at_3_diff1": 0.265255,
        "nauc_mrr_at_5_max": 0.030002,
        "nauc_mrr_at_5_std": -0.096019,
        "nauc_mrr_at_5_diff1": 0.274786,
        "nauc_mrr_at_10_max": 0.032407,
        "nauc_mrr_at_10_std": -0.079131,
        "nauc_mrr_at_10_diff1": 0.284779,
        "nauc_mrr_at_20_max": 0.034435,
        "nauc_mrr_at_20_std": -0.070017,
        "nauc_mrr_at_20_diff1": 0.284692,
        "nauc_mrr_at_100_max": 0.034495,
        "nauc_mrr_at_100_std": -0.072476,
        "nauc_mrr_at_100_diff1": 0.285302,
        "nauc_mrr_at_1000_max": 0.034764,
        "nauc_mrr_at_1000_std": -0.072607,
        "nauc_mrr_at_1000_diff1": 0.285282,
        "main_score": 0.45435,
        "hf_subset": "default",
        "languages": [
          "eng-Latn"
        ]
      }
    ]
  },
  "evaluation_time": 129.9462058544159,
  "kg_co2_emissions": null
}