{
  "dataset_revision": "ec00129f88e9476e582131dc3a5db9220dfefa48",
  "task_name": "license-tldr-retrieval",
  "mteb_version": "1.38.49",
  "scores": {
    "test": [
      {
        "ndcg_at_1": 0.66154,
        "ndcg_at_3": 0.73516,
        "ndcg_at_5": 0.75504,
        "ndcg_at_10": 0.7643,
        "ndcg_at_20": 0.78317,
        "ndcg_at_100": 0.79556,
        "ndcg_at_1000": 0.79556,
        "map_at_1": 0.66154,
        "map_at_3": 0.71795,
        "map_at_5": 0.72949,
        "map_at_10": 0.73291,
        "map_at_20": 0.73777,
        "map_at_100": 0.73984,
        "map_at_1000": 0.73984,
        "recall_at_1": 0.66154,
        "recall_at_3": 0.78462,
        "recall_at_5": 0.83077,
        "recall_at_10": 0.86154,
        "recall_at_20": 0.93846,
        "recall_at_100": 1.0,
        "recall_at_1000": 1.0,
        "precision_at_1": 0.66154,
        "precision_at_3": 0.26154,
        "precision_at_5": 0.16615,
        "precision_at_10": 0.08615,
        "precision_at_20": 0.04692,
        "precision_at_100": 0.01,
        "precision_at_1000": 0.001,
        "mrr_at_1": 0.661538,
        "mrr_at_3": 0.717949,
        "mrr_at_5": 0.729487,
        "mrr_at_10": 0.732906,
        "mrr_at_20": 0.737774,
        "mrr_at_100": 0.739839,
        "mrr_at_1000": 0.739839,
        "nauc_ndcg_at_1_max": 0.556432,
        "nauc_ndcg_at_1_std": 0.456287,
        "nauc_ndcg_at_1_diff1": 0.684192,
        "nauc_ndcg_at_3_max": 0.643482,
        "nauc_ndcg_at_3_std": 0.63115,
        "nauc_ndcg_at_3_diff1": 0.652784,
        "nauc_ndcg_at_5_max": 0.649139,
        "nauc_ndcg_at_5_std": 0.644947,
        "nauc_ndcg_at_5_diff1": 0.653903,
        "nauc_ndcg_at_10_max": 0.659248,
        "nauc_ndcg_at_10_std": 0.645889,
        "nauc_ndcg_at_10_diff1": 0.675186,
        "nauc_ndcg_at_20_max": 0.652221,
        "nauc_ndcg_at_20_std": 0.61981,
        "nauc_ndcg_at_20_diff1": 0.681142,
        "nauc_ndcg_at_100_max": 0.632364,
        "nauc_ndcg_at_100_std": 0.597684,
        "nauc_ndcg_at_100_diff1": 0.67022,
        "nauc_ndcg_at_1000_max": 0.632364,
        "nauc_ndcg_at_1000_std": 0.597684,
        "nauc_ndcg_at_1000_diff1": 0.67022,
        "nauc_map_at_1_max": 0.556432,
        "nauc_map_at_1_std": 0.456287,
        "nauc_map_at_1_diff1": 0.684192,
        "nauc_map_at_3_max": 0.621663,
        "nauc_map_at_3_std": 0.584363,
        "nauc_map_at_3_diff1": 0.662755,
        "nauc_map_at_5_max": 0.623799,
        "nauc_map_at_5_std": 0.589832,
        "nauc_map_at_5_diff1": 0.663758,
        "nauc_map_at_10_max": 0.626818,
        "nauc_map_at_10_std": 0.589433,
        "nauc_map_at_10_diff1": 0.670932,
        "nauc_map_at_20_max": 0.624731,
        "nauc_map_at_20_std": 0.582602,
        "nauc_map_at_20_diff1": 0.672078,
        "nauc_map_at_100_max": 0.621838,
        "nauc_map_at_100_std": 0.57932,
        "nauc_map_at_100_diff1": 0.670477,
        "nauc_map_at_1000_max": 0.621838,
        "nauc_map_at_1000_std": 0.57932,
        "nauc_map_at_1000_diff1": 0.670477,
        "nauc_recall_at_1_max": 0.556432,
        "nauc_recall_at_1_std": 0.456287,
        "nauc_recall_at_1_diff1": 0.684192,
        "nauc_recall_at_3_max": 0.719753,
        "nauc_recall_at_3_std": 0.796372,
        "nauc_recall_at_3_diff1": 0.616741,
        "nauc_recall_at_5_max": 0.755614,
        "nauc_recall_at_5_std": 0.878883,
        "nauc_recall_at_5_diff1": 0.611666,
        "nauc_recall_at_10_max": 0.829515,
        "nauc_recall_at_10_std": 0.931059,
        "nauc_recall_at_10_diff1": 0.713393,
        "nauc_recall_at_20_max": 0.935194,
        "nauc_recall_at_20_std": 0.935194,
        "nauc_recall_at_20_diff1": 0.833624,
        "nauc_recall_at_100_max": NaN,
        "nauc_recall_at_100_std": NaN,
        "nauc_recall_at_100_diff1": NaN,
        "nauc_recall_at_1000_max": NaN,
        "nauc_recall_at_1000_std": NaN,
        "nauc_recall_at_1000_diff1": NaN,
        "nauc_precision_at_1_max": 0.556432,
        "nauc_precision_at_1_std": 0.456287,
        "nauc_precision_at_1_diff1": 0.684192,
        "nauc_precision_at_3_max": 0.719753,
        "nauc_precision_at_3_std": 0.796372,
        "nauc_precision_at_3_diff1": 0.616741,
        "nauc_precision_at_5_max": 0.755614,
        "nauc_precision_at_5_std": 0.878883,
        "nauc_precision_at_5_diff1": 0.611666,
        "nauc_precision_at_10_max": 0.829515,
        "nauc_precision_at_10_std": 0.931059,
        "nauc_precision_at_10_diff1": 0.713393,
        "nauc_precision_at_20_max": 0.935194,
        "nauc_precision_at_20_std": 0.935194,
        "nauc_precision_at_20_diff1": 0.833624,
        "nauc_precision_at_100_max": NaN,
        "nauc_precision_at_100_std": NaN,
        "nauc_precision_at_100_diff1": NaN,
        "nauc_precision_at_1000_max": 1.0,
        "nauc_precision_at_1000_std": 1.0,
        "nauc_precision_at_1000_diff1": 1.0,
        "nauc_mrr_at_1_max": 0.556432,
        "nauc_mrr_at_1_std": 0.456287,
        "nauc_mrr_at_1_diff1": 0.684192,
        "nauc_mrr_at_3_max": 0.621663,
        "nauc_mrr_at_3_std": 0.584363,
        "nauc_mrr_at_3_diff1": 0.662755,
        "nauc_mrr_at_5_max": 0.623799,
        "nauc_mrr_at_5_std": 0.589832,
        "nauc_mrr_at_5_diff1": 0.663758,
        "nauc_mrr_at_10_max": 0.626818,
        "nauc_mrr_at_10_std": 0.589433,
        "nauc_mrr_at_10_diff1": 0.670932,
        "nauc_mrr_at_20_max": 0.624731,
        "nauc_mrr_at_20_std": 0.582602,
        "nauc_mrr_at_20_diff1": 0.672078,
        "nauc_mrr_at_100_max": 0.621838,
        "nauc_mrr_at_100_std": 0.57932,
        "nauc_mrr_at_100_diff1": 0.670477,
        "nauc_mrr_at_1000_max": 0.621838,
        "nauc_mrr_at_1000_std": 0.57932,
        "nauc_mrr_at_1000_diff1": 0.670477,
        "main_score": 0.7643,
        "hf_subset": "default",
        "languages": [
          "eng-Latn"
        ]
      }
    ]
  },
  "evaluation_time": 12.917495965957642,
  "kg_co2_emissions": null
}