{
  "dataset_revision": "319b6cc4b012d733f126a943a8a66bdf9df5dc40",
  "task_name": "scalr",
  "mteb_version": "1.38.49",
  "scores": {
    "test": [
      {
        "ndcg_at_1": 0.55,
        "ndcg_at_3": 0.65893,
        "ndcg_at_5": 0.68654,
        "ndcg_at_10": 0.71079,
        "ndcg_at_20": 0.71718,
        "ndcg_at_100": 0.72841,
        "ndcg_at_1000": 0.7327,
        "map_at_1": 0.55,
        "map_at_3": 0.63056,
        "map_at_5": 0.64597,
        "map_at_10": 0.65596,
        "map_at_20": 0.65775,
        "map_at_100": 0.65943,
        "map_at_1000": 0.6596,
        "recall_at_1": 0.55,
        "recall_at_3": 0.74167,
        "recall_at_5": 0.80833,
        "recall_at_10": 0.88333,
        "recall_at_20": 0.90833,
        "recall_at_100": 0.96667,
        "recall_at_1000": 1.0,
        "precision_at_1": 0.55,
        "precision_at_3": 0.24722,
        "precision_at_5": 0.16167,
        "precision_at_10": 0.08833,
        "precision_at_20": 0.04542,
        "precision_at_100": 0.00967,
        "precision_at_1000": 0.001,
        "mrr_at_1": 0.55,
        "mrr_at_3": 0.630556,
        "mrr_at_5": 0.645972,
        "mrr_at_10": 0.655959,
        "mrr_at_20": 0.65775,
        "mrr_at_100": 0.65943,
        "mrr_at_1000": 0.659598,
        "nauc_ndcg_at_1_max": 0.547918,
        "nauc_ndcg_at_1_std": 0.115577,
        "nauc_ndcg_at_1_diff1": 0.613319,
        "nauc_ndcg_at_3_max": 0.531996,
        "nauc_ndcg_at_3_std": 0.108484,
        "nauc_ndcg_at_3_diff1": 0.499884,
        "nauc_ndcg_at_5_max": 0.519723,
        "nauc_ndcg_at_5_std": 0.111947,
        "nauc_ndcg_at_5_diff1": 0.48283,
        "nauc_ndcg_at_10_max": 0.520958,
        "nauc_ndcg_at_10_std": 0.109213,
        "nauc_ndcg_at_10_diff1": 0.476329,
        "nauc_ndcg_at_20_max": 0.540696,
        "nauc_ndcg_at_20_std": 0.11133,
        "nauc_ndcg_at_20_diff1": 0.481999,
        "nauc_ndcg_at_100_max": 0.542638,
        "nauc_ndcg_at_100_std": 0.118257,
        "nauc_ndcg_at_100_diff1": 0.503809,
        "nauc_ndcg_at_1000_max": 0.537568,
        "nauc_ndcg_at_1000_std": 0.109558,
        "nauc_ndcg_at_1000_diff1": 0.509604,
        "nauc_map_at_1_max": 0.547918,
        "nauc_map_at_1_std": 0.115577,
        "nauc_map_at_1_diff1": 0.613319,
        "nauc_map_at_3_max": 0.539724,
        "nauc_map_at_3_std": 0.110094,
        "nauc_map_at_3_diff1": 0.533405,
        "nauc_map_at_5_max": 0.533185,
        "nauc_map_at_5_std": 0.110421,
        "nauc_map_at_5_diff1": 0.526033,
        "nauc_map_at_10_max": 0.533497,
        "nauc_map_at_10_std": 0.10845,
        "nauc_map_at_10_diff1": 0.525601,
        "nauc_map_at_20_max": 0.538629,
        "nauc_map_at_20_std": 0.108373,
        "nauc_map_at_20_diff1": 0.52743,
        "nauc_map_at_100_max": 0.53869,
        "nauc_map_at_100_std": 0.108723,
        "nauc_map_at_100_diff1": 0.530287,
        "nauc_map_at_1000_max": 0.538479,
        "nauc_map_at_1000_std": 0.108385,
        "nauc_map_at_1000_diff1": 0.530276,
        "nauc_recall_at_1_max": 0.547918,
        "nauc_recall_at_1_std": 0.115577,
        "nauc_recall_at_1_diff1": 0.613319,
        "nauc_recall_at_3_max": 0.501979,
        "nauc_recall_at_3_std": 0.102774,
        "nauc_recall_at_3_diff1": 0.376089,
        "nauc_recall_at_5_max": 0.455701,
        "nauc_recall_at_5_std": 0.1227,
        "nauc_recall_at_5_diff1": 0.284177,
        "nauc_recall_at_10_max": 0.433974,
        "nauc_recall_at_10_std": 0.123012,
        "nauc_recall_at_10_diff1": 0.124337,
        "nauc_recall_at_20_max": 0.596639,
        "nauc_recall_at_20_std": 0.160131,
        "nauc_recall_at_20_diff1": 0.087938,
        "nauc_recall_at_100_max": 0.77416,
        "nauc_recall_at_100_std": 0.528711,
        "nauc_recall_at_100_diff1": 0.134104,
        "nauc_recall_at_1000_max": NaN,
        "nauc_recall_at_1000_std": NaN,
        "nauc_recall_at_1000_diff1": NaN,
        "nauc_precision_at_1_max": 0.547918,
        "nauc_precision_at_1_std": 0.115577,
        "nauc_precision_at_1_diff1": 0.613319,
        "nauc_precision_at_3_max": 0.501979,
        "nauc_precision_at_3_std": 0.102774,
        "nauc_precision_at_3_diff1": 0.376089,
        "nauc_precision_at_5_max": 0.455701,
        "nauc_precision_at_5_std": 0.1227,
        "nauc_precision_at_5_diff1": 0.284177,
        "nauc_precision_at_10_max": 0.433974,
        "nauc_precision_at_10_std": 0.123012,
        "nauc_precision_at_10_diff1": 0.124337,
        "nauc_precision_at_20_max": 0.596639,
        "nauc_precision_at_20_std": 0.160131,
        "nauc_precision_at_20_diff1": 0.087938,
        "nauc_precision_at_100_max": 0.77416,
        "nauc_precision_at_100_std": 0.528711,
        "nauc_precision_at_100_diff1": 0.134104,
        "nauc_precision_at_1000_max": 1.0,
        "nauc_precision_at_1000_std": 1.0,
        "nauc_precision_at_1000_diff1": 1.0,
        "nauc_mrr_at_1_max": 0.547918,
        "nauc_mrr_at_1_std": 0.115577,
        "nauc_mrr_at_1_diff1": 0.613319,
        "nauc_mrr_at_3_max": 0.539724,
        "nauc_mrr_at_3_std": 0.110094,
        "nauc_mrr_at_3_diff1": 0.533405,
        "nauc_mrr_at_5_max": 0.533185,
        "nauc_mrr_at_5_std": 0.110421,
        "nauc_mrr_at_5_diff1": 0.526033,
        "nauc_mrr_at_10_max": 0.533497,
        "nauc_mrr_at_10_std": 0.10845,
        "nauc_mrr_at_10_diff1": 0.525601,
        "nauc_mrr_at_20_max": 0.538629,
        "nauc_mrr_at_20_std": 0.108373,
        "nauc_mrr_at_20_diff1": 0.52743,
        "nauc_mrr_at_100_max": 0.53869,
        "nauc_mrr_at_100_std": 0.108723,
        "nauc_mrr_at_100_diff1": 0.530287,
        "nauc_mrr_at_1000_max": 0.538479,
        "nauc_mrr_at_1000_std": 0.108385,
        "nauc_mrr_at_1000_diff1": 0.530276,
        "main_score": 0.71079,
        "hf_subset": "default",
        "languages": [
          "eng-Latn"
        ]
      }
    ]
  },
  "evaluation_time": 26.506325483322144,
  "kg_co2_emissions": null
}