{
  "dataset_revision": "427e2ae4b22cd9ad990ef8dd4647c16d79c89198",
  "task_name": "singaporean-judicial-keywords",
  "mteb_version": "1.38.49",
  "scores": {
    "test": [
      {
        "ndcg_at_1": 0.826,
        "ndcg_at_3": 0.88317,
        "ndcg_at_5": 0.89728,
        "ndcg_at_10": 0.90438,
        "ndcg_at_20": 0.90702,
        "ndcg_at_100": 0.90852,
        "ndcg_at_1000": 0.9091,
        "map_at_1": 0.826,
        "map_at_3": 0.86967,
        "map_at_5": 0.87757,
        "map_at_10": 0.88048,
        "map_at_20": 0.88127,
        "map_at_100": 0.88148,
        "map_at_1000": 0.88151,
        "recall_at_1": 0.826,
        "recall_at_3": 0.922,
        "recall_at_5": 0.956,
        "recall_at_10": 0.978,
        "recall_at_20": 0.988,
        "recall_at_100": 0.996,
        "recall_at_1000": 1.0,
        "precision_at_1": 0.826,
        "precision_at_3": 0.30733,
        "precision_at_5": 0.1912,
        "precision_at_10": 0.0978,
        "precision_at_20": 0.0494,
        "precision_at_100": 0.00996,
        "precision_at_1000": 0.001,
        "mrr_at_1": 0.826,
        "mrr_at_3": 0.869667,
        "mrr_at_5": 0.877567,
        "mrr_at_10": 0.880485,
        "mrr_at_20": 0.881266,
        "mrr_at_100": 0.881481,
        "mrr_at_1000": 0.881515,
        "nauc_ndcg_at_1_max": 0.577645,
        "nauc_ndcg_at_1_std": -0.048433,
        "nauc_ndcg_at_1_diff1": 0.862285,
        "nauc_ndcg_at_3_max": 0.632292,
        "nauc_ndcg_at_3_std": 0.00401,
        "nauc_ndcg_at_3_diff1": 0.863942,
        "nauc_ndcg_at_5_max": 0.655872,
        "nauc_ndcg_at_5_std": 0.0164,
        "nauc_ndcg_at_5_diff1": 0.870117,
        "nauc_ndcg_at_10_max": 0.645205,
        "nauc_ndcg_at_10_std": -0.000576,
        "nauc_ndcg_at_10_diff1": 0.866446,
        "nauc_ndcg_at_20_max": 0.635469,
        "nauc_ndcg_at_20_std": -0.009241,
        "nauc_ndcg_at_20_diff1": 0.864186,
        "nauc_ndcg_at_100_max": 0.630595,
        "nauc_ndcg_at_100_std": -0.002459,
        "nauc_ndcg_at_100_diff1": 0.865184,
        "nauc_ndcg_at_1000_max": 0.628591,
        "nauc_ndcg_at_1000_std": -0.005522,
        "nauc_ndcg_at_1000_diff1": 0.864736,
        "nauc_map_at_1_max": 0.577645,
        "nauc_map_at_1_std": -0.048433,
        "nauc_map_at_1_diff1": 0.862285,
        "nauc_map_at_3_max": 0.617248,
        "nauc_map_at_3_std": -0.009284,
        "nauc_map_at_3_diff1": 0.862938,
        "nauc_map_at_5_max": 0.627708,
        "nauc_map_at_5_std": -0.002976,
        "nauc_map_at_5_diff1": 0.865721,
        "nauc_map_at_10_max": 0.623838,
        "nauc_map_at_10_std": -0.009221,
        "nauc_map_at_10_diff1": 0.864317,
        "nauc_map_at_20_max": 0.621409,
        "nauc_map_at_20_std": -0.011783,
        "nauc_map_at_20_diff1": 0.863792,
        "nauc_map_at_100_max": 0.620897,
        "nauc_map_at_100_std": -0.010512,
        "nauc_map_at_100_diff1": 0.863986,
        "nauc_map_at_1000_max": 0.620807,
        "nauc_map_at_1000_std": -0.010655,
        "nauc_map_at_1000_diff1": 0.863968,
        "nauc_recall_at_1_max": 0.577645,
        "nauc_recall_at_1_std": -0.048433,
        "nauc_recall_at_1_diff1": 0.862285,
        "nauc_recall_at_3_max": 0.700615,
        "nauc_recall_at_3_std": 0.063516,
        "nauc_recall_at_3_diff1": 0.868922,
        "nauc_recall_at_5_max": 0.877472,
        "nauc_recall_at_5_std": 0.161701,
        "nauc_recall_at_5_diff1": 0.906948,
        "nauc_recall_at_10_max": 0.95098,
        "nauc_recall_at_10_std": 0.090909,
        "nauc_recall_at_10_diff1": 0.898565,
        "nauc_recall_at_20_max": 0.931917,
        "nauc_recall_at_20_std": -0.04474,
        "nauc_recall_at_20_diff1": 0.860333,
        "nauc_recall_at_100_max": 0.934641,
        "nauc_recall_at_100_std": 0.456116,
        "nauc_recall_at_100_diff1": 0.934641,
        "nauc_recall_at_1000_max": NaN,
        "nauc_recall_at_1000_std": NaN,
        "nauc_recall_at_1000_diff1": NaN,
        "nauc_precision_at_1_max": 0.577645,
        "nauc_precision_at_1_std": -0.048433,
        "nauc_precision_at_1_diff1": 0.862285,
        "nauc_precision_at_3_max": 0.700615,
        "nauc_precision_at_3_std": 0.063516,
        "nauc_precision_at_3_diff1": 0.868922,
        "nauc_precision_at_5_max": 0.877472,
        "nauc_precision_at_5_std": 0.161701,
        "nauc_precision_at_5_diff1": 0.906948,
        "nauc_precision_at_10_max": 0.95098,
        "nauc_precision_at_10_std": 0.090909,
        "nauc_precision_at_10_diff1": 0.898565,
        "nauc_precision_at_20_max": 0.931917,
        "nauc_precision_at_20_std": -0.04474,
        "nauc_precision_at_20_diff1": 0.860333,
        "nauc_precision_at_100_max": 0.934641,
        "nauc_precision_at_100_std": 0.456116,
        "nauc_precision_at_100_diff1": 0.934641,
        "nauc_precision_at_1000_max": 1.0,
        "nauc_precision_at_1000_std": 1.0,
        "nauc_precision_at_1000_diff1": 1.0,
        "nauc_mrr_at_1_max": 0.577645,
        "nauc_mrr_at_1_std": -0.048433,
        "nauc_mrr_at_1_diff1": 0.862285,
        "nauc_mrr_at_3_max": 0.617248,
        "nauc_mrr_at_3_std": -0.009284,
        "nauc_mrr_at_3_diff1": 0.862938,
        "nauc_mrr_at_5_max": 0.627708,
        "nauc_mrr_at_5_std": -0.002976,
        "nauc_mrr_at_5_diff1": 0.865721,
        "nauc_mrr_at_10_max": 0.623838,
        "nauc_mrr_at_10_std": -0.009221,
        "nauc_mrr_at_10_diff1": 0.864317,
        "nauc_mrr_at_20_max": 0.621409,
        "nauc_mrr_at_20_std": -0.011783,
        "nauc_mrr_at_20_diff1": 0.863792,
        "nauc_mrr_at_100_max": 0.620897,
        "nauc_mrr_at_100_std": -0.010512,
        "nauc_mrr_at_100_diff1": 0.863986,
        "nauc_mrr_at_1000_max": 0.620807,
        "nauc_mrr_at_1000_std": -0.010655,
        "nauc_mrr_at_1000_diff1": 0.863968,
        "main_score": 0.90438,
        "hf_subset": "default",
        "languages": [
          "eng-Latn"
        ]
      }
    ]
  },
  "evaluation_time": 6722.763869047165,
  "kg_co2_emissions": null
}