{
  "dataset_revision": "c64c3baac6bfd5f934d2df6e5d42dcb7d87c8ba8",
  "task_name": "australian-tax-guidance-retrieval",
  "mteb_version": "1.38.49",
  "scores": {
    "test": [
      {
        "ndcg_at_1": 0.57143,
        "ndcg_at_3": 0.66911,
        "ndcg_at_5": 0.70639,
        "ndcg_at_10": 0.74306,
        "ndcg_at_20": 0.75023,
        "ndcg_at_100": 0.75529,
        "ndcg_at_1000": 0.75529,
        "map_at_1": 0.57143,
        "map_at_3": 0.64435,
        "map_at_5": 0.66533,
        "map_at_10": 0.67996,
        "map_at_20": 0.68214,
        "map_at_100": 0.68285,
        "map_at_1000": 0.68285,
        "recall_at_1": 0.57143,
        "recall_at_3": 0.74107,
        "recall_at_5": 0.83036,
        "recall_at_10": 0.94643,
        "recall_at_20": 0.97321,
        "recall_at_100": 1.0,
        "recall_at_1000": 1.0,
        "precision_at_1": 0.57143,
        "precision_at_3": 0.24702,
        "precision_at_5": 0.16607,
        "precision_at_10": 0.09464,
        "precision_at_20": 0.04866,
        "precision_at_100": 0.01,
        "precision_at_1000": 0.001,
        "mrr_at_1": 0.571429,
        "mrr_at_3": 0.644345,
        "mrr_at_5": 0.665327,
        "mrr_at_10": 0.679957,
        "mrr_at_20": 0.682138,
        "mrr_at_100": 0.682848,
        "mrr_at_1000": 0.682848,
        "nauc_ndcg_at_1_max": 0.198394,
        "nauc_ndcg_at_1_std": -0.080189,
        "nauc_ndcg_at_1_diff1": 0.484991,
        "nauc_ndcg_at_3_max": 0.212025,
        "nauc_ndcg_at_3_std": -0.027094,
        "nauc_ndcg_at_3_diff1": 0.377158,
        "nauc_ndcg_at_5_max": 0.190514,
        "nauc_ndcg_at_5_std": -0.031485,
        "nauc_ndcg_at_5_diff1": 0.383301,
        "nauc_ndcg_at_10_max": 0.202115,
        "nauc_ndcg_at_10_std": -0.027248,
        "nauc_ndcg_at_10_diff1": 0.425585,
        "nauc_ndcg_at_20_max": 0.184067,
        "nauc_ndcg_at_20_std": -0.049254,
        "nauc_ndcg_at_20_diff1": 0.42757,
        "nauc_ndcg_at_100_max": 0.19611,
        "nauc_ndcg_at_100_std": -0.049132,
        "nauc_ndcg_at_100_diff1": 0.423619,
        "nauc_ndcg_at_1000_max": 0.19611,
        "nauc_ndcg_at_1000_std": -0.049132,
        "nauc_ndcg_at_1000_diff1": 0.423619,
        "nauc_map_at_1_max": 0.198394,
        "nauc_map_at_1_std": -0.080189,
        "nauc_map_at_1_diff1": 0.484991,
        "nauc_map_at_3_max": 0.210586,
        "nauc_map_at_3_std": -0.042616,
        "nauc_map_at_3_diff1": 0.409741,
        "nauc_map_at_5_max": 0.199354,
        "nauc_map_at_5_std": -0.046893,
        "nauc_map_at_5_diff1": 0.415183,
        "nauc_map_at_10_max": 0.203725,
        "nauc_map_at_10_std": -0.046048,
        "nauc_map_at_10_diff1": 0.428986,
        "nauc_map_at_20_max": 0.199471,
        "nauc_map_at_20_std": -0.051816,
        "nauc_map_at_20_diff1": 0.429878,
        "nauc_map_at_100_max": 0.200326,
        "nauc_map_at_100_std": -0.052021,
        "nauc_map_at_100_diff1": 0.429293,
        "nauc_map_at_1000_max": 0.200326,
        "nauc_map_at_1000_std": -0.052021,
        "nauc_map_at_1000_diff1": 0.429293,
        "nauc_recall_at_1_max": 0.198394,
        "nauc_recall_at_1_std": -0.080189,
        "nauc_recall_at_1_diff1": 0.484991,
        "nauc_recall_at_3_max": 0.216005,
        "nauc_recall_at_3_std": 0.029127,
        "nauc_recall_at_3_diff1": 0.258629,
        "nauc_recall_at_5_max": 0.14164,
        "nauc_recall_at_5_std": 0.045127,
        "nauc_recall_at_5_diff1": 0.227457,
        "nauc_recall_at_10_max": 0.181648,
        "nauc_recall_at_10_std": 0.244708,
        "nauc_recall_at_10_diff1": 0.477239,
        "nauc_recall_at_20_max": -0.35233,
        "nauc_recall_at_20_std": -0.082224,
        "nauc_recall_at_20_diff1": 0.558818,
        "nauc_recall_at_100_max": NaN,
        "nauc_recall_at_100_std": NaN,
        "nauc_recall_at_100_diff1": NaN,
        "nauc_recall_at_1000_max": NaN,
        "nauc_recall_at_1000_std": NaN,
        "nauc_recall_at_1000_diff1": NaN,
        "nauc_precision_at_1_max": 0.198394,
        "nauc_precision_at_1_std": -0.080189,
        "nauc_precision_at_1_diff1": 0.484991,
        "nauc_precision_at_3_max": 0.216005,
        "nauc_precision_at_3_std": 0.029127,
        "nauc_precision_at_3_diff1": 0.258629,
        "nauc_precision_at_5_max": 0.14164,
        "nauc_precision_at_5_std": 0.045127,
        "nauc_precision_at_5_diff1": 0.227457,
        "nauc_precision_at_10_max": 0.181648,
        "nauc_precision_at_10_std": 0.244708,
        "nauc_precision_at_10_diff1": 0.477239,
        "nauc_precision_at_20_max": -0.35233,
        "nauc_precision_at_20_std": -0.082224,
        "nauc_precision_at_20_diff1": 0.558818,
        "nauc_precision_at_100_max": NaN,
        "nauc_precision_at_100_std": NaN,
        "nauc_precision_at_100_diff1": NaN,
        "nauc_precision_at_1000_max": 1.0,
        "nauc_precision_at_1000_std": 1.0,
        "nauc_precision_at_1000_diff1": 1.0,
        "nauc_mrr_at_1_max": 0.198394,
        "nauc_mrr_at_1_std": -0.080189,
        "nauc_mrr_at_1_diff1": 0.484991,
        "nauc_mrr_at_3_max": 0.210586,
        "nauc_mrr_at_3_std": -0.042616,
        "nauc_mrr_at_3_diff1": 0.409741,
        "nauc_mrr_at_5_max": 0.199354,
        "nauc_mrr_at_5_std": -0.046893,
        "nauc_mrr_at_5_diff1": 0.415183,
        "nauc_mrr_at_10_max": 0.203725,
        "nauc_mrr_at_10_std": -0.046048,
        "nauc_mrr_at_10_diff1": 0.428986,
        "nauc_mrr_at_20_max": 0.199471,
        "nauc_mrr_at_20_std": -0.051816,
        "nauc_mrr_at_20_diff1": 0.429878,
        "nauc_mrr_at_100_max": 0.200326,
        "nauc_mrr_at_100_std": -0.052021,
        "nauc_mrr_at_100_diff1": 0.429293,
        "nauc_mrr_at_1000_max": 0.200326,
        "nauc_mrr_at_1000_std": -0.052021,
        "nauc_mrr_at_1000_diff1": 0.429293,
        "main_score": 0.74306,
        "hf_subset": "default",
        "languages": [
          "eng-Latn"
        ]
      }
    ]
  },
  "evaluation_time": 70.20248436927795,
  "kg_co2_emissions": null
}