{
  "dataset_revision": "dd157bbfa479359488c656981e3999da6f42e4e9",
  "task_name": "bar-exam-qa",
  "mteb_version": "1.38.49",
  "scores": {
    "test": [
      {
        "ndcg_at_1": 0.19658,
        "ndcg_at_3": 0.31705,
        "ndcg_at_5": 0.35236,
        "ndcg_at_10": 0.39614,
        "ndcg_at_20": 0.44157,
        "ndcg_at_100": 0.47707,
        "ndcg_at_1000": 0.47835,
        "map_at_1": 0.19658,
        "map_at_3": 0.28775,
        "map_at_5": 0.30741,
        "map_at_10": 0.32519,
        "map_at_20": 0.33768,
        "map_at_100": 0.34281,
        "map_at_1000": 0.34289,
        "recall_at_1": 0.19658,
        "recall_at_3": 0.40171,
        "recall_at_5": 0.48718,
        "recall_at_10": 0.62393,
        "recall_at_20": 0.80342,
        "recall_at_100": 0.99145,
        "recall_at_1000": 1.0,
        "precision_at_1": 0.19658,
        "precision_at_3": 0.1339,
        "precision_at_5": 0.09744,
        "precision_at_10": 0.06239,
        "precision_at_20": 0.04017,
        "precision_at_100": 0.00991,
        "precision_at_1000": 0.001,
        "mrr_at_1": 0.196581,
        "mrr_at_3": 0.287749,
        "mrr_at_5": 0.307407,
        "mrr_at_10": 0.325193,
        "mrr_at_20": 0.337684,
        "mrr_at_100": 0.342809,
        "mrr_at_1000": 0.342893,
        "nauc_ndcg_at_1_max": 0.25158,
        "nauc_ndcg_at_1_std": 0.172716,
        "nauc_ndcg_at_1_diff1": 0.426515,
        "nauc_ndcg_at_3_max": 0.174419,
        "nauc_ndcg_at_3_std": 0.135233,
        "nauc_ndcg_at_3_diff1": 0.259684,
        "nauc_ndcg_at_5_max": 0.179765,
        "nauc_ndcg_at_5_std": 0.129485,
        "nauc_ndcg_at_5_diff1": 0.244059,
        "nauc_ndcg_at_10_max": 0.189112,
        "nauc_ndcg_at_10_std": 0.166208,
        "nauc_ndcg_at_10_diff1": 0.22566,
        "nauc_ndcg_at_20_max": 0.212004,
        "nauc_ndcg_at_20_std": 0.152101,
        "nauc_ndcg_at_20_diff1": 0.280802,
        "nauc_ndcg_at_100_max": 0.193269,
        "nauc_ndcg_at_100_std": 0.14914,
        "nauc_ndcg_at_100_diff1": 0.263082,
        "nauc_ndcg_at_1000_max": 0.200219,
        "nauc_ndcg_at_1000_std": 0.147057,
        "nauc_ndcg_at_1000_diff1": 0.270392,
        "nauc_map_at_1_max": 0.25158,
        "nauc_map_at_1_std": 0.172716,
        "nauc_map_at_1_diff1": 0.426515,
        "nauc_map_at_3_max": 0.191835,
        "nauc_map_at_3_std": 0.141935,
        "nauc_map_at_3_diff1": 0.293024,
        "nauc_map_at_5_max": 0.194485,
        "nauc_map_at_5_std": 0.138206,
        "nauc_map_at_5_diff1": 0.283221,
        "nauc_map_at_10_max": 0.19855,
        "nauc_map_at_10_std": 0.152177,
        "nauc_map_at_10_diff1": 0.275247,
        "nauc_map_at_20_max": 0.20422,
        "nauc_map_at_20_std": 0.148071,
        "nauc_map_at_20_diff1": 0.28908,
        "nauc_map_at_100_max": 0.202311,
        "nauc_map_at_100_std": 0.147069,
        "nauc_map_at_100_diff1": 0.286404,
        "nauc_map_at_1000_max": 0.202691,
        "nauc_map_at_1000_std": 0.146956,
        "nauc_map_at_1000_diff1": 0.286806,
        "nauc_recall_at_1_max": 0.25158,
        "nauc_recall_at_1_std": 0.172716,
        "nauc_recall_at_1_diff1": 0.426515,
        "nauc_recall_at_3_max": 0.129308,
        "nauc_recall_at_3_std": 0.118488,
        "nauc_recall_at_3_diff1": 0.17484,
        "nauc_recall_at_5_max": 0.142062,
        "nauc_recall_at_5_std": 0.106854,
        "nauc_recall_at_5_diff1": 0.141199,
        "nauc_recall_at_10_max": 0.166386,
        "nauc_recall_at_10_std": 0.227892,
        "nauc_recall_at_10_diff1": 0.071749,
        "nauc_recall_at_20_max": 0.296462,
        "nauc_recall_at_20_std": 0.183189,
        "nauc_recall_at_20_diff1": 0.327661,
        "nauc_recall_at_100_max": -1.159935,
        "nauc_recall_at_100_std": 0.554612,
        "nauc_recall_at_100_diff1": -1.159935,
        "nauc_recall_at_1000_max": NaN,
        "nauc_recall_at_1000_std": NaN,
        "nauc_recall_at_1000_diff1": NaN,
        "nauc_precision_at_1_max": 0.25158,
        "nauc_precision_at_1_std": 0.172716,
        "nauc_precision_at_1_diff1": 0.426515,
        "nauc_precision_at_3_max": 0.129308,
        "nauc_precision_at_3_std": 0.118488,
        "nauc_precision_at_3_diff1": 0.17484,
        "nauc_precision_at_5_max": 0.142062,
        "nauc_precision_at_5_std": 0.106854,
        "nauc_precision_at_5_diff1": 0.141199,
        "nauc_precision_at_10_max": 0.166386,
        "nauc_precision_at_10_std": 0.227892,
        "nauc_precision_at_10_diff1": 0.071749,
        "nauc_precision_at_20_max": 0.296462,
        "nauc_precision_at_20_std": 0.183189,
        "nauc_precision_at_20_diff1": 0.327661,
        "nauc_precision_at_100_max": -1.159935,
        "nauc_precision_at_100_std": 0.554612,
        "nauc_precision_at_100_diff1": -1.159935,
        "nauc_precision_at_1000_max": 1.0,
        "nauc_precision_at_1000_std": 1.0,
        "nauc_precision_at_1000_diff1": 1.0,
        "nauc_mrr_at_1_max": 0.25158,
        "nauc_mrr_at_1_std": 0.172716,
        "nauc_mrr_at_1_diff1": 0.426515,
        "nauc_mrr_at_3_max": 0.191835,
        "nauc_mrr_at_3_std": 0.141935,
        "nauc_mrr_at_3_diff1": 0.293024,
        "nauc_mrr_at_5_max": 0.194485,
        "nauc_mrr_at_5_std": 0.138206,
        "nauc_mrr_at_5_diff1": 0.283221,
        "nauc_mrr_at_10_max": 0.19855,
        "nauc_mrr_at_10_std": 0.152177,
        "nauc_mrr_at_10_diff1": 0.275247,
        "nauc_mrr_at_20_max": 0.20422,
        "nauc_mrr_at_20_std": 0.148071,
        "nauc_mrr_at_20_diff1": 0.28908,
        "nauc_mrr_at_100_max": 0.202311,
        "nauc_mrr_at_100_std": 0.147069,
        "nauc_mrr_at_100_diff1": 0.286404,
        "nauc_mrr_at_1000_max": 0.202691,
        "nauc_mrr_at_1000_std": 0.146956,
        "nauc_mrr_at_1000_diff1": 0.286806,
        "main_score": 0.39614,
        "hf_subset": "default",
        "languages": [
          "eng-Latn"
        ]
      }
    ]
  },
  "evaluation_time": 55.75286412239075,
  "kg_co2_emissions": null
}