{
  "dataset_revision": "2095f248902963b4480ac96b774ba64b2104cbee",
  "task_name": "consumer-contracts-qa",
  "mteb_version": "1.38.49",
  "scores": {
    "test": [
      {
        "ndcg_at_1": 0.73232,
        "ndcg_at_3": 0.83195,
        "ndcg_at_5": 0.84456,
        "ndcg_at_10": 0.85471,
        "ndcg_at_20": 0.85713,
        "ndcg_at_100": 0.8615,
        "ndcg_at_1000": 0.8615,
        "map_at_1": 0.73232,
        "map_at_3": 0.80556,
        "map_at_5": 0.81263,
        "map_at_10": 0.81702,
        "map_at_20": 0.81761,
        "map_at_100": 0.81847,
        "map_at_1000": 0.81847,
        "recall_at_1": 0.73232,
        "recall_at_3": 0.90909,
        "recall_at_5": 0.93939,
        "recall_at_10": 0.9697,
        "recall_at_20": 0.9798,
        "recall_at_100": 1.0,
        "recall_at_1000": 1.0,
        "precision_at_1": 0.73232,
        "precision_at_3": 0.30303,
        "precision_at_5": 0.18788,
        "precision_at_10": 0.09697,
        "precision_at_20": 0.04899,
        "precision_at_100": 0.01,
        "precision_at_1000": 0.001,
        "mrr_at_1": 0.732323,
        "mrr_at_3": 0.805556,
        "mrr_at_5": 0.812626,
        "mrr_at_10": 0.817015,
        "mrr_at_20": 0.817612,
        "mrr_at_100": 0.818469,
        "mrr_at_1000": 0.818469,
        "nauc_ndcg_at_1_max": 0.433945,
        "nauc_ndcg_at_1_std": 0.068087,
        "nauc_ndcg_at_1_diff1": 0.694808,
        "nauc_ndcg_at_3_max": 0.497832,
        "nauc_ndcg_at_3_std": 0.15087,
        "nauc_ndcg_at_3_diff1": 0.633632,
        "nauc_ndcg_at_5_max": 0.490312,
        "nauc_ndcg_at_5_std": 0.139598,
        "nauc_ndcg_at_5_diff1": 0.615493,
        "nauc_ndcg_at_10_max": 0.490257,
        "nauc_ndcg_at_10_std": 0.109371,
        "nauc_ndcg_at_10_diff1": 0.656447,
        "nauc_ndcg_at_20_max": 0.484533,
        "nauc_ndcg_at_20_std": 0.117749,
        "nauc_ndcg_at_20_diff1": 0.654276,
        "nauc_ndcg_at_100_max": 0.473866,
        "nauc_ndcg_at_100_std": 0.107872,
        "nauc_ndcg_at_100_diff1": 0.657314,
        "nauc_ndcg_at_1000_max": 0.473866,
        "nauc_ndcg_at_1000_std": 0.107872,
        "nauc_ndcg_at_1000_diff1": 0.657314,
        "nauc_map_at_1_max": 0.433945,
        "nauc_map_at_1_std": 0.068087,
        "nauc_map_at_1_diff1": 0.694808,
        "nauc_map_at_3_max": 0.475756,
        "nauc_map_at_3_std": 0.121754,
        "nauc_map_at_3_diff1": 0.652933,
        "nauc_map_at_5_max": 0.471054,
        "nauc_map_at_5_std": 0.114799,
        "nauc_map_at_5_diff1": 0.645347,
        "nauc_map_at_10_max": 0.470956,
        "nauc_map_at_10_std": 0.10381,
        "nauc_map_at_10_diff1": 0.660862,
        "nauc_map_at_20_max": 0.469767,
        "nauc_map_at_20_std": 0.105217,
        "nauc_map_at_20_diff1": 0.660489,
        "nauc_map_at_100_max": 0.468035,
        "nauc_map_at_100_std": 0.103647,
        "nauc_map_at_100_diff1": 0.660986,
        "nauc_map_at_1000_max": 0.468035,
        "nauc_map_at_1000_std": 0.103647,
        "nauc_map_at_1000_diff1": 0.660986,
        "nauc_recall_at_1_max": 0.433945,
        "nauc_recall_at_1_std": 0.068087,
        "nauc_recall_at_1_diff1": 0.694808,
        "nauc_recall_at_3_max": 0.62304,
        "nauc_recall_at_3_std": 0.316388,
        "nauc_recall_at_3_diff1": 0.525542,
        "nauc_recall_at_5_max": 0.646027,
        "nauc_recall_at_5_std": 0.340606,
        "nauc_recall_at_5_diff1": 0.367412,
        "nauc_recall_at_10_max": 0.789299,
        "nauc_recall_at_10_std": 0.144533,
        "nauc_recall_at_10_diff1": 0.637497,
        "nauc_recall_at_20_max": 0.786239,
        "nauc_recall_at_20_std": 0.399627,
        "nauc_recall_at_20_diff1": 0.567715,
        "nauc_recall_at_100_max": NaN,
        "nauc_recall_at_100_std": NaN,
        "nauc_recall_at_100_diff1": NaN,
        "nauc_recall_at_1000_max": NaN,
        "nauc_recall_at_1000_std": NaN,
        "nauc_recall_at_1000_diff1": NaN,
        "nauc_precision_at_1_max": 0.433945,
        "nauc_precision_at_1_std": 0.068087,
        "nauc_precision_at_1_diff1": 0.694808,
        "nauc_precision_at_3_max": 0.62304,
        "nauc_precision_at_3_std": 0.316388,
        "nauc_precision_at_3_diff1": 0.525542,
        "nauc_precision_at_5_max": 0.646027,
        "nauc_precision_at_5_std": 0.340606,
        "nauc_precision_at_5_diff1": 0.367412,
        "nauc_precision_at_10_max": 0.789299,
        "nauc_precision_at_10_std": 0.144533,
        "nauc_precision_at_10_diff1": 0.637497,
        "nauc_precision_at_20_max": 0.786239,
        "nauc_precision_at_20_std": 0.399627,
        "nauc_precision_at_20_diff1": 0.567715,
        "nauc_precision_at_100_max": 1.0,
        "nauc_precision_at_100_std": 1.0,
        "nauc_precision_at_100_diff1": 1.0,
        "nauc_precision_at_1000_max": 1.0,
        "nauc_precision_at_1000_std": 1.0,
        "nauc_precision_at_1000_diff1": 1.0,
        "nauc_mrr_at_1_max": 0.433945,
        "nauc_mrr_at_1_std": 0.068087,
        "nauc_mrr_at_1_diff1": 0.694808,
        "nauc_mrr_at_3_max": 0.475756,
        "nauc_mrr_at_3_std": 0.121754,
        "nauc_mrr_at_3_diff1": 0.652933,
        "nauc_mrr_at_5_max": 0.471054,
        "nauc_mrr_at_5_std": 0.114799,
        "nauc_mrr_at_5_diff1": 0.645347,
        "nauc_mrr_at_10_max": 0.470956,
        "nauc_mrr_at_10_std": 0.10381,
        "nauc_mrr_at_10_diff1": 0.660862,
        "nauc_mrr_at_20_max": 0.469767,
        "nauc_mrr_at_20_std": 0.105217,
        "nauc_mrr_at_20_diff1": 0.660489,
        "nauc_mrr_at_100_max": 0.468035,
        "nauc_mrr_at_100_std": 0.103647,
        "nauc_mrr_at_100_diff1": 0.660986,
        "nauc_mrr_at_1000_max": 0.468035,
        "nauc_mrr_at_1000_std": 0.103647,
        "nauc_mrr_at_1000_diff1": 0.660986,
        "main_score": 0.85471,
        "hf_subset": "default",
        "languages": [
          "eng-Latn"
        ]
      }
    ]
  },
  "evaluation_time": 92.7242534160614,
  "kg_co2_emissions": null
}