{
  "dataset_revision": "48ed7bcb1f50896a0f71461a04b2df0ca84329d9",
  "task_name": "contractual-clause-retrieval",
  "mteb_version": "1.38.49",
  "scores": {
    "test": [
      {
        "ndcg_at_1": 0.66667,
        "ndcg_at_3": 0.71257,
        "ndcg_at_5": 0.73952,
        "ndcg_at_10": 0.77394,
        "ndcg_at_20": 0.78808,
        "ndcg_at_100": 0.80518,
        "ndcg_at_1000": 0.80518,
        "map_at_1": 0.33333,
        "map_at_3": 0.67037,
        "map_at_5": 0.69093,
        "map_at_10": 0.70787,
        "map_at_20": 0.71453,
        "map_at_100": 0.7191,
        "map_at_1000": 0.7191,
        "recall_at_1": 0.33333,
        "recall_at_3": 0.74444,
        "recall_at_5": 0.8,
        "recall_at_10": 0.88889,
        "recall_at_20": 0.93333,
        "recall_at_100": 1.0,
        "recall_at_1000": 1.0,
        "precision_at_1": 0.66667,
        "precision_at_3": 0.4963,
        "precision_at_5": 0.32,
        "precision_at_10": 0.17778,
        "precision_at_20": 0.09333,
        "precision_at_100": 0.02,
        "precision_at_1000": 0.002,
        "mrr_at_1": 0.666667,
        "mrr_at_3": 0.755556,
        "mrr_at_5": 0.761111,
        "mrr_at_10": 0.772037,
        "mrr_at_20": 0.772037,
        "mrr_at_100": 0.773003,
        "mrr_at_1000": 0.773003,
        "nauc_ndcg_at_1_max": 0.817882,
        "nauc_ndcg_at_1_std": 0.318822,
        "nauc_ndcg_at_1_diff1": 0.621421,
        "nauc_ndcg_at_3_max": 0.731826,
        "nauc_ndcg_at_3_std": 0.236171,
        "nauc_ndcg_at_3_diff1": 0.573951,
        "nauc_ndcg_at_5_max": 0.70443,
        "nauc_ndcg_at_5_std": 0.223835,
        "nauc_ndcg_at_5_diff1": 0.548084,
        "nauc_ndcg_at_10_max": 0.709581,
        "nauc_ndcg_at_10_std": 0.18339,
        "nauc_ndcg_at_10_diff1": 0.578474,
        "nauc_ndcg_at_20_max": 0.714051,
        "nauc_ndcg_at_20_std": 0.21909,
        "nauc_ndcg_at_20_diff1": 0.574204,
        "nauc_ndcg_at_100_max": 0.731041,
        "nauc_ndcg_at_100_std": 0.231169,
        "nauc_ndcg_at_100_diff1": 0.567175,
        "nauc_ndcg_at_1000_max": 0.731041,
        "nauc_ndcg_at_1000_std": 0.231169,
        "nauc_ndcg_at_1000_diff1": 0.567175,
        "nauc_map_at_1_max": 0.817882,
        "nauc_map_at_1_std": 0.318822,
        "nauc_map_at_1_diff1": 0.621421,
        "nauc_map_at_3_max": 0.730696,
        "nauc_map_at_3_std": 0.23254,
        "nauc_map_at_3_diff1": 0.54887,
        "nauc_map_at_5_max": 0.713875,
        "nauc_map_at_5_std": 0.229097,
        "nauc_map_at_5_diff1": 0.531852,
        "nauc_map_at_10_max": 0.72087,
        "nauc_map_at_10_std": 0.214314,
        "nauc_map_at_10_diff1": 0.547058,
        "nauc_map_at_20_max": 0.722476,
        "nauc_map_at_20_std": 0.22828,
        "nauc_map_at_20_diff1": 0.54273,
        "nauc_map_at_100_max": 0.724849,
        "nauc_map_at_100_std": 0.229093,
        "nauc_map_at_100_diff1": 0.540399,
        "nauc_map_at_1000_max": 0.724849,
        "nauc_map_at_1000_std": 0.229093,
        "nauc_map_at_1000_diff1": 0.540399,
        "nauc_recall_at_1_max": 0.817882,
        "nauc_recall_at_1_std": 0.318822,
        "nauc_recall_at_1_diff1": 0.621421,
        "nauc_recall_at_3_max": 0.704082,
        "nauc_recall_at_3_std": 0.213194,
        "nauc_recall_at_3_diff1": 0.567519,
        "nauc_recall_at_5_max": 0.62078,
        "nauc_recall_at_5_std": 0.178329,
        "nauc_recall_at_5_diff1": 0.494603,
        "nauc_recall_at_10_max": 0.586411,
        "nauc_recall_at_10_std": -0.045254,
        "nauc_recall_at_10_diff1": 0.620072,
        "nauc_recall_at_20_max": 0.558341,
        "nauc_recall_at_20_std": 0.122077,
        "nauc_recall_at_20_diff1": 0.637025,
        "nauc_recall_at_100_max": NaN,
        "nauc_recall_at_100_std": NaN,
        "nauc_recall_at_100_diff1": NaN,
        "nauc_recall_at_1000_max": NaN,
        "nauc_recall_at_1000_std": NaN,
        "nauc_recall_at_1000_diff1": NaN,
        "nauc_precision_at_1_max": 0.817882,
        "nauc_precision_at_1_std": 0.318822,
        "nauc_precision_at_1_diff1": 0.621421,
        "nauc_precision_at_3_max": 0.704082,
        "nauc_precision_at_3_std": 0.213194,
        "nauc_precision_at_3_diff1": 0.567519,
        "nauc_precision_at_5_max": 0.62078,
        "nauc_precision_at_5_std": 0.178329,
        "nauc_precision_at_5_diff1": 0.494603,
        "nauc_precision_at_10_max": 0.586411,
        "nauc_precision_at_10_std": -0.045254,
        "nauc_precision_at_10_diff1": 0.620072,
        "nauc_precision_at_20_max": 0.558341,
        "nauc_precision_at_20_std": 0.122077,
        "nauc_precision_at_20_diff1": 0.637025,
        "nauc_precision_at_100_max": 1.0,
        "nauc_precision_at_100_std": 1.0,
        "nauc_precision_at_100_diff1": 1.0,
        "nauc_precision_at_1000_max": NaN,
        "nauc_precision_at_1000_std": NaN,
        "nauc_precision_at_1000_diff1": NaN,
        "nauc_mrr_at_1_max": 0.817882,
        "nauc_mrr_at_1_std": 0.318822,
        "nauc_mrr_at_1_diff1": 0.621421,
        "nauc_mrr_at_3_max": 0.775503,
        "nauc_mrr_at_3_std": 0.279961,
        "nauc_mrr_at_3_diff1": 0.64814,
        "nauc_mrr_at_5_max": 0.766825,
        "nauc_mrr_at_5_std": 0.263198,
        "nauc_mrr_at_5_diff1": 0.639948,
        "nauc_mrr_at_10_max": 0.763176,
        "nauc_mrr_at_10_std": 0.251681,
        "nauc_mrr_at_10_diff1": 0.638129,
        "nauc_mrr_at_20_max": 0.763176,
        "nauc_mrr_at_20_std": 0.251681,
        "nauc_mrr_at_20_diff1": 0.638129,
        "nauc_mrr_at_100_max": 0.767753,
        "nauc_mrr_at_100_std": 0.258639,
        "nauc_mrr_at_100_diff1": 0.638547,
        "nauc_mrr_at_1000_max": 0.767753,
        "nauc_mrr_at_1000_std": 0.258639,
        "nauc_mrr_at_1000_diff1": 0.638547,
        "main_score": 0.77394,
        "hf_subset": "default",
        "languages": [
          "eng-Latn"
        ]
      }
    ]
  },
  "evaluation_time": 25.44161629676819,
  "kg_co2_emissions": null
}