{
  "dataset_revision": "f5452494f09a6d51c37b56883a65ef742ac07c99",
  "task_name": "echr-retrieval",
  "mteb_version": "1.39.7",
  "scores": {
    "test": [
      {
        "ndcg_at_1": 0.075,
        "ndcg_at_3": 0.11643,
        "ndcg_at_5": 0.133,
        "ndcg_at_10": 0.17575,
        "ndcg_at_20": 0.20921,
        "ndcg_at_100": 0.29114,
        "ndcg_at_1000": 0.30494,
        "map_at_1": 0.075,
        "map_at_3": 0.105,
        "map_at_5": 0.11425,
        "map_at_10": 0.13135,
        "map_at_20": 0.14083,
        "map_at_100": 0.15185,
        "map_at_1000": 0.15252,
        "recall_at_1": 0.075,
        "recall_at_3": 0.15,
        "recall_at_5": 0.19,
        "recall_at_10": 0.325,
        "recall_at_20": 0.455,
        "recall_at_100": 0.9,
        "recall_at_1000": 1.0,
        "precision_at_1": 0.075,
        "precision_at_3": 0.05,
        "precision_at_5": 0.038,
        "precision_at_10": 0.0325,
        "precision_at_20": 0.02275,
        "precision_at_100": 0.009,
        "precision_at_1000": 0.001,
        "mrr_at_1": 0.075,
        "mrr_at_3": 0.105,
        "mrr_at_5": 0.11425,
        "mrr_at_10": 0.131349,
        "mrr_at_20": 0.140828,
        "mrr_at_100": 0.151854,
        "mrr_at_1000": 0.152522,
        "nauc_ndcg_at_1_max": 0.221894,
        "nauc_ndcg_at_1_std": 0.058814,
        "nauc_ndcg_at_1_diff1": 0.322762,
        "nauc_ndcg_at_3_max": 0.132334,
        "nauc_ndcg_at_3_std": 0.056406,
        "nauc_ndcg_at_3_diff1": 0.163064,
        "nauc_ndcg_at_5_max": 0.112743,
        "nauc_ndcg_at_5_std": 0.021767,
        "nauc_ndcg_at_5_diff1": 0.158136,
        "nauc_ndcg_at_10_max": 0.098206,
        "nauc_ndcg_at_10_std": -0.004762,
        "nauc_ndcg_at_10_diff1": 0.193852,
        "nauc_ndcg_at_20_max": 0.096737,
        "nauc_ndcg_at_20_std": 0.021212,
        "nauc_ndcg_at_20_diff1": 0.204393,
        "nauc_ndcg_at_100_max": 0.104584,
        "nauc_ndcg_at_100_std": 0.076043,
        "nauc_ndcg_at_100_diff1": 0.181322,
        "nauc_ndcg_at_1000_max": 0.11766,
        "nauc_ndcg_at_1000_std": 0.04746,
        "nauc_ndcg_at_1000_diff1": 0.191342,
        "nauc_map_at_1_max": 0.221894,
        "nauc_map_at_1_std": 0.058814,
        "nauc_map_at_1_diff1": 0.322762,
        "nauc_map_at_3_max": 0.148523,
        "nauc_map_at_3_std": 0.059893,
        "nauc_map_at_3_diff1": 0.196592,
        "nauc_map_at_5_max": 0.135749,
        "nauc_map_at_5_std": 0.037074,
        "nauc_map_at_5_diff1": 0.19263,
        "nauc_map_at_10_max": 0.129273,
        "nauc_map_at_10_std": 0.02485,
        "nauc_map_at_10_diff1": 0.207052,
        "nauc_map_at_20_max": 0.13011,
        "nauc_map_at_20_std": 0.034228,
        "nauc_map_at_20_diff1": 0.209429,
        "nauc_map_at_100_max": 0.132552,
        "nauc_map_at_100_std": 0.044422,
        "nauc_map_at_100_diff1": 0.204245,
        "nauc_map_at_1000_max": 0.133082,
        "nauc_map_at_1000_std": 0.042971,
        "nauc_map_at_1000_diff1": 0.204791,
        "nauc_recall_at_1_max": 0.221894,
        "nauc_recall_at_1_std": 0.058814,
        "nauc_recall_at_1_diff1": 0.322762,
        "nauc_recall_at_3_max": 0.097601,
        "nauc_recall_at_3_std": 0.047979,
        "nauc_recall_at_3_diff1": 0.089689,
        "nauc_recall_at_5_max": 0.066787,
        "nauc_recall_at_5_std": -0.010669,
        "nauc_recall_at_5_diff1": 0.090024,
        "nauc_recall_at_10_max": 0.041413,
        "nauc_recall_at_10_std": -0.06252,
        "nauc_recall_at_10_diff1": 0.181062,
        "nauc_recall_at_20_max": 0.032912,
        "nauc_recall_at_20_std": 0.001522,
        "nauc_recall_at_20_diff1": 0.212807,
        "nauc_recall_at_100_max": -0.069561,
        "nauc_recall_at_100_std": 0.430112,
        "nauc_recall_at_100_diff1": 0.056956,
        "nauc_recall_at_1000_max": NaN,
        "nauc_recall_at_1000_std": NaN,
        "nauc_recall_at_1000_diff1": NaN,
        "nauc_precision_at_1_max": 0.221894,
        "nauc_precision_at_1_std": 0.058814,
        "nauc_precision_at_1_diff1": 0.322762,
        "nauc_precision_at_3_max": 0.097601,
        "nauc_precision_at_3_std": 0.047979,
        "nauc_precision_at_3_diff1": 0.089689,
        "nauc_precision_at_5_max": 0.066787,
        "nauc_precision_at_5_std": -0.010669,
        "nauc_precision_at_5_diff1": 0.090024,
        "nauc_precision_at_10_max": 0.041413,
        "nauc_precision_at_10_std": -0.06252,
        "nauc_precision_at_10_diff1": 0.181062,
        "nauc_precision_at_20_max": 0.032912,
        "nauc_precision_at_20_std": 0.001522,
        "nauc_precision_at_20_diff1": 0.212807,
        "nauc_precision_at_100_max": -0.069561,
        "nauc_precision_at_100_std": 0.430112,
        "nauc_precision_at_100_diff1": 0.056956,
        "nauc_precision_at_1000_max": 1.0,
        "nauc_precision_at_1000_std": 1.0,
        "nauc_precision_at_1000_diff1": 1.0,
        "nauc_mrr_at_1_max": 0.221894,
        "nauc_mrr_at_1_std": 0.058814,
        "nauc_mrr_at_1_diff1": 0.322762,
        "nauc_mrr_at_3_max": 0.148523,
        "nauc_mrr_at_3_std": 0.059893,
        "nauc_mrr_at_3_diff1": 0.196592,
        "nauc_mrr_at_5_max": 0.135749,
        "nauc_mrr_at_5_std": 0.037074,
        "nauc_mrr_at_5_diff1": 0.19263,
        "nauc_mrr_at_10_max": 0.129273,
        "nauc_mrr_at_10_std": 0.02485,
        "nauc_mrr_at_10_diff1": 0.207052,
        "nauc_mrr_at_20_max": 0.13011,
        "nauc_mrr_at_20_std": 0.034228,
        "nauc_mrr_at_20_diff1": 0.209429,
        "nauc_mrr_at_100_max": 0.132552,
        "nauc_mrr_at_100_std": 0.044422,
        "nauc_mrr_at_100_diff1": 0.204245,
        "nauc_mrr_at_1000_max": 0.133082,
        "nauc_mrr_at_1000_std": 0.042971,
        "nauc_mrr_at_1000_diff1": 0.204791,
        "main_score": 0.17575,
        "hf_subset": "default",
        "languages": [
          "eng-Latn"
        ]
      }
    ]
  },
  "evaluation_time": 66.62580752372742,
  "kg_co2_emissions": null
}