{
  "dataset_revision": "8d41f3d22bb73685b6f42b62ad95940ea3dfbf84",
  "task_name": "gdpr-holdings-retrieval",
  "mteb_version": "1.38.49",
  "scores": {
    "test": [
      {
        "ndcg_at_1": 0.77,
        "ndcg_at_3": 0.82786,
        "ndcg_at_5": 0.84507,
        "ndcg_at_10": 0.85366,
        "ndcg_at_20": 0.8566,
        "ndcg_at_100": 0.8627,
        "ndcg_at_1000": 0.86482,
        "map_at_1": 0.77,
        "map_at_3": 0.81333,
        "map_at_5": 0.82283,
        "map_at_10": 0.82648,
        "map_at_20": 0.82724,
        "map_at_100": 0.82801,
        "map_at_1000": 0.82811,
        "recall_at_1": 0.77,
        "recall_at_3": 0.87,
        "recall_at_5": 0.912,
        "recall_at_10": 0.938,
        "recall_at_20": 0.95,
        "recall_at_100": 0.984,
        "recall_at_1000": 1.0,
        "precision_at_1": 0.77,
        "precision_at_3": 0.29,
        "precision_at_5": 0.1824,
        "precision_at_10": 0.0938,
        "precision_at_20": 0.0475,
        "precision_at_100": 0.00984,
        "precision_at_1000": 0.001,
        "mrr_at_1": 0.77,
        "mrr_at_3": 0.813333,
        "mrr_at_5": 0.822833,
        "mrr_at_10": 0.826482,
        "mrr_at_20": 0.827241,
        "mrr_at_100": 0.828013,
        "mrr_at_1000": 0.828105,
        "nauc_ndcg_at_1_max": 0.580273,
        "nauc_ndcg_at_1_std": -0.039475,
        "nauc_ndcg_at_1_diff1": 0.875795,
        "nauc_ndcg_at_3_max": 0.626595,
        "nauc_ndcg_at_3_std": 0.012121,
        "nauc_ndcg_at_3_diff1": 0.850042,
        "nauc_ndcg_at_5_max": 0.642266,
        "nauc_ndcg_at_5_std": 0.066676,
        "nauc_ndcg_at_5_diff1": 0.842907,
        "nauc_ndcg_at_10_max": 0.637731,
        "nauc_ndcg_at_10_std": 0.070587,
        "nauc_ndcg_at_10_diff1": 0.847527,
        "nauc_ndcg_at_20_max": 0.634538,
        "nauc_ndcg_at_20_std": 0.071797,
        "nauc_ndcg_at_20_diff1": 0.849295,
        "nauc_ndcg_at_100_max": 0.626131,
        "nauc_ndcg_at_100_std": 0.051025,
        "nauc_ndcg_at_100_diff1": 0.850963,
        "nauc_ndcg_at_1000_max": 0.624377,
        "nauc_ndcg_at_1000_std": 0.041542,
        "nauc_ndcg_at_1000_diff1": 0.851867,
        "nauc_map_at_1_max": 0.580273,
        "nauc_map_at_1_std": -0.039475,
        "nauc_map_at_1_diff1": 0.875795,
        "nauc_map_at_3_max": 0.612037,
        "nauc_map_at_3_std": -0.002787,
        "nauc_map_at_3_diff1": 0.855591,
        "nauc_map_at_5_max": 0.619725,
        "nauc_map_at_5_std": 0.024423,
        "nauc_map_at_5_diff1": 0.852284,
        "nauc_map_at_10_max": 0.617635,
        "nauc_map_at_10_std": 0.025011,
        "nauc_map_at_10_diff1": 0.854237,
        "nauc_map_at_20_max": 0.616833,
        "nauc_map_at_20_std": 0.024742,
        "nauc_map_at_20_diff1": 0.854706,
        "nauc_map_at_100_max": 0.615865,
        "nauc_map_at_100_std": 0.022257,
        "nauc_map_at_100_diff1": 0.85482,
        "nauc_map_at_1000_max": 0.615849,
        "nauc_map_at_1000_std": 0.02196,
        "nauc_map_at_1000_diff1": 0.85487,
        "nauc_recall_at_1_max": 0.580273,
        "nauc_recall_at_1_std": -0.039475,
        "nauc_recall_at_1_diff1": 0.875795,
        "nauc_recall_at_3_max": 0.684907,
        "nauc_recall_at_3_std": 0.071155,
        "nauc_recall_at_3_diff1": 0.829149,
        "nauc_recall_at_5_max": 0.767199,
        "nauc_recall_at_5_std": 0.306288,
        "nauc_recall_at_5_diff1": 0.792197,
        "nauc_recall_at_10_max": 0.788455,
        "nauc_recall_at_10_std": 0.431071,
        "nauc_recall_at_10_diff1": 0.80091,
        "nauc_recall_at_20_max": 0.790159,
        "nauc_recall_at_20_std": 0.53873,
        "nauc_recall_at_20_diff1": 0.80775,
        "nauc_recall_at_100_max": 0.751459,
        "nauc_recall_at_100_std": 0.63387,
        "nauc_recall_at_100_diff1": 0.804797,
        "nauc_recall_at_1000_max": NaN,
        "nauc_recall_at_1000_std": NaN,
        "nauc_recall_at_1000_diff1": NaN,
        "nauc_precision_at_1_max": 0.580273,
        "nauc_precision_at_1_std": -0.039475,
        "nauc_precision_at_1_diff1": 0.875795,
        "nauc_precision_at_3_max": 0.684907,
        "nauc_precision_at_3_std": 0.071155,
        "nauc_precision_at_3_diff1": 0.829149,
        "nauc_precision_at_5_max": 0.767199,
        "nauc_precision_at_5_std": 0.306288,
        "nauc_precision_at_5_diff1": 0.792197,
        "nauc_precision_at_10_max": 0.788455,
        "nauc_precision_at_10_std": 0.431071,
        "nauc_precision_at_10_diff1": 0.80091,
        "nauc_precision_at_20_max": 0.790159,
        "nauc_precision_at_20_std": 0.53873,
        "nauc_precision_at_20_diff1": 0.80775,
        "nauc_precision_at_100_max": 0.751459,
        "nauc_precision_at_100_std": 0.63387,
        "nauc_precision_at_100_diff1": 0.804797,
        "nauc_precision_at_1000_max": 1.0,
        "nauc_precision_at_1000_std": 1.0,
        "nauc_precision_at_1000_diff1": 1.0,
        "nauc_mrr_at_1_max": 0.580273,
        "nauc_mrr_at_1_std": -0.039475,
        "nauc_mrr_at_1_diff1": 0.875795,
        "nauc_mrr_at_3_max": 0.612037,
        "nauc_mrr_at_3_std": -0.002787,
        "nauc_mrr_at_3_diff1": 0.855591,
        "nauc_mrr_at_5_max": 0.619725,
        "nauc_mrr_at_5_std": 0.024423,
        "nauc_mrr_at_5_diff1": 0.852284,
        "nauc_mrr_at_10_max": 0.617635,
        "nauc_mrr_at_10_std": 0.025011,
        "nauc_mrr_at_10_diff1": 0.854237,
        "nauc_mrr_at_20_max": 0.616833,
        "nauc_mrr_at_20_std": 0.024742,
        "nauc_mrr_at_20_diff1": 0.854706,
        "nauc_mrr_at_100_max": 0.615865,
        "nauc_mrr_at_100_std": 0.022257,
        "nauc_mrr_at_100_diff1": 0.85482,
        "nauc_mrr_at_1000_max": 0.615849,
        "nauc_mrr_at_1000_std": 0.02196,
        "nauc_mrr_at_1000_diff1": 0.85487,
        "main_score": 0.85366,
        "hf_subset": "default",
        "languages": [
          "eng-Latn"
        ]
      }
    ]
  },
  "evaluation_time": 291.27605724334717,
  "kg_co2_emissions": null
}