{
  "dataset_revision": "66d23b0ce609450ce24d0fc85e9bac69aba90b84",
  "task_name": "housing-qa",
  "mteb_version": "1.38.49",
  "scores": {
    "test": [
      {
        "ndcg_at_1": 0.13084,
        "ndcg_at_3": 0.15998,
        "ndcg_at_5": 0.17149,
        "ndcg_at_10": 0.21158,
        "ndcg_at_20": 0.26263,
        "ndcg_at_100": 0.3727,
        "ndcg_at_1000": 0.41693,
        "map_at_1": 0.04676,
        "map_at_3": 0.0881,
        "map_at_5": 0.10462,
        "map_at_10": 0.12697,
        "map_at_20": 0.14669,
        "map_at_100": 0.17242,
        "map_at_1000": 0.17835,
        "recall_at_1": 0.04676,
        "recall_at_3": 0.14094,
        "recall_at_5": 0.1868,
        "recall_at_10": 0.29536,
        "recall_at_20": 0.43202,
        "recall_at_100": 0.80836,
        "recall_at_1000": 1.0,
        "precision_at_1": 0.13084,
        "precision_at_3": 0.12773,
        "precision_at_5": 0.11402,
        "precision_at_10": 0.10374,
        "precision_at_20": 0.08318,
        "precision_at_100": 0.03579,
        "precision_at_1000": 0.00467,
        "mrr_at_1": 0.130841,
        "mrr_at_3": 0.219626,
        "mrr_at_5": 0.242523,
        "mrr_at_10": 0.270843,
        "mrr_at_20": 0.280937,
        "mrr_at_100": 0.28545,
        "mrr_at_1000": 0.285539,
        "nauc_ndcg_at_1_max": 0.14947,
        "nauc_ndcg_at_1_std": 0.003944,
        "nauc_ndcg_at_1_diff1": 0.209173,
        "nauc_ndcg_at_3_max": 0.151705,
        "nauc_ndcg_at_3_std": -0.04853,
        "nauc_ndcg_at_3_diff1": 0.120551,
        "nauc_ndcg_at_5_max": 0.196488,
        "nauc_ndcg_at_5_std": -0.051599,
        "nauc_ndcg_at_5_diff1": 0.13002,
        "nauc_ndcg_at_10_max": 0.200737,
        "nauc_ndcg_at_10_std": -0.079,
        "nauc_ndcg_at_10_diff1": 0.139949,
        "nauc_ndcg_at_20_max": 0.207455,
        "nauc_ndcg_at_20_std": -0.100963,
        "nauc_ndcg_at_20_diff1": 0.182165,
        "nauc_ndcg_at_100_max": 0.264336,
        "nauc_ndcg_at_100_std": 0.000117,
        "nauc_ndcg_at_100_diff1": 0.20047,
        "nauc_ndcg_at_1000_max": 0.279735,
        "nauc_ndcg_at_1000_std": 0.083772,
        "nauc_ndcg_at_1000_diff1": 0.163342,
        "nauc_map_at_1_max": 0.121461,
        "nauc_map_at_1_std": -0.315336,
        "nauc_map_at_1_diff1": 0.398031,
        "nauc_map_at_3_max": 0.089942,
        "nauc_map_at_3_std": -0.2186,
        "nauc_map_at_3_diff1": 0.162638,
        "nauc_map_at_5_max": 0.124273,
        "nauc_map_at_5_std": -0.18534,
        "nauc_map_at_5_diff1": 0.162633,
        "nauc_map_at_10_max": 0.158229,
        "nauc_map_at_10_std": -0.172202,
        "nauc_map_at_10_diff1": 0.173411,
        "nauc_map_at_20_max": 0.165308,
        "nauc_map_at_20_std": -0.174809,
        "nauc_map_at_20_diff1": 0.181274,
        "nauc_map_at_100_max": 0.193378,
        "nauc_map_at_100_std": -0.133361,
        "nauc_map_at_100_diff1": 0.184433,
        "nauc_map_at_1000_max": 0.200708,
        "nauc_map_at_1000_std": -0.112442,
        "nauc_map_at_1000_diff1": 0.178892,
        "nauc_recall_at_1_max": 0.121461,
        "nauc_recall_at_1_std": -0.315336,
        "nauc_recall_at_1_diff1": 0.398031,
        "nauc_recall_at_3_max": 0.057789,
        "nauc_recall_at_3_std": -0.173681,
        "nauc_recall_at_3_diff1": 0.052596,
        "nauc_recall_at_5_max": 0.13421,
        "nauc_recall_at_5_std": -0.11526,
        "nauc_recall_at_5_diff1": 0.091579,
        "nauc_recall_at_10_max": 0.160218,
        "nauc_recall_at_10_std": -0.124505,
        "nauc_recall_at_10_diff1": 0.108586,
        "nauc_recall_at_20_max": 0.165635,
        "nauc_recall_at_20_std": -0.154947,
        "nauc_recall_at_20_diff1": 0.183924,
        "nauc_recall_at_100_max": 0.171038,
        "nauc_recall_at_100_std": -0.157229,
        "nauc_recall_at_100_diff1": 0.280931,
        "nauc_recall_at_1000_max": NaN,
        "nauc_recall_at_1000_std": NaN,
        "nauc_recall_at_1000_diff1": NaN,
        "nauc_precision_at_1_max": 0.14947,
        "nauc_precision_at_1_std": 0.003944,
        "nauc_precision_at_1_diff1": 0.209173,
        "nauc_precision_at_3_max": 0.146677,
        "nauc_precision_at_3_std": 0.054177,
        "nauc_precision_at_3_diff1": 0.027214,
        "nauc_precision_at_5_max": 0.241114,
        "nauc_precision_at_5_std": 0.101798,
        "nauc_precision_at_5_diff1": 0.030938,
        "nauc_precision_at_10_max": 0.30647,
        "nauc_precision_at_10_std": 0.18282,
        "nauc_precision_at_10_diff1": 0.016244,
        "nauc_precision_at_20_max": 0.299096,
        "nauc_precision_at_20_std": 0.212325,
        "nauc_precision_at_20_diff1": 0.056782,
        "nauc_precision_at_100_max": 0.289431,
        "nauc_precision_at_100_std": 0.426832,
        "nauc_precision_at_100_diff1": 0.017167,
        "nauc_precision_at_1000_max": 0.239508,
        "nauc_precision_at_1000_std": 0.510524,
        "nauc_precision_at_1000_diff1": -0.06403,
        "nauc_mrr_at_1_max": 0.14947,
        "nauc_mrr_at_1_std": 0.003944,
        "nauc_mrr_at_1_diff1": 0.209173,
        "nauc_mrr_at_3_max": 0.166299,
        "nauc_mrr_at_3_std": 0.039071,
        "nauc_mrr_at_3_diff1": 0.134585,
        "nauc_mrr_at_5_max": 0.191722,
        "nauc_mrr_at_5_std": 0.047594,
        "nauc_mrr_at_5_diff1": 0.157821,
        "nauc_mrr_at_10_max": 0.196791,
        "nauc_mrr_at_10_std": 0.070844,
        "nauc_mrr_at_10_diff1": 0.139962,
        "nauc_mrr_at_20_max": 0.204413,
        "nauc_mrr_at_20_std": 0.069939,
        "nauc_mrr_at_20_diff1": 0.146275,
        "nauc_mrr_at_100_max": 0.201618,
        "nauc_mrr_at_100_std": 0.066216,
        "nauc_mrr_at_100_diff1": 0.147167,
        "nauc_mrr_at_1000_max": 0.201361,
        "nauc_mrr_at_1000_std": 0.065936,
        "nauc_mrr_at_1000_diff1": 0.146983,
        "main_score": 0.21158,
        "hf_subset": "default",
        "languages": [
          "eng-Latn"
        ]
      }
    ]
  },
  "evaluation_time": 62.42023205757141,
  "kg_co2_emissions": null
}