{
  "dataset_revision": "bbf8b2d84b7de5970b2ba4ea843c791285fdb1df",
  "task_name": "irish-legislative-summaries",
  "mteb_version": "1.38.49",
  "scores": {
    "test": [
      {
        "ndcg_at_1": 0.666,
        "ndcg_at_3": 0.76166,
        "ndcg_at_5": 0.78301,
        "ndcg_at_10": 0.79541,
        "ndcg_at_20": 0.80361,
        "ndcg_at_100": 0.81183,
        "ndcg_at_1000": 0.81296,
        "map_at_1": 0.666,
        "map_at_3": 0.73867,
        "map_at_5": 0.75047,
        "map_at_10": 0.75565,
        "map_at_20": 0.75796,
        "map_at_100": 0.75927,
        "map_at_1000": 0.75933,
        "recall_at_1": 0.666,
        "recall_at_3": 0.828,
        "recall_at_5": 0.88,
        "recall_at_10": 0.918,
        "recall_at_20": 0.95,
        "recall_at_100": 0.992,
        "recall_at_1000": 1.0,
        "precision_at_1": 0.666,
        "precision_at_3": 0.276,
        "precision_at_5": 0.176,
        "precision_at_10": 0.0918,
        "precision_at_20": 0.0475,
        "precision_at_100": 0.00992,
        "precision_at_1000": 0.001,
        "mrr_at_1": 0.666,
        "mrr_at_3": 0.738667,
        "mrr_at_5": 0.750467,
        "mrr_at_10": 0.75565,
        "mrr_at_20": 0.757961,
        "mrr_at_100": 0.75927,
        "mrr_at_1000": 0.759331,
        "nauc_ndcg_at_1_max": 0.44256,
        "nauc_ndcg_at_1_std": -0.123236,
        "nauc_ndcg_at_1_diff1": 0.773089,
        "nauc_ndcg_at_3_max": 0.442658,
        "nauc_ndcg_at_3_std": -0.215245,
        "nauc_ndcg_at_3_diff1": 0.730279,
        "nauc_ndcg_at_5_max": 0.439629,
        "nauc_ndcg_at_5_std": -0.183727,
        "nauc_ndcg_at_5_diff1": 0.721748,
        "nauc_ndcg_at_10_max": 0.427129,
        "nauc_ndcg_at_10_std": -0.183604,
        "nauc_ndcg_at_10_diff1": 0.720767,
        "nauc_ndcg_at_20_max": 0.429152,
        "nauc_ndcg_at_20_std": -0.171657,
        "nauc_ndcg_at_20_diff1": 0.722346,
        "nauc_ndcg_at_100_max": 0.43514,
        "nauc_ndcg_at_100_std": -0.164049,
        "nauc_ndcg_at_100_diff1": 0.729534,
        "nauc_ndcg_at_1000_max": 0.435648,
        "nauc_ndcg_at_1000_std": -0.168364,
        "nauc_ndcg_at_1000_diff1": 0.732505,
        "nauc_map_at_1_max": 0.44256,
        "nauc_map_at_1_std": -0.123236,
        "nauc_map_at_1_diff1": 0.773089,
        "nauc_map_at_3_max": 0.442006,
        "nauc_map_at_3_std": -0.188233,
        "nauc_map_at_3_diff1": 0.742278,
        "nauc_map_at_5_max": 0.440075,
        "nauc_map_at_5_std": -0.171713,
        "nauc_map_at_5_diff1": 0.738902,
        "nauc_map_at_10_max": 0.435389,
        "nauc_map_at_10_std": -0.171434,
        "nauc_map_at_10_diff1": 0.738534,
        "nauc_map_at_20_max": 0.436263,
        "nauc_map_at_20_std": -0.168201,
        "nauc_map_at_20_diff1": 0.73929,
        "nauc_map_at_100_max": 0.437217,
        "nauc_map_at_100_std": -0.166622,
        "nauc_map_at_100_diff1": 0.739961,
        "nauc_map_at_1000_max": 0.437261,
        "nauc_map_at_1000_std": -0.166785,
        "nauc_map_at_1000_diff1": 0.740099,
        "nauc_recall_at_1_max": 0.44256,
        "nauc_recall_at_1_std": -0.123236,
        "nauc_recall_at_1_diff1": 0.773089,
        "nauc_recall_at_3_max": 0.445645,
        "nauc_recall_at_3_std": -0.323984,
        "nauc_recall_at_3_diff1": 0.68231,
        "nauc_recall_at_5_max": 0.437926,
        "nauc_recall_at_5_std": -0.238904,
        "nauc_recall_at_5_diff1": 0.628086,
        "nauc_recall_at_10_max": 0.3563,
        "nauc_recall_at_10_std": -0.26178,
        "nauc_recall_at_10_diff1": 0.586801,
        "nauc_recall_at_20_max": 0.328852,
        "nauc_recall_at_20_std": -0.161195,
        "nauc_recall_at_20_diff1": 0.516433,
        "nauc_recall_at_100_max": 0.386204,
        "nauc_recall_at_100_std": 0.481326,
        "nauc_recall_at_100_diff1": 0.312208,
        "nauc_recall_at_1000_max": NaN,
        "nauc_recall_at_1000_std": NaN,
        "nauc_recall_at_1000_diff1": NaN,
        "nauc_precision_at_1_max": 0.44256,
        "nauc_precision_at_1_std": -0.123236,
        "nauc_precision_at_1_diff1": 0.773089,
        "nauc_precision_at_3_max": 0.445645,
        "nauc_precision_at_3_std": -0.323984,
        "nauc_precision_at_3_diff1": 0.68231,
        "nauc_precision_at_5_max": 0.437926,
        "nauc_precision_at_5_std": -0.238904,
        "nauc_precision_at_5_diff1": 0.628086,
        "nauc_precision_at_10_max": 0.3563,
        "nauc_precision_at_10_std": -0.26178,
        "nauc_precision_at_10_diff1": 0.586801,
        "nauc_precision_at_20_max": 0.328852,
        "nauc_precision_at_20_std": -0.161195,
        "nauc_precision_at_20_diff1": 0.516433,
        "nauc_precision_at_100_max": 0.386204,
        "nauc_precision_at_100_std": 0.481326,
        "nauc_precision_at_100_diff1": 0.312208,
        "nauc_precision_at_1000_max": 1.0,
        "nauc_precision_at_1000_std": 1.0,
        "nauc_precision_at_1000_diff1": 1.0,
        "nauc_mrr_at_1_max": 0.44256,
        "nauc_mrr_at_1_std": -0.123236,
        "nauc_mrr_at_1_diff1": 0.773089,
        "nauc_mrr_at_3_max": 0.442006,
        "nauc_mrr_at_3_std": -0.188233,
        "nauc_mrr_at_3_diff1": 0.742278,
        "nauc_mrr_at_5_max": 0.440075,
        "nauc_mrr_at_5_std": -0.171713,
        "nauc_mrr_at_5_diff1": 0.738902,
        "nauc_mrr_at_10_max": 0.435389,
        "nauc_mrr_at_10_std": -0.171434,
        "nauc_mrr_at_10_diff1": 0.738534,
        "nauc_mrr_at_20_max": 0.436263,
        "nauc_mrr_at_20_std": -0.168201,
        "nauc_mrr_at_20_diff1": 0.73929,
        "nauc_mrr_at_100_max": 0.437217,
        "nauc_mrr_at_100_std": -0.166622,
        "nauc_mrr_at_100_diff1": 0.739961,
        "nauc_mrr_at_1000_max": 0.437261,
        "nauc_mrr_at_1000_std": -0.166785,
        "nauc_mrr_at_1000_diff1": 0.740099,
        "main_score": 0.79541,
        "hf_subset": "default",
        "languages": [
          "eng-Latn"
        ]
      }
    ]
  },
  "evaluation_time": 326.77879428863525,
  "kg_co2_emissions": null
}