{
  "dataset_revision": "ca0f1732432ad623ba6172b15e8c726b76e50fad",
  "task_name": "legal-rag-bench",
  "mteb_version": "1.39.7",
  "scores": {
    "test": [
      {
        "ndcg_at_1": 0.24,
        "ndcg_at_3": 0.31547,
        "ndcg_at_5": 0.34088,
        "ndcg_at_10": 0.37044,
        "ndcg_at_20": 0.39633,
        "ndcg_at_100": 0.43286,
        "ndcg_at_1000": 0.45205,
        "map_at_1": 0.24,
        "map_at_3": 0.29667,
        "map_at_5": 0.31117,
        "map_at_10": 0.32363,
        "map_at_20": 0.33107,
        "map_at_100": 0.33588,
        "map_at_1000": 0.33663,
        "recall_at_1": 0.24,
        "recall_at_3": 0.37,
        "recall_at_5": 0.43,
        "recall_at_10": 0.52,
        "recall_at_20": 0.62,
        "recall_at_100": 0.82,
        "recall_at_1000": 0.97,
        "precision_at_1": 0.24,
        "precision_at_3": 0.12333,
        "precision_at_5": 0.086,
        "precision_at_10": 0.052,
        "precision_at_20": 0.031,
        "precision_at_100": 0.0082,
        "precision_at_1000": 0.00097,
        "mrr_at_1": 0.24,
        "mrr_at_3": 0.296667,
        "mrr_at_5": 0.311167,
        "mrr_at_10": 0.323635,
        "mrr_at_20": 0.331065,
        "mrr_at_100": 0.335879,
        "mrr_at_1000": 0.336626,
        "nauc_ndcg_at_1_max": -0.066634,
        "nauc_ndcg_at_1_std": -0.103553,
        "nauc_ndcg_at_1_diff1": 0.238423,
        "nauc_ndcg_at_3_max": -0.044386,
        "nauc_ndcg_at_3_std": -0.10036,
        "nauc_ndcg_at_3_diff1": 0.143537,
        "nauc_ndcg_at_5_max": 0.029284,
        "nauc_ndcg_at_5_std": -0.057131,
        "nauc_ndcg_at_5_diff1": 0.126501,
        "nauc_ndcg_at_10_max": 0.002255,
        "nauc_ndcg_at_10_std": -0.054202,
        "nauc_ndcg_at_10_diff1": 0.125634,
        "nauc_ndcg_at_20_max": -0.003393,
        "nauc_ndcg_at_20_std": -0.058115,
        "nauc_ndcg_at_20_diff1": 0.131053,
        "nauc_ndcg_at_100_max": -0.011846,
        "nauc_ndcg_at_100_std": -0.068039,
        "nauc_ndcg_at_100_diff1": 0.138187,
        "nauc_ndcg_at_1000_max": -0.012457,
        "nauc_ndcg_at_1000_std": -0.064822,
        "nauc_ndcg_at_1000_diff1": 0.130424,
        "nauc_map_at_1_max": -0.066634,
        "nauc_map_at_1_std": -0.103553,
        "nauc_map_at_1_diff1": 0.238423,
        "nauc_map_at_3_max": -0.046854,
        "nauc_map_at_3_std": -0.097997,
        "nauc_map_at_3_diff1": 0.162859,
        "nauc_map_at_5_max": -0.004523,
        "nauc_map_at_5_std": -0.073685,
        "nauc_map_at_5_diff1": 0.153269,
        "nauc_map_at_10_max": -0.015368,
        "nauc_map_at_10_std": -0.072886,
        "nauc_map_at_10_diff1": 0.155579,
        "nauc_map_at_20_max": -0.016331,
        "nauc_map_at_20_std": -0.073445,
        "nauc_map_at_20_diff1": 0.15802,
        "nauc_map_at_100_max": -0.016872,
        "nauc_map_at_100_std": -0.075301,
        "nauc_map_at_100_diff1": 0.159729,
        "nauc_map_at_1000_max": -0.016555,
        "nauc_map_at_1000_std": -0.074558,
        "nauc_map_at_1000_diff1": 0.15932,
        "nauc_recall_at_1_max": -0.066634,
        "nauc_recall_at_1_std": -0.103553,
        "nauc_recall_at_1_diff1": 0.238423,
        "nauc_recall_at_3_max": -0.038731,
        "nauc_recall_at_3_std": -0.107902,
        "nauc_recall_at_3_diff1": 0.092375,
        "nauc_recall_at_5_max": 0.128259,
        "nauc_recall_at_5_std": -0.007855,
        "nauc_recall_at_5_diff1": 0.053101,
        "nauc_recall_at_10_max": 0.047894,
        "nauc_recall_at_10_std": 0.00487,
        "nauc_recall_at_10_diff1": 0.034509,
        "nauc_recall_at_20_max": 0.024552,
        "nauc_recall_at_20_std": -0.009307,
        "nauc_recall_at_20_diff1": 0.040104,
        "nauc_recall_at_100_max": -0.052539,
        "nauc_recall_at_100_std": -0.052869,
        "nauc_recall_at_100_diff1": 0.021368,
        "nauc_recall_at_1000_max": -0.434485,
        "nauc_recall_at_1000_std": -0.061936,
        "nauc_recall_at_1000_diff1": -1.021008,
        "nauc_precision_at_1_max": -0.066634,
        "nauc_precision_at_1_std": -0.103553,
        "nauc_precision_at_1_diff1": 0.238423,
        "nauc_precision_at_3_max": -0.038731,
        "nauc_precision_at_3_std": -0.107902,
        "nauc_precision_at_3_diff1": 0.092375,
        "nauc_precision_at_5_max": 0.128259,
        "nauc_precision_at_5_std": -0.007855,
        "nauc_precision_at_5_diff1": 0.053101,
        "nauc_precision_at_10_max": 0.047894,
        "nauc_precision_at_10_std": 0.00487,
        "nauc_precision_at_10_diff1": 0.034509,
        "nauc_precision_at_20_max": 0.024552,
        "nauc_precision_at_20_std": -0.009307,
        "nauc_precision_at_20_diff1": 0.040104,
        "nauc_precision_at_100_max": -0.052539,
        "nauc_precision_at_100_std": -0.052869,
        "nauc_precision_at_100_diff1": 0.021368,
        "nauc_precision_at_1000_max": -0.434485,
        "nauc_precision_at_1000_std": -0.061936,
        "nauc_precision_at_1000_diff1": -1.021008,
        "nauc_mrr_at_1_max": -0.066634,
        "nauc_mrr_at_1_std": -0.103553,
        "nauc_mrr_at_1_diff1": 0.238423,
        "nauc_mrr_at_3_max": -0.046854,
        "nauc_mrr_at_3_std": -0.097997,
        "nauc_mrr_at_3_diff1": 0.162859,
        "nauc_mrr_at_5_max": -0.004523,
        "nauc_mrr_at_5_std": -0.073685,
        "nauc_mrr_at_5_diff1": 0.153269,
        "nauc_mrr_at_10_max": -0.015368,
        "nauc_mrr_at_10_std": -0.072886,
        "nauc_mrr_at_10_diff1": 0.155579,
        "nauc_mrr_at_20_max": -0.016331,
        "nauc_mrr_at_20_std": -0.073445,
        "nauc_mrr_at_20_diff1": 0.15802,
        "nauc_mrr_at_100_max": -0.016872,
        "nauc_mrr_at_100_std": -0.075301,
        "nauc_mrr_at_100_diff1": 0.159729,
        "nauc_mrr_at_1000_max": -0.016555,
        "nauc_mrr_at_1000_std": -0.074558,
        "nauc_mrr_at_1000_diff1": 0.15932,
        "main_score": 0.37044,
        "hf_subset": "default",
        "languages": [
          "eng-Latn"
        ]
      }
    ]
  },
  "evaluation_time": 87.67700409889221,
  "kg_co2_emissions": null
}