{
  "dataset_revision": "ec00129f88e9476e582131dc3a5db9220dfefa48",
  "task_name": "license-tldr-retrieval",
  "mteb_version": "1.38.49",
  "scores": {
    "test": [
      {
        "ndcg_at_1": 0.38462,
        "ndcg_at_3": 0.52014,
        "ndcg_at_5": 0.55922,
        "ndcg_at_10": 0.59849,
        "ndcg_at_20": 0.6176,
        "ndcg_at_100": 0.63602,
        "ndcg_at_1000": 0.63602,
        "map_at_1": 0.38462,
        "map_at_3": 0.48718,
        "map_at_5": 0.50949,
        "map_at_10": 0.52543,
        "map_at_20": 0.5305,
        "map_at_100": 0.53352,
        "map_at_1000": 0.53352,
        "recall_at_1": 0.38462,
        "recall_at_3": 0.61538,
        "recall_at_5": 0.70769,
        "recall_at_10": 0.83077,
        "recall_at_20": 0.90769,
        "recall_at_100": 1.0,
        "recall_at_1000": 1.0,
        "precision_at_1": 0.38462,
        "precision_at_3": 0.20513,
        "precision_at_5": 0.14154,
        "precision_at_10": 0.08308,
        "precision_at_20": 0.04538,
        "precision_at_100": 0.01,
        "precision_at_1000": 0.001,
        "mrr_at_1": 0.384615,
        "mrr_at_3": 0.487179,
        "mrr_at_5": 0.509487,
        "mrr_at_10": 0.525427,
        "mrr_at_20": 0.530497,
        "mrr_at_100": 0.53352,
        "mrr_at_1000": 0.53352,
        "nauc_ndcg_at_1_max": 0.441547,
        "nauc_ndcg_at_1_std": -0.163846,
        "nauc_ndcg_at_1_diff1": 0.590379,
        "nauc_ndcg_at_3_max": 0.378416,
        "nauc_ndcg_at_3_std": -0.107381,
        "nauc_ndcg_at_3_diff1": 0.481281,
        "nauc_ndcg_at_5_max": 0.431505,
        "nauc_ndcg_at_5_std": -0.018781,
        "nauc_ndcg_at_5_diff1": 0.493147,
        "nauc_ndcg_at_10_max": 0.423715,
        "nauc_ndcg_at_10_std": 0.022668,
        "nauc_ndcg_at_10_diff1": 0.458463,
        "nauc_ndcg_at_20_max": 0.397049,
        "nauc_ndcg_at_20_std": -0.023118,
        "nauc_ndcg_at_20_diff1": 0.452076,
        "nauc_ndcg_at_100_max": 0.416653,
        "nauc_ndcg_at_100_std": -0.059942,
        "nauc_ndcg_at_100_diff1": 0.494037,
        "nauc_ndcg_at_1000_max": 0.416653,
        "nauc_ndcg_at_1000_std": -0.059942,
        "nauc_ndcg_at_1000_diff1": 0.494037,
        "nauc_map_at_1_max": 0.441547,
        "nauc_map_at_1_std": -0.163846,
        "nauc_map_at_1_diff1": 0.590379,
        "nauc_map_at_3_max": 0.396533,
        "nauc_map_at_3_std": -0.128112,
        "nauc_map_at_3_diff1": 0.508588,
        "nauc_map_at_5_max": 0.426909,
        "nauc_map_at_5_std": -0.080071,
        "nauc_map_at_5_diff1": 0.515581,
        "nauc_map_at_10_max": 0.422336,
        "nauc_map_at_10_std": -0.065397,
        "nauc_map_at_10_diff1": 0.502856,
        "nauc_map_at_20_max": 0.415857,
        "nauc_map_at_20_std": -0.077408,
        "nauc_map_at_20_diff1": 0.502366,
        "nauc_map_at_100_max": 0.419226,
        "nauc_map_at_100_std": -0.082727,
        "nauc_map_at_100_diff1": 0.508608,
        "nauc_map_at_1000_max": 0.419226,
        "nauc_map_at_1000_std": -0.082727,
        "nauc_map_at_1000_diff1": 0.508608,
        "nauc_recall_at_1_max": 0.441547,
        "nauc_recall_at_1_std": -0.163846,
        "nauc_recall_at_1_diff1": 0.590379,
        "nauc_recall_at_3_max": 0.319913,
        "nauc_recall_at_3_std": -0.038596,
        "nauc_recall_at_3_diff1": 0.394724,
        "nauc_recall_at_5_max": 0.454499,
        "nauc_recall_at_5_std": 0.224749,
        "nauc_recall_at_5_diff1": 0.41302,
        "nauc_recall_at_10_max": 0.442309,
        "nauc_recall_at_10_std": 0.572917,
        "nauc_recall_at_10_diff1": 0.187685,
        "nauc_recall_at_20_max": 0.164843,
        "nauc_recall_at_20_std": 0.463715,
        "nauc_recall_at_20_diff1": -0.08933,
        "nauc_recall_at_100_max": NaN,
        "nauc_recall_at_100_std": NaN,
        "nauc_recall_at_100_diff1": NaN,
        "nauc_recall_at_1000_max": NaN,
        "nauc_recall_at_1000_std": NaN,
        "nauc_recall_at_1000_diff1": NaN,
        "nauc_precision_at_1_max": 0.441547,
        "nauc_precision_at_1_std": -0.163846,
        "nauc_precision_at_1_diff1": 0.590379,
        "nauc_precision_at_3_max": 0.319913,
        "nauc_precision_at_3_std": -0.038596,
        "nauc_precision_at_3_diff1": 0.394724,
        "nauc_precision_at_5_max": 0.454499,
        "nauc_precision_at_5_std": 0.224749,
        "nauc_precision_at_5_diff1": 0.41302,
        "nauc_precision_at_10_max": 0.442309,
        "nauc_precision_at_10_std": 0.572917,
        "nauc_precision_at_10_diff1": 0.187685,
        "nauc_precision_at_20_max": 0.164843,
        "nauc_precision_at_20_std": 0.463715,
        "nauc_precision_at_20_diff1": -0.08933,
        "nauc_precision_at_100_max": NaN,
        "nauc_precision_at_100_std": NaN,
        "nauc_precision_at_100_diff1": NaN,
        "nauc_precision_at_1000_max": 1.0,
        "nauc_precision_at_1000_std": 1.0,
        "nauc_precision_at_1000_diff1": 1.0,
        "nauc_mrr_at_1_max": 0.441547,
        "nauc_mrr_at_1_std": -0.163846,
        "nauc_mrr_at_1_diff1": 0.590379,
        "nauc_mrr_at_3_max": 0.396533,
        "nauc_mrr_at_3_std": -0.128112,
        "nauc_mrr_at_3_diff1": 0.508588,
        "nauc_mrr_at_5_max": 0.426909,
        "nauc_mrr_at_5_std": -0.080071,
        "nauc_mrr_at_5_diff1": 0.515581,
        "nauc_mrr_at_10_max": 0.422336,
        "nauc_mrr_at_10_std": -0.065397,
        "nauc_mrr_at_10_diff1": 0.502856,
        "nauc_mrr_at_20_max": 0.415857,
        "nauc_mrr_at_20_std": -0.077408,
        "nauc_mrr_at_20_diff1": 0.502366,
        "nauc_mrr_at_100_max": 0.419226,
        "nauc_mrr_at_100_std": -0.082727,
        "nauc_mrr_at_100_diff1": 0.508608,
        "nauc_mrr_at_1000_max": 0.419226,
        "nauc_mrr_at_1000_std": -0.082727,
        "nauc_mrr_at_1000_diff1": 0.508608,
        "main_score": 0.59849,
        "hf_subset": "default",
        "languages": [
          "eng-Latn"
        ]
      }
    ]
  },
  "evaluation_time": 55.926321506500244,
  "kg_co2_emissions": null
}