{
  "dataset_revision": "319b6cc4b012d733f126a943a8a66bdf9df5dc40",
  "task_name": "scalr",
  "mteb_version": "1.38.49",
  "scores": {
    "test": [
      {
        "ndcg_at_1": 0.48333,
        "ndcg_at_3": 0.57649,
        "ndcg_at_5": 0.6145,
        "ndcg_at_10": 0.65276,
        "ndcg_at_20": 0.65705,
        "ndcg_at_100": 0.67604,
        "ndcg_at_1000": 0.67906,
        "map_at_1": 0.48333,
        "map_at_3": 0.55139,
        "map_at_5": 0.57264,
        "map_at_10": 0.58872,
        "map_at_20": 0.58993,
        "map_at_100": 0.59266,
        "map_at_1000": 0.59275,
        "recall_at_1": 0.48333,
        "recall_at_3": 0.65,
        "recall_at_5": 0.74167,
        "recall_at_10": 0.85833,
        "recall_at_20": 0.875,
        "recall_at_100": 0.975,
        "recall_at_1000": 1.0,
        "precision_at_1": 0.48333,
        "precision_at_3": 0.21667,
        "precision_at_5": 0.14833,
        "precision_at_10": 0.08583,
        "precision_at_20": 0.04375,
        "precision_at_100": 0.00975,
        "precision_at_1000": 0.001,
        "mrr_at_1": 0.483333,
        "mrr_at_3": 0.551389,
        "mrr_at_5": 0.572639,
        "mrr_at_10": 0.588717,
        "mrr_at_20": 0.589932,
        "mrr_at_100": 0.592663,
        "mrr_at_1000": 0.592748,
        "nauc_ndcg_at_1_max": 0.291701,
        "nauc_ndcg_at_1_std": -0.00053,
        "nauc_ndcg_at_1_diff1": 0.572539,
        "nauc_ndcg_at_3_max": 0.350161,
        "nauc_ndcg_at_3_std": 0.01678,
        "nauc_ndcg_at_3_diff1": 0.535646,
        "nauc_ndcg_at_5_max": 0.334963,
        "nauc_ndcg_at_5_std": -0.047828,
        "nauc_ndcg_at_5_diff1": 0.498385,
        "nauc_ndcg_at_10_max": 0.329577,
        "nauc_ndcg_at_10_std": -0.016595,
        "nauc_ndcg_at_10_diff1": 0.502366,
        "nauc_ndcg_at_20_max": 0.331352,
        "nauc_ndcg_at_20_std": -0.025782,
        "nauc_ndcg_at_20_diff1": 0.503817,
        "nauc_ndcg_at_100_max": 0.32864,
        "nauc_ndcg_at_100_std": -0.00673,
        "nauc_ndcg_at_100_diff1": 0.508174,
        "nauc_ndcg_at_1000_max": 0.325177,
        "nauc_ndcg_at_1000_std": -0.010806,
        "nauc_ndcg_at_1000_diff1": 0.513007,
        "nauc_map_at_1_max": 0.291701,
        "nauc_map_at_1_std": -0.00053,
        "nauc_map_at_1_diff1": 0.572539,
        "nauc_map_at_3_max": 0.334111,
        "nauc_map_at_3_std": 0.013175,
        "nauc_map_at_3_diff1": 0.542093,
        "nauc_map_at_5_max": 0.326792,
        "nauc_map_at_5_std": -0.020371,
        "nauc_map_at_5_diff1": 0.523499,
        "nauc_map_at_10_max": 0.321943,
        "nauc_map_at_10_std": -0.008462,
        "nauc_map_at_10_diff1": 0.524713,
        "nauc_map_at_20_max": 0.322646,
        "nauc_map_at_20_std": -0.010514,
        "nauc_map_at_20_diff1": 0.525065,
        "nauc_map_at_100_max": 0.321729,
        "nauc_map_at_100_std": -0.007843,
        "nauc_map_at_100_diff1": 0.525216,
        "nauc_map_at_1000_max": 0.321641,
        "nauc_map_at_1000_std": -0.007936,
        "nauc_map_at_1000_diff1": 0.525279,
        "nauc_recall_at_1_max": 0.291701,
        "nauc_recall_at_1_std": -0.00053,
        "nauc_recall_at_1_diff1": 0.572539,
        "nauc_recall_at_3_max": 0.403315,
        "nauc_recall_at_3_std": 0.02821,
        "nauc_recall_at_3_diff1": 0.515936,
        "nauc_recall_at_5_max": 0.362552,
        "nauc_recall_at_5_std": -0.169931,
        "nauc_recall_at_5_diff1": 0.392802,
        "nauc_recall_at_10_max": 0.379991,
        "nauc_recall_at_10_std": -0.060604,
        "nauc_recall_at_10_diff1": 0.359827,
        "nauc_recall_at_20_max": 0.395334,
        "nauc_recall_at_20_std": -0.144679,
        "nauc_recall_at_20_diff1": 0.356312,
        "nauc_recall_at_100_max": 0.593838,
        "nauc_recall_at_100_std": 0.312325,
        "nauc_recall_at_100_diff1": 0.09057,
        "nauc_recall_at_1000_max": NaN,
        "nauc_recall_at_1000_std": NaN,
        "nauc_recall_at_1000_diff1": NaN,
        "nauc_precision_at_1_max": 0.291701,
        "nauc_precision_at_1_std": -0.00053,
        "nauc_precision_at_1_diff1": 0.572539,
        "nauc_precision_at_3_max": 0.403315,
        "nauc_precision_at_3_std": 0.02821,
        "nauc_precision_at_3_diff1": 0.515936,
        "nauc_precision_at_5_max": 0.362552,
        "nauc_precision_at_5_std": -0.169931,
        "nauc_precision_at_5_diff1": 0.392802,
        "nauc_precision_at_10_max": 0.379991,
        "nauc_precision_at_10_std": -0.060604,
        "nauc_precision_at_10_diff1": 0.359827,
        "nauc_precision_at_20_max": 0.395334,
        "nauc_precision_at_20_std": -0.144679,
        "nauc_precision_at_20_diff1": 0.356312,
        "nauc_precision_at_100_max": 0.593838,
        "nauc_precision_at_100_std": 0.312325,
        "nauc_precision_at_100_diff1": 0.09057,
        "nauc_precision_at_1000_max": 1.0,
        "nauc_precision_at_1000_std": 1.0,
        "nauc_precision_at_1000_diff1": 1.0,
        "nauc_mrr_at_1_max": 0.291701,
        "nauc_mrr_at_1_std": -0.00053,
        "nauc_mrr_at_1_diff1": 0.572539,
        "nauc_mrr_at_3_max": 0.334111,
        "nauc_mrr_at_3_std": 0.013175,
        "nauc_mrr_at_3_diff1": 0.542093,
        "nauc_mrr_at_5_max": 0.326792,
        "nauc_mrr_at_5_std": -0.020371,
        "nauc_mrr_at_5_diff1": 0.523499,
        "nauc_mrr_at_10_max": 0.321943,
        "nauc_mrr_at_10_std": -0.008462,
        "nauc_mrr_at_10_diff1": 0.524713,
        "nauc_mrr_at_20_max": 0.322646,
        "nauc_mrr_at_20_std": -0.010514,
        "nauc_mrr_at_20_diff1": 0.525065,
        "nauc_mrr_at_100_max": 0.321729,
        "nauc_mrr_at_100_std": -0.007843,
        "nauc_mrr_at_100_diff1": 0.525216,
        "nauc_mrr_at_1000_max": 0.321641,
        "nauc_mrr_at_1000_std": -0.007936,
        "nauc_mrr_at_1000_diff1": 0.525279,
        "main_score": 0.65276,
        "hf_subset": "default",
        "languages": [
          "eng-Latn"
        ]
      }
    ]
  },
  "evaluation_time": 88.88523602485657,
  "kg_co2_emissions": null
}