{
  "dataset_revision": "427e2ae4b22cd9ad990ef8dd4647c16d79c89198",
  "task_name": "singaporean-judicial-keywords",
  "mteb_version": "1.38.49",
  "scores": {
    "test": [
      {
        "ndcg_at_1": 0.632,
        "ndcg_at_3": 0.73497,
        "ndcg_at_5": 0.75519,
        "ndcg_at_10": 0.77733,
        "ndcg_at_20": 0.7861,
        "ndcg_at_100": 0.79188,
        "ndcg_at_1000": 0.79353,
        "map_at_1": 0.632,
        "map_at_3": 0.71033,
        "map_at_5": 0.72133,
        "map_at_10": 0.73057,
        "map_at_20": 0.73306,
        "map_at_100": 0.73393,
        "map_at_1000": 0.73401,
        "recall_at_1": 0.632,
        "recall_at_3": 0.806,
        "recall_at_5": 0.856,
        "recall_at_10": 0.924,
        "recall_at_20": 0.958,
        "recall_at_100": 0.988,
        "recall_at_1000": 1.0,
        "precision_at_1": 0.632,
        "precision_at_3": 0.26867,
        "precision_at_5": 0.1712,
        "precision_at_10": 0.0924,
        "precision_at_20": 0.0479,
        "precision_at_100": 0.00988,
        "precision_at_1000": 0.001,
        "mrr_at_1": 0.632,
        "mrr_at_3": 0.710333,
        "mrr_at_5": 0.721333,
        "mrr_at_10": 0.730567,
        "mrr_at_20": 0.73306,
        "mrr_at_100": 0.733934,
        "mrr_at_1000": 0.734013,
        "nauc_ndcg_at_1_max": 0.458057,
        "nauc_ndcg_at_1_std": -0.018376,
        "nauc_ndcg_at_1_diff1": 0.696352,
        "nauc_ndcg_at_3_max": 0.489538,
        "nauc_ndcg_at_3_std": -0.025784,
        "nauc_ndcg_at_3_diff1": 0.666648,
        "nauc_ndcg_at_5_max": 0.514101,
        "nauc_ndcg_at_5_std": -0.021481,
        "nauc_ndcg_at_5_diff1": 0.678567,
        "nauc_ndcg_at_10_max": 0.498323,
        "nauc_ndcg_at_10_std": -0.037429,
        "nauc_ndcg_at_10_diff1": 0.671282,
        "nauc_ndcg_at_20_max": 0.495633,
        "nauc_ndcg_at_20_std": -0.024008,
        "nauc_ndcg_at_20_diff1": 0.669028,
        "nauc_ndcg_at_100_max": 0.492608,
        "nauc_ndcg_at_100_std": -0.027486,
        "nauc_ndcg_at_100_diff1": 0.675912,
        "nauc_ndcg_at_1000_max": 0.490814,
        "nauc_ndcg_at_1000_std": -0.026228,
        "nauc_ndcg_at_1000_diff1": 0.675801,
        "nauc_map_at_1_max": 0.458057,
        "nauc_map_at_1_std": -0.018376,
        "nauc_map_at_1_diff1": 0.696352,
        "nauc_map_at_3_max": 0.48069,
        "nauc_map_at_3_std": -0.024311,
        "nauc_map_at_3_diff1": 0.674865,
        "nauc_map_at_5_max": 0.492621,
        "nauc_map_at_5_std": -0.022047,
        "nauc_map_at_5_diff1": 0.681406,
        "nauc_map_at_10_max": 0.485996,
        "nauc_map_at_10_std": -0.028124,
        "nauc_map_at_10_diff1": 0.678413,
        "nauc_map_at_20_max": 0.485189,
        "nauc_map_at_20_std": -0.025095,
        "nauc_map_at_20_diff1": 0.677821,
        "nauc_map_at_100_max": 0.485094,
        "nauc_map_at_100_std": -0.025417,
        "nauc_map_at_100_diff1": 0.678736,
        "nauc_map_at_1000_max": 0.485039,
        "nauc_map_at_1000_std": -0.025331,
        "nauc_map_at_1000_diff1": 0.678732,
        "nauc_recall_at_1_max": 0.458057,
        "nauc_recall_at_1_std": -0.018376,
        "nauc_recall_at_1_diff1": 0.696352,
        "nauc_recall_at_3_max": 0.523878,
        "nauc_recall_at_3_std": -0.031149,
        "nauc_recall_at_3_diff1": 0.634836,
        "nauc_recall_at_5_max": 0.62548,
        "nauc_recall_at_5_std": -0.017297,
        "nauc_recall_at_5_diff1": 0.667157,
        "nauc_recall_at_10_max": 0.599821,
        "nauc_recall_at_10_std": -0.129896,
        "nauc_recall_at_10_diff1": 0.610227,
        "nauc_recall_at_20_max": 0.638722,
        "nauc_recall_at_20_std": 0.029012,
        "nauc_recall_at_20_diff1": 0.528767,
        "nauc_recall_at_100_max": 0.693122,
        "nauc_recall_at_100_std": -0.134687,
        "nauc_recall_at_100_diff1": 0.687208,
        "nauc_recall_at_1000_max": NaN,
        "nauc_recall_at_1000_std": NaN,
        "nauc_recall_at_1000_diff1": NaN,
        "nauc_precision_at_1_max": 0.458057,
        "nauc_precision_at_1_std": -0.018376,
        "nauc_precision_at_1_diff1": 0.696352,
        "nauc_precision_at_3_max": 0.523878,
        "nauc_precision_at_3_std": -0.031149,
        "nauc_precision_at_3_diff1": 0.634836,
        "nauc_precision_at_5_max": 0.62548,
        "nauc_precision_at_5_std": -0.017297,
        "nauc_precision_at_5_diff1": 0.667157,
        "nauc_precision_at_10_max": 0.599821,
        "nauc_precision_at_10_std": -0.129896,
        "nauc_precision_at_10_diff1": 0.610227,
        "nauc_precision_at_20_max": 0.638722,
        "nauc_precision_at_20_std": 0.029012,
        "nauc_precision_at_20_diff1": 0.528767,
        "nauc_precision_at_100_max": 0.693122,
        "nauc_precision_at_100_std": -0.134687,
        "nauc_precision_at_100_diff1": 0.687208,
        "nauc_precision_at_1000_max": 1.0,
        "nauc_precision_at_1000_std": 1.0,
        "nauc_precision_at_1000_diff1": 1.0,
        "nauc_mrr_at_1_max": 0.458057,
        "nauc_mrr_at_1_std": -0.018376,
        "nauc_mrr_at_1_diff1": 0.696352,
        "nauc_mrr_at_3_max": 0.48069,
        "nauc_mrr_at_3_std": -0.024311,
        "nauc_mrr_at_3_diff1": 0.674865,
        "nauc_mrr_at_5_max": 0.492621,
        "nauc_mrr_at_5_std": -0.022047,
        "nauc_mrr_at_5_diff1": 0.681406,
        "nauc_mrr_at_10_max": 0.485996,
        "nauc_mrr_at_10_std": -0.028124,
        "nauc_mrr_at_10_diff1": 0.678413,
        "nauc_mrr_at_20_max": 0.485189,
        "nauc_mrr_at_20_std": -0.025095,
        "nauc_mrr_at_20_diff1": 0.677821,
        "nauc_mrr_at_100_max": 0.485094,
        "nauc_mrr_at_100_std": -0.025417,
        "nauc_mrr_at_100_diff1": 0.678736,
        "nauc_mrr_at_1000_max": 0.485039,
        "nauc_mrr_at_1000_std": -0.025331,
        "nauc_mrr_at_1000_diff1": 0.678732,
        "main_score": 0.77733,
        "hf_subset": "default",
        "languages": [
          "eng-Latn"
        ]
      }
    ]
  },
  "evaluation_time": 353.9723918437958,
  "kg_co2_emissions": null
}