{
  "dataset_revision": "436d6a79d06cac556799e9e0be54a6fb90bf7182",
  "task_name": "uk-legislative-long-titles",
  "mteb_version": "1.38.49",
  "scores": {
    "test": [
      {
        "ndcg_at_1": 0.88462,
        "ndcg_at_3": 0.93315,
        "ndcg_at_5": 0.93867,
        "ndcg_at_10": 0.94294,
        "ndcg_at_20": 0.94652,
        "ndcg_at_100": 0.94652,
        "ndcg_at_1000": 0.94652,
        "map_at_1": 0.88462,
        "map_at_3": 0.92308,
        "map_at_5": 0.92628,
        "map_at_10": 0.92811,
        "map_at_20": 0.92928,
        "map_at_100": 0.92928,
        "map_at_1000": 0.92928,
        "recall_at_1": 0.88462,
        "recall_at_3": 0.96154,
        "recall_at_5": 0.97436,
        "recall_at_10": 0.98718,
        "recall_at_20": 1.0,
        "recall_at_100": 1.0,
        "recall_at_1000": 1.0,
        "precision_at_1": 0.88462,
        "precision_at_3": 0.32051,
        "precision_at_5": 0.19487,
        "precision_at_10": 0.09872,
        "precision_at_20": 0.05,
        "precision_at_100": 0.01,
        "precision_at_1000": 0.001,
        "mrr_at_1": 0.884615,
        "mrr_at_3": 0.923077,
        "mrr_at_5": 0.926282,
        "mrr_at_10": 0.928114,
        "mrr_at_20": 0.929279,
        "mrr_at_100": 0.929279,
        "mrr_at_1000": 0.929279,
        "nauc_ndcg_at_1_max": 0.814096,
        "nauc_ndcg_at_1_std": 0.479521,
        "nauc_ndcg_at_1_diff1": 0.968531,
        "nauc_ndcg_at_3_max": 0.803901,
        "nauc_ndcg_at_3_std": 0.338205,
        "nauc_ndcg_at_3_diff1": 0.96405,
        "nauc_ndcg_at_5_max": 0.844381,
        "nauc_ndcg_at_5_std": 0.525263,
        "nauc_ndcg_at_5_diff1": 0.960781,
        "nauc_ndcg_at_10_max": 0.832598,
        "nauc_ndcg_at_10_std": 0.489315,
        "nauc_ndcg_at_10_diff1": 0.967738,
        "nauc_ndcg_at_20_max": 0.821272,
        "nauc_ndcg_at_20_std": 0.454765,
        "nauc_ndcg_at_20_diff1": 0.965555,
        "nauc_ndcg_at_100_max": 0.821272,
        "nauc_ndcg_at_100_std": 0.454765,
        "nauc_ndcg_at_100_diff1": 0.965555,
        "nauc_ndcg_at_1000_max": 0.821272,
        "nauc_ndcg_at_1000_std": 0.454765,
        "nauc_ndcg_at_1000_diff1": 0.965555,
        "nauc_map_at_1_max": 0.814096,
        "nauc_map_at_1_std": 0.479521,
        "nauc_map_at_1_diff1": 0.968531,
        "nauc_map_at_3_max": 0.807063,
        "nauc_map_at_3_std": 0.382031,
        "nauc_map_at_3_diff1": 0.96544,
        "nauc_map_at_5_max": 0.826777,
        "nauc_map_at_5_std": 0.474413,
        "nauc_map_at_5_diff1": 0.96392,
        "nauc_map_at_10_max": 0.822311,
        "nauc_map_at_10_std": 0.460864,
        "nauc_map_at_10_diff1": 0.966369,
        "nauc_map_at_20_max": 0.819348,
        "nauc_map_at_20_std": 0.451872,
        "nauc_map_at_20_diff1": 0.965808,
        "nauc_map_at_100_max": 0.819348,
        "nauc_map_at_100_std": 0.451872,
        "nauc_map_at_100_diff1": 0.965808,
        "nauc_map_at_1000_max": 0.819348,
        "nauc_map_at_1000_std": 0.451872,
        "nauc_map_at_1000_diff1": 0.965808,
        "nauc_recall_at_1_max": 0.814096,
        "nauc_recall_at_1_std": 0.479521,
        "nauc_recall_at_1_diff1": 0.968531,
        "nauc_recall_at_3_max": 0.78627,
        "nauc_recall_at_3_std": 0.093822,
        "nauc_recall_at_3_diff1": 0.956303,
        "nauc_recall_at_5_max": 1.0,
        "nauc_recall_at_5_std": 1.0,
        "nauc_recall_at_5_diff1": 0.934454,
        "nauc_recall_at_10_max": 1.0,
        "nauc_recall_at_10_std": 1.0,
        "nauc_recall_at_10_diff1": 1.0,
        "nauc_recall_at_20_max": NaN,
        "nauc_recall_at_20_std": NaN,
        "nauc_recall_at_20_diff1": NaN,
        "nauc_recall_at_100_max": NaN,
        "nauc_recall_at_100_std": NaN,
        "nauc_recall_at_100_diff1": NaN,
        "nauc_recall_at_1000_max": NaN,
        "nauc_recall_at_1000_std": NaN,
        "nauc_recall_at_1000_diff1": NaN,
        "nauc_precision_at_1_max": 0.814096,
        "nauc_precision_at_1_std": 0.479521,
        "nauc_precision_at_1_diff1": 0.968531,
        "nauc_precision_at_3_max": 0.78627,
        "nauc_precision_at_3_std": 0.093822,
        "nauc_precision_at_3_diff1": 0.956303,
        "nauc_precision_at_5_max": 1.0,
        "nauc_precision_at_5_std": 1.0,
        "nauc_precision_at_5_diff1": 0.934454,
        "nauc_precision_at_10_max": 1.0,
        "nauc_precision_at_10_std": 1.0,
        "nauc_precision_at_10_diff1": 1.0,
        "nauc_precision_at_20_max": 1.0,
        "nauc_precision_at_20_std": 1.0,
        "nauc_precision_at_20_diff1": 1.0,
        "nauc_precision_at_100_max": 1.0,
        "nauc_precision_at_100_std": 1.0,
        "nauc_precision_at_100_diff1": 1.0,
        "nauc_precision_at_1000_max": 1.0,
        "nauc_precision_at_1000_std": 1.0,
        "nauc_precision_at_1000_diff1": 1.0,
        "nauc_mrr_at_1_max": 0.814096,
        "nauc_mrr_at_1_std": 0.479521,
        "nauc_mrr_at_1_diff1": 0.968531,
        "nauc_mrr_at_3_max": 0.807063,
        "nauc_mrr_at_3_std": 0.382031,
        "nauc_mrr_at_3_diff1": 0.96544,
        "nauc_mrr_at_5_max": 0.826777,
        "nauc_mrr_at_5_std": 0.474413,
        "nauc_mrr_at_5_diff1": 0.96392,
        "nauc_mrr_at_10_max": 0.822311,
        "nauc_mrr_at_10_std": 0.460864,
        "nauc_mrr_at_10_diff1": 0.966369,
        "nauc_mrr_at_20_max": 0.819348,
        "nauc_mrr_at_20_std": 0.451872,
        "nauc_mrr_at_20_diff1": 0.965808,
        "nauc_mrr_at_100_max": 0.819348,
        "nauc_mrr_at_100_std": 0.451872,
        "nauc_mrr_at_100_diff1": 0.965808,
        "nauc_mrr_at_1000_max": 0.819348,
        "nauc_mrr_at_1000_std": 0.451872,
        "nauc_mrr_at_1000_diff1": 0.965808,
        "main_score": 0.94294,
        "hf_subset": "default",
        "languages": [
          "eng-Latn"
        ]
      }
    ]
  },
  "evaluation_time": 55.10153603553772,
  "kg_co2_emissions": null
}