{
  "dataset_revision": "2095f248902963b4480ac96b774ba64b2104cbee",
  "task_name": "consumer-contracts-qa",
  "mteb_version": "1.38.49",
  "scores": {
    "test": [
      {
        "ndcg_at_1": 0.70707,
        "ndcg_at_3": 0.79804,
        "ndcg_at_5": 0.82499,
        "ndcg_at_10": 0.84029,
        "ndcg_at_20": 0.8452,
        "ndcg_at_100": 0.84697,
        "ndcg_at_1000": 0.84697,
        "map_at_1": 0.70707,
        "map_at_3": 0.77694,
        "map_at_5": 0.79184,
        "map_at_10": 0.7985,
        "map_at_20": 0.79976,
        "map_at_100": 0.79996,
        "map_at_1000": 0.79996,
        "recall_at_1": 0.70707,
        "recall_at_3": 0.85859,
        "recall_at_5": 0.92424,
        "recall_at_10": 0.9697,
        "recall_at_20": 0.9899,
        "recall_at_100": 1.0,
        "recall_at_1000": 1.0,
        "precision_at_1": 0.70707,
        "precision_at_3": 0.2862,
        "precision_at_5": 0.18485,
        "precision_at_10": 0.09697,
        "precision_at_20": 0.04949,
        "precision_at_100": 0.01,
        "precision_at_1000": 0.001,
        "mrr_at_1": 0.707071,
        "mrr_at_3": 0.776936,
        "mrr_at_5": 0.791835,
        "mrr_at_10": 0.798503,
        "mrr_at_20": 0.799761,
        "mrr_at_100": 0.799958,
        "mrr_at_1000": 0.799958,
        "nauc_ndcg_at_1_max": 0.523976,
        "nauc_ndcg_at_1_std": 0.405992,
        "nauc_ndcg_at_1_diff1": 0.76473,
        "nauc_ndcg_at_3_max": 0.575737,
        "nauc_ndcg_at_3_std": 0.451295,
        "nauc_ndcg_at_3_diff1": 0.713431,
        "nauc_ndcg_at_5_max": 0.583494,
        "nauc_ndcg_at_5_std": 0.501318,
        "nauc_ndcg_at_5_diff1": 0.725861,
        "nauc_ndcg_at_10_max": 0.587095,
        "nauc_ndcg_at_10_std": 0.48169,
        "nauc_ndcg_at_10_diff1": 0.744149,
        "nauc_ndcg_at_20_max": 0.575941,
        "nauc_ndcg_at_20_std": 0.467012,
        "nauc_ndcg_at_20_diff1": 0.742246,
        "nauc_ndcg_at_100_max": 0.570472,
        "nauc_ndcg_at_100_std": 0.460138,
        "nauc_ndcg_at_100_diff1": 0.740695,
        "nauc_ndcg_at_1000_max": 0.570472,
        "nauc_ndcg_at_1000_std": 0.460138,
        "nauc_ndcg_at_1000_diff1": 0.740695,
        "nauc_map_at_1_max": 0.523976,
        "nauc_map_at_1_std": 0.405992,
        "nauc_map_at_1_diff1": 0.76473,
        "nauc_map_at_3_max": 0.564872,
        "nauc_map_at_3_std": 0.4419,
        "nauc_map_at_3_diff1": 0.728215,
        "nauc_map_at_5_max": 0.566259,
        "nauc_map_at_5_std": 0.463825,
        "nauc_map_at_5_diff1": 0.735167,
        "nauc_map_at_10_max": 0.567305,
        "nauc_map_at_10_std": 0.455574,
        "nauc_map_at_10_diff1": 0.742537,
        "nauc_map_at_20_max": 0.564881,
        "nauc_map_at_20_std": 0.452494,
        "nauc_map_at_20_diff1": 0.741975,
        "nauc_map_at_100_max": 0.564402,
        "nauc_map_at_100_std": 0.451892,
        "nauc_map_at_100_diff1": 0.741836,
        "nauc_map_at_1000_max": 0.564402,
        "nauc_map_at_1000_std": 0.451892,
        "nauc_map_at_1000_diff1": 0.741836,
        "nauc_recall_at_1_max": 0.523976,
        "nauc_recall_at_1_std": 0.405992,
        "nauc_recall_at_1_diff1": 0.76473,
        "nauc_recall_at_3_max": 0.618861,
        "nauc_recall_at_3_std": 0.488486,
        "nauc_recall_at_3_diff1": 0.651186,
        "nauc_recall_at_5_max": 0.707982,
        "nauc_recall_at_5_std": 0.783768,
        "nauc_recall_at_5_diff1": 0.664967,
        "nauc_recall_at_10_max": 0.931806,
        "nauc_recall_at_10_std": 0.931806,
        "nauc_recall_at_10_diff1": 0.81111,
        "nauc_recall_at_20_max": 1.0,
        "nauc_recall_at_20_std": 1.0,
        "nauc_recall_at_20_diff1": 0.860852,
        "nauc_recall_at_100_max": NaN,
        "nauc_recall_at_100_std": NaN,
        "nauc_recall_at_100_diff1": NaN,
        "nauc_recall_at_1000_max": NaN,
        "nauc_recall_at_1000_std": NaN,
        "nauc_recall_at_1000_diff1": NaN,
        "nauc_precision_at_1_max": 0.523976,
        "nauc_precision_at_1_std": 0.405992,
        "nauc_precision_at_1_diff1": 0.76473,
        "nauc_precision_at_3_max": 0.618861,
        "nauc_precision_at_3_std": 0.488486,
        "nauc_precision_at_3_diff1": 0.651186,
        "nauc_precision_at_5_max": 0.707982,
        "nauc_precision_at_5_std": 0.783768,
        "nauc_precision_at_5_diff1": 0.664967,
        "nauc_precision_at_10_max": 0.931806,
        "nauc_precision_at_10_std": 0.931806,
        "nauc_precision_at_10_diff1": 0.81111,
        "nauc_precision_at_20_max": 1.0,
        "nauc_precision_at_20_std": 1.0,
        "nauc_precision_at_20_diff1": 0.860852,
        "nauc_precision_at_100_max": 1.0,
        "nauc_precision_at_100_std": 1.0,
        "nauc_precision_at_100_diff1": 1.0,
        "nauc_precision_at_1000_max": 1.0,
        "nauc_precision_at_1000_std": 1.0,
        "nauc_precision_at_1000_diff1": 1.0,
        "nauc_mrr_at_1_max": 0.523976,
        "nauc_mrr_at_1_std": 0.405992,
        "nauc_mrr_at_1_diff1": 0.76473,
        "nauc_mrr_at_3_max": 0.564872,
        "nauc_mrr_at_3_std": 0.4419,
        "nauc_mrr_at_3_diff1": 0.728215,
        "nauc_mrr_at_5_max": 0.566259,
        "nauc_mrr_at_5_std": 0.463825,
        "nauc_mrr_at_5_diff1": 0.735167,
        "nauc_mrr_at_10_max": 0.567305,
        "nauc_mrr_at_10_std": 0.455574,
        "nauc_mrr_at_10_diff1": 0.742537,
        "nauc_mrr_at_20_max": 0.564881,
        "nauc_mrr_at_20_std": 0.452494,
        "nauc_mrr_at_20_diff1": 0.741975,
        "nauc_mrr_at_100_max": 0.564402,
        "nauc_mrr_at_100_std": 0.451892,
        "nauc_mrr_at_100_diff1": 0.741836,
        "nauc_mrr_at_1000_max": 0.564402,
        "nauc_mrr_at_1000_std": 0.451892,
        "nauc_mrr_at_1000_diff1": 0.741836,
        "main_score": 0.84029,
        "hf_subset": "default",
        "languages": [
          "eng-Latn"
        ]
      }
    ]
  },
  "evaluation_time": 3.0734779834747314,
  "kg_co2_emissions": null
}