{
  "dataset_revision": "8d41f3d22bb73685b6f42b62ad95940ea3dfbf84",
  "task_name": "gdpr-holdings-retrieval",
  "mteb_version": "1.38.49",
  "scores": {
    "test": [
      {
        "ndcg_at_1": 0.806,
        "ndcg_at_3": 0.86495,
        "ndcg_at_5": 0.87149,
        "ndcg_at_10": 0.87889,
        "ndcg_at_20": 0.8846,
        "ndcg_at_100": 0.88909,
        "ndcg_at_1000": 0.89064,
        "map_at_1": 0.806,
        "map_at_3": 0.85133,
        "map_at_5": 0.85493,
        "map_at_10": 0.85815,
        "map_at_20": 0.85979,
        "map_at_100": 0.86043,
        "map_at_1000": 0.86049,
        "recall_at_1": 0.806,
        "recall_at_3": 0.904,
        "recall_at_5": 0.92,
        "recall_at_10": 0.942,
        "recall_at_20": 0.964,
        "recall_at_100": 0.988,
        "recall_at_1000": 1.0,
        "precision_at_1": 0.806,
        "precision_at_3": 0.30133,
        "precision_at_5": 0.184,
        "precision_at_10": 0.0942,
        "precision_at_20": 0.0482,
        "precision_at_100": 0.00988,
        "precision_at_1000": 0.001,
        "mrr_at_1": 0.806,
        "mrr_at_3": 0.851333,
        "mrr_at_5": 0.854933,
        "mrr_at_10": 0.858152,
        "mrr_at_20": 0.859795,
        "mrr_at_100": 0.860432,
        "mrr_at_1000": 0.860491,
        "nauc_ndcg_at_1_max": 0.569296,
        "nauc_ndcg_at_1_std": -0.165749,
        "nauc_ndcg_at_1_diff1": 0.85239,
        "nauc_ndcg_at_3_max": 0.641143,
        "nauc_ndcg_at_3_std": -0.099874,
        "nauc_ndcg_at_3_diff1": 0.863906,
        "nauc_ndcg_at_5_max": 0.64294,
        "nauc_ndcg_at_5_std": -0.094094,
        "nauc_ndcg_at_5_diff1": 0.861075,
        "nauc_ndcg_at_10_max": 0.645718,
        "nauc_ndcg_at_10_std": -0.081623,
        "nauc_ndcg_at_10_diff1": 0.858411,
        "nauc_ndcg_at_20_max": 0.64025,
        "nauc_ndcg_at_20_std": -0.096037,
        "nauc_ndcg_at_20_diff1": 0.858745,
        "nauc_ndcg_at_100_max": 0.63275,
        "nauc_ndcg_at_100_std": -0.105612,
        "nauc_ndcg_at_100_diff1": 0.859123,
        "nauc_ndcg_at_1000_max": 0.628022,
        "nauc_ndcg_at_1000_std": -0.108464,
        "nauc_ndcg_at_1000_diff1": 0.859397,
        "nauc_map_at_1_max": 0.569296,
        "nauc_map_at_1_std": -0.165749,
        "nauc_map_at_1_diff1": 0.85239,
        "nauc_map_at_3_max": 0.619657,
        "nauc_map_at_3_std": -0.120734,
        "nauc_map_at_3_diff1": 0.861654,
        "nauc_map_at_5_max": 0.620078,
        "nauc_map_at_5_std": -0.118801,
        "nauc_map_at_5_diff1": 0.860229,
        "nauc_map_at_10_max": 0.620666,
        "nauc_map_at_10_std": -0.113663,
        "nauc_map_at_10_diff1": 0.859178,
        "nauc_map_at_20_max": 0.619088,
        "nauc_map_at_20_std": -0.117516,
        "nauc_map_at_20_diff1": 0.859347,
        "nauc_map_at_100_max": 0.617942,
        "nauc_map_at_100_std": -0.119246,
        "nauc_map_at_100_diff1": 0.859356,
        "nauc_map_at_1000_max": 0.617802,
        "nauc_map_at_1000_std": -0.119233,
        "nauc_map_at_1000_diff1": 0.859365,
        "nauc_recall_at_1_max": 0.569296,
        "nauc_recall_at_1_std": -0.165749,
        "nauc_recall_at_1_diff1": 0.85239,
        "nauc_recall_at_3_max": 0.732532,
        "nauc_recall_at_3_std": -0.010417,
        "nauc_recall_at_3_diff1": 0.872734,
        "nauc_recall_at_5_max": 0.756921,
        "nauc_recall_at_5_std": 0.031956,
        "nauc_recall_at_5_diff1": 0.86362,
        "nauc_recall_at_10_max": 0.815464,
        "nauc_recall_at_10_std": 0.141263,
        "nauc_recall_at_10_diff1": 0.849078,
        "nauc_recall_at_20_max": 0.853616,
        "nauc_recall_at_20_std": 0.107843,
        "nauc_recall_at_20_diff1": 0.84516,
        "nauc_recall_at_100_max": 0.956427,
        "nauc_recall_at_100_std": 0.142001,
        "nauc_recall_at_100_diff1": 0.842048,
        "nauc_recall_at_1000_max": NaN,
        "nauc_recall_at_1000_std": NaN,
        "nauc_recall_at_1000_diff1": NaN,
        "nauc_precision_at_1_max": 0.569296,
        "nauc_precision_at_1_std": -0.165749,
        "nauc_precision_at_1_diff1": 0.85239,
        "nauc_precision_at_3_max": 0.732532,
        "nauc_precision_at_3_std": -0.010417,
        "nauc_precision_at_3_diff1": 0.872734,
        "nauc_precision_at_5_max": 0.756921,
        "nauc_precision_at_5_std": 0.031956,
        "nauc_precision_at_5_diff1": 0.86362,
        "nauc_precision_at_10_max": 0.815464,
        "nauc_precision_at_10_std": 0.141263,
        "nauc_precision_at_10_diff1": 0.849078,
        "nauc_precision_at_20_max": 0.853616,
        "nauc_precision_at_20_std": 0.107843,
        "nauc_precision_at_20_diff1": 0.84516,
        "nauc_precision_at_100_max": 0.956427,
        "nauc_precision_at_100_std": 0.142001,
        "nauc_precision_at_100_diff1": 0.842048,
        "nauc_precision_at_1000_max": 1.0,
        "nauc_precision_at_1000_std": 1.0,
        "nauc_precision_at_1000_diff1": 1.0,
        "nauc_mrr_at_1_max": 0.569296,
        "nauc_mrr_at_1_std": -0.165749,
        "nauc_mrr_at_1_diff1": 0.85239,
        "nauc_mrr_at_3_max": 0.619657,
        "nauc_mrr_at_3_std": -0.120734,
        "nauc_mrr_at_3_diff1": 0.861654,
        "nauc_mrr_at_5_max": 0.620078,
        "nauc_mrr_at_5_std": -0.118801,
        "nauc_mrr_at_5_diff1": 0.860229,
        "nauc_mrr_at_10_max": 0.620666,
        "nauc_mrr_at_10_std": -0.113663,
        "nauc_mrr_at_10_diff1": 0.859178,
        "nauc_mrr_at_20_max": 0.619088,
        "nauc_mrr_at_20_std": -0.117516,
        "nauc_mrr_at_20_diff1": 0.859347,
        "nauc_mrr_at_100_max": 0.617942,
        "nauc_mrr_at_100_std": -0.119246,
        "nauc_mrr_at_100_diff1": 0.859356,
        "nauc_mrr_at_1000_max": 0.617802,
        "nauc_mrr_at_1000_std": -0.119233,
        "nauc_mrr_at_1000_diff1": 0.859365,
        "main_score": 0.87889,
        "hf_subset": "default",
        "languages": [
          "eng-Latn"
        ]
      }
    ]
  },
  "evaluation_time": 11.193174839019775,
  "kg_co2_emissions": null
}