{
  "dataset_revision": "66d23b0ce609450ce24d0fc85e9bac69aba90b84",
  "task_name": "housing-qa",
  "mteb_version": "1.38.49",
  "scores": {
    "test": [
      {
        "ndcg_at_1": 0.1215,
        "ndcg_at_3": 0.13912,
        "ndcg_at_5": 0.16753,
        "ndcg_at_10": 0.20183,
        "ndcg_at_20": 0.25312,
        "ndcg_at_100": 0.35142,
        "ndcg_at_1000": 0.40784,
        "map_at_1": 0.04763,
        "map_at_3": 0.08449,
        "map_at_5": 0.10107,
        "map_at_10": 0.12176,
        "map_at_20": 0.14115,
        "map_at_100": 0.16393,
        "map_at_1000": 0.17083,
        "recall_at_1": 0.04763,
        "recall_at_3": 0.11527,
        "recall_at_5": 0.17554,
        "recall_at_10": 0.28052,
        "recall_at_20": 0.41708,
        "recall_at_100": 0.74523,
        "recall_at_1000": 1.0,
        "precision_at_1": 0.1215,
        "precision_at_3": 0.10903,
        "precision_at_5": 0.11963,
        "precision_at_10": 0.10187,
        "precision_at_20": 0.07944,
        "precision_at_100": 0.03327,
        "precision_at_1000": 0.00467,
        "mrr_at_1": 0.121495,
        "mrr_at_3": 0.188474,
        "mrr_at_5": 0.225389,
        "mrr_at_10": 0.247256,
        "mrr_at_20": 0.259883,
        "mrr_at_100": 0.264604,
        "mrr_at_1000": 0.264909,
        "nauc_ndcg_at_1_max": 0.15078,
        "nauc_ndcg_at_1_std": -0.08758,
        "nauc_ndcg_at_1_diff1": 0.228743,
        "nauc_ndcg_at_3_max": 0.208359,
        "nauc_ndcg_at_3_std": -0.119966,
        "nauc_ndcg_at_3_diff1": 0.225745,
        "nauc_ndcg_at_5_max": 0.165021,
        "nauc_ndcg_at_5_std": -0.098631,
        "nauc_ndcg_at_5_diff1": 0.13109,
        "nauc_ndcg_at_10_max": 0.185269,
        "nauc_ndcg_at_10_std": -0.127473,
        "nauc_ndcg_at_10_diff1": 0.097378,
        "nauc_ndcg_at_20_max": 0.17794,
        "nauc_ndcg_at_20_std": -0.121379,
        "nauc_ndcg_at_20_diff1": 0.092168,
        "nauc_ndcg_at_100_max": 0.178655,
        "nauc_ndcg_at_100_std": 0.008333,
        "nauc_ndcg_at_100_diff1": 0.107524,
        "nauc_ndcg_at_1000_max": 0.175475,
        "nauc_ndcg_at_1000_std": 0.03941,
        "nauc_ndcg_at_1000_diff1": 0.103699,
        "nauc_map_at_1_max": 0.127977,
        "nauc_map_at_1_std": -0.232177,
        "nauc_map_at_1_diff1": 0.223539,
        "nauc_map_at_3_max": 0.212933,
        "nauc_map_at_3_std": -0.207115,
        "nauc_map_at_3_diff1": 0.275802,
        "nauc_map_at_5_max": 0.171976,
        "nauc_map_at_5_std": -0.200993,
        "nauc_map_at_5_diff1": 0.214542,
        "nauc_map_at_10_max": 0.1772,
        "nauc_map_at_10_std": -0.193911,
        "nauc_map_at_10_diff1": 0.177909,
        "nauc_map_at_20_max": 0.181498,
        "nauc_map_at_20_std": -0.177342,
        "nauc_map_at_20_diff1": 0.165878,
        "nauc_map_at_100_max": 0.179483,
        "nauc_map_at_100_std": -0.133607,
        "nauc_map_at_100_diff1": 0.161969,
        "nauc_map_at_1000_max": 0.181651,
        "nauc_map_at_1000_std": -0.121014,
        "nauc_map_at_1000_diff1": 0.160077,
        "nauc_recall_at_1_max": 0.127977,
        "nauc_recall_at_1_std": -0.232177,
        "nauc_recall_at_1_diff1": 0.223539,
        "nauc_recall_at_3_max": 0.268034,
        "nauc_recall_at_3_std": -0.187481,
        "nauc_recall_at_3_diff1": 0.233897,
        "nauc_recall_at_5_max": 0.161796,
        "nauc_recall_at_5_std": -0.177634,
        "nauc_recall_at_5_diff1": 0.059542,
        "nauc_recall_at_10_max": 0.158893,
        "nauc_recall_at_10_std": -0.181243,
        "nauc_recall_at_10_diff1": -0.009316,
        "nauc_recall_at_20_max": 0.152408,
        "nauc_recall_at_20_std": -0.165226,
        "nauc_recall_at_20_diff1": -0.012534,
        "nauc_recall_at_100_max": 0.12001,
        "nauc_recall_at_100_std": 0.073654,
        "nauc_recall_at_100_diff1": 0.027151,
        "nauc_recall_at_1000_max": NaN,
        "nauc_recall_at_1000_std": NaN,
        "nauc_recall_at_1000_diff1": NaN,
        "nauc_precision_at_1_max": 0.15078,
        "nauc_precision_at_1_std": -0.08758,
        "nauc_precision_at_1_diff1": 0.228743,
        "nauc_precision_at_3_max": 0.208962,
        "nauc_precision_at_3_std": -0.03499,
        "nauc_precision_at_3_diff1": 0.197466,
        "nauc_precision_at_5_max": 0.102366,
        "nauc_precision_at_5_std": 0.096331,
        "nauc_precision_at_5_diff1": 0.016173,
        "nauc_precision_at_10_max": 0.125113,
        "nauc_precision_at_10_std": 0.157542,
        "nauc_precision_at_10_diff1": -0.064981,
        "nauc_precision_at_20_max": 0.081305,
        "nauc_precision_at_20_std": 0.199367,
        "nauc_precision_at_20_diff1": -0.089688,
        "nauc_precision_at_100_max": 0.071682,
        "nauc_precision_at_100_std": 0.419876,
        "nauc_precision_at_100_diff1": -0.088679,
        "nauc_precision_at_1000_max": 0.028155,
        "nauc_precision_at_1000_std": 0.421779,
        "nauc_precision_at_1000_diff1": -0.107964,
        "nauc_mrr_at_1_max": 0.15078,
        "nauc_mrr_at_1_std": -0.08758,
        "nauc_mrr_at_1_diff1": 0.228743,
        "nauc_mrr_at_3_max": 0.153739,
        "nauc_mrr_at_3_std": -0.118709,
        "nauc_mrr_at_3_diff1": 0.216945,
        "nauc_mrr_at_5_max": 0.166909,
        "nauc_mrr_at_5_std": -0.054552,
        "nauc_mrr_at_5_diff1": 0.16463,
        "nauc_mrr_at_10_max": 0.168725,
        "nauc_mrr_at_10_std": -0.04664,
        "nauc_mrr_at_10_diff1": 0.151889,
        "nauc_mrr_at_20_max": 0.158107,
        "nauc_mrr_at_20_std": -0.052477,
        "nauc_mrr_at_20_diff1": 0.158857,
        "nauc_mrr_at_100_max": 0.158833,
        "nauc_mrr_at_100_std": -0.051329,
        "nauc_mrr_at_100_diff1": 0.161608,
        "nauc_mrr_at_1000_max": 0.158674,
        "nauc_mrr_at_1000_std": -0.05236,
        "nauc_mrr_at_1000_diff1": 0.161737,
        "main_score": 0.20183,
        "hf_subset": "default",
        "languages": [
          "eng-Latn"
        ]
      }
    ]
  },
  "evaluation_time": 4.771820545196533,
  "kg_co2_emissions": null
}