{
  "dataset_revision": "bbf8b2d84b7de5970b2ba4ea843c791285fdb1df",
  "task_name": "irish-legislative-summaries",
  "mteb_version": "1.38.49",
  "scores": {
    "test": [
      {
        "ndcg_at_1": 0.716,
        "ndcg_at_3": 0.79474,
        "ndcg_at_5": 0.80627,
        "ndcg_at_10": 0.81736,
        "ndcg_at_20": 0.82585,
        "ndcg_at_100": 0.83277,
        "ndcg_at_1000": 0.83455,
        "map_at_1": 0.716,
        "map_at_3": 0.775,
        "map_at_5": 0.7814,
        "map_at_10": 0.78603,
        "map_at_20": 0.7883,
        "map_at_100": 0.78922,
        "map_at_1000": 0.78928,
        "recall_at_1": 0.716,
        "recall_at_3": 0.852,
        "recall_at_5": 0.88,
        "recall_at_10": 0.914,
        "recall_at_20": 0.948,
        "recall_at_100": 0.986,
        "recall_at_1000": 1.0,
        "precision_at_1": 0.716,
        "precision_at_3": 0.284,
        "precision_at_5": 0.176,
        "precision_at_10": 0.0914,
        "precision_at_20": 0.0474,
        "precision_at_100": 0.00986,
        "precision_at_1000": 0.001,
        "mrr_at_1": 0.716,
        "mrr_at_3": 0.775,
        "mrr_at_5": 0.7814,
        "mrr_at_10": 0.786029,
        "mrr_at_20": 0.788301,
        "mrr_at_100": 0.789215,
        "mrr_at_1000": 0.789278,
        "nauc_ndcg_at_1_max": 0.531968,
        "nauc_ndcg_at_1_std": -0.084631,
        "nauc_ndcg_at_1_diff1": 0.802975,
        "nauc_ndcg_at_3_max": 0.550742,
        "nauc_ndcg_at_3_std": -0.136951,
        "nauc_ndcg_at_3_diff1": 0.77248,
        "nauc_ndcg_at_5_max": 0.55769,
        "nauc_ndcg_at_5_std": -0.127918,
        "nauc_ndcg_at_5_diff1": 0.76848,
        "nauc_ndcg_at_10_max": 0.553433,
        "nauc_ndcg_at_10_std": -0.135529,
        "nauc_ndcg_at_10_diff1": 0.766859,
        "nauc_ndcg_at_20_max": 0.558408,
        "nauc_ndcg_at_20_std": -0.112989,
        "nauc_ndcg_at_20_diff1": 0.769967,
        "nauc_ndcg_at_100_max": 0.555229,
        "nauc_ndcg_at_100_std": -0.112782,
        "nauc_ndcg_at_100_diff1": 0.772888,
        "nauc_ndcg_at_1000_max": 0.552813,
        "nauc_ndcg_at_1000_std": -0.115296,
        "nauc_ndcg_at_1000_diff1": 0.773837,
        "nauc_map_at_1_max": 0.531968,
        "nauc_map_at_1_std": -0.084631,
        "nauc_map_at_1_diff1": 0.802975,
        "nauc_map_at_3_max": 0.545446,
        "nauc_map_at_3_std": -0.122563,
        "nauc_map_at_3_diff1": 0.779478,
        "nauc_map_at_5_max": 0.549093,
        "nauc_map_at_5_std": -0.118063,
        "nauc_map_at_5_diff1": 0.777776,
        "nauc_map_at_10_max": 0.547323,
        "nauc_map_at_10_std": -0.120506,
        "nauc_map_at_10_diff1": 0.777059,
        "nauc_map_at_20_max": 0.548463,
        "nauc_map_at_20_std": -0.115049,
        "nauc_map_at_20_diff1": 0.777842,
        "nauc_map_at_100_max": 0.548275,
        "nauc_map_at_100_std": -0.114544,
        "nauc_map_at_100_diff1": 0.77814,
        "nauc_map_at_1000_max": 0.548205,
        "nauc_map_at_1000_std": -0.114602,
        "nauc_map_at_1000_diff1": 0.778156,
        "nauc_recall_at_1_max": 0.531968,
        "nauc_recall_at_1_std": -0.084631,
        "nauc_recall_at_1_diff1": 0.802975,
        "nauc_recall_at_3_max": 0.57243,
        "nauc_recall_at_3_std": -0.195641,
        "nauc_recall_at_3_diff1": 0.744815,
        "nauc_recall_at_5_max": 0.600032,
        "nauc_recall_at_5_std": -0.171914,
        "nauc_recall_at_5_diff1": 0.723791,
        "nauc_recall_at_10_max": 0.590776,
        "nauc_recall_at_10_std": -0.234002,
        "nauc_recall_at_10_diff1": 0.701735,
        "nauc_recall_at_20_max": 0.673167,
        "nauc_recall_at_20_std": -0.030363,
        "nauc_recall_at_20_diff1": 0.697659,
        "nauc_recall_at_100_max": 0.75797,
        "nauc_recall_at_100_std": 0.10731,
        "nauc_recall_at_100_diff1": 0.684941,
        "nauc_recall_at_1000_max": NaN,
        "nauc_recall_at_1000_std": NaN,
        "nauc_recall_at_1000_diff1": NaN,
        "nauc_precision_at_1_max": 0.531968,
        "nauc_precision_at_1_std": -0.084631,
        "nauc_precision_at_1_diff1": 0.802975,
        "nauc_precision_at_3_max": 0.57243,
        "nauc_precision_at_3_std": -0.195641,
        "nauc_precision_at_3_diff1": 0.744815,
        "nauc_precision_at_5_max": 0.600032,
        "nauc_precision_at_5_std": -0.171914,
        "nauc_precision_at_5_diff1": 0.723791,
        "nauc_precision_at_10_max": 0.590776,
        "nauc_precision_at_10_std": -0.234002,
        "nauc_precision_at_10_diff1": 0.701735,
        "nauc_precision_at_20_max": 0.673167,
        "nauc_precision_at_20_std": -0.030363,
        "nauc_precision_at_20_diff1": 0.697659,
        "nauc_precision_at_100_max": 0.75797,
        "nauc_precision_at_100_std": 0.10731,
        "nauc_precision_at_100_diff1": 0.684941,
        "nauc_precision_at_1000_max": 1.0,
        "nauc_precision_at_1000_std": 1.0,
        "nauc_precision_at_1000_diff1": 1.0,
        "nauc_mrr_at_1_max": 0.531968,
        "nauc_mrr_at_1_std": -0.084631,
        "nauc_mrr_at_1_diff1": 0.802975,
        "nauc_mrr_at_3_max": 0.545446,
        "nauc_mrr_at_3_std": -0.122563,
        "nauc_mrr_at_3_diff1": 0.779478,
        "nauc_mrr_at_5_max": 0.549093,
        "nauc_mrr_at_5_std": -0.118063,
        "nauc_mrr_at_5_diff1": 0.777776,
        "nauc_mrr_at_10_max": 0.547323,
        "nauc_mrr_at_10_std": -0.120506,
        "nauc_mrr_at_10_diff1": 0.777059,
        "nauc_mrr_at_20_max": 0.548463,
        "nauc_mrr_at_20_std": -0.115049,
        "nauc_mrr_at_20_diff1": 0.777842,
        "nauc_mrr_at_100_max": 0.548275,
        "nauc_mrr_at_100_std": -0.114544,
        "nauc_mrr_at_100_diff1": 0.77814,
        "nauc_mrr_at_1000_max": 0.548205,
        "nauc_mrr_at_1000_std": -0.114602,
        "nauc_mrr_at_1000_diff1": 0.778156,
        "main_score": 0.81736,
        "hf_subset": "default",
        "languages": [
          "eng-Latn"
        ]
      }
    ]
  },
  "evaluation_time": 16.8161780834198,
  "kg_co2_emissions": null
}