{
  "dataset_revision": "319b6cc4b012d733f126a943a8a66bdf9df5dc40",
  "task_name": "scalr",
  "mteb_version": "1.38.49",
  "scores": {
    "test": [
      {
        "ndcg_at_1": 0.45833,
        "ndcg_at_3": 0.58194,
        "ndcg_at_5": 0.60275,
        "ndcg_at_10": 0.64036,
        "ndcg_at_20": 0.6529,
        "ndcg_at_100": 0.66608,
        "ndcg_at_1000": 0.67158,
        "map_at_1": 0.45833,
        "map_at_3": 0.55,
        "map_at_5": 0.56167,
        "map_at_10": 0.57712,
        "map_at_20": 0.58052,
        "map_at_100": 0.58267,
        "map_at_1000": 0.5829,
        "recall_at_1": 0.45833,
        "recall_at_3": 0.675,
        "recall_at_5": 0.725,
        "recall_at_10": 0.84167,
        "recall_at_20": 0.89167,
        "recall_at_100": 0.95833,
        "recall_at_1000": 1.0,
        "precision_at_1": 0.45833,
        "precision_at_3": 0.225,
        "precision_at_5": 0.145,
        "precision_at_10": 0.08417,
        "precision_at_20": 0.04458,
        "precision_at_100": 0.00958,
        "precision_at_1000": 0.001,
        "mrr_at_1": 0.458333,
        "mrr_at_3": 0.55,
        "mrr_at_5": 0.561667,
        "mrr_at_10": 0.577123,
        "mrr_at_20": 0.580524,
        "mrr_at_100": 0.582668,
        "mrr_at_1000": 0.5829,
        "nauc_ndcg_at_1_max": 0.368372,
        "nauc_ndcg_at_1_std": -0.049773,
        "nauc_ndcg_at_1_diff1": 0.495748,
        "nauc_ndcg_at_3_max": 0.382439,
        "nauc_ndcg_at_3_std": -0.036925,
        "nauc_ndcg_at_3_diff1": 0.425332,
        "nauc_ndcg_at_5_max": 0.386047,
        "nauc_ndcg_at_5_std": -0.064646,
        "nauc_ndcg_at_5_diff1": 0.445015,
        "nauc_ndcg_at_10_max": 0.407009,
        "nauc_ndcg_at_10_std": -0.047853,
        "nauc_ndcg_at_10_diff1": 0.443822,
        "nauc_ndcg_at_20_max": 0.402414,
        "nauc_ndcg_at_20_std": -0.051601,
        "nauc_ndcg_at_20_diff1": 0.449306,
        "nauc_ndcg_at_100_max": 0.394858,
        "nauc_ndcg_at_100_std": -0.062397,
        "nauc_ndcg_at_100_diff1": 0.45314,
        "nauc_ndcg_at_1000_max": 0.388357,
        "nauc_ndcg_at_1000_std": -0.058055,
        "nauc_ndcg_at_1000_diff1": 0.451583,
        "nauc_map_at_1_max": 0.368372,
        "nauc_map_at_1_std": -0.049773,
        "nauc_map_at_1_diff1": 0.495748,
        "nauc_map_at_3_max": 0.374042,
        "nauc_map_at_3_std": -0.042009,
        "nauc_map_at_3_diff1": 0.439768,
        "nauc_map_at_5_max": 0.375173,
        "nauc_map_at_5_std": -0.05753,
        "nauc_map_at_5_diff1": 0.451261,
        "nauc_map_at_10_max": 0.381943,
        "nauc_map_at_10_std": -0.053081,
        "nauc_map_at_10_diff1": 0.451062,
        "nauc_map_at_20_max": 0.380386,
        "nauc_map_at_20_std": -0.053779,
        "nauc_map_at_20_diff1": 0.45243,
        "nauc_map_at_100_max": 0.379502,
        "nauc_map_at_100_std": -0.055205,
        "nauc_map_at_100_diff1": 0.453593,
        "nauc_map_at_1000_max": 0.379284,
        "nauc_map_at_1000_std": -0.055184,
        "nauc_map_at_1000_diff1": 0.45345,
        "nauc_recall_at_1_max": 0.368372,
        "nauc_recall_at_1_std": -0.049773,
        "nauc_recall_at_1_diff1": 0.495748,
        "nauc_recall_at_3_max": 0.41335,
        "nauc_recall_at_3_std": -0.018768,
        "nauc_recall_at_3_diff1": 0.37818,
        "nauc_recall_at_5_max": 0.43125,
        "nauc_recall_at_5_std": -0.094254,
        "nauc_recall_at_5_diff1": 0.426054,
        "nauc_recall_at_10_max": 0.578269,
        "nauc_recall_at_10_std": 0.000697,
        "nauc_recall_at_10_diff1": 0.407972,
        "nauc_recall_at_20_max": 0.608648,
        "nauc_recall_at_20_std": -0.020025,
        "nauc_recall_at_20_diff1": 0.444751,
        "nauc_recall_at_100_max": 0.684034,
        "nauc_recall_at_100_std": -0.288702,
        "nauc_recall_at_100_diff1": 0.490289,
        "nauc_recall_at_1000_max": NaN,
        "nauc_recall_at_1000_std": NaN,
        "nauc_recall_at_1000_diff1": NaN,
        "nauc_precision_at_1_max": 0.368372,
        "nauc_precision_at_1_std": -0.049773,
        "nauc_precision_at_1_diff1": 0.495748,
        "nauc_precision_at_3_max": 0.41335,
        "nauc_precision_at_3_std": -0.018768,
        "nauc_precision_at_3_diff1": 0.37818,
        "nauc_precision_at_5_max": 0.43125,
        "nauc_precision_at_5_std": -0.094254,
        "nauc_precision_at_5_diff1": 0.426054,
        "nauc_precision_at_10_max": 0.578269,
        "nauc_precision_at_10_std": 0.000697,
        "nauc_precision_at_10_diff1": 0.407972,
        "nauc_precision_at_20_max": 0.608648,
        "nauc_precision_at_20_std": -0.020025,
        "nauc_precision_at_20_diff1": 0.444751,
        "nauc_precision_at_100_max": 0.684034,
        "nauc_precision_at_100_std": -0.288702,
        "nauc_precision_at_100_diff1": 0.490289,
        "nauc_precision_at_1000_max": 1.0,
        "nauc_precision_at_1000_std": 1.0,
        "nauc_precision_at_1000_diff1": 1.0,
        "nauc_mrr_at_1_max": 0.368372,
        "nauc_mrr_at_1_std": -0.049773,
        "nauc_mrr_at_1_diff1": 0.495748,
        "nauc_mrr_at_3_max": 0.374042,
        "nauc_mrr_at_3_std": -0.042009,
        "nauc_mrr_at_3_diff1": 0.439768,
        "nauc_mrr_at_5_max": 0.375173,
        "nauc_mrr_at_5_std": -0.05753,
        "nauc_mrr_at_5_diff1": 0.451261,
        "nauc_mrr_at_10_max": 0.381943,
        "nauc_mrr_at_10_std": -0.053081,
        "nauc_mrr_at_10_diff1": 0.451062,
        "nauc_mrr_at_20_max": 0.380386,
        "nauc_mrr_at_20_std": -0.053779,
        "nauc_mrr_at_20_diff1": 0.45243,
        "nauc_mrr_at_100_max": 0.379502,
        "nauc_mrr_at_100_std": -0.055205,
        "nauc_mrr_at_100_diff1": 0.453593,
        "nauc_mrr_at_1000_max": 0.379284,
        "nauc_mrr_at_1000_std": -0.055184,
        "nauc_mrr_at_1000_diff1": 0.45345,
        "main_score": 0.64036,
        "hf_subset": "default",
        "languages": [
          "eng-Latn"
        ]
      }
    ]
  },
  "evaluation_time": 6.519912481307983,
  "kg_co2_emissions": null
}