{
  "dataset_revision": "427e2ae4b22cd9ad990ef8dd4647c16d79c89198",
  "task_name": "singaporean-judicial-keywords",
  "mteb_version": "1.38.49",
  "scores": {
    "test": [
      {
        "ndcg_at_1": 0.46,
        "ndcg_at_3": 0.5725,
        "ndcg_at_5": 0.6021,
        "ndcg_at_10": 0.6246,
        "ndcg_at_20": 0.64094,
        "ndcg_at_100": 0.65865,
        "ndcg_at_1000": 0.66476,
        "map_at_1": 0.46,
        "map_at_3": 0.545,
        "map_at_5": 0.5614,
        "map_at_10": 0.57098,
        "map_at_20": 0.57555,
        "map_at_100": 0.57795,
        "map_at_1000": 0.57817,
        "recall_at_1": 0.46,
        "recall_at_3": 0.652,
        "recall_at_5": 0.724,
        "recall_at_10": 0.792,
        "recall_at_20": 0.856,
        "recall_at_100": 0.952,
        "recall_at_1000": 1.0,
        "precision_at_1": 0.46,
        "precision_at_3": 0.21733,
        "precision_at_5": 0.1448,
        "precision_at_10": 0.0792,
        "precision_at_20": 0.0428,
        "precision_at_100": 0.00952,
        "precision_at_1000": 0.001,
        "mrr_at_1": 0.46,
        "mrr_at_3": 0.545,
        "mrr_at_5": 0.5614,
        "mrr_at_10": 0.570983,
        "mrr_at_20": 0.575554,
        "mrr_at_100": 0.577949,
        "mrr_at_1000": 0.578167,
        "nauc_ndcg_at_1_max": 0.523597,
        "nauc_ndcg_at_1_std": -0.045697,
        "nauc_ndcg_at_1_diff1": 0.714265,
        "nauc_ndcg_at_3_max": 0.525219,
        "nauc_ndcg_at_3_std": -0.046938,
        "nauc_ndcg_at_3_diff1": 0.634571,
        "nauc_ndcg_at_5_max": 0.54761,
        "nauc_ndcg_at_5_std": -0.015748,
        "nauc_ndcg_at_5_diff1": 0.628967,
        "nauc_ndcg_at_10_max": 0.554474,
        "nauc_ndcg_at_10_std": -0.003291,
        "nauc_ndcg_at_10_diff1": 0.639882,
        "nauc_ndcg_at_20_max": 0.546696,
        "nauc_ndcg_at_20_std": -0.007294,
        "nauc_ndcg_at_20_diff1": 0.636656,
        "nauc_ndcg_at_100_max": 0.544618,
        "nauc_ndcg_at_100_std": -0.001681,
        "nauc_ndcg_at_100_diff1": 0.650005,
        "nauc_ndcg_at_1000_max": 0.541067,
        "nauc_ndcg_at_1000_std": -0.014393,
        "nauc_ndcg_at_1000_diff1": 0.65051,
        "nauc_map_at_1_max": 0.523597,
        "nauc_map_at_1_std": -0.045697,
        "nauc_map_at_1_diff1": 0.714265,
        "nauc_map_at_3_max": 0.524606,
        "nauc_map_at_3_std": -0.046076,
        "nauc_map_at_3_diff1": 0.65518,
        "nauc_map_at_5_max": 0.53585,
        "nauc_map_at_5_std": -0.03007,
        "nauc_map_at_5_diff1": 0.652951,
        "nauc_map_at_10_max": 0.538048,
        "nauc_map_at_10_std": -0.025489,
        "nauc_map_at_10_diff1": 0.65746,
        "nauc_map_at_20_max": 0.535658,
        "nauc_map_at_20_std": -0.026696,
        "nauc_map_at_20_diff1": 0.656708,
        "nauc_map_at_100_max": 0.535524,
        "nauc_map_at_100_std": -0.026,
        "nauc_map_at_100_diff1": 0.658728,
        "nauc_map_at_1000_max": 0.535416,
        "nauc_map_at_1000_std": -0.026342,
        "nauc_map_at_1000_diff1": 0.65874,
        "nauc_recall_at_1_max": 0.523597,
        "nauc_recall_at_1_std": -0.045697,
        "nauc_recall_at_1_diff1": 0.714265,
        "nauc_recall_at_3_max": 0.527323,
        "nauc_recall_at_3_std": -0.050033,
        "nauc_recall_at_3_diff1": 0.566841,
        "nauc_recall_at_5_max": 0.597059,
        "nauc_recall_at_5_std": 0.044435,
        "nauc_recall_at_5_diff1": 0.537481,
        "nauc_recall_at_10_max": 0.641554,
        "nauc_recall_at_10_std": 0.11412,
        "nauc_recall_at_10_diff1": 0.564534,
        "nauc_recall_at_20_max": 0.621414,
        "nauc_recall_at_20_std": 0.128721,
        "nauc_recall_at_20_diff1": 0.513312,
        "nauc_recall_at_100_max": 0.687772,
        "nauc_recall_at_100_std": 0.519647,
        "nauc_recall_at_100_diff1": 0.626595,
        "nauc_recall_at_1000_max": NaN,
        "nauc_recall_at_1000_std": NaN,
        "nauc_recall_at_1000_diff1": NaN,
        "nauc_precision_at_1_max": 0.523597,
        "nauc_precision_at_1_std": -0.045697,
        "nauc_precision_at_1_diff1": 0.714265,
        "nauc_precision_at_3_max": 0.527323,
        "nauc_precision_at_3_std": -0.050033,
        "nauc_precision_at_3_diff1": 0.566841,
        "nauc_precision_at_5_max": 0.597059,
        "nauc_precision_at_5_std": 0.044435,
        "nauc_precision_at_5_diff1": 0.537481,
        "nauc_precision_at_10_max": 0.641554,
        "nauc_precision_at_10_std": 0.11412,
        "nauc_precision_at_10_diff1": 0.564534,
        "nauc_precision_at_20_max": 0.621414,
        "nauc_precision_at_20_std": 0.128721,
        "nauc_precision_at_20_diff1": 0.513312,
        "nauc_precision_at_100_max": 0.687772,
        "nauc_precision_at_100_std": 0.519647,
        "nauc_precision_at_100_diff1": 0.626595,
        "nauc_precision_at_1000_max": 1.0,
        "nauc_precision_at_1000_std": 1.0,
        "nauc_precision_at_1000_diff1": 1.0,
        "nauc_mrr_at_1_max": 0.523597,
        "nauc_mrr_at_1_std": -0.045697,
        "nauc_mrr_at_1_diff1": 0.714265,
        "nauc_mrr_at_3_max": 0.524606,
        "nauc_mrr_at_3_std": -0.046076,
        "nauc_mrr_at_3_diff1": 0.65518,
        "nauc_mrr_at_5_max": 0.53585,
        "nauc_mrr_at_5_std": -0.03007,
        "nauc_mrr_at_5_diff1": 0.652951,
        "nauc_mrr_at_10_max": 0.538048,
        "nauc_mrr_at_10_std": -0.025489,
        "nauc_mrr_at_10_diff1": 0.65746,
        "nauc_mrr_at_20_max": 0.535658,
        "nauc_mrr_at_20_std": -0.026696,
        "nauc_mrr_at_20_diff1": 0.656708,
        "nauc_mrr_at_100_max": 0.535524,
        "nauc_mrr_at_100_std": -0.026,
        "nauc_mrr_at_100_diff1": 0.658728,
        "nauc_mrr_at_1000_max": 0.535416,
        "nauc_mrr_at_1000_std": -0.026342,
        "nauc_mrr_at_1000_diff1": 0.65874,
        "main_score": 0.6246,
        "hf_subset": "default",
        "languages": [
          "eng-Latn"
        ]
      }
    ]
  },
  "evaluation_time": 18.76496195793152,
  "kg_co2_emissions": null
}