{
  "dataset_revision": "c64c3baac6bfd5f934d2df6e5d42dcb7d87c8ba8",
  "task_name": "australian-tax-guidance-retrieval",
  "mteb_version": "1.38.49",
  "scores": {
    "test": [
      {
        "ndcg_at_1": 0.33929,
        "ndcg_at_3": 0.46726,
        "ndcg_at_5": 0.51529,
        "ndcg_at_10": 0.5503,
        "ndcg_at_20": 0.57092,
        "ndcg_at_100": 0.5964,
        "ndcg_at_1000": 0.5964,
        "map_at_1": 0.33929,
        "map_at_3": 0.43452,
        "map_at_5": 0.46131,
        "map_at_10": 0.47597,
        "map_at_20": 0.48179,
        "map_at_100": 0.48553,
        "map_at_1000": 0.48553,
        "recall_at_1": 0.33929,
        "recall_at_3": 0.5625,
        "recall_at_5": 0.67857,
        "recall_at_10": 0.78571,
        "recall_at_20": 0.86607,
        "recall_at_100": 1.0,
        "recall_at_1000": 1.0,
        "precision_at_1": 0.33929,
        "precision_at_3": 0.1875,
        "precision_at_5": 0.13571,
        "precision_at_10": 0.07857,
        "precision_at_20": 0.0433,
        "precision_at_100": 0.01,
        "precision_at_1000": 0.001,
        "mrr_at_1": 0.339286,
        "mrr_at_3": 0.434524,
        "mrr_at_5": 0.46131,
        "mrr_at_10": 0.475974,
        "mrr_at_20": 0.481785,
        "mrr_at_100": 0.485528,
        "mrr_at_1000": 0.485528,
        "nauc_ndcg_at_1_max": 0.152953,
        "nauc_ndcg_at_1_std": -0.138667,
        "nauc_ndcg_at_1_diff1": 0.511027,
        "nauc_ndcg_at_3_max": 0.070601,
        "nauc_ndcg_at_3_std": -0.116993,
        "nauc_ndcg_at_3_diff1": 0.401495,
        "nauc_ndcg_at_5_max": 0.080486,
        "nauc_ndcg_at_5_std": -0.036541,
        "nauc_ndcg_at_5_diff1": 0.359809,
        "nauc_ndcg_at_10_max": 0.086538,
        "nauc_ndcg_at_10_std": -0.050067,
        "nauc_ndcg_at_10_diff1": 0.375489,
        "nauc_ndcg_at_20_max": 0.07529,
        "nauc_ndcg_at_20_std": -0.081341,
        "nauc_ndcg_at_20_diff1": 0.400897,
        "nauc_ndcg_at_100_max": 0.087738,
        "nauc_ndcg_at_100_std": -0.087208,
        "nauc_ndcg_at_100_diff1": 0.41381,
        "nauc_ndcg_at_1000_max": 0.087738,
        "nauc_ndcg_at_1000_std": -0.087208,
        "nauc_ndcg_at_1000_diff1": 0.41381,
        "nauc_map_at_1_max": 0.152953,
        "nauc_map_at_1_std": -0.138667,
        "nauc_map_at_1_diff1": 0.511027,
        "nauc_map_at_3_max": 0.086254,
        "nauc_map_at_3_std": -0.128497,
        "nauc_map_at_3_diff1": 0.432741,
        "nauc_map_at_5_max": 0.092867,
        "nauc_map_at_5_std": -0.085171,
        "nauc_map_at_5_diff1": 0.411467,
        "nauc_map_at_10_max": 0.094358,
        "nauc_map_at_10_std": -0.092001,
        "nauc_map_at_10_diff1": 0.41865,
        "nauc_map_at_20_max": 0.09201,
        "nauc_map_at_20_std": -0.099838,
        "nauc_map_at_20_diff1": 0.424762,
        "nauc_map_at_100_max": 0.093922,
        "nauc_map_at_100_std": -0.099928,
        "nauc_map_at_100_diff1": 0.427094,
        "nauc_map_at_1000_max": 0.093922,
        "nauc_map_at_1000_std": -0.099928,
        "nauc_map_at_1000_diff1": 0.427094,
        "nauc_recall_at_1_max": 0.152953,
        "nauc_recall_at_1_std": -0.138667,
        "nauc_recall_at_1_diff1": 0.511027,
        "nauc_recall_at_3_max": 0.025196,
        "nauc_recall_at_3_std": -0.079473,
        "nauc_recall_at_3_diff1": 0.304999,
        "nauc_recall_at_5_max": 0.039857,
        "nauc_recall_at_5_std": 0.151342,
        "nauc_recall_at_5_diff1": 0.168215,
        "nauc_recall_at_10_max": 0.062355,
        "nauc_recall_at_10_std": 0.161644,
        "nauc_recall_at_10_diff1": 0.170955,
        "nauc_recall_at_20_max": -0.04906,
        "nauc_recall_at_20_std": 0.003186,
        "nauc_recall_at_20_diff1": 0.290198,
        "nauc_recall_at_100_max": NaN,
        "nauc_recall_at_100_std": NaN,
        "nauc_recall_at_100_diff1": NaN,
        "nauc_recall_at_1000_max": NaN,
        "nauc_recall_at_1000_std": NaN,
        "nauc_recall_at_1000_diff1": NaN,
        "nauc_precision_at_1_max": 0.152953,
        "nauc_precision_at_1_std": -0.138667,
        "nauc_precision_at_1_diff1": 0.511027,
        "nauc_precision_at_3_max": 0.025196,
        "nauc_precision_at_3_std": -0.079473,
        "nauc_precision_at_3_diff1": 0.304999,
        "nauc_precision_at_5_max": 0.039857,
        "nauc_precision_at_5_std": 0.151342,
        "nauc_precision_at_5_diff1": 0.168215,
        "nauc_precision_at_10_max": 0.062355,
        "nauc_precision_at_10_std": 0.161644,
        "nauc_precision_at_10_diff1": 0.170955,
        "nauc_precision_at_20_max": -0.04906,
        "nauc_precision_at_20_std": 0.003186,
        "nauc_precision_at_20_diff1": 0.290198,
        "nauc_precision_at_100_max": NaN,
        "nauc_precision_at_100_std": NaN,
        "nauc_precision_at_100_diff1": NaN,
        "nauc_precision_at_1000_max": 1.0,
        "nauc_precision_at_1000_std": 1.0,
        "nauc_precision_at_1000_diff1": 1.0,
        "nauc_mrr_at_1_max": 0.152953,
        "nauc_mrr_at_1_std": -0.138667,
        "nauc_mrr_at_1_diff1": 0.511027,
        "nauc_mrr_at_3_max": 0.086254,
        "nauc_mrr_at_3_std": -0.128497,
        "nauc_mrr_at_3_diff1": 0.432741,
        "nauc_mrr_at_5_max": 0.092867,
        "nauc_mrr_at_5_std": -0.085171,
        "nauc_mrr_at_5_diff1": 0.411467,
        "nauc_mrr_at_10_max": 0.094358,
        "nauc_mrr_at_10_std": -0.092001,
        "nauc_mrr_at_10_diff1": 0.41865,
        "nauc_mrr_at_20_max": 0.09201,
        "nauc_mrr_at_20_std": -0.099838,
        "nauc_mrr_at_20_diff1": 0.424762,
        "nauc_mrr_at_100_max": 0.093922,
        "nauc_mrr_at_100_std": -0.099928,
        "nauc_mrr_at_100_diff1": 0.427094,
        "nauc_mrr_at_1000_max": 0.093922,
        "nauc_mrr_at_1000_std": -0.099928,
        "nauc_mrr_at_1000_diff1": 0.427094,
        "main_score": 0.5503,
        "hf_subset": "default",
        "languages": [
          "eng-Latn"
        ]
      }
    ]
  },
  "evaluation_time": 7.386343002319336,
  "kg_co2_emissions": null
}