{
  "dataset_revision": "c64c3baac6bfd5f934d2df6e5d42dcb7d87c8ba8",
  "task_name": "australian-tax-guidance-retrieval",
  "mteb_version": "1.39.7",
  "scores": {
    "test": [
      {
        "ndcg_at_1": 0.54464,
        "ndcg_at_3": 0.69749,
        "ndcg_at_5": 0.71209,
        "ndcg_at_10": 0.74508,
        "ndcg_at_20": 0.74757,
        "ndcg_at_100": 0.7583,
        "ndcg_at_1000": 0.7583,
        "map_at_1": 0.54464,
        "map_at_3": 0.66071,
        "map_at_5": 0.66875,
        "map_at_10": 0.68308,
        "map_at_20": 0.68389,
        "map_at_100": 0.68566,
        "map_at_1000": 0.68566,
        "recall_at_1": 0.54464,
        "recall_at_3": 0.80357,
        "recall_at_5": 0.83929,
        "recall_at_10": 0.9375,
        "recall_at_20": 0.94643,
        "recall_at_100": 1.0,
        "recall_at_1000": 1.0,
        "precision_at_1": 0.54464,
        "precision_at_3": 0.26786,
        "precision_at_5": 0.16786,
        "precision_at_10": 0.09375,
        "precision_at_20": 0.04732,
        "precision_at_100": 0.01,
        "precision_at_1000": 0.001,
        "mrr_at_1": 0.544643,
        "mrr_at_3": 0.660714,
        "mrr_at_5": 0.66875,
        "mrr_at_10": 0.683082,
        "mrr_at_20": 0.683893,
        "mrr_at_100": 0.685664,
        "mrr_at_1000": 0.685664,
        "nauc_ndcg_at_1_max": 0.070381,
        "nauc_ndcg_at_1_std": -0.176628,
        "nauc_ndcg_at_1_diff1": 0.640887,
        "nauc_ndcg_at_3_max": 0.098639,
        "nauc_ndcg_at_3_std": -0.08945,
        "nauc_ndcg_at_3_diff1": 0.572185,
        "nauc_ndcg_at_5_max": 0.09277,
        "nauc_ndcg_at_5_std": -0.121725,
        "nauc_ndcg_at_5_diff1": 0.568905,
        "nauc_ndcg_at_10_max": 0.087367,
        "nauc_ndcg_at_10_std": -0.086954,
        "nauc_ndcg_at_10_diff1": 0.576538,
        "nauc_ndcg_at_20_max": 0.077707,
        "nauc_ndcg_at_20_std": -0.098768,
        "nauc_ndcg_at_20_diff1": 0.576814,
        "nauc_ndcg_at_100_max": 0.078242,
        "nauc_ndcg_at_100_std": -0.112737,
        "nauc_ndcg_at_100_diff1": 0.582486,
        "nauc_ndcg_at_1000_max": 0.078242,
        "nauc_ndcg_at_1000_std": -0.112737,
        "nauc_ndcg_at_1000_diff1": 0.582486,
        "nauc_map_at_1_max": 0.070381,
        "nauc_map_at_1_std": -0.176628,
        "nauc_map_at_1_diff1": 0.640887,
        "nauc_map_at_3_max": 0.085018,
        "nauc_map_at_3_std": -0.113368,
        "nauc_map_at_3_diff1": 0.585023,
        "nauc_map_at_5_max": 0.082368,
        "nauc_map_at_5_std": -0.129931,
        "nauc_map_at_5_diff1": 0.583768,
        "nauc_map_at_10_max": 0.07903,
        "nauc_map_at_10_std": -0.117211,
        "nauc_map_at_10_diff1": 0.587096,
        "nauc_map_at_20_max": 0.076442,
        "nauc_map_at_20_std": -0.120441,
        "nauc_map_at_20_diff1": 0.587204,
        "nauc_map_at_100_max": 0.076563,
        "nauc_map_at_100_std": -0.1219,
        "nauc_map_at_100_diff1": 0.587823,
        "nauc_map_at_1000_max": 0.076563,
        "nauc_map_at_1000_std": -0.1219,
        "nauc_map_at_1000_diff1": 0.587823,
        "nauc_recall_at_1_max": 0.070381,
        "nauc_recall_at_1_std": -0.176628,
        "nauc_recall_at_1_diff1": 0.640887,
        "nauc_recall_at_3_max": 0.159294,
        "nauc_recall_at_3_std": 0.010241,
        "nauc_recall_at_3_diff1": 0.522653,
        "nauc_recall_at_5_max": 0.145299,
        "nauc_recall_at_5_std": -0.09051,
        "nauc_recall_at_5_diff1": 0.500118,
        "nauc_recall_at_10_max": 0.185581,
        "nauc_recall_at_10_std": 0.276526,
        "nauc_recall_at_10_diff1": 0.479159,
        "nauc_recall_at_20_max": 0.071588,
        "nauc_recall_at_20_std": 0.177691,
        "nauc_recall_at_20_diff1": 0.466652,
        "nauc_recall_at_100_max": NaN,
        "nauc_recall_at_100_std": NaN,
        "nauc_recall_at_100_diff1": NaN,
        "nauc_recall_at_1000_max": NaN,
        "nauc_recall_at_1000_std": NaN,
        "nauc_recall_at_1000_diff1": NaN,
        "nauc_precision_at_1_max": 0.070381,
        "nauc_precision_at_1_std": -0.176628,
        "nauc_precision_at_1_diff1": 0.640887,
        "nauc_precision_at_3_max": 0.159294,
        "nauc_precision_at_3_std": 0.010241,
        "nauc_precision_at_3_diff1": 0.522653,
        "nauc_precision_at_5_max": 0.145299,
        "nauc_precision_at_5_std": -0.09051,
        "nauc_precision_at_5_diff1": 0.500118,
        "nauc_precision_at_10_max": 0.185581,
        "nauc_precision_at_10_std": 0.276526,
        "nauc_precision_at_10_diff1": 0.479159,
        "nauc_precision_at_20_max": 0.071588,
        "nauc_precision_at_20_std": 0.177691,
        "nauc_precision_at_20_diff1": 0.466652,
        "nauc_precision_at_100_max": NaN,
        "nauc_precision_at_100_std": NaN,
        "nauc_precision_at_100_diff1": NaN,
        "nauc_precision_at_1000_max": 1.0,
        "nauc_precision_at_1000_std": 1.0,
        "nauc_precision_at_1000_diff1": 1.0,
        "nauc_mrr_at_1_max": 0.070381,
        "nauc_mrr_at_1_std": -0.176628,
        "nauc_mrr_at_1_diff1": 0.640887,
        "nauc_mrr_at_3_max": 0.085018,
        "nauc_mrr_at_3_std": -0.113368,
        "nauc_mrr_at_3_diff1": 0.585023,
        "nauc_mrr_at_5_max": 0.082368,
        "nauc_mrr_at_5_std": -0.129931,
        "nauc_mrr_at_5_diff1": 0.583768,
        "nauc_mrr_at_10_max": 0.07903,
        "nauc_mrr_at_10_std": -0.117211,
        "nauc_mrr_at_10_diff1": 0.587096,
        "nauc_mrr_at_20_max": 0.076442,
        "nauc_mrr_at_20_std": -0.120441,
        "nauc_mrr_at_20_diff1": 0.587204,
        "nauc_mrr_at_100_max": 0.076563,
        "nauc_mrr_at_100_std": -0.1219,
        "nauc_mrr_at_100_diff1": 0.587823,
        "nauc_mrr_at_1000_max": 0.076563,
        "nauc_mrr_at_1000_std": -0.1219,
        "nauc_mrr_at_1000_diff1": 0.587823,
        "main_score": 0.74508,
        "hf_subset": "default",
        "languages": [
          "eng-Latn"
        ]
      }
    ]
  },
  "evaluation_time": 8.374136924743652,
  "kg_co2_emissions": null
}