{
  "dataset_revision": "dd157bbfa479359488c656981e3999da6f42e4e9",
  "task_name": "bar-exam-qa",
  "mteb_version": "1.38.49",
  "scores": {
    "test": [
      {
        "ndcg_at_1": 0.07692,
        "ndcg_at_3": 0.17582,
        "ndcg_at_5": 0.20377,
        "ndcg_at_10": 0.24418,
        "ndcg_at_20": 0.28141,
        "ndcg_at_100": 0.35113,
        "ndcg_at_1000": 0.35618,
        "map_at_1": 0.07692,
        "map_at_3": 0.151,
        "map_at_5": 0.16638,
        "map_at_10": 0.18243,
        "map_at_20": 0.19292,
        "map_at_100": 0.20242,
        "map_at_1000": 0.20274,
        "recall_at_1": 0.07692,
        "recall_at_3": 0.24786,
        "recall_at_5": 0.31624,
        "recall_at_10": 0.44444,
        "recall_at_20": 0.58974,
        "recall_at_100": 0.96581,
        "recall_at_1000": 1.0,
        "precision_at_1": 0.07692,
        "precision_at_3": 0.08262,
        "precision_at_5": 0.06325,
        "precision_at_10": 0.04444,
        "precision_at_20": 0.02949,
        "precision_at_100": 0.00966,
        "precision_at_1000": 0.001,
        "mrr_at_1": 0.076923,
        "mrr_at_3": 0.150997,
        "mrr_at_5": 0.166382,
        "mrr_at_10": 0.182435,
        "mrr_at_20": 0.192919,
        "mrr_at_100": 0.202424,
        "mrr_at_1000": 0.202738,
        "nauc_ndcg_at_1_max": 0.040809,
        "nauc_ndcg_at_1_std": 0.029678,
        "nauc_ndcg_at_1_diff1": 0.126398,
        "nauc_ndcg_at_3_max": 0.022346,
        "nauc_ndcg_at_3_std": -0.058935,
        "nauc_ndcg_at_3_diff1": 0.052843,
        "nauc_ndcg_at_5_max": 0.017837,
        "nauc_ndcg_at_5_std": -0.06437,
        "nauc_ndcg_at_5_diff1": 0.018935,
        "nauc_ndcg_at_10_max": 0.016479,
        "nauc_ndcg_at_10_std": -0.038023,
        "nauc_ndcg_at_10_diff1": -0.006798,
        "nauc_ndcg_at_20_max": 0.059303,
        "nauc_ndcg_at_20_std": -0.03206,
        "nauc_ndcg_at_20_diff1": 0.024344,
        "nauc_ndcg_at_100_max": 0.011697,
        "nauc_ndcg_at_100_std": -0.049241,
        "nauc_ndcg_at_100_diff1": 0.023716,
        "nauc_ndcg_at_1000_max": 0.017313,
        "nauc_ndcg_at_1000_std": -0.045636,
        "nauc_ndcg_at_1000_diff1": 0.011083,
        "nauc_map_at_1_max": 0.040809,
        "nauc_map_at_1_std": 0.029678,
        "nauc_map_at_1_diff1": 0.126398,
        "nauc_map_at_3_max": 0.01049,
        "nauc_map_at_3_std": -0.055133,
        "nauc_map_at_3_diff1": 0.053491,
        "nauc_map_at_5_max": 0.006669,
        "nauc_map_at_5_std": -0.059819,
        "nauc_map_at_5_diff1": 0.029983,
        "nauc_map_at_10_max": 0.002421,
        "nauc_map_at_10_std": -0.049782,
        "nauc_map_at_10_diff1": 0.013855,
        "nauc_map_at_20_max": 0.015563,
        "nauc_map_at_20_std": -0.047817,
        "nauc_map_at_20_diff1": 0.022942,
        "nauc_map_at_100_max": 0.008029,
        "nauc_map_at_100_std": -0.049298,
        "nauc_map_at_100_diff1": 0.019987,
        "nauc_map_at_1000_max": 0.008319,
        "nauc_map_at_1000_std": -0.04914,
        "nauc_map_at_1000_diff1": 0.019292,
        "nauc_recall_at_1_max": 0.040809,
        "nauc_recall_at_1_std": 0.029678,
        "nauc_recall_at_1_diff1": 0.126398,
        "nauc_recall_at_3_max": 0.049935,
        "nauc_recall_at_3_std": -0.063805,
        "nauc_recall_at_3_diff1": 0.054473,
        "nauc_recall_at_5_max": 0.042992,
        "nauc_recall_at_5_std": -0.070055,
        "nauc_recall_at_5_diff1": -0.000726,
        "nauc_recall_at_10_max": 0.051901,
        "nauc_recall_at_10_std": -0.003057,
        "nauc_recall_at_10_diff1": -0.04429,
        "nauc_recall_at_20_max": 0.187584,
        "nauc_recall_at_20_std": 0.018369,
        "nauc_recall_at_20_diff1": 0.05104,
        "nauc_recall_at_100_max": -0.205302,
        "nauc_recall_at_100_std": -0.194246,
        "nauc_recall_at_100_diff1": 0.507478,
        "nauc_recall_at_1000_max": NaN,
        "nauc_recall_at_1000_std": NaN,
        "nauc_recall_at_1000_diff1": NaN,
        "nauc_precision_at_1_max": 0.040809,
        "nauc_precision_at_1_std": 0.029678,
        "nauc_precision_at_1_diff1": 0.126398,
        "nauc_precision_at_3_max": 0.049935,
        "nauc_precision_at_3_std": -0.063805,
        "nauc_precision_at_3_diff1": 0.054473,
        "nauc_precision_at_5_max": 0.042992,
        "nauc_precision_at_5_std": -0.070055,
        "nauc_precision_at_5_diff1": -0.000726,
        "nauc_precision_at_10_max": 0.051901,
        "nauc_precision_at_10_std": -0.003057,
        "nauc_precision_at_10_diff1": -0.04429,
        "nauc_precision_at_20_max": 0.187584,
        "nauc_precision_at_20_std": 0.018369,
        "nauc_precision_at_20_diff1": 0.05104,
        "nauc_precision_at_100_max": -0.205302,
        "nauc_precision_at_100_std": -0.194246,
        "nauc_precision_at_100_diff1": 0.507478,
        "nauc_precision_at_1000_max": 1.0,
        "nauc_precision_at_1000_std": 1.0,
        "nauc_precision_at_1000_diff1": 1.0,
        "nauc_mrr_at_1_max": 0.040809,
        "nauc_mrr_at_1_std": 0.029678,
        "nauc_mrr_at_1_diff1": 0.126398,
        "nauc_mrr_at_3_max": 0.01049,
        "nauc_mrr_at_3_std": -0.055133,
        "nauc_mrr_at_3_diff1": 0.053491,
        "nauc_mrr_at_5_max": 0.006669,
        "nauc_mrr_at_5_std": -0.059819,
        "nauc_mrr_at_5_diff1": 0.029983,
        "nauc_mrr_at_10_max": 0.002421,
        "nauc_mrr_at_10_std": -0.049782,
        "nauc_mrr_at_10_diff1": 0.013855,
        "nauc_mrr_at_20_max": 0.015563,
        "nauc_mrr_at_20_std": -0.047817,
        "nauc_mrr_at_20_diff1": 0.022942,
        "nauc_mrr_at_100_max": 0.008029,
        "nauc_mrr_at_100_std": -0.049298,
        "nauc_mrr_at_100_diff1": 0.019987,
        "nauc_mrr_at_1000_max": 0.008319,
        "nauc_mrr_at_1000_std": -0.04914,
        "nauc_mrr_at_1000_diff1": 0.019292,
        "main_score": 0.24418,
        "hf_subset": "default",
        "languages": [
          "eng-Latn"
        ]
      }
    ]
  },
  "evaluation_time": 8.144051790237427,
  "kg_co2_emissions": null
}