{
  "dataset_revision": "dd157bbfa479359488c656981e3999da6f42e4e9",
  "task_name": "bar-exam-qa",
  "mteb_version": "1.39.7",
  "scores": {
    "test": [
      {
        "ndcg_at_1": 0.26496,
        "ndcg_at_3": 0.37688,
        "ndcg_at_5": 0.41257,
        "ndcg_at_10": 0.4635,
        "ndcg_at_20": 0.48679,
        "ndcg_at_100": 0.52712,
        "ndcg_at_1000": 0.52712,
        "map_at_1": 0.26496,
        "map_at_3": 0.35043,
        "map_at_5": 0.37051,
        "map_at_10": 0.39222,
        "map_at_20": 0.39835,
        "map_at_100": 0.40417,
        "map_at_1000": 0.40417,
        "recall_at_1": 0.26496,
        "recall_at_3": 0.45299,
        "recall_at_5": 0.53846,
        "recall_at_10": 0.69231,
        "recall_at_20": 0.78632,
        "recall_at_100": 1.0,
        "recall_at_1000": 1.0,
        "precision_at_1": 0.26496,
        "precision_at_3": 0.151,
        "precision_at_5": 0.10769,
        "precision_at_10": 0.06923,
        "precision_at_20": 0.03932,
        "precision_at_100": 0.01,
        "precision_at_1000": 0.001,
        "mrr_at_1": 0.264957,
        "mrr_at_3": 0.350427,
        "mrr_at_5": 0.370513,
        "mrr_at_10": 0.392216,
        "mrr_at_20": 0.398347,
        "mrr_at_100": 0.404175,
        "mrr_at_1000": 0.404175,
        "nauc_ndcg_at_1_max": 0.161,
        "nauc_ndcg_at_1_std": 0.066749,
        "nauc_ndcg_at_1_diff1": 0.263558,
        "nauc_ndcg_at_3_max": 0.154095,
        "nauc_ndcg_at_3_std": 0.010816,
        "nauc_ndcg_at_3_diff1": 0.269172,
        "nauc_ndcg_at_5_max": 0.160617,
        "nauc_ndcg_at_5_std": -0.009936,
        "nauc_ndcg_at_5_diff1": 0.260443,
        "nauc_ndcg_at_10_max": 0.144583,
        "nauc_ndcg_at_10_std": -0.025151,
        "nauc_ndcg_at_10_diff1": 0.234799,
        "nauc_ndcg_at_20_max": 0.159972,
        "nauc_ndcg_at_20_std": 0.008049,
        "nauc_ndcg_at_20_diff1": 0.249043,
        "nauc_ndcg_at_100_max": 0.155425,
        "nauc_ndcg_at_100_std": 0.009198,
        "nauc_ndcg_at_100_diff1": 0.255197,
        "nauc_ndcg_at_1000_max": 0.155425,
        "nauc_ndcg_at_1000_std": 0.009198,
        "nauc_ndcg_at_1000_diff1": 0.255197,
        "nauc_map_at_1_max": 0.161,
        "nauc_map_at_1_std": 0.066749,
        "nauc_map_at_1_diff1": 0.263558,
        "nauc_map_at_3_max": 0.150831,
        "nauc_map_at_3_std": 0.015394,
        "nauc_map_at_3_diff1": 0.267102,
        "nauc_map_at_5_max": 0.154097,
        "nauc_map_at_5_std": 0.004273,
        "nauc_map_at_5_diff1": 0.262412,
        "nauc_map_at_10_max": 0.147042,
        "nauc_map_at_10_std": -0.000906,
        "nauc_map_at_10_diff1": 0.251834,
        "nauc_map_at_20_max": 0.150672,
        "nauc_map_at_20_std": 0.007943,
        "nauc_map_at_20_diff1": 0.255529,
        "nauc_map_at_100_max": 0.151504,
        "nauc_map_at_100_std": 0.009986,
        "nauc_map_at_100_diff1": 0.257167,
        "nauc_map_at_1000_max": 0.151504,
        "nauc_map_at_1000_std": 0.009986,
        "nauc_map_at_1000_diff1": 0.257167,
        "nauc_recall_at_1_max": 0.161,
        "nauc_recall_at_1_std": 0.066749,
        "nauc_recall_at_1_diff1": 0.263558,
        "nauc_recall_at_3_max": 0.165071,
        "nauc_recall_at_3_std": 0.00141,
        "nauc_recall_at_3_diff1": 0.275218,
        "nauc_recall_at_5_max": 0.182855,
        "nauc_recall_at_5_std": -0.05105,
        "nauc_recall_at_5_diff1": 0.253556,
        "nauc_recall_at_10_max": 0.133758,
        "nauc_recall_at_10_std": -0.121165,
        "nauc_recall_at_10_diff1": 0.160633,
        "nauc_recall_at_20_max": 0.225635,
        "nauc_recall_at_20_std": 0.042907,
        "nauc_recall_at_20_diff1": 0.221767,
        "nauc_recall_at_100_max": NaN,
        "nauc_recall_at_100_std": NaN,
        "nauc_recall_at_100_diff1": NaN,
        "nauc_recall_at_1000_max": NaN,
        "nauc_recall_at_1000_std": NaN,
        "nauc_recall_at_1000_diff1": NaN,
        "nauc_precision_at_1_max": 0.161,
        "nauc_precision_at_1_std": 0.066749,
        "nauc_precision_at_1_diff1": 0.263558,
        "nauc_precision_at_3_max": 0.165071,
        "nauc_precision_at_3_std": 0.00141,
        "nauc_precision_at_3_diff1": 0.275218,
        "nauc_precision_at_5_max": 0.182855,
        "nauc_precision_at_5_std": -0.05105,
        "nauc_precision_at_5_diff1": 0.253556,
        "nauc_precision_at_10_max": 0.133758,
        "nauc_precision_at_10_std": -0.121165,
        "nauc_precision_at_10_diff1": 0.160633,
        "nauc_precision_at_20_max": 0.225635,
        "nauc_precision_at_20_std": 0.042907,
        "nauc_precision_at_20_diff1": 0.221767,
        "nauc_precision_at_100_max": NaN,
        "nauc_precision_at_100_std": NaN,
        "nauc_precision_at_100_diff1": NaN,
        "nauc_precision_at_1000_max": 1.0,
        "nauc_precision_at_1000_std": 1.0,
        "nauc_precision_at_1000_diff1": 1.0,
        "nauc_mrr_at_1_max": 0.161,
        "nauc_mrr_at_1_std": 0.066749,
        "nauc_mrr_at_1_diff1": 0.263558,
        "nauc_mrr_at_3_max": 0.150831,
        "nauc_mrr_at_3_std": 0.015394,
        "nauc_mrr_at_3_diff1": 0.267102,
        "nauc_mrr_at_5_max": 0.154097,
        "nauc_mrr_at_5_std": 0.004273,
        "nauc_mrr_at_5_diff1": 0.262412,
        "nauc_mrr_at_10_max": 0.147042,
        "nauc_mrr_at_10_std": -0.000906,
        "nauc_mrr_at_10_diff1": 0.251834,
        "nauc_mrr_at_20_max": 0.150672,
        "nauc_mrr_at_20_std": 0.007943,
        "nauc_mrr_at_20_diff1": 0.255529,
        "nauc_mrr_at_100_max": 0.151504,
        "nauc_mrr_at_100_std": 0.009986,
        "nauc_mrr_at_100_diff1": 0.257167,
        "nauc_mrr_at_1000_max": 0.151504,
        "nauc_mrr_at_1000_std": 0.009986,
        "nauc_mrr_at_1000_diff1": 0.257167,
        "main_score": 0.4635,
        "hf_subset": "default",
        "languages": [
          "eng-Latn"
        ]
      }
    ]
  },
  "evaluation_time": 8.582375288009644,
  "kg_co2_emissions": null
}