{
  "dataset_revision": "2095f248902963b4480ac96b774ba64b2104cbee",
  "task_name": "consumer-contracts-qa",
  "mteb_version": "1.39.7",
  "scores": {
    "test": [
      {
        "ndcg_at_1": 0.72727,
        "ndcg_at_3": 0.82954,
        "ndcg_at_5": 0.84628,
        "ndcg_at_10": 0.85306,
        "ndcg_at_20": 0.86066,
        "ndcg_at_100": 0.86161,
        "ndcg_at_1000": 0.86161,
        "map_at_1": 0.72727,
        "map_at_3": 0.80387,
        "map_at_5": 0.81322,
        "map_at_10": 0.81616,
        "map_at_20": 0.81821,
        "map_at_100": 0.81834,
        "map_at_1000": 0.81834,
        "recall_at_1": 0.72727,
        "recall_at_3": 0.90404,
        "recall_at_5": 0.94444,
        "recall_at_10": 0.96465,
        "recall_at_20": 0.99495,
        "recall_at_100": 1.0,
        "recall_at_1000": 1.0,
        "precision_at_1": 0.72727,
        "precision_at_3": 0.30135,
        "precision_at_5": 0.18889,
        "precision_at_10": 0.09646,
        "precision_at_20": 0.04975,
        "precision_at_100": 0.01,
        "precision_at_1000": 0.001,
        "mrr_at_1": 0.727273,
        "mrr_at_3": 0.803872,
        "mrr_at_5": 0.813215,
        "mrr_at_10": 0.816162,
        "mrr_at_20": 0.818208,
        "mrr_at_100": 0.818338,
        "mrr_at_1000": 0.818338,
        "nauc_ndcg_at_1_max": 0.548683,
        "nauc_ndcg_at_1_std": 0.335487,
        "nauc_ndcg_at_1_diff1": 0.715447,
        "nauc_ndcg_at_3_max": 0.553493,
        "nauc_ndcg_at_3_std": 0.362252,
        "nauc_ndcg_at_3_diff1": 0.62208,
        "nauc_ndcg_at_5_max": 0.565351,
        "nauc_ndcg_at_5_std": 0.403126,
        "nauc_ndcg_at_5_diff1": 0.642097,
        "nauc_ndcg_at_10_max": 0.584217,
        "nauc_ndcg_at_10_std": 0.402371,
        "nauc_ndcg_at_10_diff1": 0.672119,
        "nauc_ndcg_at_20_max": 0.567688,
        "nauc_ndcg_at_20_std": 0.380452,
        "nauc_ndcg_at_20_diff1": 0.674197,
        "nauc_ndcg_at_100_max": 0.564409,
        "nauc_ndcg_at_100_std": 0.375753,
        "nauc_ndcg_at_100_diff1": 0.671726,
        "nauc_ndcg_at_1000_max": 0.564409,
        "nauc_ndcg_at_1000_std": 0.375753,
        "nauc_ndcg_at_1000_diff1": 0.671726,
        "nauc_map_at_1_max": 0.548683,
        "nauc_map_at_1_std": 0.335487,
        "nauc_map_at_1_diff1": 0.715447,
        "nauc_map_at_3_max": 0.555234,
        "nauc_map_at_3_std": 0.355771,
        "nauc_map_at_3_diff1": 0.654986,
        "nauc_map_at_5_max": 0.55964,
        "nauc_map_at_5_std": 0.375119,
        "nauc_map_at_5_diff1": 0.665701,
        "nauc_map_at_10_max": 0.565566,
        "nauc_map_at_10_std": 0.373953,
        "nauc_map_at_10_diff1": 0.676042,
        "nauc_map_at_20_max": 0.561876,
        "nauc_map_at_20_std": 0.369262,
        "nauc_map_at_20_diff1": 0.6762,
        "nauc_map_at_100_max": 0.56153,
        "nauc_map_at_100_std": 0.368763,
        "nauc_map_at_100_diff1": 0.675944,
        "nauc_map_at_1000_max": 0.56153,
        "nauc_map_at_1000_std": 0.368763,
        "nauc_map_at_1000_diff1": 0.675944,
        "nauc_recall_at_1_max": 0.548683,
        "nauc_recall_at_1_std": 0.335487,
        "nauc_recall_at_1_diff1": 0.715447,
        "nauc_recall_at_3_max": 0.541627,
        "nauc_recall_at_3_std": 0.395306,
        "nauc_recall_at_3_diff1": 0.443686,
        "nauc_recall_at_5_max": 0.62041,
        "nauc_recall_at_5_std": 0.659571,
        "nauc_recall_at_5_diff1": 0.441121,
        "nauc_recall_at_10_max": 0.877851,
        "nauc_recall_at_10_std": 0.807251,
        "nauc_recall_at_10_diff1": 0.677991,
        "nauc_recall_at_20_max": 1.0,
        "nauc_recall_at_20_std": 1.0,
        "nauc_recall_at_20_diff1": 1.0,
        "nauc_recall_at_100_max": NaN,
        "nauc_recall_at_100_std": NaN,
        "nauc_recall_at_100_diff1": NaN,
        "nauc_recall_at_1000_max": NaN,
        "nauc_recall_at_1000_std": NaN,
        "nauc_recall_at_1000_diff1": NaN,
        "nauc_precision_at_1_max": 0.548683,
        "nauc_precision_at_1_std": 0.335487,
        "nauc_precision_at_1_diff1": 0.715447,
        "nauc_precision_at_3_max": 0.541627,
        "nauc_precision_at_3_std": 0.395306,
        "nauc_precision_at_3_diff1": 0.443686,
        "nauc_precision_at_5_max": 0.62041,
        "nauc_precision_at_5_std": 0.659571,
        "nauc_precision_at_5_diff1": 0.441121,
        "nauc_precision_at_10_max": 0.877851,
        "nauc_precision_at_10_std": 0.807251,
        "nauc_precision_at_10_diff1": 0.677991,
        "nauc_precision_at_20_max": 1.0,
        "nauc_precision_at_20_std": 1.0,
        "nauc_precision_at_20_diff1": 1.0,
        "nauc_precision_at_100_max": 1.0,
        "nauc_precision_at_100_std": 1.0,
        "nauc_precision_at_100_diff1": 1.0,
        "nauc_precision_at_1000_max": 1.0,
        "nauc_precision_at_1000_std": 1.0,
        "nauc_precision_at_1000_diff1": 1.0,
        "nauc_mrr_at_1_max": 0.548683,
        "nauc_mrr_at_1_std": 0.335487,
        "nauc_mrr_at_1_diff1": 0.715447,
        "nauc_mrr_at_3_max": 0.555234,
        "nauc_mrr_at_3_std": 0.355771,
        "nauc_mrr_at_3_diff1": 0.654986,
        "nauc_mrr_at_5_max": 0.55964,
        "nauc_mrr_at_5_std": 0.375119,
        "nauc_mrr_at_5_diff1": 0.665701,
        "nauc_mrr_at_10_max": 0.565566,
        "nauc_mrr_at_10_std": 0.373953,
        "nauc_mrr_at_10_diff1": 0.676042,
        "nauc_mrr_at_20_max": 0.561876,
        "nauc_mrr_at_20_std": 0.369262,
        "nauc_mrr_at_20_diff1": 0.6762,
        "nauc_mrr_at_100_max": 0.56153,
        "nauc_mrr_at_100_std": 0.368763,
        "nauc_mrr_at_100_diff1": 0.675944,
        "nauc_mrr_at_1000_max": 0.56153,
        "nauc_mrr_at_1000_std": 0.368763,
        "nauc_mrr_at_1000_diff1": 0.675944,
        "main_score": 0.85306,
        "hf_subset": "default",
        "languages": [
          "eng-Latn"
        ]
      }
    ]
  },
  "evaluation_time": 8.790763139724731,
  "kg_co2_emissions": null
}