{
  "dataset_revision": "2095f248902963b4480ac96b774ba64b2104cbee",
  "task_name": "consumer-contracts-qa",
  "mteb_version": "1.38.49",
  "scores": {
    "test": [
      {
        "ndcg_at_1": 0.47475,
        "ndcg_at_3": 0.58844,
        "ndcg_at_5": 0.63452,
        "ndcg_at_10": 0.66921,
        "ndcg_at_20": 0.68364,
        "ndcg_at_100": 0.69412,
        "ndcg_at_1000": 0.69412,
        "map_at_1": 0.47475,
        "map_at_3": 0.55976,
        "map_at_5": 0.58552,
        "map_at_10": 0.60007,
        "map_at_20": 0.60424,
        "map_at_100": 0.60575,
        "map_at_1000": 0.60575,
        "recall_at_1": 0.47475,
        "recall_at_3": 0.67172,
        "recall_at_5": 0.78283,
        "recall_at_10": 0.88889,
        "recall_at_20": 0.94444,
        "recall_at_100": 1.0,
        "recall_at_1000": 1.0,
        "precision_at_1": 0.47475,
        "precision_at_3": 0.22391,
        "precision_at_5": 0.15657,
        "precision_at_10": 0.08889,
        "precision_at_20": 0.04722,
        "precision_at_100": 0.01,
        "precision_at_1000": 0.001,
        "mrr_at_1": 0.474747,
        "mrr_at_3": 0.559764,
        "mrr_at_5": 0.585522,
        "mrr_at_10": 0.600074,
        "mrr_at_20": 0.604244,
        "mrr_at_100": 0.605748,
        "mrr_at_1000": 0.605748,
        "nauc_ndcg_at_1_max": 0.439783,
        "nauc_ndcg_at_1_std": 0.24687,
        "nauc_ndcg_at_1_diff1": 0.511404,
        "nauc_ndcg_at_3_max": 0.37418,
        "nauc_ndcg_at_3_std": 0.229145,
        "nauc_ndcg_at_3_diff1": 0.462806,
        "nauc_ndcg_at_5_max": 0.395052,
        "nauc_ndcg_at_5_std": 0.244523,
        "nauc_ndcg_at_5_diff1": 0.435586,
        "nauc_ndcg_at_10_max": 0.402931,
        "nauc_ndcg_at_10_std": 0.252197,
        "nauc_ndcg_at_10_diff1": 0.450082,
        "nauc_ndcg_at_20_max": 0.425783,
        "nauc_ndcg_at_20_std": 0.282847,
        "nauc_ndcg_at_20_diff1": 0.458376,
        "nauc_ndcg_at_100_max": 0.414725,
        "nauc_ndcg_at_100_std": 0.25677,
        "nauc_ndcg_at_100_diff1": 0.46438,
        "nauc_ndcg_at_1000_max": 0.414725,
        "nauc_ndcg_at_1000_std": 0.25677,
        "nauc_ndcg_at_1000_diff1": 0.46438,
        "nauc_map_at_1_max": 0.439783,
        "nauc_map_at_1_std": 0.24687,
        "nauc_map_at_1_diff1": 0.511404,
        "nauc_map_at_3_max": 0.392327,
        "nauc_map_at_3_std": 0.234412,
        "nauc_map_at_3_diff1": 0.474775,
        "nauc_map_at_5_max": 0.403138,
        "nauc_map_at_5_std": 0.24074,
        "nauc_map_at_5_diff1": 0.460386,
        "nauc_map_at_10_max": 0.407241,
        "nauc_map_at_10_std": 0.245309,
        "nauc_map_at_10_diff1": 0.468087,
        "nauc_map_at_20_max": 0.413672,
        "nauc_map_at_20_std": 0.252905,
        "nauc_map_at_20_diff1": 0.470245,
        "nauc_map_at_100_max": 0.412879,
        "nauc_map_at_100_std": 0.249984,
        "nauc_map_at_100_diff1": 0.470786,
        "nauc_map_at_1000_max": 0.412879,
        "nauc_map_at_1000_std": 0.249984,
        "nauc_map_at_1000_diff1": 0.470786,
        "nauc_recall_at_1_max": 0.439783,
        "nauc_recall_at_1_std": 0.24687,
        "nauc_recall_at_1_diff1": 0.511404,
        "nauc_recall_at_3_max": 0.312615,
        "nauc_recall_at_3_std": 0.211108,
        "nauc_recall_at_3_diff1": 0.422885,
        "nauc_recall_at_5_max": 0.365325,
        "nauc_recall_at_5_std": 0.267628,
        "nauc_recall_at_5_diff1": 0.323566,
        "nauc_recall_at_10_max": 0.382877,
        "nauc_recall_at_10_std": 0.312281,
        "nauc_recall_at_10_diff1": 0.312272,
        "nauc_recall_at_20_max": 0.698624,
        "nauc_recall_at_20_std": 0.852042,
        "nauc_recall_at_20_diff1": 0.314775,
        "nauc_recall_at_100_max": NaN,
        "nauc_recall_at_100_std": NaN,
        "nauc_recall_at_100_diff1": NaN,
        "nauc_recall_at_1000_max": NaN,
        "nauc_recall_at_1000_std": NaN,
        "nauc_recall_at_1000_diff1": NaN,
        "nauc_precision_at_1_max": 0.439783,
        "nauc_precision_at_1_std": 0.24687,
        "nauc_precision_at_1_diff1": 0.511404,
        "nauc_precision_at_3_max": 0.312615,
        "nauc_precision_at_3_std": 0.211108,
        "nauc_precision_at_3_diff1": 0.422885,
        "nauc_precision_at_5_max": 0.365325,
        "nauc_precision_at_5_std": 0.267628,
        "nauc_precision_at_5_diff1": 0.323566,
        "nauc_precision_at_10_max": 0.382877,
        "nauc_precision_at_10_std": 0.312281,
        "nauc_precision_at_10_diff1": 0.312272,
        "nauc_precision_at_20_max": 0.698624,
        "nauc_precision_at_20_std": 0.852042,
        "nauc_precision_at_20_diff1": 0.314775,
        "nauc_precision_at_100_max": 1.0,
        "nauc_precision_at_100_std": 1.0,
        "nauc_precision_at_100_diff1": 1.0,
        "nauc_precision_at_1000_max": 1.0,
        "nauc_precision_at_1000_std": 1.0,
        "nauc_precision_at_1000_diff1": 1.0,
        "nauc_mrr_at_1_max": 0.439783,
        "nauc_mrr_at_1_std": 0.24687,
        "nauc_mrr_at_1_diff1": 0.511404,
        "nauc_mrr_at_3_max": 0.392327,
        "nauc_mrr_at_3_std": 0.234412,
        "nauc_mrr_at_3_diff1": 0.474775,
        "nauc_mrr_at_5_max": 0.403138,
        "nauc_mrr_at_5_std": 0.24074,
        "nauc_mrr_at_5_diff1": 0.460386,
        "nauc_mrr_at_10_max": 0.407241,
        "nauc_mrr_at_10_std": 0.245309,
        "nauc_mrr_at_10_diff1": 0.468087,
        "nauc_mrr_at_20_max": 0.413672,
        "nauc_mrr_at_20_std": 0.252905,
        "nauc_mrr_at_20_diff1": 0.470245,
        "nauc_mrr_at_100_max": 0.412879,
        "nauc_mrr_at_100_std": 0.249984,
        "nauc_mrr_at_100_diff1": 0.470786,
        "nauc_mrr_at_1000_max": 0.412879,
        "nauc_mrr_at_1000_std": 0.249984,
        "nauc_mrr_at_1000_diff1": 0.470786,
        "main_score": 0.66921,
        "hf_subset": "default",
        "languages": [
          "eng-Latn"
        ]
      }
    ]
  },
  "evaluation_time": 8.902075290679932,
  "kg_co2_emissions": null
}