{
  "dataset_revision": "48ed7bcb1f50896a0f71461a04b2df0ca84329d9",
  "task_name": "contractual-clause-retrieval",
  "mteb_version": "1.39.7",
  "scores": {
    "test": [
      {
        "ndcg_at_1": 0.75556,
        "ndcg_at_3": 0.74988,
        "ndcg_at_5": 0.80677,
        "ndcg_at_10": 0.82882,
        "ndcg_at_20": 0.84272,
        "ndcg_at_100": 0.84799,
        "ndcg_at_1000": 0.84799,
        "map_at_1": 0.37778,
        "map_at_3": 0.7037,
        "map_at_5": 0.74815,
        "map_at_10": 0.76302,
        "map_at_20": 0.76855,
        "map_at_100": 0.76985,
        "map_at_1000": 0.76985,
        "recall_at_1": 0.37778,
        "recall_at_3": 0.76667,
        "recall_at_5": 0.87778,
        "recall_at_10": 0.93333,
        "recall_at_20": 0.97778,
        "recall_at_100": 1.0,
        "recall_at_1000": 1.0,
        "precision_at_1": 0.75556,
        "precision_at_3": 0.51111,
        "precision_at_5": 0.35111,
        "precision_at_10": 0.18667,
        "precision_at_20": 0.09778,
        "precision_at_100": 0.02,
        "precision_at_1000": 0.002,
        "mrr_at_1": 0.755556,
        "mrr_at_3": 0.822222,
        "mrr_at_5": 0.837778,
        "mrr_at_10": 0.837778,
        "mrr_at_20": 0.839365,
        "mrr_at_100": 0.839365,
        "mrr_at_1000": 0.839365,
        "nauc_ndcg_at_1_max": 0.395205,
        "nauc_ndcg_at_1_std": -0.473195,
        "nauc_ndcg_at_1_diff1": 0.444051,
        "nauc_ndcg_at_3_max": 0.243862,
        "nauc_ndcg_at_3_std": -0.367419,
        "nauc_ndcg_at_3_diff1": 0.161139,
        "nauc_ndcg_at_5_max": 0.255849,
        "nauc_ndcg_at_5_std": -0.390224,
        "nauc_ndcg_at_5_diff1": 0.165252,
        "nauc_ndcg_at_10_max": 0.262547,
        "nauc_ndcg_at_10_std": -0.416421,
        "nauc_ndcg_at_10_diff1": 0.234963,
        "nauc_ndcg_at_20_max": 0.314248,
        "nauc_ndcg_at_20_std": -0.375192,
        "nauc_ndcg_at_20_diff1": 0.251855,
        "nauc_ndcg_at_100_max": 0.28783,
        "nauc_ndcg_at_100_std": -0.408957,
        "nauc_ndcg_at_100_diff1": 0.230576,
        "nauc_ndcg_at_1000_max": 0.28783,
        "nauc_ndcg_at_1000_std": -0.408957,
        "nauc_ndcg_at_1000_diff1": 0.230576,
        "nauc_map_at_1_max": 0.395205,
        "nauc_map_at_1_std": -0.473195,
        "nauc_map_at_1_diff1": 0.444051,
        "nauc_map_at_3_max": 0.266592,
        "nauc_map_at_3_std": -0.349051,
        "nauc_map_at_3_diff1": 0.148031,
        "nauc_map_at_5_max": 0.283571,
        "nauc_map_at_5_std": -0.358885,
        "nauc_map_at_5_diff1": 0.152066,
        "nauc_map_at_10_max": 0.28403,
        "nauc_map_at_10_std": -0.370679,
        "nauc_map_at_10_diff1": 0.180892,
        "nauc_map_at_20_max": 0.29743,
        "nauc_map_at_20_std": -0.357849,
        "nauc_map_at_20_diff1": 0.183404,
        "nauc_map_at_100_max": 0.292725,
        "nauc_map_at_100_std": -0.364237,
        "nauc_map_at_100_diff1": 0.179701,
        "nauc_map_at_1000_max": 0.292725,
        "nauc_map_at_1000_std": -0.364237,
        "nauc_map_at_1000_diff1": 0.179701,
        "nauc_recall_at_1_max": 0.395205,
        "nauc_recall_at_1_std": -0.473195,
        "nauc_recall_at_1_diff1": 0.444051,
        "nauc_recall_at_3_max": 0.170258,
        "nauc_recall_at_3_std": -0.297822,
        "nauc_recall_at_3_diff1": 0.050116,
        "nauc_recall_at_5_max": 0.146126,
        "nauc_recall_at_5_std": -0.296109,
        "nauc_recall_at_5_diff1": -0.016405,
        "nauc_recall_at_10_max": 0.155232,
        "nauc_recall_at_10_std": -0.394202,
        "nauc_recall_at_10_diff1": 0.304054,
        "nauc_recall_at_20_max": 0.935438,
        "nauc_recall_at_20_std": 0.416332,
        "nauc_recall_at_20_diff1": 0.776519,
        "nauc_recall_at_100_max": NaN,
        "nauc_recall_at_100_std": NaN,
        "nauc_recall_at_100_diff1": NaN,
        "nauc_recall_at_1000_max": NaN,
        "nauc_recall_at_1000_std": NaN,
        "nauc_recall_at_1000_diff1": NaN,
        "nauc_precision_at_1_max": 0.395205,
        "nauc_precision_at_1_std": -0.473195,
        "nauc_precision_at_1_diff1": 0.444051,
        "nauc_precision_at_3_max": 0.170258,
        "nauc_precision_at_3_std": -0.297822,
        "nauc_precision_at_3_diff1": 0.050116,
        "nauc_precision_at_5_max": 0.146126,
        "nauc_precision_at_5_std": -0.296109,
        "nauc_precision_at_5_diff1": -0.016405,
        "nauc_precision_at_10_max": 0.155232,
        "nauc_precision_at_10_std": -0.394202,
        "nauc_precision_at_10_diff1": 0.304054,
        "nauc_precision_at_20_max": 0.935438,
        "nauc_precision_at_20_std": 0.416332,
        "nauc_precision_at_20_diff1": 0.776519,
        "nauc_precision_at_100_max": 1.0,
        "nauc_precision_at_100_std": 1.0,
        "nauc_precision_at_100_diff1": 1.0,
        "nauc_precision_at_1000_max": NaN,
        "nauc_precision_at_1000_std": NaN,
        "nauc_precision_at_1000_diff1": NaN,
        "nauc_mrr_at_1_max": 0.395205,
        "nauc_mrr_at_1_std": -0.473195,
        "nauc_mrr_at_1_diff1": 0.444051,
        "nauc_mrr_at_3_max": 0.29631,
        "nauc_mrr_at_3_std": -0.531519,
        "nauc_mrr_at_3_diff1": 0.384385,
        "nauc_mrr_at_5_max": 0.286353,
        "nauc_mrr_at_5_std": -0.563088,
        "nauc_mrr_at_5_diff1": 0.392236,
        "nauc_mrr_at_10_max": 0.286353,
        "nauc_mrr_at_10_std": -0.563088,
        "nauc_mrr_at_10_diff1": 0.392236,
        "nauc_mrr_at_20_max": 0.29572,
        "nauc_mrr_at_20_std": -0.556563,
        "nauc_mrr_at_20_diff1": 0.395124,
        "nauc_mrr_at_100_max": 0.29572,
        "nauc_mrr_at_100_std": -0.556563,
        "nauc_mrr_at_100_diff1": 0.395124,
        "nauc_mrr_at_1000_max": 0.29572,
        "nauc_mrr_at_1000_std": -0.556563,
        "nauc_mrr_at_1000_diff1": 0.395124,
        "main_score": 0.82882,
        "hf_subset": "default",
        "languages": [
          "eng-Latn"
        ]
      }
    ]
  },
  "evaluation_time": 4.756096124649048,
  "kg_co2_emissions": null
}