{
  "dataset_revision": "48ed7bcb1f50896a0f71461a04b2df0ca84329d9",
  "task_name": "contractual-clause-retrieval",
  "mteb_version": "1.38.49",
  "scores": {
    "test": [
      {
        "ndcg_at_1": 0.13333,
        "ndcg_at_3": 0.10754,
        "ndcg_at_5": 0.11809,
        "ndcg_at_10": 0.2195,
        "ndcg_at_20": 0.29247,
        "ndcg_at_100": 0.37913,
        "ndcg_at_1000": 0.37913,
        "map_at_1": 0.06667,
        "map_at_3": 0.09444,
        "map_at_5": 0.10111,
        "map_at_10": 0.14022,
        "map_at_20": 0.16754,
        "map_at_100": 0.18244,
        "map_at_1000": 0.18244,
        "recall_at_1": 0.06667,
        "recall_at_3": 0.1,
        "recall_at_5": 0.12222,
        "recall_at_10": 0.37778,
        "recall_at_20": 0.61111,
        "recall_at_100": 1.0,
        "recall_at_1000": 1.0,
        "precision_at_1": 0.13333,
        "precision_at_3": 0.06667,
        "precision_at_5": 0.04889,
        "precision_at_10": 0.07556,
        "precision_at_20": 0.06111,
        "precision_at_100": 0.02,
        "precision_at_1000": 0.002,
        "mrr_at_1": 0.133333,
        "mrr_at_3": 0.144444,
        "mrr_at_5": 0.148889,
        "mrr_at_10": 0.207363,
        "mrr_at_20": 0.219176,
        "mrr_at_100": 0.225444,
        "mrr_at_1000": 0.225444,
        "nauc_ndcg_at_1_max": 0.262225,
        "nauc_ndcg_at_1_std": 0.192769,
        "nauc_ndcg_at_1_diff1": 0.220632,
        "nauc_ndcg_at_3_max": 0.431655,
        "nauc_ndcg_at_3_std": 0.313022,
        "nauc_ndcg_at_3_diff1": 0.296124,
        "nauc_ndcg_at_5_max": 0.449498,
        "nauc_ndcg_at_5_std": 0.304944,
        "nauc_ndcg_at_5_diff1": 0.324976,
        "nauc_ndcg_at_10_max": 0.384064,
        "nauc_ndcg_at_10_std": 0.230789,
        "nauc_ndcg_at_10_diff1": 0.220017,
        "nauc_ndcg_at_20_max": 0.393712,
        "nauc_ndcg_at_20_std": 0.269981,
        "nauc_ndcg_at_20_diff1": 0.158742,
        "nauc_ndcg_at_100_max": 0.392118,
        "nauc_ndcg_at_100_std": 0.264255,
        "nauc_ndcg_at_100_diff1": 0.215244,
        "nauc_ndcg_at_1000_max": 0.392118,
        "nauc_ndcg_at_1000_std": 0.264255,
        "nauc_ndcg_at_1000_diff1": 0.215244,
        "nauc_map_at_1_max": 0.262225,
        "nauc_map_at_1_std": 0.192769,
        "nauc_map_at_1_diff1": 0.220632,
        "nauc_map_at_3_max": 0.477527,
        "nauc_map_at_3_std": 0.313968,
        "nauc_map_at_3_diff1": 0.353199,
        "nauc_map_at_5_max": 0.496567,
        "nauc_map_at_5_std": 0.318725,
        "nauc_map_at_5_diff1": 0.380038,
        "nauc_map_at_10_max": 0.455534,
        "nauc_map_at_10_std": 0.280234,
        "nauc_map_at_10_diff1": 0.313655,
        "nauc_map_at_20_max": 0.457174,
        "nauc_map_at_20_std": 0.299162,
        "nauc_map_at_20_diff1": 0.273254,
        "nauc_map_at_100_max": 0.454593,
        "nauc_map_at_100_std": 0.294668,
        "nauc_map_at_100_diff1": 0.285994,
        "nauc_map_at_1000_max": 0.454593,
        "nauc_map_at_1000_std": 0.294668,
        "nauc_map_at_1000_diff1": 0.285994,
        "nauc_recall_at_1_max": 0.262225,
        "nauc_recall_at_1_std": 0.192769,
        "nauc_recall_at_1_diff1": 0.220632,
        "nauc_recall_at_3_max": 0.498962,
        "nauc_recall_at_3_std": 0.360793,
        "nauc_recall_at_3_diff1": 0.326114,
        "nauc_recall_at_5_max": 0.524512,
        "nauc_recall_at_5_std": 0.336107,
        "nauc_recall_at_5_diff1": 0.380647,
        "nauc_recall_at_10_max": 0.350557,
        "nauc_recall_at_10_std": 0.182873,
        "nauc_recall_at_10_diff1": 0.141179,
        "nauc_recall_at_20_max": 0.366266,
        "nauc_recall_at_20_std": 0.271103,
        "nauc_recall_at_20_diff1": -0.005151,
        "nauc_recall_at_100_max": NaN,
        "nauc_recall_at_100_std": NaN,
        "nauc_recall_at_100_diff1": NaN,
        "nauc_recall_at_1000_max": NaN,
        "nauc_recall_at_1000_std": NaN,
        "nauc_recall_at_1000_diff1": NaN,
        "nauc_precision_at_1_max": 0.262225,
        "nauc_precision_at_1_std": 0.192769,
        "nauc_precision_at_1_diff1": 0.220632,
        "nauc_precision_at_3_max": 0.498962,
        "nauc_precision_at_3_std": 0.360793,
        "nauc_precision_at_3_diff1": 0.326114,
        "nauc_precision_at_5_max": 0.524512,
        "nauc_precision_at_5_std": 0.336107,
        "nauc_precision_at_5_diff1": 0.380647,
        "nauc_precision_at_10_max": 0.350557,
        "nauc_precision_at_10_std": 0.182873,
        "nauc_precision_at_10_diff1": 0.141179,
        "nauc_precision_at_20_max": 0.366266,
        "nauc_precision_at_20_std": 0.271103,
        "nauc_precision_at_20_diff1": -0.005151,
        "nauc_precision_at_100_max": 1.0,
        "nauc_precision_at_100_std": 1.0,
        "nauc_precision_at_100_diff1": 1.0,
        "nauc_precision_at_1000_max": NaN,
        "nauc_precision_at_1000_std": NaN,
        "nauc_precision_at_1000_diff1": NaN,
        "nauc_mrr_at_1_max": 0.262225,
        "nauc_mrr_at_1_std": 0.192769,
        "nauc_mrr_at_1_diff1": 0.220632,
        "nauc_mrr_at_3_max": 0.304256,
        "nauc_mrr_at_3_std": 0.264696,
        "nauc_mrr_at_3_diff1": 0.190573,
        "nauc_mrr_at_5_max": 0.300684,
        "nauc_mrr_at_5_std": 0.248202,
        "nauc_mrr_at_5_diff1": 0.189534,
        "nauc_mrr_at_10_max": 0.283683,
        "nauc_mrr_at_10_std": 0.202259,
        "nauc_mrr_at_10_diff1": 0.15987,
        "nauc_mrr_at_20_max": 0.285633,
        "nauc_mrr_at_20_std": 0.206729,
        "nauc_mrr_at_20_diff1": 0.16293,
        "nauc_mrr_at_100_max": 0.288066,
        "nauc_mrr_at_100_std": 0.213491,
        "nauc_mrr_at_100_diff1": 0.164341,
        "nauc_mrr_at_1000_max": 0.288066,
        "nauc_mrr_at_1000_std": 0.213491,
        "nauc_mrr_at_1000_diff1": 0.164341,
        "main_score": 0.2195,
        "hf_subset": "default",
        "languages": [
          "eng-Latn"
        ]
      }
    ]
  },
  "evaluation_time": 4.204728126525879,
  "kg_co2_emissions": null
}