{
  "dataset_revision": "f5452494f09a6d51c37b56883a65ef742ac07c99",
  "task_name": "echr-retrieval",
  "mteb_version": "1.39.7",
  "scores": {
    "test": [
      {
        "ndcg_at_1": 0.05,
        "ndcg_at_3": 0.09851,
        "ndcg_at_5": 0.11939,
        "ndcg_at_10": 0.14476,
        "ndcg_at_20": 0.17783,
        "ndcg_at_100": 0.23947,
        "ndcg_at_1000": 0.27675,
        "map_at_1": 0.05,
        "map_at_3": 0.0875,
        "map_at_5": 0.09925,
        "map_at_10": 0.10943,
        "map_at_20": 0.11859,
        "map_at_100": 0.1263,
        "map_at_1000": 0.12826,
        "recall_at_1": 0.05,
        "recall_at_3": 0.13,
        "recall_at_5": 0.18,
        "recall_at_10": 0.26,
        "recall_at_20": 0.39,
        "recall_at_100": 0.735,
        "recall_at_1000": 1.0,
        "precision_at_1": 0.05,
        "precision_at_3": 0.04333,
        "precision_at_5": 0.036,
        "precision_at_10": 0.026,
        "precision_at_20": 0.0195,
        "precision_at_100": 0.00735,
        "precision_at_1000": 0.001,
        "mrr_at_1": 0.05,
        "mrr_at_3": 0.0875,
        "mrr_at_5": 0.09925,
        "mrr_at_10": 0.109435,
        "mrr_at_20": 0.118589,
        "mrr_at_100": 0.126297,
        "mrr_at_1000": 0.128256,
        "nauc_ndcg_at_1_max": 0.301234,
        "nauc_ndcg_at_1_std": 0.04132,
        "nauc_ndcg_at_1_diff1": 0.328495,
        "nauc_ndcg_at_3_max": 0.176106,
        "nauc_ndcg_at_3_std": 0.080234,
        "nauc_ndcg_at_3_diff1": 0.197005,
        "nauc_ndcg_at_5_max": 0.177401,
        "nauc_ndcg_at_5_std": 0.09745,
        "nauc_ndcg_at_5_diff1": 0.17069,
        "nauc_ndcg_at_10_max": 0.171585,
        "nauc_ndcg_at_10_std": 0.079654,
        "nauc_ndcg_at_10_diff1": 0.185395,
        "nauc_ndcg_at_20_max": 0.17105,
        "nauc_ndcg_at_20_std": 0.117466,
        "nauc_ndcg_at_20_diff1": 0.210128,
        "nauc_ndcg_at_100_max": 0.210425,
        "nauc_ndcg_at_100_std": 0.151263,
        "nauc_ndcg_at_100_diff1": 0.22513,
        "nauc_ndcg_at_1000_max": 0.181635,
        "nauc_ndcg_at_1000_std": 0.119544,
        "nauc_ndcg_at_1000_diff1": 0.200517,
        "nauc_map_at_1_max": 0.301234,
        "nauc_map_at_1_std": 0.04132,
        "nauc_map_at_1_diff1": 0.328495,
        "nauc_map_at_3_max": 0.187007,
        "nauc_map_at_3_std": 0.075984,
        "nauc_map_at_3_diff1": 0.209199,
        "nauc_map_at_5_max": 0.187228,
        "nauc_map_at_5_std": 0.087909,
        "nauc_map_at_5_diff1": 0.190404,
        "nauc_map_at_10_max": 0.183586,
        "nauc_map_at_10_std": 0.079683,
        "nauc_map_at_10_diff1": 0.195053,
        "nauc_map_at_20_max": 0.183338,
        "nauc_map_at_20_std": 0.094285,
        "nauc_map_at_20_diff1": 0.203999,
        "nauc_map_at_100_max": 0.186791,
        "nauc_map_at_100_std": 0.10147,
        "nauc_map_at_100_diff1": 0.20326,
        "nauc_map_at_1000_max": 0.185089,
        "nauc_map_at_1000_std": 0.099554,
        "nauc_map_at_1000_diff1": 0.201682,
        "nauc_recall_at_1_max": 0.301234,
        "nauc_recall_at_1_std": 0.04132,
        "nauc_recall_at_1_diff1": 0.328495,
        "nauc_recall_at_3_max": 0.156321,
        "nauc_recall_at_3_std": 0.088357,
        "nauc_recall_at_3_diff1": 0.17452,
        "nauc_recall_at_5_max": 0.162027,
        "nauc_recall_at_5_std": 0.114795,
        "nauc_recall_at_5_diff1": 0.136486,
        "nauc_recall_at_10_max": 0.154029,
        "nauc_recall_at_10_std": 0.075887,
        "nauc_recall_at_10_diff1": 0.17644,
        "nauc_recall_at_20_max": 0.154127,
        "nauc_recall_at_20_std": 0.159714,
        "nauc_recall_at_20_diff1": 0.23346,
        "nauc_recall_at_100_max": 0.35058,
        "nauc_recall_at_100_std": 0.310517,
        "nauc_recall_at_100_diff1": 0.342466,
        "nauc_recall_at_1000_max": NaN,
        "nauc_recall_at_1000_std": NaN,
        "nauc_recall_at_1000_diff1": NaN,
        "nauc_precision_at_1_max": 0.301234,
        "nauc_precision_at_1_std": 0.04132,
        "nauc_precision_at_1_diff1": 0.328495,
        "nauc_precision_at_3_max": 0.156321,
        "nauc_precision_at_3_std": 0.088357,
        "nauc_precision_at_3_diff1": 0.17452,
        "nauc_precision_at_5_max": 0.162027,
        "nauc_precision_at_5_std": 0.114795,
        "nauc_precision_at_5_diff1": 0.136486,
        "nauc_precision_at_10_max": 0.154029,
        "nauc_precision_at_10_std": 0.075887,
        "nauc_precision_at_10_diff1": 0.17644,
        "nauc_precision_at_20_max": 0.154127,
        "nauc_precision_at_20_std": 0.159714,
        "nauc_precision_at_20_diff1": 0.23346,
        "nauc_precision_at_100_max": 0.35058,
        "nauc_precision_at_100_std": 0.310517,
        "nauc_precision_at_100_diff1": 0.342466,
        "nauc_precision_at_1000_max": 1.0,
        "nauc_precision_at_1000_std": 1.0,
        "nauc_precision_at_1000_diff1": 1.0,
        "nauc_mrr_at_1_max": 0.301234,
        "nauc_mrr_at_1_std": 0.04132,
        "nauc_mrr_at_1_diff1": 0.328495,
        "nauc_mrr_at_3_max": 0.187007,
        "nauc_mrr_at_3_std": 0.075984,
        "nauc_mrr_at_3_diff1": 0.209199,
        "nauc_mrr_at_5_max": 0.187228,
        "nauc_mrr_at_5_std": 0.087909,
        "nauc_mrr_at_5_diff1": 0.190404,
        "nauc_mrr_at_10_max": 0.183586,
        "nauc_mrr_at_10_std": 0.079683,
        "nauc_mrr_at_10_diff1": 0.195053,
        "nauc_mrr_at_20_max": 0.183338,
        "nauc_mrr_at_20_std": 0.094285,
        "nauc_mrr_at_20_diff1": 0.203999,
        "nauc_mrr_at_100_max": 0.186791,
        "nauc_mrr_at_100_std": 0.10147,
        "nauc_mrr_at_100_diff1": 0.20326,
        "nauc_mrr_at_1000_max": 0.185089,
        "nauc_mrr_at_1000_std": 0.099554,
        "nauc_mrr_at_1000_diff1": 0.201682,
        "main_score": 0.14476,
        "hf_subset": "default",
        "languages": [
          "eng-Latn"
        ]
      }
    ]
  },
  "evaluation_time": 9.346247673034668,
  "kg_co2_emissions": null
}