{
  "dataset_revision": "8d41f3d22bb73685b6f42b62ad95940ea3dfbf84",
  "task_name": "gdpr-holdings-retrieval",
  "mteb_version": "1.39.7",
  "scores": {
    "test": [
      {
        "ndcg_at_1": 0.772,
        "ndcg_at_3": 0.82964,
        "ndcg_at_5": 0.84298,
        "ndcg_at_10": 0.85698,
        "ndcg_at_20": 0.85958,
        "ndcg_at_100": 0.86569,
        "ndcg_at_1000": 0.8675,
        "map_at_1": 0.772,
        "map_at_3": 0.81567,
        "map_at_5": 0.82317,
        "map_at_10": 0.82918,
        "map_at_20": 0.82994,
        "map_at_100": 0.83086,
        "map_at_1000": 0.83093,
        "recall_at_1": 0.772,
        "recall_at_3": 0.87,
        "recall_at_5": 0.902,
        "recall_at_10": 0.944,
        "recall_at_20": 0.954,
        "recall_at_100": 0.986,
        "recall_at_1000": 1.0,
        "precision_at_1": 0.772,
        "precision_at_3": 0.29,
        "precision_at_5": 0.1804,
        "precision_at_10": 0.0944,
        "precision_at_20": 0.0477,
        "precision_at_100": 0.00986,
        "precision_at_1000": 0.001,
        "mrr_at_1": 0.772,
        "mrr_at_3": 0.815667,
        "mrr_at_5": 0.823167,
        "mrr_at_10": 0.829184,
        "mrr_at_20": 0.829937,
        "mrr_at_100": 0.830863,
        "mrr_at_1000": 0.830932,
        "nauc_ndcg_at_1_max": 0.483656,
        "nauc_ndcg_at_1_std": -0.072461,
        "nauc_ndcg_at_1_diff1": 0.828859,
        "nauc_ndcg_at_3_max": 0.53545,
        "nauc_ndcg_at_3_std": -0.008809,
        "nauc_ndcg_at_3_diff1": 0.796659,
        "nauc_ndcg_at_5_max": 0.528267,
        "nauc_ndcg_at_5_std": 0.017136,
        "nauc_ndcg_at_5_diff1": 0.785692,
        "nauc_ndcg_at_10_max": 0.514022,
        "nauc_ndcg_at_10_std": -0.008802,
        "nauc_ndcg_at_10_diff1": 0.79293,
        "nauc_ndcg_at_20_max": 0.528687,
        "nauc_ndcg_at_20_std": 0.001873,
        "nauc_ndcg_at_20_diff1": 0.800156,
        "nauc_ndcg_at_100_max": 0.525182,
        "nauc_ndcg_at_100_std": -0.004925,
        "nauc_ndcg_at_100_diff1": 0.802434,
        "nauc_ndcg_at_1000_max": 0.519086,
        "nauc_ndcg_at_1000_std": -0.013955,
        "nauc_ndcg_at_1000_diff1": 0.80179,
        "nauc_map_at_1_max": 0.483656,
        "nauc_map_at_1_std": -0.072461,
        "nauc_map_at_1_diff1": 0.828859,
        "nauc_map_at_3_max": 0.518815,
        "nauc_map_at_3_std": -0.028631,
        "nauc_map_at_3_diff1": 0.805165,
        "nauc_map_at_5_max": 0.514685,
        "nauc_map_at_5_std": -0.016751,
        "nauc_map_at_5_diff1": 0.800052,
        "nauc_map_at_10_max": 0.508939,
        "nauc_map_at_10_std": -0.02732,
        "nauc_map_at_10_diff1": 0.802957,
        "nauc_map_at_20_max": 0.512518,
        "nauc_map_at_20_std": -0.025447,
        "nauc_map_at_20_diff1": 0.804749,
        "nauc_map_at_100_max": 0.512011,
        "nauc_map_at_100_std": -0.026378,
        "nauc_map_at_100_diff1": 0.804963,
        "nauc_map_at_1000_max": 0.511821,
        "nauc_map_at_1000_std": -0.026638,
        "nauc_map_at_1000_diff1": 0.804953,
        "nauc_recall_at_1_max": 0.483656,
        "nauc_recall_at_1_std": -0.072461,
        "nauc_recall_at_1_diff1": 0.828859,
        "nauc_recall_at_3_max": 0.601511,
        "nauc_recall_at_3_std": 0.069592,
        "nauc_recall_at_3_diff1": 0.763815,
        "nauc_recall_at_5_max": 0.593314,
        "nauc_recall_at_5_std": 0.18898,
        "nauc_recall_at_5_diff1": 0.714105,
        "nauc_recall_at_10_max": 0.540516,
        "nauc_recall_at_10_std": 0.129452,
        "nauc_recall_at_10_diff1": 0.716086,
        "nauc_recall_at_20_max": 0.705862,
        "nauc_recall_at_20_std": 0.292392,
        "nauc_recall_at_20_diff1": 0.778955,
        "nauc_recall_at_100_max": 0.941643,
        "nauc_recall_at_100_std": 0.62525,
        "nauc_recall_at_100_diff1": 0.84994,
        "nauc_recall_at_1000_max": NaN,
        "nauc_recall_at_1000_std": NaN,
        "nauc_recall_at_1000_diff1": NaN,
        "nauc_precision_at_1_max": 0.483656,
        "nauc_precision_at_1_std": -0.072461,
        "nauc_precision_at_1_diff1": 0.828859,
        "nauc_precision_at_3_max": 0.601511,
        "nauc_precision_at_3_std": 0.069592,
        "nauc_precision_at_3_diff1": 0.763815,
        "nauc_precision_at_5_max": 0.593314,
        "nauc_precision_at_5_std": 0.18898,
        "nauc_precision_at_5_diff1": 0.714105,
        "nauc_precision_at_10_max": 0.540516,
        "nauc_precision_at_10_std": 0.129452,
        "nauc_precision_at_10_diff1": 0.716086,
        "nauc_precision_at_20_max": 0.705862,
        "nauc_precision_at_20_std": 0.292392,
        "nauc_precision_at_20_diff1": 0.778955,
        "nauc_precision_at_100_max": 0.941643,
        "nauc_precision_at_100_std": 0.62525,
        "nauc_precision_at_100_diff1": 0.84994,
        "nauc_precision_at_1000_max": 1.0,
        "nauc_precision_at_1000_std": 1.0,
        "nauc_precision_at_1000_diff1": 1.0,
        "nauc_mrr_at_1_max": 0.483656,
        "nauc_mrr_at_1_std": -0.072461,
        "nauc_mrr_at_1_diff1": 0.828859,
        "nauc_mrr_at_3_max": 0.518815,
        "nauc_mrr_at_3_std": -0.028631,
        "nauc_mrr_at_3_diff1": 0.805165,
        "nauc_mrr_at_5_max": 0.514685,
        "nauc_mrr_at_5_std": -0.016751,
        "nauc_mrr_at_5_diff1": 0.800052,
        "nauc_mrr_at_10_max": 0.508939,
        "nauc_mrr_at_10_std": -0.02732,
        "nauc_mrr_at_10_diff1": 0.802957,
        "nauc_mrr_at_20_max": 0.512518,
        "nauc_mrr_at_20_std": -0.025447,
        "nauc_mrr_at_20_diff1": 0.804749,
        "nauc_mrr_at_100_max": 0.512011,
        "nauc_mrr_at_100_std": -0.026378,
        "nauc_mrr_at_100_diff1": 0.804963,
        "nauc_mrr_at_1000_max": 0.511821,
        "nauc_mrr_at_1000_std": -0.026638,
        "nauc_mrr_at_1000_diff1": 0.804953,
        "main_score": 0.85698,
        "hf_subset": "default",
        "languages": [
          "eng-Latn"
        ]
      }
    ]
  },
  "evaluation_time": 34.99804925918579,
  "kg_co2_emissions": null
}