{
  "dataset_revision": "8d41f3d22bb73685b6f42b62ad95940ea3dfbf84",
  "task_name": "gdpr-holdings-retrieval",
  "mteb_version": "1.38.49",
  "scores": {
    "test": [
      {
        "ndcg_at_1": 0.378,
        "ndcg_at_3": 0.45626,
        "ndcg_at_5": 0.48931,
        "ndcg_at_10": 0.51253,
        "ndcg_at_20": 0.53094,
        "ndcg_at_100": 0.55938,
        "ndcg_at_1000": 0.57354,
        "map_at_1": 0.378,
        "map_at_3": 0.437,
        "map_at_5": 0.4554,
        "map_at_10": 0.46494,
        "map_at_20": 0.4701,
        "map_at_100": 0.47398,
        "map_at_1000": 0.47453,
        "recall_at_1": 0.378,
        "recall_at_3": 0.512,
        "recall_at_5": 0.592,
        "recall_at_10": 0.664,
        "recall_at_20": 0.736,
        "recall_at_100": 0.89,
        "recall_at_1000": 1.0,
        "precision_at_1": 0.378,
        "precision_at_3": 0.17067,
        "precision_at_5": 0.1184,
        "precision_at_10": 0.0664,
        "precision_at_20": 0.0368,
        "precision_at_100": 0.0089,
        "precision_at_1000": 0.001,
        "mrr_at_1": 0.378,
        "mrr_at_3": 0.437,
        "mrr_at_5": 0.4554,
        "mrr_at_10": 0.464938,
        "mrr_at_20": 0.470103,
        "mrr_at_100": 0.473983,
        "mrr_at_1000": 0.474527,
        "nauc_ndcg_at_1_max": 0.154331,
        "nauc_ndcg_at_1_std": -0.031574,
        "nauc_ndcg_at_1_diff1": 0.652669,
        "nauc_ndcg_at_3_max": 0.14548,
        "nauc_ndcg_at_3_std": -0.026747,
        "nauc_ndcg_at_3_diff1": 0.582247,
        "nauc_ndcg_at_5_max": 0.150658,
        "nauc_ndcg_at_5_std": -0.034262,
        "nauc_ndcg_at_5_diff1": 0.564022,
        "nauc_ndcg_at_10_max": 0.138077,
        "nauc_ndcg_at_10_std": -0.052447,
        "nauc_ndcg_at_10_diff1": 0.566172,
        "nauc_ndcg_at_20_max": 0.135404,
        "nauc_ndcg_at_20_std": -0.060521,
        "nauc_ndcg_at_20_diff1": 0.568797,
        "nauc_ndcg_at_100_max": 0.141781,
        "nauc_ndcg_at_100_std": -0.050278,
        "nauc_ndcg_at_100_diff1": 0.574929,
        "nauc_ndcg_at_1000_max": 0.143594,
        "nauc_ndcg_at_1000_std": -0.045597,
        "nauc_ndcg_at_1000_diff1": 0.581971,
        "nauc_map_at_1_max": 0.154331,
        "nauc_map_at_1_std": -0.031574,
        "nauc_map_at_1_diff1": 0.652669,
        "nauc_map_at_3_max": 0.146953,
        "nauc_map_at_3_std": -0.028016,
        "nauc_map_at_3_diff1": 0.600634,
        "nauc_map_at_5_max": 0.150086,
        "nauc_map_at_5_std": -0.0317,
        "nauc_map_at_5_diff1": 0.591181,
        "nauc_map_at_10_max": 0.145517,
        "nauc_map_at_10_std": -0.038384,
        "nauc_map_at_10_diff1": 0.592551,
        "nauc_map_at_20_max": 0.144937,
        "nauc_map_at_20_std": -0.040443,
        "nauc_map_at_20_diff1": 0.593104,
        "nauc_map_at_100_max": 0.146093,
        "nauc_map_at_100_std": -0.039012,
        "nauc_map_at_100_diff1": 0.593951,
        "nauc_map_at_1000_max": 0.14614,
        "nauc_map_at_1000_std": -0.038862,
        "nauc_map_at_1000_diff1": 0.594319,
        "nauc_recall_at_1_max": 0.154331,
        "nauc_recall_at_1_std": -0.031574,
        "nauc_recall_at_1_diff1": 0.652669,
        "nauc_recall_at_3_max": 0.141425,
        "nauc_recall_at_3_std": -0.022965,
        "nauc_recall_at_3_diff1": 0.52749,
        "nauc_recall_at_5_max": 0.153209,
        "nauc_recall_at_5_std": -0.044092,
        "nauc_recall_at_5_diff1": 0.47468,
        "nauc_recall_at_10_max": 0.105317,
        "nauc_recall_at_10_std": -0.11437,
        "nauc_recall_at_10_diff1": 0.469446,
        "nauc_recall_at_20_max": 0.084332,
        "nauc_recall_at_20_std": -0.16852,
        "nauc_recall_at_20_diff1": 0.468326,
        "nauc_recall_at_100_max": 0.104252,
        "nauc_recall_at_100_std": -0.144446,
        "nauc_recall_at_100_diff1": 0.448836,
        "nauc_recall_at_1000_max": NaN,
        "nauc_recall_at_1000_std": NaN,
        "nauc_recall_at_1000_diff1": NaN,
        "nauc_precision_at_1_max": 0.154331,
        "nauc_precision_at_1_std": -0.031574,
        "nauc_precision_at_1_diff1": 0.652669,
        "nauc_precision_at_3_max": 0.141425,
        "nauc_precision_at_3_std": -0.022965,
        "nauc_precision_at_3_diff1": 0.52749,
        "nauc_precision_at_5_max": 0.153209,
        "nauc_precision_at_5_std": -0.044092,
        "nauc_precision_at_5_diff1": 0.47468,
        "nauc_precision_at_10_max": 0.105317,
        "nauc_precision_at_10_std": -0.11437,
        "nauc_precision_at_10_diff1": 0.469446,
        "nauc_precision_at_20_max": 0.084332,
        "nauc_precision_at_20_std": -0.16852,
        "nauc_precision_at_20_diff1": 0.468326,
        "nauc_precision_at_100_max": 0.104252,
        "nauc_precision_at_100_std": -0.144446,
        "nauc_precision_at_100_diff1": 0.448836,
        "nauc_precision_at_1000_max": 1.0,
        "nauc_precision_at_1000_std": 1.0,
        "nauc_precision_at_1000_diff1": 1.0,
        "nauc_mrr_at_1_max": 0.154331,
        "nauc_mrr_at_1_std": -0.031574,
        "nauc_mrr_at_1_diff1": 0.652669,
        "nauc_mrr_at_3_max": 0.146953,
        "nauc_mrr_at_3_std": -0.028016,
        "nauc_mrr_at_3_diff1": 0.600634,
        "nauc_mrr_at_5_max": 0.150086,
        "nauc_mrr_at_5_std": -0.0317,
        "nauc_mrr_at_5_diff1": 0.591181,
        "nauc_mrr_at_10_max": 0.145517,
        "nauc_mrr_at_10_std": -0.038384,
        "nauc_mrr_at_10_diff1": 0.592551,
        "nauc_mrr_at_20_max": 0.144937,
        "nauc_mrr_at_20_std": -0.040443,
        "nauc_mrr_at_20_diff1": 0.593104,
        "nauc_mrr_at_100_max": 0.146093,
        "nauc_mrr_at_100_std": -0.039012,
        "nauc_mrr_at_100_diff1": 0.593951,
        "nauc_mrr_at_1000_max": 0.14614,
        "nauc_mrr_at_1000_std": -0.038862,
        "nauc_mrr_at_1000_diff1": 0.594319,
        "main_score": 0.51253,
        "hf_subset": "default",
        "languages": [
          "eng-Latn"
        ]
      }
    ]
  },
  "evaluation_time": 31.675056219100952,
  "kg_co2_emissions": null
}