{
  "dataset_revision": "bbf8b2d84b7de5970b2ba4ea843c791285fdb1df",
  "task_name": "irish-legislative-summaries",
  "mteb_version": "1.39.7",
  "scores": {
    "test": [
      {
        "ndcg_at_1": 0.77,
        "ndcg_at_3": 0.84283,
        "ndcg_at_5": 0.86066,
        "ndcg_at_10": 0.86863,
        "ndcg_at_20": 0.87381,
        "ndcg_at_100": 0.87722,
        "ndcg_at_1000": 0.87805,
        "map_at_1": 0.77,
        "map_at_3": 0.82633,
        "map_at_5": 0.83653,
        "map_at_10": 0.83995,
        "map_at_20": 0.84144,
        "map_at_100": 0.84192,
        "map_at_1000": 0.84197,
        "recall_at_1": 0.77,
        "recall_at_3": 0.89,
        "recall_at_5": 0.932,
        "recall_at_10": 0.956,
        "recall_at_20": 0.976,
        "recall_at_100": 0.994,
        "recall_at_1000": 1.0,
        "precision_at_1": 0.77,
        "precision_at_3": 0.29667,
        "precision_at_5": 0.1864,
        "precision_at_10": 0.0956,
        "precision_at_20": 0.0488,
        "precision_at_100": 0.00994,
        "precision_at_1000": 0.001,
        "mrr_at_1": 0.77,
        "mrr_at_3": 0.826333,
        "mrr_at_5": 0.836533,
        "mrr_at_10": 0.839952,
        "mrr_at_20": 0.841439,
        "mrr_at_100": 0.841924,
        "mrr_at_1000": 0.841965,
        "nauc_ndcg_at_1_max": 0.633719,
        "nauc_ndcg_at_1_std": 0.165435,
        "nauc_ndcg_at_1_diff1": 0.817972,
        "nauc_ndcg_at_3_max": 0.66756,
        "nauc_ndcg_at_3_std": 0.178534,
        "nauc_ndcg_at_3_diff1": 0.783812,
        "nauc_ndcg_at_5_max": 0.668962,
        "nauc_ndcg_at_5_std": 0.160078,
        "nauc_ndcg_at_5_diff1": 0.794382,
        "nauc_ndcg_at_10_max": 0.672959,
        "nauc_ndcg_at_10_std": 0.160083,
        "nauc_ndcg_at_10_diff1": 0.796134,
        "nauc_ndcg_at_20_max": 0.665289,
        "nauc_ndcg_at_20_std": 0.163363,
        "nauc_ndcg_at_20_diff1": 0.792005,
        "nauc_ndcg_at_100_max": 0.663828,
        "nauc_ndcg_at_100_std": 0.169832,
        "nauc_ndcg_at_100_diff1": 0.791097,
        "nauc_ndcg_at_1000_max": 0.662012,
        "nauc_ndcg_at_1000_std": 0.164828,
        "nauc_ndcg_at_1000_diff1": 0.794924,
        "nauc_map_at_1_max": 0.633719,
        "nauc_map_at_1_std": 0.165435,
        "nauc_map_at_1_diff1": 0.817972,
        "nauc_map_at_3_max": 0.658452,
        "nauc_map_at_3_std": 0.172248,
        "nauc_map_at_3_diff1": 0.792834,
        "nauc_map_at_5_max": 0.658676,
        "nauc_map_at_5_std": 0.16244,
        "nauc_map_at_5_diff1": 0.79878,
        "nauc_map_at_10_max": 0.659943,
        "nauc_map_at_10_std": 0.162729,
        "nauc_map_at_10_diff1": 0.799222,
        "nauc_map_at_20_max": 0.658057,
        "nauc_map_at_20_std": 0.163607,
        "nauc_map_at_20_diff1": 0.798247,
        "nauc_map_at_100_max": 0.657872,
        "nauc_map_at_100_std": 0.164197,
        "nauc_map_at_100_diff1": 0.798149,
        "nauc_map_at_1000_max": 0.657796,
        "nauc_map_at_1000_std": 0.164003,
        "nauc_map_at_1000_diff1": 0.798303,
        "nauc_recall_at_1_max": 0.633719,
        "nauc_recall_at_1_std": 0.165435,
        "nauc_recall_at_1_diff1": 0.817972,
        "nauc_recall_at_3_max": 0.705824,
        "nauc_recall_at_3_std": 0.206907,
        "nauc_recall_at_3_diff1": 0.746027,
        "nauc_recall_at_5_max": 0.733921,
        "nauc_recall_at_5_std": 0.143091,
        "nauc_recall_at_5_diff1": 0.76991,
        "nauc_recall_at_10_max": 0.801375,
        "nauc_recall_at_10_std": 0.129552,
        "nauc_recall_at_10_diff1": 0.776271,
        "nauc_recall_at_20_max": 0.762877,
        "nauc_recall_at_20_std": 0.162193,
        "nauc_recall_at_20_diff1": 0.684174,
        "nauc_recall_at_100_max": 0.907407,
        "nauc_recall_at_100_std": 0.851385,
        "nauc_recall_at_100_diff1": 0.273576,
        "nauc_recall_at_1000_max": NaN,
        "nauc_recall_at_1000_std": NaN,
        "nauc_recall_at_1000_diff1": NaN,
        "nauc_precision_at_1_max": 0.633719,
        "nauc_precision_at_1_std": 0.165435,
        "nauc_precision_at_1_diff1": 0.817972,
        "nauc_precision_at_3_max": 0.705824,
        "nauc_precision_at_3_std": 0.206907,
        "nauc_precision_at_3_diff1": 0.746027,
        "nauc_precision_at_5_max": 0.733921,
        "nauc_precision_at_5_std": 0.143091,
        "nauc_precision_at_5_diff1": 0.76991,
        "nauc_precision_at_10_max": 0.801375,
        "nauc_precision_at_10_std": 0.129552,
        "nauc_precision_at_10_diff1": 0.776271,
        "nauc_precision_at_20_max": 0.762877,
        "nauc_precision_at_20_std": 0.162193,
        "nauc_precision_at_20_diff1": 0.684174,
        "nauc_precision_at_100_max": 0.907407,
        "nauc_precision_at_100_std": 0.851385,
        "nauc_precision_at_100_diff1": 0.273576,
        "nauc_precision_at_1000_max": 1.0,
        "nauc_precision_at_1000_std": 1.0,
        "nauc_precision_at_1000_diff1": 1.0,
        "nauc_mrr_at_1_max": 0.633719,
        "nauc_mrr_at_1_std": 0.165435,
        "nauc_mrr_at_1_diff1": 0.817972,
        "nauc_mrr_at_3_max": 0.658452,
        "nauc_mrr_at_3_std": 0.172248,
        "nauc_mrr_at_3_diff1": 0.792834,
        "nauc_mrr_at_5_max": 0.658676,
        "nauc_mrr_at_5_std": 0.16244,
        "nauc_mrr_at_5_diff1": 0.79878,
        "nauc_mrr_at_10_max": 0.659943,
        "nauc_mrr_at_10_std": 0.162729,
        "nauc_mrr_at_10_diff1": 0.799222,
        "nauc_mrr_at_20_max": 0.658057,
        "nauc_mrr_at_20_std": 0.163607,
        "nauc_mrr_at_20_diff1": 0.798247,
        "nauc_mrr_at_100_max": 0.657872,
        "nauc_mrr_at_100_std": 0.164197,
        "nauc_mrr_at_100_diff1": 0.798149,
        "nauc_mrr_at_1000_max": 0.657796,
        "nauc_mrr_at_1000_std": 0.164003,
        "nauc_mrr_at_1000_diff1": 0.798303,
        "main_score": 0.86863,
        "hf_subset": "default",
        "languages": [
          "eng-Latn"
        ]
      }
    ]
  },
  "evaluation_time": 40.549418926239014,
  "kg_co2_emissions": null
}