{
  "dataset_revision": "bbf8b2d84b7de5970b2ba4ea843c791285fdb1df",
  "task_name": "irish-legislative-summaries",
  "mteb_version": "1.38.49",
  "scores": {
    "test": [
      {
        "ndcg_at_1": 0.292,
        "ndcg_at_3": 0.36674,
        "ndcg_at_5": 0.38739,
        "ndcg_at_10": 0.42296,
        "ndcg_at_20": 0.44507,
        "ndcg_at_100": 0.48721,
        "ndcg_at_1000": 0.50109,
        "map_at_1": 0.292,
        "map_at_3": 0.34833,
        "map_at_5": 0.35983,
        "map_at_10": 0.3745,
        "map_at_20": 0.3805,
        "map_at_100": 0.38653,
        "map_at_1000": 0.38706,
        "recall_at_1": 0.292,
        "recall_at_3": 0.42,
        "recall_at_5": 0.47,
        "recall_at_10": 0.58,
        "recall_at_20": 0.668,
        "recall_at_100": 0.892,
        "recall_at_1000": 1.0,
        "precision_at_1": 0.292,
        "precision_at_3": 0.14,
        "precision_at_5": 0.094,
        "precision_at_10": 0.058,
        "precision_at_20": 0.0334,
        "precision_at_100": 0.00892,
        "precision_at_1000": 0.001,
        "mrr_at_1": 0.292,
        "mrr_at_3": 0.348333,
        "mrr_at_5": 0.359833,
        "mrr_at_10": 0.374504,
        "mrr_at_20": 0.380497,
        "mrr_at_100": 0.386534,
        "mrr_at_1000": 0.387061,
        "nauc_ndcg_at_1_max": 0.289041,
        "nauc_ndcg_at_1_std": 0.326659,
        "nauc_ndcg_at_1_diff1": 0.37512,
        "nauc_ndcg_at_3_max": 0.339351,
        "nauc_ndcg_at_3_std": 0.389917,
        "nauc_ndcg_at_3_diff1": 0.335067,
        "nauc_ndcg_at_5_max": 0.336701,
        "nauc_ndcg_at_5_std": 0.392459,
        "nauc_ndcg_at_5_diff1": 0.324185,
        "nauc_ndcg_at_10_max": 0.331812,
        "nauc_ndcg_at_10_std": 0.403536,
        "nauc_ndcg_at_10_diff1": 0.329383,
        "nauc_ndcg_at_20_max": 0.325661,
        "nauc_ndcg_at_20_std": 0.392296,
        "nauc_ndcg_at_20_diff1": 0.338942,
        "nauc_ndcg_at_100_max": 0.328022,
        "nauc_ndcg_at_100_std": 0.398384,
        "nauc_ndcg_at_100_diff1": 0.343394,
        "nauc_ndcg_at_1000_max": 0.327782,
        "nauc_ndcg_at_1000_std": 0.390175,
        "nauc_ndcg_at_1000_diff1": 0.341835,
        "nauc_map_at_1_max": 0.289041,
        "nauc_map_at_1_std": 0.326659,
        "nauc_map_at_1_diff1": 0.37512,
        "nauc_map_at_3_max": 0.329511,
        "nauc_map_at_3_std": 0.377339,
        "nauc_map_at_3_diff1": 0.344726,
        "nauc_map_at_5_max": 0.32832,
        "nauc_map_at_5_std": 0.378924,
        "nauc_map_at_5_diff1": 0.338923,
        "nauc_map_at_10_max": 0.326743,
        "nauc_map_at_10_std": 0.38403,
        "nauc_map_at_10_diff1": 0.341264,
        "nauc_map_at_20_max": 0.325089,
        "nauc_map_at_20_std": 0.380806,
        "nauc_map_at_20_diff1": 0.344149,
        "nauc_map_at_100_max": 0.325175,
        "nauc_map_at_100_std": 0.38149,
        "nauc_map_at_100_diff1": 0.344732,
        "nauc_map_at_1000_max": 0.325223,
        "nauc_map_at_1000_std": 0.381152,
        "nauc_map_at_1000_diff1": 0.344724,
        "nauc_recall_at_1_max": 0.289041,
        "nauc_recall_at_1_std": 0.326659,
        "nauc_recall_at_1_diff1": 0.37512,
        "nauc_recall_at_3_max": 0.366174,
        "nauc_recall_at_3_std": 0.424302,
        "nauc_recall_at_3_diff1": 0.307857,
        "nauc_recall_at_5_max": 0.358942,
        "nauc_recall_at_5_std": 0.430109,
        "nauc_recall_at_5_diff1": 0.280344,
        "nauc_recall_at_10_max": 0.342264,
        "nauc_recall_at_10_std": 0.465781,
        "nauc_recall_at_10_diff1": 0.292681,
        "nauc_recall_at_20_max": 0.315078,
        "nauc_recall_at_20_std": 0.423997,
        "nauc_recall_at_20_diff1": 0.329353,
        "nauc_recall_at_100_max": 0.342005,
        "nauc_recall_at_100_std": 0.560717,
        "nauc_recall_at_100_diff1": 0.38225,
        "nauc_recall_at_1000_max": NaN,
        "nauc_recall_at_1000_std": NaN,
        "nauc_recall_at_1000_diff1": NaN,
        "nauc_precision_at_1_max": 0.289041,
        "nauc_precision_at_1_std": 0.326659,
        "nauc_precision_at_1_diff1": 0.37512,
        "nauc_precision_at_3_max": 0.366174,
        "nauc_precision_at_3_std": 0.424302,
        "nauc_precision_at_3_diff1": 0.307857,
        "nauc_precision_at_5_max": 0.358942,
        "nauc_precision_at_5_std": 0.430109,
        "nauc_precision_at_5_diff1": 0.280344,
        "nauc_precision_at_10_max": 0.342264,
        "nauc_precision_at_10_std": 0.465781,
        "nauc_precision_at_10_diff1": 0.292681,
        "nauc_precision_at_20_max": 0.315078,
        "nauc_precision_at_20_std": 0.423997,
        "nauc_precision_at_20_diff1": 0.329353,
        "nauc_precision_at_100_max": 0.342005,
        "nauc_precision_at_100_std": 0.560717,
        "nauc_precision_at_100_diff1": 0.38225,
        "nauc_precision_at_1000_max": 1.0,
        "nauc_precision_at_1000_std": 1.0,
        "nauc_precision_at_1000_diff1": 1.0,
        "nauc_mrr_at_1_max": 0.289041,
        "nauc_mrr_at_1_std": 0.326659,
        "nauc_mrr_at_1_diff1": 0.37512,
        "nauc_mrr_at_3_max": 0.329511,
        "nauc_mrr_at_3_std": 0.377339,
        "nauc_mrr_at_3_diff1": 0.344726,
        "nauc_mrr_at_5_max": 0.32832,
        "nauc_mrr_at_5_std": 0.378924,
        "nauc_mrr_at_5_diff1": 0.338923,
        "nauc_mrr_at_10_max": 0.326743,
        "nauc_mrr_at_10_std": 0.38403,
        "nauc_mrr_at_10_diff1": 0.341264,
        "nauc_mrr_at_20_max": 0.325089,
        "nauc_mrr_at_20_std": 0.380806,
        "nauc_mrr_at_20_diff1": 0.344149,
        "nauc_mrr_at_100_max": 0.325175,
        "nauc_mrr_at_100_std": 0.38149,
        "nauc_mrr_at_100_diff1": 0.344732,
        "nauc_mrr_at_1000_max": 0.325223,
        "nauc_mrr_at_1000_std": 0.381152,
        "nauc_mrr_at_1000_diff1": 0.344724,
        "main_score": 0.42296,
        "hf_subset": "default",
        "languages": [
          "eng-Latn"
        ]
      }
    ]
  },
  "evaluation_time": 38.135228633880615,
  "kg_co2_emissions": null
}