{
  "dataset_revision": "ca0f1732432ad623ba6172b15e8c726b76e50fad",
  "task_name": "legal-rag-bench",
  "mteb_version": "1.39.7",
  "scores": {
    "test": [
      {
        "ndcg_at_1": 0.2,
        "ndcg_at_3": 0.29309,
        "ndcg_at_5": 0.32623,
        "ndcg_at_10": 0.36659,
        "ndcg_at_20": 0.41316,
        "ndcg_at_100": 0.44359,
        "ndcg_at_1000": 0.45465,
        "map_at_1": 0.2,
        "map_at_3": 0.27,
        "map_at_5": 0.2885,
        "map_at_10": 0.30422,
        "map_at_20": 0.31756,
        "map_at_100": 0.32197,
        "map_at_1000": 0.32253,
        "recall_at_1": 0.2,
        "recall_at_3": 0.36,
        "recall_at_5": 0.44,
        "recall_at_10": 0.57,
        "recall_at_20": 0.75,
        "recall_at_100": 0.91,
        "recall_at_1000": 0.99,
        "precision_at_1": 0.2,
        "precision_at_3": 0.12,
        "precision_at_5": 0.088,
        "precision_at_10": 0.057,
        "precision_at_20": 0.0375,
        "precision_at_100": 0.0091,
        "precision_at_1000": 0.00099,
        "mrr_at_1": 0.2,
        "mrr_at_3": 0.27,
        "mrr_at_5": 0.2885,
        "mrr_at_10": 0.304222,
        "mrr_at_20": 0.317563,
        "mrr_at_100": 0.321972,
        "mrr_at_1000": 0.322537,
        "nauc_ndcg_at_1_max": 0.231256,
        "nauc_ndcg_at_1_std": 0.020326,
        "nauc_ndcg_at_1_diff1": 0.399403,
        "nauc_ndcg_at_3_max": 0.260282,
        "nauc_ndcg_at_3_std": 0.122597,
        "nauc_ndcg_at_3_diff1": 0.279131,
        "nauc_ndcg_at_5_max": 0.257309,
        "nauc_ndcg_at_5_std": 0.135612,
        "nauc_ndcg_at_5_diff1": 0.306997,
        "nauc_ndcg_at_10_max": 0.2153,
        "nauc_ndcg_at_10_std": 0.116638,
        "nauc_ndcg_at_10_diff1": 0.288328,
        "nauc_ndcg_at_20_max": 0.237301,
        "nauc_ndcg_at_20_std": 0.12489,
        "nauc_ndcg_at_20_diff1": 0.289747,
        "nauc_ndcg_at_100_max": 0.250455,
        "nauc_ndcg_at_100_std": 0.125999,
        "nauc_ndcg_at_100_diff1": 0.301735,
        "nauc_ndcg_at_1000_max": 0.243453,
        "nauc_ndcg_at_1000_std": 0.115657,
        "nauc_ndcg_at_1000_diff1": 0.302866,
        "nauc_map_at_1_max": 0.231256,
        "nauc_map_at_1_std": 0.020326,
        "nauc_map_at_1_diff1": 0.399403,
        "nauc_map_at_3_max": 0.253834,
        "nauc_map_at_3_std": 0.106296,
        "nauc_map_at_3_diff1": 0.304999,
        "nauc_map_at_5_max": 0.252155,
        "nauc_map_at_5_std": 0.113313,
        "nauc_map_at_5_diff1": 0.32117,
        "nauc_map_at_10_max": 0.237036,
        "nauc_map_at_10_std": 0.105167,
        "nauc_map_at_10_diff1": 0.312325,
        "nauc_map_at_20_max": 0.243614,
        "nauc_map_at_20_std": 0.106338,
        "nauc_map_at_20_diff1": 0.314029,
        "nauc_map_at_100_max": 0.245254,
        "nauc_map_at_100_std": 0.105857,
        "nauc_map_at_100_diff1": 0.3153,
        "nauc_map_at_1000_max": 0.245056,
        "nauc_map_at_1000_std": 0.105516,
        "nauc_map_at_1000_diff1": 0.315369,
        "nauc_recall_at_1_max": 0.231256,
        "nauc_recall_at_1_std": 0.020326,
        "nauc_recall_at_1_diff1": 0.399403,
        "nauc_recall_at_3_max": 0.277109,
        "nauc_recall_at_3_std": 0.162796,
        "nauc_recall_at_3_diff1": 0.211935,
        "nauc_recall_at_5_max": 0.270319,
        "nauc_recall_at_5_std": 0.19348,
        "nauc_recall_at_5_diff1": 0.273725,
        "nauc_recall_at_10_max": 0.130351,
        "nauc_recall_at_10_std": 0.141201,
        "nauc_recall_at_10_diff1": 0.219629,
        "nauc_recall_at_20_max": 0.203391,
        "nauc_recall_at_20_std": 0.202951,
        "nauc_recall_at_20_diff1": 0.187274,
        "nauc_recall_at_100_max": 0.36814,
        "nauc_recall_at_100_std": 0.362693,
        "nauc_recall_at_100_diff1": 0.253761,
        "nauc_recall_at_1000_max": -0.171335,
        "nauc_recall_at_1000_std": 0.122782,
        "nauc_recall_at_1000_diff1": 0.122782,
        "nauc_precision_at_1_max": 0.231256,
        "nauc_precision_at_1_std": 0.020326,
        "nauc_precision_at_1_diff1": 0.399403,
        "nauc_precision_at_3_max": 0.277109,
        "nauc_precision_at_3_std": 0.162796,
        "nauc_precision_at_3_diff1": 0.211935,
        "nauc_precision_at_5_max": 0.270319,
        "nauc_precision_at_5_std": 0.19348,
        "nauc_precision_at_5_diff1": 0.273725,
        "nauc_precision_at_10_max": 0.130351,
        "nauc_precision_at_10_std": 0.141201,
        "nauc_precision_at_10_diff1": 0.219629,
        "nauc_precision_at_20_max": 0.203391,
        "nauc_precision_at_20_std": 0.202951,
        "nauc_precision_at_20_diff1": 0.187274,
        "nauc_precision_at_100_max": 0.36814,
        "nauc_precision_at_100_std": 0.362693,
        "nauc_precision_at_100_diff1": 0.253761,
        "nauc_precision_at_1000_max": -0.171335,
        "nauc_precision_at_1000_std": 0.122782,
        "nauc_precision_at_1000_diff1": 0.122782,
        "nauc_mrr_at_1_max": 0.231256,
        "nauc_mrr_at_1_std": 0.020326,
        "nauc_mrr_at_1_diff1": 0.399403,
        "nauc_mrr_at_3_max": 0.253834,
        "nauc_mrr_at_3_std": 0.106296,
        "nauc_mrr_at_3_diff1": 0.304999,
        "nauc_mrr_at_5_max": 0.252155,
        "nauc_mrr_at_5_std": 0.113313,
        "nauc_mrr_at_5_diff1": 0.32117,
        "nauc_mrr_at_10_max": 0.237036,
        "nauc_mrr_at_10_std": 0.105167,
        "nauc_mrr_at_10_diff1": 0.312325,
        "nauc_mrr_at_20_max": 0.243614,
        "nauc_mrr_at_20_std": 0.106338,
        "nauc_mrr_at_20_diff1": 0.314029,
        "nauc_mrr_at_100_max": 0.245284,
        "nauc_mrr_at_100_std": 0.105853,
        "nauc_mrr_at_100_diff1": 0.315302,
        "nauc_mrr_at_1000_max": 0.245086,
        "nauc_mrr_at_1000_std": 0.105512,
        "nauc_mrr_at_1000_diff1": 0.315371,
        "main_score": 0.36659,
        "hf_subset": "default",
        "languages": [
          "eng-Latn"
        ]
      }
    ]
  },
  "evaluation_time": 75.69210290908813,
  "kg_co2_emissions": null
}