{
  "dataset_revision": "ec00129f88e9476e582131dc3a5db9220dfefa48",
  "task_name": "license-tldr-retrieval",
  "mteb_version": "1.38.49",
  "scores": {
    "test": [
      {
        "ndcg_at_1": 0.2,
        "ndcg_at_3": 0.22509,
        "ndcg_at_5": 0.30123,
        "ndcg_at_10": 0.35053,
        "ndcg_at_20": 0.39454,
        "ndcg_at_100": 0.44228,
        "ndcg_at_1000": 0.44228,
        "map_at_1": 0.2,
        "map_at_3": 0.21795,
        "map_at_5": 0.26026,
        "map_at_10": 0.28034,
        "map_at_20": 0.29305,
        "map_at_100": 0.30026,
        "map_at_1000": 0.30026,
        "recall_at_1": 0.2,
        "recall_at_3": 0.24615,
        "recall_at_5": 0.43077,
        "recall_at_10": 0.58462,
        "recall_at_20": 0.75385,
        "recall_at_100": 1.0,
        "recall_at_1000": 1.0,
        "precision_at_1": 0.2,
        "precision_at_3": 0.08205,
        "precision_at_5": 0.08615,
        "precision_at_10": 0.05846,
        "precision_at_20": 0.03769,
        "precision_at_100": 0.01,
        "precision_at_1000": 0.001,
        "mrr_at_1": 0.2,
        "mrr_at_3": 0.217949,
        "mrr_at_5": 0.260256,
        "mrr_at_10": 0.280336,
        "mrr_at_20": 0.293047,
        "mrr_at_100": 0.300262,
        "mrr_at_1000": 0.300262,
        "nauc_ndcg_at_1_max": 0.318065,
        "nauc_ndcg_at_1_std": 0.240524,
        "nauc_ndcg_at_1_diff1": 0.230965,
        "nauc_ndcg_at_3_max": 0.2574,
        "nauc_ndcg_at_3_std": 0.230273,
        "nauc_ndcg_at_3_diff1": 0.18074,
        "nauc_ndcg_at_5_max": 0.187059,
        "nauc_ndcg_at_5_std": 0.226881,
        "nauc_ndcg_at_5_diff1": 0.157831,
        "nauc_ndcg_at_10_max": 0.170367,
        "nauc_ndcg_at_10_std": 0.215499,
        "nauc_ndcg_at_10_diff1": 0.185776,
        "nauc_ndcg_at_20_max": 0.204004,
        "nauc_ndcg_at_20_std": 0.186348,
        "nauc_ndcg_at_20_diff1": 0.121475,
        "nauc_ndcg_at_100_max": 0.229705,
        "nauc_ndcg_at_100_std": 0.219984,
        "nauc_ndcg_at_100_diff1": 0.167061,
        "nauc_ndcg_at_1000_max": 0.229705,
        "nauc_ndcg_at_1000_std": 0.219984,
        "nauc_ndcg_at_1000_diff1": 0.167061,
        "nauc_map_at_1_max": 0.318065,
        "nauc_map_at_1_std": 0.240524,
        "nauc_map_at_1_diff1": 0.230965,
        "nauc_map_at_3_max": 0.272804,
        "nauc_map_at_3_std": 0.235358,
        "nauc_map_at_3_diff1": 0.192434,
        "nauc_map_at_5_max": 0.231149,
        "nauc_map_at_5_std": 0.2335,
        "nauc_map_at_5_diff1": 0.176729,
        "nauc_map_at_10_max": 0.226422,
        "nauc_map_at_10_std": 0.229038,
        "nauc_map_at_10_diff1": 0.191612,
        "nauc_map_at_20_max": 0.236534,
        "nauc_map_at_20_std": 0.221091,
        "nauc_map_at_20_diff1": 0.173625,
        "nauc_map_at_100_max": 0.242254,
        "nauc_map_at_100_std": 0.226762,
        "nauc_map_at_100_diff1": 0.179812,
        "nauc_map_at_1000_max": 0.242254,
        "nauc_map_at_1000_std": 0.226762,
        "nauc_map_at_1000_diff1": 0.179812,
        "nauc_recall_at_1_max": 0.318065,
        "nauc_recall_at_1_std": 0.240524,
        "nauc_recall_at_1_diff1": 0.230965,
        "nauc_recall_at_3_max": 0.214707,
        "nauc_recall_at_3_std": 0.21529,
        "nauc_recall_at_3_diff1": 0.148709,
        "nauc_recall_at_5_max": 0.06814,
        "nauc_recall_at_5_std": 0.208644,
        "nauc_recall_at_5_diff1": 0.109967,
        "nauc_recall_at_10_max": -0.003601,
        "nauc_recall_at_10_std": 0.171096,
        "nauc_recall_at_10_diff1": 0.173574,
        "nauc_recall_at_20_max": 0.089234,
        "nauc_recall_at_20_std": 0.00748,
        "nauc_recall_at_20_diff1": -0.148594,
        "nauc_recall_at_100_max": NaN,
        "nauc_recall_at_100_std": NaN,
        "nauc_recall_at_100_diff1": NaN,
        "nauc_recall_at_1000_max": NaN,
        "nauc_recall_at_1000_std": NaN,
        "nauc_recall_at_1000_diff1": NaN,
        "nauc_precision_at_1_max": 0.318065,
        "nauc_precision_at_1_std": 0.240524,
        "nauc_precision_at_1_diff1": 0.230965,
        "nauc_precision_at_3_max": 0.214707,
        "nauc_precision_at_3_std": 0.21529,
        "nauc_precision_at_3_diff1": 0.148709,
        "nauc_precision_at_5_max": 0.06814,
        "nauc_precision_at_5_std": 0.208644,
        "nauc_precision_at_5_diff1": 0.109967,
        "nauc_precision_at_10_max": -0.003601,
        "nauc_precision_at_10_std": 0.171096,
        "nauc_precision_at_10_diff1": 0.173574,
        "nauc_precision_at_20_max": 0.089234,
        "nauc_precision_at_20_std": 0.00748,
        "nauc_precision_at_20_diff1": -0.148594,
        "nauc_precision_at_100_max": NaN,
        "nauc_precision_at_100_std": NaN,
        "nauc_precision_at_100_diff1": NaN,
        "nauc_precision_at_1000_max": 1.0,
        "nauc_precision_at_1000_std": 1.0,
        "nauc_precision_at_1000_diff1": 1.0,
        "nauc_mrr_at_1_max": 0.318065,
        "nauc_mrr_at_1_std": 0.240524,
        "nauc_mrr_at_1_diff1": 0.230965,
        "nauc_mrr_at_3_max": 0.272804,
        "nauc_mrr_at_3_std": 0.235358,
        "nauc_mrr_at_3_diff1": 0.192434,
        "nauc_mrr_at_5_max": 0.231149,
        "nauc_mrr_at_5_std": 0.2335,
        "nauc_mrr_at_5_diff1": 0.176729,
        "nauc_mrr_at_10_max": 0.226422,
        "nauc_mrr_at_10_std": 0.229038,
        "nauc_mrr_at_10_diff1": 0.191612,
        "nauc_mrr_at_20_max": 0.236534,
        "nauc_mrr_at_20_std": 0.221091,
        "nauc_mrr_at_20_diff1": 0.173625,
        "nauc_mrr_at_100_max": 0.242254,
        "nauc_mrr_at_100_std": 0.226762,
        "nauc_mrr_at_100_diff1": 0.179812,
        "nauc_mrr_at_1000_max": 0.242254,
        "nauc_mrr_at_1000_std": 0.226762,
        "nauc_mrr_at_1000_diff1": 0.179812,
        "main_score": 0.35053,
        "hf_subset": "default",
        "languages": [
          "eng-Latn"
        ]
      }
    ]
  },
  "evaluation_time": 4.681483745574951,
  "kg_co2_emissions": null
}