{
  "dataset_revision": "ec00129f88e9476e582131dc3a5db9220dfefa48",
  "task_name": "license-tldr-retrieval",
  "mteb_version": "1.39.7",
  "scores": {
    "test": [
      {
        "ndcg_at_1": 0.44615,
        "ndcg_at_3": 0.54853,
        "ndcg_at_5": 0.56841,
        "ndcg_at_10": 0.60024,
        "ndcg_at_20": 0.60824,
        "ndcg_at_100": 0.64611,
        "ndcg_at_1000": 0.64611,
        "map_at_1": 0.44615,
        "map_at_3": 0.52051,
        "map_at_5": 0.53205,
        "map_at_10": 0.54634,
        "map_at_20": 0.54864,
        "map_at_100": 0.55399,
        "map_at_1000": 0.55399,
        "recall_at_1": 0.44615,
        "recall_at_3": 0.63077,
        "recall_at_5": 0.67692,
        "recall_at_10": 0.76923,
        "recall_at_20": 0.8,
        "recall_at_100": 1.0,
        "recall_at_1000": 1.0,
        "precision_at_1": 0.44615,
        "precision_at_3": 0.21026,
        "precision_at_5": 0.13538,
        "precision_at_10": 0.07692,
        "precision_at_20": 0.04,
        "precision_at_100": 0.01,
        "precision_at_1000": 0.001,
        "mrr_at_1": 0.446154,
        "mrr_at_3": 0.520513,
        "mrr_at_5": 0.532051,
        "mrr_at_10": 0.546337,
        "mrr_at_20": 0.548645,
        "mrr_at_100": 0.553991,
        "mrr_at_1000": 0.553991,
        "nauc_ndcg_at_1_max": 0.557718,
        "nauc_ndcg_at_1_std": 0.120422,
        "nauc_ndcg_at_1_diff1": 0.71724,
        "nauc_ndcg_at_3_max": 0.516912,
        "nauc_ndcg_at_3_std": 0.160382,
        "nauc_ndcg_at_3_diff1": 0.627611,
        "nauc_ndcg_at_5_max": 0.494711,
        "nauc_ndcg_at_5_std": 0.190268,
        "nauc_ndcg_at_5_diff1": 0.649931,
        "nauc_ndcg_at_10_max": 0.483781,
        "nauc_ndcg_at_10_std": 0.233319,
        "nauc_ndcg_at_10_diff1": 0.604389,
        "nauc_ndcg_at_20_max": 0.488422,
        "nauc_ndcg_at_20_std": 0.27048,
        "nauc_ndcg_at_20_diff1": 0.598671,
        "nauc_ndcg_at_100_max": 0.506802,
        "nauc_ndcg_at_100_std": 0.208021,
        "nauc_ndcg_at_100_diff1": 0.636375,
        "nauc_ndcg_at_1000_max": 0.506802,
        "nauc_ndcg_at_1000_std": 0.208021,
        "nauc_ndcg_at_1000_diff1": 0.636375,
        "nauc_map_at_1_max": 0.557718,
        "nauc_map_at_1_std": 0.120422,
        "nauc_map_at_1_diff1": 0.71724,
        "nauc_map_at_3_max": 0.526886,
        "nauc_map_at_3_std": 0.149332,
        "nauc_map_at_3_diff1": 0.654263,
        "nauc_map_at_5_max": 0.514734,
        "nauc_map_at_5_std": 0.165737,
        "nauc_map_at_5_diff1": 0.667194,
        "nauc_map_at_10_max": 0.510966,
        "nauc_map_at_10_std": 0.183263,
        "nauc_map_at_10_diff1": 0.64883,
        "nauc_map_at_20_max": 0.512734,
        "nauc_map_at_20_std": 0.192994,
        "nauc_map_at_20_diff1": 0.647528,
        "nauc_map_at_100_max": 0.515367,
        "nauc_map_at_100_std": 0.185035,
        "nauc_map_at_100_diff1": 0.652593,
        "nauc_map_at_1000_max": 0.515367,
        "nauc_map_at_1000_std": 0.185035,
        "nauc_map_at_1000_diff1": 0.652593,
        "nauc_recall_at_1_max": 0.557718,
        "nauc_recall_at_1_std": 0.120422,
        "nauc_recall_at_1_diff1": 0.71724,
        "nauc_recall_at_3_max": 0.484855,
        "nauc_recall_at_3_std": 0.19652,
        "nauc_recall_at_3_diff1": 0.539645,
        "nauc_recall_at_5_max": 0.422416,
        "nauc_recall_at_5_std": 0.279918,
        "nauc_recall_at_5_diff1": 0.591149,
        "nauc_recall_at_10_max": 0.354845,
        "nauc_recall_at_10_std": 0.478544,
        "nauc_recall_at_10_diff1": 0.388794,
        "nauc_recall_at_20_max": 0.36182,
        "nauc_recall_at_20_std": 0.724044,
        "nauc_recall_at_20_diff1": 0.329728,
        "nauc_recall_at_100_max": NaN,
        "nauc_recall_at_100_std": NaN,
        "nauc_recall_at_100_diff1": NaN,
        "nauc_recall_at_1000_max": NaN,
        "nauc_recall_at_1000_std": NaN,
        "nauc_recall_at_1000_diff1": NaN,
        "nauc_precision_at_1_max": 0.557718,
        "nauc_precision_at_1_std": 0.120422,
        "nauc_precision_at_1_diff1": 0.71724,
        "nauc_precision_at_3_max": 0.484855,
        "nauc_precision_at_3_std": 0.19652,
        "nauc_precision_at_3_diff1": 0.539645,
        "nauc_precision_at_5_max": 0.422416,
        "nauc_precision_at_5_std": 0.279918,
        "nauc_precision_at_5_diff1": 0.591149,
        "nauc_precision_at_10_max": 0.354845,
        "nauc_precision_at_10_std": 0.478544,
        "nauc_precision_at_10_diff1": 0.388794,
        "nauc_precision_at_20_max": 0.36182,
        "nauc_precision_at_20_std": 0.724044,
        "nauc_precision_at_20_diff1": 0.329728,
        "nauc_precision_at_100_max": NaN,
        "nauc_precision_at_100_std": NaN,
        "nauc_precision_at_100_diff1": NaN,
        "nauc_precision_at_1000_max": 1.0,
        "nauc_precision_at_1000_std": 1.0,
        "nauc_precision_at_1000_diff1": 1.0,
        "nauc_mrr_at_1_max": 0.557718,
        "nauc_mrr_at_1_std": 0.120422,
        "nauc_mrr_at_1_diff1": 0.71724,
        "nauc_mrr_at_3_max": 0.526886,
        "nauc_mrr_at_3_std": 0.149332,
        "nauc_mrr_at_3_diff1": 0.654263,
        "nauc_mrr_at_5_max": 0.514734,
        "nauc_mrr_at_5_std": 0.165737,
        "nauc_mrr_at_5_diff1": 0.667194,
        "nauc_mrr_at_10_max": 0.510966,
        "nauc_mrr_at_10_std": 0.183263,
        "nauc_mrr_at_10_diff1": 0.64883,
        "nauc_mrr_at_20_max": 0.512734,
        "nauc_mrr_at_20_std": 0.192994,
        "nauc_mrr_at_20_diff1": 0.647528,
        "nauc_mrr_at_100_max": 0.515367,
        "nauc_mrr_at_100_std": 0.185035,
        "nauc_mrr_at_100_diff1": 0.652593,
        "nauc_mrr_at_1000_max": 0.515367,
        "nauc_mrr_at_1000_std": 0.185035,
        "nauc_mrr_at_1000_diff1": 0.652593,
        "main_score": 0.60024,
        "hf_subset": "default",
        "languages": [
          "eng-Latn"
        ]
      }
    ]
  },
  "evaluation_time": 5.396760702133179,
  "kg_co2_emissions": null
}