{
  "dataset_revision": "427e2ae4b22cd9ad990ef8dd4647c16d79c89198",
  "task_name": "singaporean-judicial-keywords",
  "mteb_version": "1.38.49",
  "scores": {
    "test": [
      {
        "ndcg_at_1": 0.204,
        "ndcg_at_3": 0.31066,
        "ndcg_at_5": 0.35249,
        "ndcg_at_10": 0.39183,
        "ndcg_at_20": 0.41761,
        "ndcg_at_100": 0.4562,
        "ndcg_at_1000": 0.46625,
        "map_at_1": 0.204,
        "map_at_3": 0.284,
        "map_at_5": 0.3071,
        "map_at_10": 0.32326,
        "map_at_20": 0.33034,
        "map_at_100": 0.33564,
        "map_at_1000": 0.33602,
        "recall_at_1": 0.204,
        "recall_at_3": 0.388,
        "recall_at_5": 0.49,
        "recall_at_10": 0.612,
        "recall_at_20": 0.714,
        "recall_at_100": 0.922,
        "recall_at_1000": 1.0,
        "precision_at_1": 0.204,
        "precision_at_3": 0.12933,
        "precision_at_5": 0.098,
        "precision_at_10": 0.0612,
        "precision_at_20": 0.0357,
        "precision_at_100": 0.00922,
        "precision_at_1000": 0.001,
        "mrr_at_1": 0.204,
        "mrr_at_3": 0.284,
        "mrr_at_5": 0.3071,
        "mrr_at_10": 0.323263,
        "mrr_at_20": 0.330338,
        "mrr_at_100": 0.335641,
        "mrr_at_1000": 0.336023,
        "nauc_ndcg_at_1_max": 0.119895,
        "nauc_ndcg_at_1_std": -0.096679,
        "nauc_ndcg_at_1_diff1": 0.315276,
        "nauc_ndcg_at_3_max": 0.086895,
        "nauc_ndcg_at_3_std": -0.082221,
        "nauc_ndcg_at_3_diff1": 0.230874,
        "nauc_ndcg_at_5_max": 0.073579,
        "nauc_ndcg_at_5_std": -0.084504,
        "nauc_ndcg_at_5_diff1": 0.22849,
        "nauc_ndcg_at_10_max": 0.064108,
        "nauc_ndcg_at_10_std": -0.098235,
        "nauc_ndcg_at_10_diff1": 0.222137,
        "nauc_ndcg_at_20_max": 0.055463,
        "nauc_ndcg_at_20_std": -0.088987,
        "nauc_ndcg_at_20_diff1": 0.21223,
        "nauc_ndcg_at_100_max": 0.056033,
        "nauc_ndcg_at_100_std": -0.073368,
        "nauc_ndcg_at_100_diff1": 0.23254,
        "nauc_ndcg_at_1000_max": 0.071458,
        "nauc_ndcg_at_1000_std": -0.082617,
        "nauc_ndcg_at_1000_diff1": 0.234705,
        "nauc_map_at_1_max": 0.119895,
        "nauc_map_at_1_std": -0.096679,
        "nauc_map_at_1_diff1": 0.315276,
        "nauc_map_at_3_max": 0.095332,
        "nauc_map_at_3_std": -0.085778,
        "nauc_map_at_3_diff1": 0.249194,
        "nauc_map_at_5_max": 0.08827,
        "nauc_map_at_5_std": -0.085891,
        "nauc_map_at_5_diff1": 0.247929,
        "nauc_map_at_10_max": 0.084378,
        "nauc_map_at_10_std": -0.091579,
        "nauc_map_at_10_diff1": 0.246353,
        "nauc_map_at_20_max": 0.082687,
        "nauc_map_at_20_std": -0.088691,
        "nauc_map_at_20_diff1": 0.24403,
        "nauc_map_at_100_max": 0.083656,
        "nauc_map_at_100_std": -0.086584,
        "nauc_map_at_100_diff1": 0.246644,
        "nauc_map_at_1000_max": 0.084216,
        "nauc_map_at_1000_std": -0.086806,
        "nauc_map_at_1000_diff1": 0.24678,
        "nauc_recall_at_1_max": 0.119895,
        "nauc_recall_at_1_std": -0.096679,
        "nauc_recall_at_1_diff1": 0.315276,
        "nauc_recall_at_3_max": 0.06455,
        "nauc_recall_at_3_std": -0.072843,
        "nauc_recall_at_3_diff1": 0.183372,
        "nauc_recall_at_5_max": 0.03192,
        "nauc_recall_at_5_std": -0.082382,
        "nauc_recall_at_5_diff1": 0.176809,
        "nauc_recall_at_10_max": -0.002808,
        "nauc_recall_at_10_std": -0.125448,
        "nauc_recall_at_10_diff1": 0.145422,
        "nauc_recall_at_20_max": -0.062822,
        "nauc_recall_at_20_std": -0.090814,
        "nauc_recall_at_20_diff1": 0.080177,
        "nauc_recall_at_100_max": -0.338301,
        "nauc_recall_at_100_std": 0.179236,
        "nauc_recall_at_100_diff1": 0.182659,
        "nauc_recall_at_1000_max": NaN,
        "nauc_recall_at_1000_std": NaN,
        "nauc_recall_at_1000_diff1": NaN,
        "nauc_precision_at_1_max": 0.119895,
        "nauc_precision_at_1_std": -0.096679,
        "nauc_precision_at_1_diff1": 0.315276,
        "nauc_precision_at_3_max": 0.06455,
        "nauc_precision_at_3_std": -0.072843,
        "nauc_precision_at_3_diff1": 0.183372,
        "nauc_precision_at_5_max": 0.03192,
        "nauc_precision_at_5_std": -0.082382,
        "nauc_precision_at_5_diff1": 0.176809,
        "nauc_precision_at_10_max": -0.002808,
        "nauc_precision_at_10_std": -0.125448,
        "nauc_precision_at_10_diff1": 0.145422,
        "nauc_precision_at_20_max": -0.062822,
        "nauc_precision_at_20_std": -0.090814,
        "nauc_precision_at_20_diff1": 0.080177,
        "nauc_precision_at_100_max": -0.338301,
        "nauc_precision_at_100_std": 0.179236,
        "nauc_precision_at_100_diff1": 0.182659,
        "nauc_precision_at_1000_max": 1.0,
        "nauc_precision_at_1000_std": 1.0,
        "nauc_precision_at_1000_diff1": 1.0,
        "nauc_mrr_at_1_max": 0.119895,
        "nauc_mrr_at_1_std": -0.096679,
        "nauc_mrr_at_1_diff1": 0.315276,
        "nauc_mrr_at_3_max": 0.095332,
        "nauc_mrr_at_3_std": -0.085778,
        "nauc_mrr_at_3_diff1": 0.249194,
        "nauc_mrr_at_5_max": 0.08827,
        "nauc_mrr_at_5_std": -0.085891,
        "nauc_mrr_at_5_diff1": 0.247929,
        "nauc_mrr_at_10_max": 0.084378,
        "nauc_mrr_at_10_std": -0.091579,
        "nauc_mrr_at_10_diff1": 0.246353,
        "nauc_mrr_at_20_max": 0.082687,
        "nauc_mrr_at_20_std": -0.088691,
        "nauc_mrr_at_20_diff1": 0.24403,
        "nauc_mrr_at_100_max": 0.083656,
        "nauc_mrr_at_100_std": -0.086584,
        "nauc_mrr_at_100_diff1": 0.246644,
        "nauc_mrr_at_1000_max": 0.084216,
        "nauc_mrr_at_1000_std": -0.086806,
        "nauc_mrr_at_1000_diff1": 0.24678,
        "main_score": 0.39183,
        "hf_subset": "default",
        "languages": [
          "eng-Latn"
        ]
      }
    ]
  },
  "evaluation_time": 42.29728055000305,
  "kg_co2_emissions": null
}