{
  "dataset_revision": "436d6a79d06cac556799e9e0be54a6fb90bf7182",
  "task_name": "uk-legislative-long-titles",
  "mteb_version": "1.38.49",
  "scores": {
    "test": [
      {
        "ndcg_at_1": 0.69231,
        "ndcg_at_3": 0.77289,
        "ndcg_at_5": 0.78394,
        "ndcg_at_10": 0.79202,
        "ndcg_at_20": 0.80569,
        "ndcg_at_100": 0.81858,
        "ndcg_at_1000": 0.81858,
        "map_at_1": 0.69231,
        "map_at_3": 0.75214,
        "map_at_5": 0.75855,
        "map_at_10": 0.76175,
        "map_at_20": 0.76586,
        "map_at_100": 0.76801,
        "map_at_1000": 0.76801,
        "recall_at_1": 0.69231,
        "recall_at_3": 0.83333,
        "recall_at_5": 0.85897,
        "recall_at_10": 0.88462,
        "recall_at_20": 0.9359,
        "recall_at_100": 1.0,
        "recall_at_1000": 1.0,
        "precision_at_1": 0.69231,
        "precision_at_3": 0.27778,
        "precision_at_5": 0.17179,
        "precision_at_10": 0.08846,
        "precision_at_20": 0.04679,
        "precision_at_100": 0.01,
        "precision_at_1000": 0.001,
        "mrr_at_1": 0.692308,
        "mrr_at_3": 0.752137,
        "mrr_at_5": 0.758547,
        "mrr_at_10": 0.761752,
        "mrr_at_20": 0.765861,
        "mrr_at_100": 0.768013,
        "mrr_at_1000": 0.768013,
        "nauc_ndcg_at_1_max": 0.444655,
        "nauc_ndcg_at_1_std": 0.350987,
        "nauc_ndcg_at_1_diff1": 0.7857,
        "nauc_ndcg_at_3_max": 0.544297,
        "nauc_ndcg_at_3_std": 0.452534,
        "nauc_ndcg_at_3_diff1": 0.721037,
        "nauc_ndcg_at_5_max": 0.540494,
        "nauc_ndcg_at_5_std": 0.43865,
        "nauc_ndcg_at_5_diff1": 0.711467,
        "nauc_ndcg_at_10_max": 0.530047,
        "nauc_ndcg_at_10_std": 0.427579,
        "nauc_ndcg_at_10_diff1": 0.704606,
        "nauc_ndcg_at_20_max": 0.507873,
        "nauc_ndcg_at_20_std": 0.399487,
        "nauc_ndcg_at_20_diff1": 0.717858,
        "nauc_ndcg_at_100_max": 0.500698,
        "nauc_ndcg_at_100_std": 0.406315,
        "nauc_ndcg_at_100_diff1": 0.729274,
        "nauc_ndcg_at_1000_max": 0.500698,
        "nauc_ndcg_at_1000_std": 0.406315,
        "nauc_ndcg_at_1000_diff1": 0.729274,
        "nauc_map_at_1_max": 0.444655,
        "nauc_map_at_1_std": 0.350987,
        "nauc_map_at_1_diff1": 0.7857,
        "nauc_map_at_3_max": 0.507069,
        "nauc_map_at_3_std": 0.420955,
        "nauc_map_at_3_diff1": 0.739768,
        "nauc_map_at_5_max": 0.504095,
        "nauc_map_at_5_std": 0.412814,
        "nauc_map_at_5_diff1": 0.735211,
        "nauc_map_at_10_max": 0.499945,
        "nauc_map_at_10_std": 0.408583,
        "nauc_map_at_10_diff1": 0.733113,
        "nauc_map_at_20_max": 0.493757,
        "nauc_map_at_20_std": 0.401069,
        "nauc_map_at_20_diff1": 0.737046,
        "nauc_map_at_100_max": 0.492396,
        "nauc_map_at_100_std": 0.401748,
        "nauc_map_at_100_diff1": 0.738226,
        "nauc_map_at_1000_max": 0.492396,
        "nauc_map_at_1000_std": 0.401748,
        "nauc_map_at_1000_diff1": 0.738226,
        "nauc_recall_at_1_max": 0.444655,
        "nauc_recall_at_1_std": 0.350987,
        "nauc_recall_at_1_diff1": 0.7857,
        "nauc_recall_at_3_max": 0.698114,
        "nauc_recall_at_3_std": 0.580191,
        "nauc_recall_at_3_diff1": 0.646051,
        "nauc_recall_at_5_max": 0.710699,
        "nauc_recall_at_5_std": 0.555047,
        "nauc_recall_at_5_diff1": 0.602014,
        "nauc_recall_at_10_max": 0.689513,
        "nauc_recall_at_10_std": 0.52005,
        "nauc_recall_at_10_diff1": 0.54475,
        "nauc_recall_at_20_max": 0.587122,
        "nauc_recall_at_20_std": 0.306513,
        "nauc_recall_at_20_diff1": 0.555224,
        "nauc_recall_at_100_max": NaN,
        "nauc_recall_at_100_std": NaN,
        "nauc_recall_at_100_diff1": NaN,
        "nauc_recall_at_1000_max": NaN,
        "nauc_recall_at_1000_std": NaN,
        "nauc_recall_at_1000_diff1": NaN,
        "nauc_precision_at_1_max": 0.444655,
        "nauc_precision_at_1_std": 0.350987,
        "nauc_precision_at_1_diff1": 0.7857,
        "nauc_precision_at_3_max": 0.698114,
        "nauc_precision_at_3_std": 0.580191,
        "nauc_precision_at_3_diff1": 0.646051,
        "nauc_precision_at_5_max": 0.710699,
        "nauc_precision_at_5_std": 0.555047,
        "nauc_precision_at_5_diff1": 0.602014,
        "nauc_precision_at_10_max": 0.689513,
        "nauc_precision_at_10_std": 0.52005,
        "nauc_precision_at_10_diff1": 0.54475,
        "nauc_precision_at_20_max": 0.587122,
        "nauc_precision_at_20_std": 0.306513,
        "nauc_precision_at_20_diff1": 0.555224,
        "nauc_precision_at_100_max": 1.0,
        "nauc_precision_at_100_std": 1.0,
        "nauc_precision_at_100_diff1": 1.0,
        "nauc_precision_at_1000_max": 1.0,
        "nauc_precision_at_1000_std": 1.0,
        "nauc_precision_at_1000_diff1": 1.0,
        "nauc_mrr_at_1_max": 0.444655,
        "nauc_mrr_at_1_std": 0.350987,
        "nauc_mrr_at_1_diff1": 0.7857,
        "nauc_mrr_at_3_max": 0.507069,
        "nauc_mrr_at_3_std": 0.420955,
        "nauc_mrr_at_3_diff1": 0.739768,
        "nauc_mrr_at_5_max": 0.504095,
        "nauc_mrr_at_5_std": 0.412814,
        "nauc_mrr_at_5_diff1": 0.735211,
        "nauc_mrr_at_10_max": 0.499945,
        "nauc_mrr_at_10_std": 0.408583,
        "nauc_mrr_at_10_diff1": 0.733113,
        "nauc_mrr_at_20_max": 0.493757,
        "nauc_mrr_at_20_std": 0.401069,
        "nauc_mrr_at_20_diff1": 0.737046,
        "nauc_mrr_at_100_max": 0.492396,
        "nauc_mrr_at_100_std": 0.401748,
        "nauc_mrr_at_100_diff1": 0.738226,
        "nauc_mrr_at_1000_max": 0.492396,
        "nauc_mrr_at_1000_std": 0.401748,
        "nauc_mrr_at_1000_diff1": 0.738226,
        "main_score": 0.79202,
        "hf_subset": "default",
        "languages": [
          "eng-Latn"
        ]
      }
    ]
  },
  "evaluation_time": 7.848098278045654,
  "kg_co2_emissions": null
}