{
  "dataset_revision": "c64c3baac6bfd5f934d2df6e5d42dcb7d87c8ba8",
  "task_name": "australian-tax-guidance-retrieval",
  "mteb_version": "1.38.49",
  "scores": {
    "test": [
      {
        "ndcg_at_1": 0.55357,
        "ndcg_at_3": 0.67145,
        "ndcg_at_5": 0.71524,
        "ndcg_at_10": 0.73585,
        "ndcg_at_20": 0.74983,
        "ndcg_at_100": 0.75326,
        "ndcg_at_1000": 0.75326,
        "map_at_1": 0.55357,
        "map_at_3": 0.64137,
        "map_at_5": 0.66548,
        "map_at_10": 0.67422,
        "map_at_20": 0.67827,
        "map_at_100": 0.67878,
        "map_at_1000": 0.67878,
        "recall_at_1": 0.55357,
        "recall_at_3": 0.75893,
        "recall_at_5": 0.86607,
        "recall_at_10": 0.92857,
        "recall_at_20": 0.98214,
        "recall_at_100": 1.0,
        "recall_at_1000": 1.0,
        "precision_at_1": 0.55357,
        "precision_at_3": 0.25298,
        "precision_at_5": 0.17321,
        "precision_at_10": 0.09286,
        "precision_at_20": 0.04911,
        "precision_at_100": 0.01,
        "precision_at_1000": 0.001,
        "mrr_at_1": 0.553571,
        "mrr_at_3": 0.641369,
        "mrr_at_5": 0.665476,
        "mrr_at_10": 0.674217,
        "mrr_at_20": 0.678274,
        "mrr_at_100": 0.678775,
        "mrr_at_1000": 0.678775,
        "nauc_ndcg_at_1_max": 0.269145,
        "nauc_ndcg_at_1_std": -0.073806,
        "nauc_ndcg_at_1_diff1": 0.547085,
        "nauc_ndcg_at_3_max": 0.317584,
        "nauc_ndcg_at_3_std": 0.00319,
        "nauc_ndcg_at_3_diff1": 0.48213,
        "nauc_ndcg_at_5_max": 0.355539,
        "nauc_ndcg_at_5_std": 0.025645,
        "nauc_ndcg_at_5_diff1": 0.528759,
        "nauc_ndcg_at_10_max": 0.324775,
        "nauc_ndcg_at_10_std": 0.011524,
        "nauc_ndcg_at_10_diff1": 0.520042,
        "nauc_ndcg_at_20_max": 0.319994,
        "nauc_ndcg_at_20_std": -0.01066,
        "nauc_ndcg_at_20_diff1": 0.518121,
        "nauc_ndcg_at_100_max": 0.316281,
        "nauc_ndcg_at_100_std": -0.016528,
        "nauc_ndcg_at_100_diff1": 0.519411,
        "nauc_ndcg_at_1000_max": 0.316281,
        "nauc_ndcg_at_1000_std": -0.016528,
        "nauc_ndcg_at_1000_diff1": 0.519411,
        "nauc_map_at_1_max": 0.269145,
        "nauc_map_at_1_std": -0.073806,
        "nauc_map_at_1_diff1": 0.547085,
        "nauc_map_at_3_max": 0.305809,
        "nauc_map_at_3_std": -0.022022,
        "nauc_map_at_3_diff1": 0.502843,
        "nauc_map_at_5_max": 0.324784,
        "nauc_map_at_5_std": -0.011773,
        "nauc_map_at_5_diff1": 0.526111,
        "nauc_map_at_10_max": 0.312057,
        "nauc_map_at_10_std": -0.019534,
        "nauc_map_at_10_diff1": 0.522473,
        "nauc_map_at_20_max": 0.311032,
        "nauc_map_at_20_std": -0.024723,
        "nauc_map_at_20_diff1": 0.522008,
        "nauc_map_at_100_max": 0.310645,
        "nauc_map_at_100_std": -0.025272,
        "nauc_map_at_100_diff1": 0.522001,
        "nauc_map_at_1000_max": 0.310645,
        "nauc_map_at_1000_std": -0.025272,
        "nauc_map_at_1000_diff1": 0.522001,
        "nauc_recall_at_1_max": 0.269145,
        "nauc_recall_at_1_std": -0.073806,
        "nauc_recall_at_1_diff1": 0.547085,
        "nauc_recall_at_3_max": 0.361219,
        "nauc_recall_at_3_std": 0.100702,
        "nauc_recall_at_3_diff1": 0.402273,
        "nauc_recall_at_5_max": 0.543196,
        "nauc_recall_at_5_std": 0.253399,
        "nauc_recall_at_5_diff1": 0.558572,
        "nauc_recall_at_10_max": 0.43652,
        "nauc_recall_at_10_std": 0.341206,
        "nauc_recall_at_10_diff1": 0.5124,
        "nauc_recall_at_20_max": 0.540338,
        "nauc_recall_at_20_std": 0.349489,
        "nauc_recall_at_20_diff1": 0.414719,
        "nauc_recall_at_100_max": NaN,
        "nauc_recall_at_100_std": NaN,
        "nauc_recall_at_100_diff1": NaN,
        "nauc_recall_at_1000_max": NaN,
        "nauc_recall_at_1000_std": NaN,
        "nauc_recall_at_1000_diff1": NaN,
        "nauc_precision_at_1_max": 0.269145,
        "nauc_precision_at_1_std": -0.073806,
        "nauc_precision_at_1_diff1": 0.547085,
        "nauc_precision_at_3_max": 0.361219,
        "nauc_precision_at_3_std": 0.100702,
        "nauc_precision_at_3_diff1": 0.402273,
        "nauc_precision_at_5_max": 0.543196,
        "nauc_precision_at_5_std": 0.253399,
        "nauc_precision_at_5_diff1": 0.558572,
        "nauc_precision_at_10_max": 0.43652,
        "nauc_precision_at_10_std": 0.341206,
        "nauc_precision_at_10_diff1": 0.5124,
        "nauc_precision_at_20_max": 0.540338,
        "nauc_precision_at_20_std": 0.349489,
        "nauc_precision_at_20_diff1": 0.414719,
        "nauc_precision_at_100_max": NaN,
        "nauc_precision_at_100_std": NaN,
        "nauc_precision_at_100_diff1": NaN,
        "nauc_precision_at_1000_max": 1.0,
        "nauc_precision_at_1000_std": 1.0,
        "nauc_precision_at_1000_diff1": 1.0,
        "nauc_mrr_at_1_max": 0.269145,
        "nauc_mrr_at_1_std": -0.073806,
        "nauc_mrr_at_1_diff1": 0.547085,
        "nauc_mrr_at_3_max": 0.305809,
        "nauc_mrr_at_3_std": -0.022022,
        "nauc_mrr_at_3_diff1": 0.502843,
        "nauc_mrr_at_5_max": 0.324784,
        "nauc_mrr_at_5_std": -0.011773,
        "nauc_mrr_at_5_diff1": 0.526111,
        "nauc_mrr_at_10_max": 0.312057,
        "nauc_mrr_at_10_std": -0.019534,
        "nauc_mrr_at_10_diff1": 0.522473,
        "nauc_mrr_at_20_max": 0.311032,
        "nauc_mrr_at_20_std": -0.024723,
        "nauc_mrr_at_20_diff1": 0.522008,
        "nauc_mrr_at_100_max": 0.310645,
        "nauc_mrr_at_100_std": -0.025272,
        "nauc_mrr_at_100_diff1": 0.522001,
        "nauc_mrr_at_1000_max": 0.310645,
        "nauc_mrr_at_1000_std": -0.025272,
        "nauc_mrr_at_1000_diff1": 0.522001,
        "main_score": 0.73585,
        "hf_subset": "default",
        "languages": [
          "eng-Latn"
        ]
      }
    ]
  },
  "evaluation_time": 32.56274151802063,
  "kg_co2_emissions": null
}