{
  "dataset_revision": "dd157bbfa479359488c656981e3999da6f42e4e9",
  "task_name": "bar-exam-qa",
  "mteb_version": "1.38.49",
  "scores": {
    "test": [
      {
        "ndcg_at_1": 0.32479,
        "ndcg_at_3": 0.45289,
        "ndcg_at_5": 0.49444,
        "ndcg_at_10": 0.52989,
        "ndcg_at_20": 0.5614,
        "ndcg_at_100": 0.58444,
        "ndcg_at_1000": 0.58444,
        "map_at_1": 0.32479,
        "map_at_3": 0.42308,
        "map_at_5": 0.44573,
        "map_at_10": 0.46009,
        "map_at_20": 0.46829,
        "map_at_100": 0.47173,
        "map_at_1000": 0.47173,
        "recall_at_1": 0.32479,
        "recall_at_3": 0.53846,
        "recall_at_5": 0.64103,
        "recall_at_10": 0.75214,
        "recall_at_20": 0.88034,
        "recall_at_100": 1.0,
        "recall_at_1000": 1.0,
        "precision_at_1": 0.32479,
        "precision_at_3": 0.17949,
        "precision_at_5": 0.12821,
        "precision_at_10": 0.07521,
        "precision_at_20": 0.04402,
        "precision_at_100": 0.01,
        "precision_at_1000": 0.001,
        "mrr_at_1": 0.324786,
        "mrr_at_3": 0.423077,
        "mrr_at_5": 0.445726,
        "mrr_at_10": 0.460087,
        "mrr_at_20": 0.468287,
        "mrr_at_100": 0.471729,
        "mrr_at_1000": 0.471729,
        "nauc_ndcg_at_1_max": 0.264228,
        "nauc_ndcg_at_1_std": 0.16195,
        "nauc_ndcg_at_1_diff1": 0.270671,
        "nauc_ndcg_at_3_max": 0.34482,
        "nauc_ndcg_at_3_std": 0.186093,
        "nauc_ndcg_at_3_diff1": 0.302317,
        "nauc_ndcg_at_5_max": 0.327934,
        "nauc_ndcg_at_5_std": 0.15153,
        "nauc_ndcg_at_5_diff1": 0.253239,
        "nauc_ndcg_at_10_max": 0.320362,
        "nauc_ndcg_at_10_std": 0.141996,
        "nauc_ndcg_at_10_diff1": 0.244122,
        "nauc_ndcg_at_20_max": 0.304807,
        "nauc_ndcg_at_20_std": 0.131832,
        "nauc_ndcg_at_20_diff1": 0.28323,
        "nauc_ndcg_at_100_max": 0.312081,
        "nauc_ndcg_at_100_std": 0.155,
        "nauc_ndcg_at_100_diff1": 0.270697,
        "nauc_ndcg_at_1000_max": 0.312081,
        "nauc_ndcg_at_1000_std": 0.155,
        "nauc_ndcg_at_1000_diff1": 0.270697,
        "nauc_map_at_1_max": 0.264228,
        "nauc_map_at_1_std": 0.16195,
        "nauc_map_at_1_diff1": 0.270671,
        "nauc_map_at_3_max": 0.324711,
        "nauc_map_at_3_std": 0.181273,
        "nauc_map_at_3_diff1": 0.290996,
        "nauc_map_at_5_max": 0.315017,
        "nauc_map_at_5_std": 0.161472,
        "nauc_map_at_5_diff1": 0.263798,
        "nauc_map_at_10_max": 0.311999,
        "nauc_map_at_10_std": 0.159066,
        "nauc_map_at_10_diff1": 0.260153,
        "nauc_map_at_20_max": 0.308257,
        "nauc_map_at_20_std": 0.157239,
        "nauc_map_at_20_diff1": 0.271024,
        "nauc_map_at_100_max": 0.309226,
        "nauc_map_at_100_std": 0.160428,
        "nauc_map_at_100_diff1": 0.269687,
        "nauc_map_at_1000_max": 0.309226,
        "nauc_map_at_1000_std": 0.160428,
        "nauc_map_at_1000_diff1": 0.269687,
        "nauc_recall_at_1_max": 0.264228,
        "nauc_recall_at_1_std": 0.16195,
        "nauc_recall_at_1_diff1": 0.270671,
        "nauc_recall_at_3_max": 0.404506,
        "nauc_recall_at_3_std": 0.199901,
        "nauc_recall_at_3_diff1": 0.337333,
        "nauc_recall_at_5_max": 0.368189,
        "nauc_recall_at_5_std": 0.113661,
        "nauc_recall_at_5_diff1": 0.212266,
        "nauc_recall_at_10_max": 0.347333,
        "nauc_recall_at_10_std": 0.053975,
        "nauc_recall_at_10_diff1": 0.164127,
        "nauc_recall_at_20_max": 0.223521,
        "nauc_recall_at_20_std": -0.123405,
        "nauc_recall_at_20_diff1": 0.433903,
        "nauc_recall_at_100_max": NaN,
        "nauc_recall_at_100_std": NaN,
        "nauc_recall_at_100_diff1": NaN,
        "nauc_recall_at_1000_max": NaN,
        "nauc_recall_at_1000_std": NaN,
        "nauc_recall_at_1000_diff1": NaN,
        "nauc_precision_at_1_max": 0.264228,
        "nauc_precision_at_1_std": 0.16195,
        "nauc_precision_at_1_diff1": 0.270671,
        "nauc_precision_at_3_max": 0.404506,
        "nauc_precision_at_3_std": 0.199901,
        "nauc_precision_at_3_diff1": 0.337333,
        "nauc_precision_at_5_max": 0.368189,
        "nauc_precision_at_5_std": 0.113661,
        "nauc_precision_at_5_diff1": 0.212266,
        "nauc_precision_at_10_max": 0.347333,
        "nauc_precision_at_10_std": 0.053975,
        "nauc_precision_at_10_diff1": 0.164127,
        "nauc_precision_at_20_max": 0.223521,
        "nauc_precision_at_20_std": -0.123405,
        "nauc_precision_at_20_diff1": 0.433903,
        "nauc_precision_at_100_max": NaN,
        "nauc_precision_at_100_std": NaN,
        "nauc_precision_at_100_diff1": NaN,
        "nauc_precision_at_1000_max": 1.0,
        "nauc_precision_at_1000_std": 1.0,
        "nauc_precision_at_1000_diff1": 1.0,
        "nauc_mrr_at_1_max": 0.264228,
        "nauc_mrr_at_1_std": 0.16195,
        "nauc_mrr_at_1_diff1": 0.270671,
        "nauc_mrr_at_3_max": 0.324711,
        "nauc_mrr_at_3_std": 0.181273,
        "nauc_mrr_at_3_diff1": 0.290996,
        "nauc_mrr_at_5_max": 0.315017,
        "nauc_mrr_at_5_std": 0.161472,
        "nauc_mrr_at_5_diff1": 0.263798,
        "nauc_mrr_at_10_max": 0.311999,
        "nauc_mrr_at_10_std": 0.159066,
        "nauc_mrr_at_10_diff1": 0.260153,
        "nauc_mrr_at_20_max": 0.308257,
        "nauc_mrr_at_20_std": 0.157239,
        "nauc_mrr_at_20_diff1": 0.271024,
        "nauc_mrr_at_100_max": 0.309226,
        "nauc_mrr_at_100_std": 0.160428,
        "nauc_mrr_at_100_diff1": 0.269687,
        "nauc_mrr_at_1000_max": 0.309226,
        "nauc_mrr_at_1000_std": 0.160428,
        "nauc_mrr_at_1000_diff1": 0.269687,
        "main_score": 0.52989,
        "hf_subset": "default",
        "languages": [
          "eng-Latn"
        ]
      }
    ]
  },
  "evaluation_time": 29.39069437980652,
  "kg_co2_emissions": null
}