{
  "dataset_revision": "48ed7bcb1f50896a0f71461a04b2df0ca84329d9",
  "task_name": "contractual-clause-retrieval",
  "mteb_version": "1.38.49",
  "scores": {
    "test": [
      {
        "ndcg_at_1": 0.8,
        "ndcg_at_3": 0.83552,
        "ndcg_at_5": 0.86367,
        "ndcg_at_10": 0.88171,
        "ndcg_at_20": 0.8852,
        "ndcg_at_100": 0.89066,
        "ndcg_at_1000": 0.89066,
        "map_at_1": 0.4,
        "map_at_3": 0.80741,
        "map_at_5": 0.82741,
        "map_at_10": 0.83993,
        "map_at_20": 0.84072,
        "map_at_100": 0.84217,
        "map_at_1000": 0.84217,
        "recall_at_1": 0.4,
        "recall_at_3": 0.86667,
        "recall_at_5": 0.92222,
        "recall_at_10": 0.96667,
        "recall_at_20": 0.97778,
        "recall_at_100": 1.0,
        "recall_at_1000": 1.0,
        "precision_at_1": 0.8,
        "precision_at_3": 0.57778,
        "precision_at_5": 0.36889,
        "precision_at_10": 0.19333,
        "precision_at_20": 0.09778,
        "precision_at_100": 0.02,
        "precision_at_1000": 0.002,
        "mrr_at_1": 0.8,
        "mrr_at_3": 0.851852,
        "mrr_at_5": 0.862963,
        "mrr_at_10": 0.862963,
        "mrr_at_20": 0.86455,
        "mrr_at_100": 0.86455,
        "mrr_at_1000": 0.86455,
        "nauc_ndcg_at_1_max": 0.514238,
        "nauc_ndcg_at_1_std": -0.170228,
        "nauc_ndcg_at_1_diff1": 0.725508,
        "nauc_ndcg_at_3_max": 0.354788,
        "nauc_ndcg_at_3_std": -0.340284,
        "nauc_ndcg_at_3_diff1": 0.510669,
        "nauc_ndcg_at_5_max": 0.258172,
        "nauc_ndcg_at_5_std": -0.288703,
        "nauc_ndcg_at_5_diff1": 0.471731,
        "nauc_ndcg_at_10_max": 0.318863,
        "nauc_ndcg_at_10_std": -0.247521,
        "nauc_ndcg_at_10_diff1": 0.523449,
        "nauc_ndcg_at_20_max": 0.348661,
        "nauc_ndcg_at_20_std": -0.260005,
        "nauc_ndcg_at_20_diff1": 0.529002,
        "nauc_ndcg_at_100_max": 0.363007,
        "nauc_ndcg_at_100_std": -0.27214,
        "nauc_ndcg_at_100_diff1": 0.530702,
        "nauc_ndcg_at_1000_max": 0.363007,
        "nauc_ndcg_at_1000_std": -0.27214,
        "nauc_ndcg_at_1000_diff1": 0.530702,
        "nauc_map_at_1_max": 0.514238,
        "nauc_map_at_1_std": -0.170228,
        "nauc_map_at_1_diff1": 0.725508,
        "nauc_map_at_3_max": 0.343956,
        "nauc_map_at_3_std": -0.357463,
        "nauc_map_at_3_diff1": 0.459188,
        "nauc_map_at_5_max": 0.292748,
        "nauc_map_at_5_std": -0.323224,
        "nauc_map_at_5_diff1": 0.437655,
        "nauc_map_at_10_max": 0.333547,
        "nauc_map_at_10_std": -0.298294,
        "nauc_map_at_10_diff1": 0.46769,
        "nauc_map_at_20_max": 0.338564,
        "nauc_map_at_20_std": -0.300642,
        "nauc_map_at_20_diff1": 0.468301,
        "nauc_map_at_100_max": 0.341687,
        "nauc_map_at_100_std": -0.30346,
        "nauc_map_at_100_diff1": 0.468255,
        "nauc_map_at_1000_max": 0.341687,
        "nauc_map_at_1000_std": -0.30346,
        "nauc_map_at_1000_diff1": 0.468255,
        "nauc_recall_at_1_max": 0.514238,
        "nauc_recall_at_1_std": -0.170228,
        "nauc_recall_at_1_diff1": 0.725508,
        "nauc_recall_at_3_max": 0.265219,
        "nauc_recall_at_3_std": -0.416027,
        "nauc_recall_at_3_diff1": 0.453554,
        "nauc_recall_at_5_max": -0.102664,
        "nauc_recall_at_5_std": -0.262714,
        "nauc_recall_at_5_diff1": 0.296458,
        "nauc_recall_at_10_max": -0.141779,
        "nauc_recall_at_10_std": 0.028742,
        "nauc_recall_at_10_diff1": 0.422319,
        "nauc_recall_at_20_max": 0.07462,
        "nauc_recall_at_20_std": -0.020278,
        "nauc_recall_at_20_diff1": 0.454999,
        "nauc_recall_at_100_max": NaN,
        "nauc_recall_at_100_std": NaN,
        "nauc_recall_at_100_diff1": NaN,
        "nauc_recall_at_1000_max": NaN,
        "nauc_recall_at_1000_std": NaN,
        "nauc_recall_at_1000_diff1": NaN,
        "nauc_precision_at_1_max": 0.514238,
        "nauc_precision_at_1_std": -0.170228,
        "nauc_precision_at_1_diff1": 0.725508,
        "nauc_precision_at_3_max": 0.265219,
        "nauc_precision_at_3_std": -0.416027,
        "nauc_precision_at_3_diff1": 0.453554,
        "nauc_precision_at_5_max": -0.102664,
        "nauc_precision_at_5_std": -0.262714,
        "nauc_precision_at_5_diff1": 0.296458,
        "nauc_precision_at_10_max": -0.141779,
        "nauc_precision_at_10_std": 0.028742,
        "nauc_precision_at_10_diff1": 0.422319,
        "nauc_precision_at_20_max": 0.07462,
        "nauc_precision_at_20_std": -0.020278,
        "nauc_precision_at_20_diff1": 0.454999,
        "nauc_precision_at_100_max": 1.0,
        "nauc_precision_at_100_std": 1.0,
        "nauc_precision_at_100_diff1": 1.0,
        "nauc_precision_at_1000_max": NaN,
        "nauc_precision_at_1000_std": NaN,
        "nauc_precision_at_1000_diff1": NaN,
        "nauc_mrr_at_1_max": 0.514238,
        "nauc_mrr_at_1_std": -0.170228,
        "nauc_mrr_at_1_diff1": 0.725508,
        "nauc_mrr_at_3_max": 0.485555,
        "nauc_mrr_at_3_std": -0.193646,
        "nauc_mrr_at_3_diff1": 0.708688,
        "nauc_mrr_at_5_max": 0.441047,
        "nauc_mrr_at_5_std": -0.197771,
        "nauc_mrr_at_5_diff1": 0.68907,
        "nauc_mrr_at_10_max": 0.441047,
        "nauc_mrr_at_10_std": -0.197771,
        "nauc_mrr_at_10_diff1": 0.68907,
        "nauc_mrr_at_20_max": 0.453757,
        "nauc_mrr_at_20_std": -0.201833,
        "nauc_mrr_at_20_diff1": 0.693226,
        "nauc_mrr_at_100_max": 0.453757,
        "nauc_mrr_at_100_std": -0.201833,
        "nauc_mrr_at_100_diff1": 0.693226,
        "nauc_mrr_at_1000_max": 0.453757,
        "nauc_mrr_at_1000_std": -0.201833,
        "nauc_mrr_at_1000_diff1": 0.693226,
        "main_score": 0.88171,
        "hf_subset": "default",
        "languages": [
          "eng-Latn"
        ]
      }
    ]
  },
  "evaluation_time": 34.93290162086487,
  "kg_co2_emissions": null
}