{
  "dataset_revision": "8d41f3d22bb73685b6f42b62ad95940ea3dfbf84",
  "task_name": "gdpr-holdings-retrieval",
  "mteb_version": "1.38.49",
  "scores": {
    "test": [
      {
        "ndcg_at_1": 0.824,
        "ndcg_at_3": 0.88195,
        "ndcg_at_5": 0.88926,
        "ndcg_at_10": 0.8951,
        "ndcg_at_20": 0.89765,
        "ndcg_at_100": 0.90213,
        "ndcg_at_1000": 0.90347,
        "map_at_1": 0.824,
        "map_at_3": 0.86867,
        "map_at_5": 0.87267,
        "map_at_10": 0.87508,
        "map_at_20": 0.8758,
        "map_at_100": 0.87642,
        "map_at_1000": 0.87648,
        "recall_at_1": 0.824,
        "recall_at_3": 0.92,
        "recall_at_5": 0.938,
        "recall_at_10": 0.956,
        "recall_at_20": 0.966,
        "recall_at_100": 0.99,
        "recall_at_1000": 1.0,
        "precision_at_1": 0.824,
        "precision_at_3": 0.30667,
        "precision_at_5": 0.1876,
        "precision_at_10": 0.0956,
        "precision_at_20": 0.0483,
        "precision_at_100": 0.0099,
        "precision_at_1000": 0.001,
        "mrr_at_1": 0.824,
        "mrr_at_3": 0.868667,
        "mrr_at_5": 0.872667,
        "mrr_at_10": 0.875085,
        "mrr_at_20": 0.875798,
        "mrr_at_100": 0.87642,
        "mrr_at_1000": 0.876481,
        "nauc_ndcg_at_1_max": 0.628272,
        "nauc_ndcg_at_1_std": -0.090067,
        "nauc_ndcg_at_1_diff1": 0.804938,
        "nauc_ndcg_at_3_max": 0.684694,
        "nauc_ndcg_at_3_std": -0.08167,
        "nauc_ndcg_at_3_diff1": 0.772489,
        "nauc_ndcg_at_5_max": 0.693488,
        "nauc_ndcg_at_5_std": -0.054338,
        "nauc_ndcg_at_5_diff1": 0.768694,
        "nauc_ndcg_at_10_max": 0.696955,
        "nauc_ndcg_at_10_std": -0.062869,
        "nauc_ndcg_at_10_diff1": 0.772659,
        "nauc_ndcg_at_20_max": 0.693167,
        "nauc_ndcg_at_20_std": -0.055826,
        "nauc_ndcg_at_20_diff1": 0.771614,
        "nauc_ndcg_at_100_max": 0.681146,
        "nauc_ndcg_at_100_std": -0.070624,
        "nauc_ndcg_at_100_diff1": 0.769726,
        "nauc_ndcg_at_1000_max": 0.679939,
        "nauc_ndcg_at_1000_std": -0.072185,
        "nauc_ndcg_at_1000_diff1": 0.775973,
        "nauc_map_at_1_max": 0.628272,
        "nauc_map_at_1_std": -0.090067,
        "nauc_map_at_1_diff1": 0.804938,
        "nauc_map_at_3_max": 0.669779,
        "nauc_map_at_3_std": -0.084741,
        "nauc_map_at_3_diff1": 0.781657,
        "nauc_map_at_5_max": 0.673404,
        "nauc_map_at_5_std": -0.073343,
        "nauc_map_at_5_diff1": 0.780149,
        "nauc_map_at_10_max": 0.673974,
        "nauc_map_at_10_std": -0.077759,
        "nauc_map_at_10_diff1": 0.781751,
        "nauc_map_at_20_max": 0.672884,
        "nauc_map_at_20_std": -0.076881,
        "nauc_map_at_20_diff1": 0.781453,
        "nauc_map_at_100_max": 0.671421,
        "nauc_map_at_100_std": -0.078535,
        "nauc_map_at_100_diff1": 0.781195,
        "nauc_map_at_1000_max": 0.671405,
        "nauc_map_at_1000_std": -0.07852,
        "nauc_map_at_1000_diff1": 0.781469,
        "nauc_recall_at_1_max": 0.628272,
        "nauc_recall_at_1_std": -0.090067,
        "nauc_recall_at_1_diff1": 0.804938,
        "nauc_recall_at_3_max": 0.750747,
        "nauc_recall_at_3_std": -0.067402,
        "nauc_recall_at_3_diff1": 0.731431,
        "nauc_recall_at_5_max": 0.808078,
        "nauc_recall_at_5_std": 0.065826,
        "nauc_recall_at_5_diff1": 0.703307,
        "nauc_recall_at_10_max": 0.882968,
        "nauc_recall_at_10_std": 0.069901,
        "nauc_recall_at_10_diff1": 0.704758,
        "nauc_recall_at_20_max": 0.896606,
        "nauc_recall_at_20_std": 0.207091,
        "nauc_recall_at_20_diff1": 0.675866,
        "nauc_recall_at_100_max": 0.782446,
        "nauc_recall_at_100_std": 0.076284,
        "nauc_recall_at_100_diff1": 0.365173,
        "nauc_recall_at_1000_max": NaN,
        "nauc_recall_at_1000_std": NaN,
        "nauc_recall_at_1000_diff1": NaN,
        "nauc_precision_at_1_max": 0.628272,
        "nauc_precision_at_1_std": -0.090067,
        "nauc_precision_at_1_diff1": 0.804938,
        "nauc_precision_at_3_max": 0.750747,
        "nauc_precision_at_3_std": -0.067402,
        "nauc_precision_at_3_diff1": 0.731431,
        "nauc_precision_at_5_max": 0.808078,
        "nauc_precision_at_5_std": 0.065826,
        "nauc_precision_at_5_diff1": 0.703307,
        "nauc_precision_at_10_max": 0.882968,
        "nauc_precision_at_10_std": 0.069901,
        "nauc_precision_at_10_diff1": 0.704758,
        "nauc_precision_at_20_max": 0.896606,
        "nauc_precision_at_20_std": 0.207091,
        "nauc_precision_at_20_diff1": 0.675866,
        "nauc_precision_at_100_max": 0.782446,
        "nauc_precision_at_100_std": 0.076284,
        "nauc_precision_at_100_diff1": 0.365173,
        "nauc_precision_at_1000_max": 1.0,
        "nauc_precision_at_1000_std": 1.0,
        "nauc_precision_at_1000_diff1": 1.0,
        "nauc_mrr_at_1_max": 0.628272,
        "nauc_mrr_at_1_std": -0.090067,
        "nauc_mrr_at_1_diff1": 0.804938,
        "nauc_mrr_at_3_max": 0.669779,
        "nauc_mrr_at_3_std": -0.084741,
        "nauc_mrr_at_3_diff1": 0.781657,
        "nauc_mrr_at_5_max": 0.673404,
        "nauc_mrr_at_5_std": -0.073343,
        "nauc_mrr_at_5_diff1": 0.780149,
        "nauc_mrr_at_10_max": 0.673974,
        "nauc_mrr_at_10_std": -0.077759,
        "nauc_mrr_at_10_diff1": 0.781751,
        "nauc_mrr_at_20_max": 0.672884,
        "nauc_mrr_at_20_std": -0.076881,
        "nauc_mrr_at_20_diff1": 0.781453,
        "nauc_mrr_at_100_max": 0.671421,
        "nauc_mrr_at_100_std": -0.078535,
        "nauc_mrr_at_100_diff1": 0.781195,
        "nauc_mrr_at_1000_max": 0.671405,
        "nauc_mrr_at_1000_std": -0.07852,
        "nauc_mrr_at_1000_diff1": 0.781469,
        "main_score": 0.8951,
        "hf_subset": "default",
        "languages": [
          "eng-Latn"
        ]
      }
    ]
  },
  "evaluation_time": 173.00043106079102,
  "kg_co2_emissions": null
}