{
  "dataset_revision": "66d23b0ce609450ce24d0fc85e9bac69aba90b84",
  "task_name": "housing-qa",
  "mteb_version": "1.38.49",
  "scores": {
    "test": [
      {
        "ndcg_at_1": 0.14019,
        "ndcg_at_3": 0.1648,
        "ndcg_at_5": 0.19109,
        "ndcg_at_10": 0.23471,
        "ndcg_at_20": 0.29418,
        "ndcg_at_100": 0.39875,
        "ndcg_at_1000": 0.43847,
        "map_at_1": 0.06117,
        "map_at_3": 0.09394,
        "map_at_5": 0.11817,
        "map_at_10": 0.14604,
        "map_at_20": 0.16886,
        "map_at_100": 0.19677,
        "map_at_1000": 0.20228,
        "recall_at_1": 0.06117,
        "recall_at_3": 0.12898,
        "recall_at_5": 0.20473,
        "recall_at_10": 0.33545,
        "recall_at_20": 0.49237,
        "recall_at_100": 0.83252,
        "recall_at_1000": 1.0,
        "precision_at_1": 0.14019,
        "precision_at_3": 0.13084,
        "precision_at_5": 0.13458,
        "precision_at_10": 0.11589,
        "precision_at_20": 0.09206,
        "precision_at_100": 0.03654,
        "precision_at_1000": 0.00467,
        "mrr_at_1": 0.140187,
        "mrr_at_3": 0.216511,
        "mrr_at_5": 0.248754,
        "mrr_at_10": 0.276665,
        "mrr_at_20": 0.289858,
        "mrr_at_100": 0.294148,
        "mrr_at_1000": 0.29429,
        "nauc_ndcg_at_1_max": 0.011262,
        "nauc_ndcg_at_1_std": -0.045696,
        "nauc_ndcg_at_1_diff1": 0.073068,
        "nauc_ndcg_at_3_max": -0.017527,
        "nauc_ndcg_at_3_std": 0.053632,
        "nauc_ndcg_at_3_diff1": -0.005378,
        "nauc_ndcg_at_5_max": 0.024035,
        "nauc_ndcg_at_5_std": 0.055706,
        "nauc_ndcg_at_5_diff1": -0.005365,
        "nauc_ndcg_at_10_max": 0.047737,
        "nauc_ndcg_at_10_std": 0.004268,
        "nauc_ndcg_at_10_diff1": 0.053392,
        "nauc_ndcg_at_20_max": 0.018496,
        "nauc_ndcg_at_20_std": 0.034654,
        "nauc_ndcg_at_20_diff1": 0.049987,
        "nauc_ndcg_at_100_max": 0.022977,
        "nauc_ndcg_at_100_std": 0.130211,
        "nauc_ndcg_at_100_diff1": 0.070242,
        "nauc_ndcg_at_1000_max": 0.005806,
        "nauc_ndcg_at_1000_std": 0.16854,
        "nauc_ndcg_at_1000_diff1": 0.016586,
        "nauc_map_at_1_max": 0.071597,
        "nauc_map_at_1_std": -0.195797,
        "nauc_map_at_1_diff1": 0.263724,
        "nauc_map_at_3_max": 0.009729,
        "nauc_map_at_3_std": -0.116266,
        "nauc_map_at_3_diff1": 0.108685,
        "nauc_map_at_5_max": 0.032452,
        "nauc_map_at_5_std": -0.063989,
        "nauc_map_at_5_diff1": 0.076034,
        "nauc_map_at_10_max": 0.038758,
        "nauc_map_at_10_std": -0.055368,
        "nauc_map_at_10_diff1": 0.094447,
        "nauc_map_at_20_max": 0.027538,
        "nauc_map_at_20_std": -0.025721,
        "nauc_map_at_20_diff1": 0.074335,
        "nauc_map_at_100_max": 0.02138,
        "nauc_map_at_100_std": 0.015944,
        "nauc_map_at_100_diff1": 0.082811,
        "nauc_map_at_1000_max": 0.022625,
        "nauc_map_at_1000_std": 0.027558,
        "nauc_map_at_1000_diff1": 0.077598,
        "nauc_recall_at_1_max": 0.071597,
        "nauc_recall_at_1_std": -0.195797,
        "nauc_recall_at_1_diff1": 0.263724,
        "nauc_recall_at_3_max": -0.027144,
        "nauc_recall_at_3_std": -0.096699,
        "nauc_recall_at_3_diff1": 0.020306,
        "nauc_recall_at_5_max": 0.012718,
        "nauc_recall_at_5_std": -0.040919,
        "nauc_recall_at_5_diff1": -0.039628,
        "nauc_recall_at_10_max": 0.057611,
        "nauc_recall_at_10_std": -0.077348,
        "nauc_recall_at_10_diff1": 0.090807,
        "nauc_recall_at_20_max": 0.03559,
        "nauc_recall_at_20_std": -0.047002,
        "nauc_recall_at_20_diff1": 0.078594,
        "nauc_recall_at_100_max": 0.154758,
        "nauc_recall_at_100_std": 0.020079,
        "nauc_recall_at_100_diff1": 0.336717,
        "nauc_recall_at_1000_max": NaN,
        "nauc_recall_at_1000_std": NaN,
        "nauc_recall_at_1000_diff1": NaN,
        "nauc_precision_at_1_max": 0.011262,
        "nauc_precision_at_1_std": -0.045696,
        "nauc_precision_at_1_diff1": 0.073068,
        "nauc_precision_at_3_max": -0.065964,
        "nauc_precision_at_3_std": 0.233245,
        "nauc_precision_at_3_diff1": -0.146786,
        "nauc_precision_at_5_max": -0.003143,
        "nauc_precision_at_5_std": 0.29039,
        "nauc_precision_at_5_diff1": -0.131847,
        "nauc_precision_at_10_max": 0.020009,
        "nauc_precision_at_10_std": 0.31416,
        "nauc_precision_at_10_diff1": -0.051908,
        "nauc_precision_at_20_max": -0.039237,
        "nauc_precision_at_20_std": 0.406938,
        "nauc_precision_at_20_diff1": -0.041553,
        "nauc_precision_at_100_max": -0.041943,
        "nauc_precision_at_100_std": 0.48163,
        "nauc_precision_at_100_diff1": -0.080666,
        "nauc_precision_at_1000_max": -0.016249,
        "nauc_precision_at_1000_std": 0.467736,
        "nauc_precision_at_1000_diff1": -0.137709,
        "nauc_mrr_at_1_max": 0.011262,
        "nauc_mrr_at_1_std": -0.045696,
        "nauc_mrr_at_1_diff1": 0.073068,
        "nauc_mrr_at_3_max": 0.000621,
        "nauc_mrr_at_3_std": 0.100857,
        "nauc_mrr_at_3_diff1": -0.030404,
        "nauc_mrr_at_5_max": -0.003675,
        "nauc_mrr_at_5_std": 0.091618,
        "nauc_mrr_at_5_diff1": -0.046543,
        "nauc_mrr_at_10_max": 0.011842,
        "nauc_mrr_at_10_std": 0.098973,
        "nauc_mrr_at_10_diff1": -0.030445,
        "nauc_mrr_at_20_max": 0.006249,
        "nauc_mrr_at_20_std": 0.09547,
        "nauc_mrr_at_20_diff1": -0.016695,
        "nauc_mrr_at_100_max": 0.00818,
        "nauc_mrr_at_100_std": 0.09254,
        "nauc_mrr_at_100_diff1": -0.018903,
        "nauc_mrr_at_1000_max": 0.007775,
        "nauc_mrr_at_1000_std": 0.092141,
        "nauc_mrr_at_1000_diff1": -0.019396,
        "main_score": 0.23471,
        "hf_subset": "default",
        "languages": [
          "eng-Latn"
        ]
      }
    ]
  },
  "evaluation_time": 38.530871629714966,
  "kg_co2_emissions": null
}