{
  "dataset_revision": "bbf8b2d84b7de5970b2ba4ea843c791285fdb1df",
  "task_name": "irish-legislative-summaries",
  "mteb_version": "1.38.49",
  "scores": {
    "test": [
      {
        "ndcg_at_1": 0.874,
        "ndcg_at_3": 0.91938,
        "ndcg_at_5": 0.92446,
        "ndcg_at_10": 0.93023,
        "ndcg_at_20": 0.93171,
        "ndcg_at_100": 0.93434,
        "ndcg_at_1000": 0.93459,
        "map_at_1": 0.874,
        "map_at_3": 0.90933,
        "map_at_5": 0.91223,
        "map_at_10": 0.91459,
        "map_at_20": 0.91497,
        "map_at_100": 0.91534,
        "map_at_1000": 0.91535,
        "recall_at_1": 0.874,
        "recall_at_3": 0.948,
        "recall_at_5": 0.96,
        "recall_at_10": 0.978,
        "recall_at_20": 0.984,
        "recall_at_100": 0.998,
        "recall_at_1000": 1.0,
        "precision_at_1": 0.874,
        "precision_at_3": 0.316,
        "precision_at_5": 0.192,
        "precision_at_10": 0.0978,
        "precision_at_20": 0.0492,
        "precision_at_100": 0.00998,
        "precision_at_1000": 0.001,
        "mrr_at_1": 0.874,
        "mrr_at_3": 0.909333,
        "mrr_at_5": 0.912233,
        "mrr_at_10": 0.914588,
        "mrr_at_20": 0.914972,
        "mrr_at_100": 0.915344,
        "mrr_at_1000": 0.915351,
        "nauc_ndcg_at_1_max": 0.646437,
        "nauc_ndcg_at_1_std": -0.084893,
        "nauc_ndcg_at_1_diff1": 0.900507,
        "nauc_ndcg_at_3_max": 0.688778,
        "nauc_ndcg_at_3_std": -0.079872,
        "nauc_ndcg_at_3_diff1": 0.901278,
        "nauc_ndcg_at_5_max": 0.706158,
        "nauc_ndcg_at_5_std": -0.084755,
        "nauc_ndcg_at_5_diff1": 0.903331,
        "nauc_ndcg_at_10_max": 0.695412,
        "nauc_ndcg_at_10_std": -0.070356,
        "nauc_ndcg_at_10_diff1": 0.901499,
        "nauc_ndcg_at_20_max": 0.6887,
        "nauc_ndcg_at_20_std": -0.054915,
        "nauc_ndcg_at_20_diff1": 0.901356,
        "nauc_ndcg_at_100_max": 0.68571,
        "nauc_ndcg_at_100_std": -0.064949,
        "nauc_ndcg_at_100_diff1": 0.900314,
        "nauc_ndcg_at_1000_max": 0.68501,
        "nauc_ndcg_at_1000_std": -0.069013,
        "nauc_ndcg_at_1000_diff1": 0.900432,
        "nauc_map_at_1_max": 0.646437,
        "nauc_map_at_1_std": -0.084893,
        "nauc_map_at_1_diff1": 0.900507,
        "nauc_map_at_3_max": 0.6779,
        "nauc_map_at_3_std": -0.079665,
        "nauc_map_at_3_diff1": 0.900155,
        "nauc_map_at_5_max": 0.68575,
        "nauc_map_at_5_std": -0.081855,
        "nauc_map_at_5_diff1": 0.901127,
        "nauc_map_at_10_max": 0.681747,
        "nauc_map_at_10_std": -0.075307,
        "nauc_map_at_10_diff1": 0.900474,
        "nauc_map_at_20_max": 0.68028,
        "nauc_map_at_20_std": -0.072161,
        "nauc_map_at_20_diff1": 0.900432,
        "nauc_map_at_100_max": 0.679829,
        "nauc_map_at_100_std": -0.073637,
        "nauc_map_at_100_diff1": 0.900237,
        "nauc_map_at_1000_max": 0.679814,
        "nauc_map_at_1000_std": -0.073727,
        "nauc_map_at_1000_diff1": 0.900239,
        "nauc_recall_at_1_max": 0.646437,
        "nauc_recall_at_1_std": -0.084893,
        "nauc_recall_at_1_diff1": 0.900507,
        "nauc_recall_at_3_max": 0.740232,
        "nauc_recall_at_3_std": -0.08222,
        "nauc_recall_at_3_diff1": 0.907437,
        "nauc_recall_at_5_max": 0.834991,
        "nauc_recall_at_5_std": -0.106209,
        "nauc_recall_at_5_diff1": 0.918301,
        "nauc_recall_at_10_max": 0.832612,
        "nauc_recall_at_10_std": -0.017953,
        "nauc_recall_at_10_diff1": 0.912359,
        "nauc_recall_at_20_max": 0.769841,
        "nauc_recall_at_20_std": 0.267507,
        "nauc_recall_at_20_diff1": 0.914216,
        "nauc_recall_at_100_max": 0.869281,
        "nauc_recall_at_100_std": 1.0,
        "nauc_recall_at_100_diff1": 0.869281,
        "nauc_recall_at_1000_max": NaN,
        "nauc_recall_at_1000_std": NaN,
        "nauc_recall_at_1000_diff1": NaN,
        "nauc_precision_at_1_max": 0.646437,
        "nauc_precision_at_1_std": -0.084893,
        "nauc_precision_at_1_diff1": 0.900507,
        "nauc_precision_at_3_max": 0.740232,
        "nauc_precision_at_3_std": -0.08222,
        "nauc_precision_at_3_diff1": 0.907437,
        "nauc_precision_at_5_max": 0.834991,
        "nauc_precision_at_5_std": -0.106209,
        "nauc_precision_at_5_diff1": 0.918301,
        "nauc_precision_at_10_max": 0.832612,
        "nauc_precision_at_10_std": -0.017953,
        "nauc_precision_at_10_diff1": 0.912359,
        "nauc_precision_at_20_max": 0.769841,
        "nauc_precision_at_20_std": 0.267507,
        "nauc_precision_at_20_diff1": 0.914216,
        "nauc_precision_at_100_max": 0.869281,
        "nauc_precision_at_100_std": 1.0,
        "nauc_precision_at_100_diff1": 0.869281,
        "nauc_precision_at_1000_max": 1.0,
        "nauc_precision_at_1000_std": 1.0,
        "nauc_precision_at_1000_diff1": 1.0,
        "nauc_mrr_at_1_max": 0.646437,
        "nauc_mrr_at_1_std": -0.084893,
        "nauc_mrr_at_1_diff1": 0.900507,
        "nauc_mrr_at_3_max": 0.6779,
        "nauc_mrr_at_3_std": -0.079665,
        "nauc_mrr_at_3_diff1": 0.900155,
        "nauc_mrr_at_5_max": 0.68575,
        "nauc_mrr_at_5_std": -0.081855,
        "nauc_mrr_at_5_diff1": 0.901127,
        "nauc_mrr_at_10_max": 0.681747,
        "nauc_mrr_at_10_std": -0.075307,
        "nauc_mrr_at_10_diff1": 0.900474,
        "nauc_mrr_at_20_max": 0.68028,
        "nauc_mrr_at_20_std": -0.072161,
        "nauc_mrr_at_20_diff1": 0.900432,
        "nauc_mrr_at_100_max": 0.679829,
        "nauc_mrr_at_100_std": -0.073637,
        "nauc_mrr_at_100_diff1": 0.900237,
        "nauc_mrr_at_1000_max": 0.679814,
        "nauc_mrr_at_1000_std": -0.073727,
        "nauc_mrr_at_1000_diff1": 0.900239,
        "main_score": 0.93023,
        "hf_subset": "default",
        "languages": [
          "eng-Latn"
        ]
      }
    ]
  },
  "evaluation_time": 560.9692552089691,
  "kg_co2_emissions": null
}