{
  "dataset_revision": "ca0f1732432ad623ba6172b15e8c726b76e50fad",
  "task_name": "legal-rag-bench",
  "mteb_version": "1.39.7",
  "scores": {
    "test": [
      {
        "ndcg_at_1": 0.27,
        "ndcg_at_3": 0.42464,
        "ndcg_at_5": 0.47238,
        "ndcg_at_10": 0.5032,
        "ndcg_at_20": 0.52066,
        "ndcg_at_100": 0.54423,
        "ndcg_at_1000": 0.54942,
        "map_at_1": 0.27,
        "map_at_3": 0.385,
        "map_at_5": 0.4105,
        "map_at_10": 0.42233,
        "map_at_20": 0.427,
        "map_at_100": 0.43075,
        "map_at_1000": 0.43097,
        "recall_at_1": 0.27,
        "recall_at_3": 0.54,
        "recall_at_5": 0.66,
        "recall_at_10": 0.76,
        "recall_at_20": 0.83,
        "recall_at_100": 0.95,
        "recall_at_1000": 0.99,
        "precision_at_1": 0.27,
        "precision_at_3": 0.18,
        "precision_at_5": 0.132,
        "precision_at_10": 0.076,
        "precision_at_20": 0.0415,
        "precision_at_100": 0.0095,
        "precision_at_1000": 0.00099,
        "mrr_at_1": 0.27,
        "mrr_at_3": 0.385,
        "mrr_at_5": 0.4105,
        "mrr_at_10": 0.422329,
        "mrr_at_20": 0.427,
        "mrr_at_100": 0.430752,
        "mrr_at_1000": 0.430966,
        "nauc_ndcg_at_1_max": 0.165139,
        "nauc_ndcg_at_1_std": 0.13262,
        "nauc_ndcg_at_1_diff1": 0.316939,
        "nauc_ndcg_at_3_max": 0.210122,
        "nauc_ndcg_at_3_std": 0.185432,
        "nauc_ndcg_at_3_diff1": 0.272436,
        "nauc_ndcg_at_5_max": 0.210703,
        "nauc_ndcg_at_5_std": 0.181518,
        "nauc_ndcg_at_5_diff1": 0.255058,
        "nauc_ndcg_at_10_max": 0.257848,
        "nauc_ndcg_at_10_std": 0.200465,
        "nauc_ndcg_at_10_diff1": 0.265314,
        "nauc_ndcg_at_20_max": 0.245734,
        "nauc_ndcg_at_20_std": 0.180778,
        "nauc_ndcg_at_20_diff1": 0.277427,
        "nauc_ndcg_at_100_max": 0.237251,
        "nauc_ndcg_at_100_std": 0.208643,
        "nauc_ndcg_at_100_diff1": 0.281537,
        "nauc_ndcg_at_1000_max": 0.229639,
        "nauc_ndcg_at_1000_std": 0.193202,
        "nauc_ndcg_at_1000_diff1": 0.277846,
        "nauc_map_at_1_max": 0.165139,
        "nauc_map_at_1_std": 0.13262,
        "nauc_map_at_1_diff1": 0.316939,
        "nauc_map_at_3_max": 0.203174,
        "nauc_map_at_3_std": 0.172046,
        "nauc_map_at_3_diff1": 0.282372,
        "nauc_map_at_5_max": 0.202809,
        "nauc_map_at_5_std": 0.170052,
        "nauc_map_at_5_diff1": 0.272962,
        "nauc_map_at_10_max": 0.220514,
        "nauc_map_at_10_std": 0.177325,
        "nauc_map_at_10_diff1": 0.277046,
        "nauc_map_at_20_max": 0.216851,
        "nauc_map_at_20_std": 0.172579,
        "nauc_map_at_20_diff1": 0.279518,
        "nauc_map_at_100_max": 0.217033,
        "nauc_map_at_100_std": 0.176996,
        "nauc_map_at_100_diff1": 0.280295,
        "nauc_map_at_1000_max": 0.21682,
        "nauc_map_at_1000_std": 0.176459,
        "nauc_map_at_1000_diff1": 0.280047,
        "nauc_recall_at_1_max": 0.165139,
        "nauc_recall_at_1_std": 0.13262,
        "nauc_recall_at_1_diff1": 0.316939,
        "nauc_recall_at_3_max": 0.228682,
        "nauc_recall_at_3_std": 0.224487,
        "nauc_recall_at_3_diff1": 0.243964,
        "nauc_recall_at_5_max": 0.235935,
        "nauc_recall_at_5_std": 0.21866,
        "nauc_recall_at_5_diff1": 0.193203,
        "nauc_recall_at_10_max": 0.443584,
        "nauc_recall_at_10_std": 0.307216,
        "nauc_recall_at_10_diff1": 0.219715,
        "nauc_recall_at_20_max": 0.427381,
        "nauc_recall_at_20_std": 0.202589,
        "nauc_recall_at_20_diff1": 0.297875,
        "nauc_recall_at_100_max": 0.474977,
        "nauc_recall_at_100_std": 0.918301,
        "nauc_recall_at_100_diff1": 0.431466,
        "nauc_recall_at_1000_max": -0.171335,
        "nauc_recall_at_1000_std": 0.722222,
        "nauc_recall_at_1000_diff1": 0.554155,
        "nauc_precision_at_1_max": 0.165139,
        "nauc_precision_at_1_std": 0.13262,
        "nauc_precision_at_1_diff1": 0.316939,
        "nauc_precision_at_3_max": 0.228682,
        "nauc_precision_at_3_std": 0.224487,
        "nauc_precision_at_3_diff1": 0.243964,
        "nauc_precision_at_5_max": 0.235935,
        "nauc_precision_at_5_std": 0.21866,
        "nauc_precision_at_5_diff1": 0.193203,
        "nauc_precision_at_10_max": 0.443584,
        "nauc_precision_at_10_std": 0.307216,
        "nauc_precision_at_10_diff1": 0.219715,
        "nauc_precision_at_20_max": 0.427381,
        "nauc_precision_at_20_std": 0.202589,
        "nauc_precision_at_20_diff1": 0.297875,
        "nauc_precision_at_100_max": 0.474977,
        "nauc_precision_at_100_std": 0.918301,
        "nauc_precision_at_100_diff1": 0.431466,
        "nauc_precision_at_1000_max": -0.171335,
        "nauc_precision_at_1000_std": 0.722222,
        "nauc_precision_at_1000_diff1": 0.554155,
        "nauc_mrr_at_1_max": 0.165139,
        "nauc_mrr_at_1_std": 0.13262,
        "nauc_mrr_at_1_diff1": 0.316939,
        "nauc_mrr_at_3_max": 0.203174,
        "nauc_mrr_at_3_std": 0.172046,
        "nauc_mrr_at_3_diff1": 0.282372,
        "nauc_mrr_at_5_max": 0.202809,
        "nauc_mrr_at_5_std": 0.170052,
        "nauc_mrr_at_5_diff1": 0.272962,
        "nauc_mrr_at_10_max": 0.220514,
        "nauc_mrr_at_10_std": 0.177325,
        "nauc_mrr_at_10_diff1": 0.277046,
        "nauc_mrr_at_20_max": 0.216851,
        "nauc_mrr_at_20_std": 0.172579,
        "nauc_mrr_at_20_diff1": 0.279518,
        "nauc_mrr_at_100_max": 0.217033,
        "nauc_mrr_at_100_std": 0.176996,
        "nauc_mrr_at_100_diff1": 0.280295,
        "nauc_mrr_at_1000_max": 0.21682,
        "nauc_mrr_at_1000_std": 0.176459,
        "nauc_mrr_at_1000_diff1": 0.280047,
        "main_score": 0.5032,
        "hf_subset": "default",
        "languages": [
          "eng-Latn"
        ]
      }
    ]
  },
  "evaluation_time": 191.27364444732666,
  "kg_co2_emissions": null
}