{
  "dataset_revision": "ec00129f88e9476e582131dc3a5db9220dfefa48",
  "task_name": "license-tldr-retrieval",
  "mteb_version": "1.38.49",
  "scores": {
    "test": [
      {
        "ndcg_at_1": 0.56923,
        "ndcg_at_3": 0.66025,
        "ndcg_at_5": 0.67811,
        "ndcg_at_10": 0.70818,
        "ndcg_at_20": 0.7243,
        "ndcg_at_100": 0.73925,
        "ndcg_at_1000": 0.73925,
        "map_at_1": 0.56923,
        "map_at_3": 0.63846,
        "map_at_5": 0.64769,
        "map_at_10": 0.66021,
        "map_at_20": 0.66492,
        "map_at_100": 0.6672,
        "map_at_1000": 0.6672,
        "recall_at_1": 0.56923,
        "recall_at_3": 0.72308,
        "recall_at_5": 0.76923,
        "recall_at_10": 0.86154,
        "recall_at_20": 0.92308,
        "recall_at_100": 1.0,
        "recall_at_1000": 1.0,
        "precision_at_1": 0.56923,
        "precision_at_3": 0.24103,
        "precision_at_5": 0.15385,
        "precision_at_10": 0.08615,
        "precision_at_20": 0.04615,
        "precision_at_100": 0.01,
        "precision_at_1000": 0.001,
        "mrr_at_1": 0.569231,
        "mrr_at_3": 0.638462,
        "mrr_at_5": 0.647692,
        "mrr_at_10": 0.660208,
        "mrr_at_20": 0.664917,
        "mrr_at_100": 0.6672,
        "mrr_at_1000": 0.6672,
        "nauc_ndcg_at_1_max": 0.471641,
        "nauc_ndcg_at_1_std": 0.50436,
        "nauc_ndcg_at_1_diff1": 0.747739,
        "nauc_ndcg_at_3_max": 0.500271,
        "nauc_ndcg_at_3_std": 0.454125,
        "nauc_ndcg_at_3_diff1": 0.722617,
        "nauc_ndcg_at_5_max": 0.506092,
        "nauc_ndcg_at_5_std": 0.473698,
        "nauc_ndcg_at_5_diff1": 0.719207,
        "nauc_ndcg_at_10_max": 0.52576,
        "nauc_ndcg_at_10_std": 0.523695,
        "nauc_ndcg_at_10_diff1": 0.696446,
        "nauc_ndcg_at_20_max": 0.51644,
        "nauc_ndcg_at_20_std": 0.506336,
        "nauc_ndcg_at_20_diff1": 0.719128,
        "nauc_ndcg_at_100_max": 0.503712,
        "nauc_ndcg_at_100_std": 0.485951,
        "nauc_ndcg_at_100_diff1": 0.722122,
        "nauc_ndcg_at_1000_max": 0.503712,
        "nauc_ndcg_at_1000_std": 0.485951,
        "nauc_ndcg_at_1000_diff1": 0.722122,
        "nauc_map_at_1_max": 0.471641,
        "nauc_map_at_1_std": 0.50436,
        "nauc_map_at_1_diff1": 0.747739,
        "nauc_map_at_3_max": 0.494991,
        "nauc_map_at_3_std": 0.46373,
        "nauc_map_at_3_diff1": 0.731119,
        "nauc_map_at_5_max": 0.497679,
        "nauc_map_at_5_std": 0.473417,
        "nauc_map_at_5_diff1": 0.729672,
        "nauc_map_at_10_max": 0.50237,
        "nauc_map_at_10_std": 0.489101,
        "nauc_map_at_10_diff1": 0.721522,
        "nauc_map_at_20_max": 0.499907,
        "nauc_map_at_20_std": 0.484003,
        "nauc_map_at_20_diff1": 0.727625,
        "nauc_map_at_100_max": 0.4984,
        "nauc_map_at_100_std": 0.481543,
        "nauc_map_at_100_diff1": 0.727583,
        "nauc_map_at_1000_max": 0.4984,
        "nauc_map_at_1000_std": 0.481543,
        "nauc_map_at_1000_diff1": 0.727583,
        "nauc_recall_at_1_max": 0.471641,
        "nauc_recall_at_1_std": 0.50436,
        "nauc_recall_at_1_diff1": 0.747739,
        "nauc_recall_at_3_max": 0.517253,
        "nauc_recall_at_3_std": 0.422989,
        "nauc_recall_at_3_diff1": 0.692459,
        "nauc_recall_at_5_max": 0.539041,
        "nauc_recall_at_5_std": 0.482105,
        "nauc_recall_at_5_diff1": 0.676455,
        "nauc_recall_at_10_max": 0.690623,
        "nauc_recall_at_10_std": 0.792167,
        "nauc_recall_at_10_diff1": 0.528101,
        "nauc_recall_at_20_max": 0.700886,
        "nauc_recall_at_20_std": 0.800011,
        "nauc_recall_at_20_diff1": 0.655626,
        "nauc_recall_at_100_max": NaN,
        "nauc_recall_at_100_std": NaN,
        "nauc_recall_at_100_diff1": NaN,
        "nauc_recall_at_1000_max": NaN,
        "nauc_recall_at_1000_std": NaN,
        "nauc_recall_at_1000_diff1": NaN,
        "nauc_precision_at_1_max": 0.471641,
        "nauc_precision_at_1_std": 0.50436,
        "nauc_precision_at_1_diff1": 0.747739,
        "nauc_precision_at_3_max": 0.517253,
        "nauc_precision_at_3_std": 0.422989,
        "nauc_precision_at_3_diff1": 0.692459,
        "nauc_precision_at_5_max": 0.539041,
        "nauc_precision_at_5_std": 0.482105,
        "nauc_precision_at_5_diff1": 0.676455,
        "nauc_precision_at_10_max": 0.690623,
        "nauc_precision_at_10_std": 0.792167,
        "nauc_precision_at_10_diff1": 0.528101,
        "nauc_precision_at_20_max": 0.700886,
        "nauc_precision_at_20_std": 0.800011,
        "nauc_precision_at_20_diff1": 0.655626,
        "nauc_precision_at_100_max": NaN,
        "nauc_precision_at_100_std": NaN,
        "nauc_precision_at_100_diff1": NaN,
        "nauc_precision_at_1000_max": 1.0,
        "nauc_precision_at_1000_std": 1.0,
        "nauc_precision_at_1000_diff1": 1.0,
        "nauc_mrr_at_1_max": 0.471641,
        "nauc_mrr_at_1_std": 0.50436,
        "nauc_mrr_at_1_diff1": 0.747739,
        "nauc_mrr_at_3_max": 0.494991,
        "nauc_mrr_at_3_std": 0.46373,
        "nauc_mrr_at_3_diff1": 0.731119,
        "nauc_mrr_at_5_max": 0.497679,
        "nauc_mrr_at_5_std": 0.473417,
        "nauc_mrr_at_5_diff1": 0.729672,
        "nauc_mrr_at_10_max": 0.50237,
        "nauc_mrr_at_10_std": 0.489101,
        "nauc_mrr_at_10_diff1": 0.721522,
        "nauc_mrr_at_20_max": 0.499907,
        "nauc_mrr_at_20_std": 0.484003,
        "nauc_mrr_at_20_diff1": 0.727625,
        "nauc_mrr_at_100_max": 0.4984,
        "nauc_mrr_at_100_std": 0.481543,
        "nauc_mrr_at_100_diff1": 0.727583,
        "nauc_mrr_at_1000_max": 0.4984,
        "nauc_mrr_at_1000_std": 0.481543,
        "nauc_mrr_at_1000_diff1": 0.727583,
        "main_score": 0.70818,
        "hf_subset": "default",
        "languages": [
          "eng-Latn"
        ]
      }
    ]
  },
  "evaluation_time": 22.053677320480347,
  "kg_co2_emissions": null
}