{
  "dataset_revision": "319b6cc4b012d733f126a943a8a66bdf9df5dc40",
  "task_name": "scalr",
  "mteb_version": "1.38.49",
  "scores": {
    "test": [
      {
        "ndcg_at_1": 0.575,
        "ndcg_at_3": 0.66815,
        "ndcg_at_5": 0.69504,
        "ndcg_at_10": 0.71111,
        "ndcg_at_20": 0.72869,
        "ndcg_at_100": 0.73954,
        "ndcg_at_1000": 0.74188,
        "map_at_1": 0.575,
        "map_at_3": 0.64306,
        "map_at_5": 0.65764,
        "map_at_10": 0.66421,
        "map_at_20": 0.66943,
        "map_at_100": 0.67092,
        "map_at_1000": 0.67105,
        "recall_at_1": 0.575,
        "recall_at_3": 0.74167,
        "recall_at_5": 0.80833,
        "recall_at_10": 0.85833,
        "recall_at_20": 0.925,
        "recall_at_100": 0.98333,
        "recall_at_1000": 1.0,
        "precision_at_1": 0.575,
        "precision_at_3": 0.24722,
        "precision_at_5": 0.16167,
        "precision_at_10": 0.08583,
        "precision_at_20": 0.04625,
        "precision_at_100": 0.00983,
        "precision_at_1000": 0.001,
        "mrr_at_1": 0.575,
        "mrr_at_3": 0.643056,
        "mrr_at_5": 0.657639,
        "mrr_at_10": 0.66421,
        "mrr_at_20": 0.669431,
        "mrr_at_100": 0.670924,
        "mrr_at_1000": 0.671048,
        "nauc_ndcg_at_1_max": 0.319047,
        "nauc_ndcg_at_1_std": 0.002477,
        "nauc_ndcg_at_1_diff1": 0.537044,
        "nauc_ndcg_at_3_max": 0.311728,
        "nauc_ndcg_at_3_std": -0.030537,
        "nauc_ndcg_at_3_diff1": 0.46074,
        "nauc_ndcg_at_5_max": 0.316627,
        "nauc_ndcg_at_5_std": -0.063284,
        "nauc_ndcg_at_5_diff1": 0.451009,
        "nauc_ndcg_at_10_max": 0.339373,
        "nauc_ndcg_at_10_std": -0.089003,
        "nauc_ndcg_at_10_diff1": 0.474674,
        "nauc_ndcg_at_20_max": 0.329492,
        "nauc_ndcg_at_20_std": -0.054277,
        "nauc_ndcg_at_20_diff1": 0.465801,
        "nauc_ndcg_at_100_max": 0.314172,
        "nauc_ndcg_at_100_std": -0.045586,
        "nauc_ndcg_at_100_diff1": 0.472143,
        "nauc_ndcg_at_1000_max": 0.322618,
        "nauc_ndcg_at_1000_std": -0.044196,
        "nauc_ndcg_at_1000_diff1": 0.476072,
        "nauc_map_at_1_max": 0.319047,
        "nauc_map_at_1_std": 0.002477,
        "nauc_map_at_1_diff1": 0.537044,
        "nauc_map_at_3_max": 0.311444,
        "nauc_map_at_3_std": -0.019571,
        "nauc_map_at_3_diff1": 0.482102,
        "nauc_map_at_5_max": 0.314783,
        "nauc_map_at_5_std": -0.035336,
        "nauc_map_at_5_diff1": 0.477551,
        "nauc_map_at_10_max": 0.324395,
        "nauc_map_at_10_std": -0.043266,
        "nauc_map_at_10_diff1": 0.487266,
        "nauc_map_at_20_max": 0.321651,
        "nauc_map_at_20_std": -0.03463,
        "nauc_map_at_20_diff1": 0.485105,
        "nauc_map_at_100_max": 0.319882,
        "nauc_map_at_100_std": -0.033524,
        "nauc_map_at_100_diff1": 0.485531,
        "nauc_map_at_1000_max": 0.320359,
        "nauc_map_at_1000_std": -0.033543,
        "nauc_map_at_1000_diff1": 0.485701,
        "nauc_recall_at_1_max": 0.319047,
        "nauc_recall_at_1_std": 0.002477,
        "nauc_recall_at_1_diff1": 0.537044,
        "nauc_recall_at_3_max": 0.313926,
        "nauc_recall_at_3_std": -0.071046,
        "nauc_recall_at_3_diff1": 0.383511,
        "nauc_recall_at_5_max": 0.325705,
        "nauc_recall_at_5_std": -0.196185,
        "nauc_recall_at_5_diff1": 0.33207,
        "nauc_recall_at_10_max": 0.436768,
        "nauc_recall_at_10_std": -0.386274,
        "nauc_recall_at_10_diff1": 0.416576,
        "nauc_recall_at_20_max": 0.405696,
        "nauc_recall_at_20_std": -0.218954,
        "nauc_recall_at_20_diff1": 0.273784,
        "nauc_recall_at_100_max": -0.369981,
        "nauc_recall_at_100_std": -0.214753,
        "nauc_recall_at_100_diff1": 0.122782,
        "nauc_recall_at_1000_max": NaN,
        "nauc_recall_at_1000_std": NaN,
        "nauc_recall_at_1000_diff1": NaN,
        "nauc_precision_at_1_max": 0.319047,
        "nauc_precision_at_1_std": 0.002477,
        "nauc_precision_at_1_diff1": 0.537044,
        "nauc_precision_at_3_max": 0.313926,
        "nauc_precision_at_3_std": -0.071046,
        "nauc_precision_at_3_diff1": 0.383511,
        "nauc_precision_at_5_max": 0.325705,
        "nauc_precision_at_5_std": -0.196185,
        "nauc_precision_at_5_diff1": 0.33207,
        "nauc_precision_at_10_max": 0.436768,
        "nauc_precision_at_10_std": -0.386274,
        "nauc_precision_at_10_diff1": 0.416576,
        "nauc_precision_at_20_max": 0.405696,
        "nauc_precision_at_20_std": -0.218954,
        "nauc_precision_at_20_diff1": 0.273784,
        "nauc_precision_at_100_max": -0.369981,
        "nauc_precision_at_100_std": -0.214753,
        "nauc_precision_at_100_diff1": 0.122782,
        "nauc_precision_at_1000_max": 1.0,
        "nauc_precision_at_1000_std": 1.0,
        "nauc_precision_at_1000_diff1": 1.0,
        "nauc_mrr_at_1_max": 0.319047,
        "nauc_mrr_at_1_std": 0.002477,
        "nauc_mrr_at_1_diff1": 0.537044,
        "nauc_mrr_at_3_max": 0.311444,
        "nauc_mrr_at_3_std": -0.019571,
        "nauc_mrr_at_3_diff1": 0.482102,
        "nauc_mrr_at_5_max": 0.314783,
        "nauc_mrr_at_5_std": -0.035336,
        "nauc_mrr_at_5_diff1": 0.477551,
        "nauc_mrr_at_10_max": 0.324395,
        "nauc_mrr_at_10_std": -0.043266,
        "nauc_mrr_at_10_diff1": 0.487266,
        "nauc_mrr_at_20_max": 0.321651,
        "nauc_mrr_at_20_std": -0.03463,
        "nauc_mrr_at_20_diff1": 0.485105,
        "nauc_mrr_at_100_max": 0.319882,
        "nauc_mrr_at_100_std": -0.033524,
        "nauc_mrr_at_100_diff1": 0.485531,
        "nauc_mrr_at_1000_max": 0.320359,
        "nauc_mrr_at_1000_std": -0.033543,
        "nauc_mrr_at_1000_diff1": 0.485701,
        "main_score": 0.71111,
        "hf_subset": "default",
        "languages": [
          "eng-Latn"
        ]
      }
    ]
  },
  "evaluation_time": 42.184630155563354,
  "kg_co2_emissions": null
}