{
  "dataset_revision": "427e2ae4b22cd9ad990ef8dd4647c16d79c89198",
  "task_name": "singaporean-judicial-keywords",
  "mteb_version": "1.38.49",
  "scores": {
    "test": [
      {
        "ndcg_at_1": 0.928,
        "ndcg_at_3": 0.95571,
        "ndcg_at_5": 0.95976,
        "ndcg_at_10": 0.96241,
        "ndcg_at_20": 0.9645,
        "ndcg_at_100": 0.9645,
        "ndcg_at_1000": 0.9645,
        "map_at_1": 0.928,
        "map_at_3": 0.94933,
        "map_at_5": 0.95153,
        "map_at_10": 0.95266,
        "map_at_20": 0.95327,
        "map_at_100": 0.95327,
        "map_at_1000": 0.95327,
        "recall_at_1": 0.928,
        "recall_at_3": 0.974,
        "recall_at_5": 0.984,
        "recall_at_10": 0.992,
        "recall_at_20": 1.0,
        "recall_at_100": 1.0,
        "recall_at_1000": 1.0,
        "precision_at_1": 0.928,
        "precision_at_3": 0.32467,
        "precision_at_5": 0.1968,
        "precision_at_10": 0.0992,
        "precision_at_20": 0.05,
        "precision_at_100": 0.01,
        "precision_at_1000": 0.001,
        "mrr_at_1": 0.928,
        "mrr_at_3": 0.949333,
        "mrr_at_5": 0.951533,
        "mrr_at_10": 0.95266,
        "mrr_at_20": 0.953275,
        "mrr_at_100": 0.953275,
        "mrr_at_1000": 0.953275,
        "nauc_ndcg_at_1_max": 0.557241,
        "nauc_ndcg_at_1_std": 0.072064,
        "nauc_ndcg_at_1_diff1": 0.944626,
        "nauc_ndcg_at_3_max": 0.667735,
        "nauc_ndcg_at_3_std": 0.157137,
        "nauc_ndcg_at_3_diff1": 0.942415,
        "nauc_ndcg_at_5_max": 0.651212,
        "nauc_ndcg_at_5_std": 0.107182,
        "nauc_ndcg_at_5_diff1": 0.945088,
        "nauc_ndcg_at_10_max": 0.639817,
        "nauc_ndcg_at_10_std": 0.094223,
        "nauc_ndcg_at_10_diff1": 0.946015,
        "nauc_ndcg_at_20_max": 0.620323,
        "nauc_ndcg_at_20_std": 0.100912,
        "nauc_ndcg_at_20_diff1": 0.94467,
        "nauc_ndcg_at_100_max": 0.620323,
        "nauc_ndcg_at_100_std": 0.100912,
        "nauc_ndcg_at_100_diff1": 0.94467,
        "nauc_ndcg_at_1000_max": 0.620323,
        "nauc_ndcg_at_1000_std": 0.100912,
        "nauc_ndcg_at_1000_diff1": 0.94467,
        "nauc_map_at_1_max": 0.557241,
        "nauc_map_at_1_std": 0.072064,
        "nauc_map_at_1_diff1": 0.944626,
        "nauc_map_at_3_max": 0.632027,
        "nauc_map_at_3_std": 0.127095,
        "nauc_map_at_3_diff1": 0.943133,
        "nauc_map_at_5_max": 0.622564,
        "nauc_map_at_5_std": 0.103202,
        "nauc_map_at_5_diff1": 0.944496,
        "nauc_map_at_10_max": 0.618226,
        "nauc_map_at_10_std": 0.099536,
        "nauc_map_at_10_diff1": 0.944884,
        "nauc_map_at_20_max": 0.613533,
        "nauc_map_at_20_std": 0.099814,
        "nauc_map_at_20_diff1": 0.944532,
        "nauc_map_at_100_max": 0.613533,
        "nauc_map_at_100_std": 0.099814,
        "nauc_map_at_100_diff1": 0.944532,
        "nauc_map_at_1000_max": 0.613533,
        "nauc_map_at_1000_std": 0.099814,
        "nauc_map_at_1000_diff1": 0.944532,
        "nauc_recall_at_1_max": 0.557241,
        "nauc_recall_at_1_std": 0.072064,
        "nauc_recall_at_1_diff1": 0.944626,
        "nauc_recall_at_3_max": 0.866803,
        "nauc_recall_at_3_std": 0.326797,
        "nauc_recall_at_3_diff1": 0.938411,
        "nauc_recall_at_5_max": 0.893207,
        "nauc_recall_at_5_std": 0.121674,
        "nauc_recall_at_5_diff1": 0.95098,
        "nauc_recall_at_10_max": 0.96732,
        "nauc_recall_at_10_std": -0.072946,
        "nauc_recall_at_10_diff1": 0.96732,
        "nauc_recall_at_20_max": NaN,
        "nauc_recall_at_20_std": NaN,
        "nauc_recall_at_20_diff1": NaN,
        "nauc_recall_at_100_max": NaN,
        "nauc_recall_at_100_std": NaN,
        "nauc_recall_at_100_diff1": NaN,
        "nauc_recall_at_1000_max": NaN,
        "nauc_recall_at_1000_std": NaN,
        "nauc_recall_at_1000_diff1": NaN,
        "nauc_precision_at_1_max": 0.557241,
        "nauc_precision_at_1_std": 0.072064,
        "nauc_precision_at_1_diff1": 0.944626,
        "nauc_precision_at_3_max": 0.866803,
        "nauc_precision_at_3_std": 0.326797,
        "nauc_precision_at_3_diff1": 0.938411,
        "nauc_precision_at_5_max": 0.893207,
        "nauc_precision_at_5_std": 0.121674,
        "nauc_precision_at_5_diff1": 0.95098,
        "nauc_precision_at_10_max": 0.96732,
        "nauc_precision_at_10_std": -0.072946,
        "nauc_precision_at_10_diff1": 0.96732,
        "nauc_precision_at_20_max": 1.0,
        "nauc_precision_at_20_std": 1.0,
        "nauc_precision_at_20_diff1": 1.0,
        "nauc_precision_at_100_max": 1.0,
        "nauc_precision_at_100_std": 1.0,
        "nauc_precision_at_100_diff1": 1.0,
        "nauc_precision_at_1000_max": 1.0,
        "nauc_precision_at_1000_std": 1.0,
        "nauc_precision_at_1000_diff1": 1.0,
        "nauc_mrr_at_1_max": 0.557241,
        "nauc_mrr_at_1_std": 0.072064,
        "nauc_mrr_at_1_diff1": 0.944626,
        "nauc_mrr_at_3_max": 0.632027,
        "nauc_mrr_at_3_std": 0.127095,
        "nauc_mrr_at_3_diff1": 0.943133,
        "nauc_mrr_at_5_max": 0.622564,
        "nauc_mrr_at_5_std": 0.103202,
        "nauc_mrr_at_5_diff1": 0.944496,
        "nauc_mrr_at_10_max": 0.618226,
        "nauc_mrr_at_10_std": 0.099536,
        "nauc_mrr_at_10_diff1": 0.944884,
        "nauc_mrr_at_20_max": 0.613533,
        "nauc_mrr_at_20_std": 0.099814,
        "nauc_mrr_at_20_diff1": 0.944532,
        "nauc_mrr_at_100_max": 0.613533,
        "nauc_mrr_at_100_std": 0.099814,
        "nauc_mrr_at_100_diff1": 0.944532,
        "nauc_mrr_at_1000_max": 0.613533,
        "nauc_mrr_at_1000_std": 0.099814,
        "nauc_mrr_at_1000_diff1": 0.944532,
        "main_score": 0.96241,
        "hf_subset": "default",
        "languages": [
          "eng-Latn"
        ]
      }
    ]
  },
  "evaluation_time": 509.0856456756592,
  "kg_co2_emissions": null
}