{
  "dataset_revision": "436d6a79d06cac556799e9e0be54a6fb90bf7182",
  "task_name": "uk-legislative-long-titles",
  "mteb_version": "1.38.49",
  "scores": {
    "test": [
      {
        "ndcg_at_1": 0.96154,
        "ndcg_at_3": 0.96963,
        "ndcg_at_5": 0.97515,
        "ndcg_at_10": 0.97972,
        "ndcg_at_20": 0.97972,
        "ndcg_at_100": 0.97972,
        "ndcg_at_1000": 0.97972,
        "map_at_1": 0.96154,
        "map_at_3": 0.96795,
        "map_at_5": 0.97115,
        "map_at_10": 0.97329,
        "map_at_20": 0.97329,
        "map_at_100": 0.97329,
        "map_at_1000": 0.97329,
        "recall_at_1": 0.96154,
        "recall_at_3": 0.97436,
        "recall_at_5": 0.98718,
        "recall_at_10": 1.0,
        "recall_at_20": 1.0,
        "recall_at_100": 1.0,
        "recall_at_1000": 1.0,
        "precision_at_1": 0.96154,
        "precision_at_3": 0.32479,
        "precision_at_5": 0.19744,
        "precision_at_10": 0.1,
        "precision_at_20": 0.05,
        "precision_at_100": 0.01,
        "precision_at_1000": 0.001,
        "mrr_at_1": 0.961538,
        "mrr_at_3": 0.967949,
        "mrr_at_5": 0.971154,
        "mrr_at_10": 0.973291,
        "mrr_at_20": 0.973291,
        "mrr_at_100": 0.973291,
        "mrr_at_1000": 0.973291,
        "nauc_ndcg_at_1_max": 0.693237,
        "nauc_ndcg_at_1_std": 0.614806,
        "nauc_ndcg_at_1_diff1": 1.0,
        "nauc_ndcg_at_3_max": 0.782301,
        "nauc_ndcg_at_3_std": 0.745645,
        "nauc_ndcg_at_3_diff1": 1.0,
        "nauc_ndcg_at_5_max": 0.795943,
        "nauc_ndcg_at_5_std": 0.751143,
        "nauc_ndcg_at_5_diff1": 1.0,
        "nauc_ndcg_at_10_max": 0.750003,
        "nauc_ndcg_at_10_std": 0.695117,
        "nauc_ndcg_at_10_diff1": 1.0,
        "nauc_ndcg_at_20_max": 0.750003,
        "nauc_ndcg_at_20_std": 0.695117,
        "nauc_ndcg_at_20_diff1": 1.0,
        "nauc_ndcg_at_100_max": 0.750003,
        "nauc_ndcg_at_100_std": 0.695117,
        "nauc_ndcg_at_100_diff1": 1.0,
        "nauc_ndcg_at_1000_max": 0.750003,
        "nauc_ndcg_at_1000_std": 0.695117,
        "nauc_ndcg_at_1000_diff1": 1.0,
        "nauc_map_at_1_max": 0.693237,
        "nauc_map_at_1_std": 0.614806,
        "nauc_map_at_1_diff1": 1.0,
        "nauc_map_at_3_max": 0.760122,
        "nauc_map_at_3_std": 0.713063,
        "nauc_map_at_3_diff1": 1.0,
        "nauc_map_at_5_max": 0.76448,
        "nauc_map_at_5_std": 0.712193,
        "nauc_map_at_5_diff1": 1.0,
        "nauc_map_at_10_max": 0.745639,
        "nauc_map_at_10_std": 0.689168,
        "nauc_map_at_10_diff1": 1.0,
        "nauc_map_at_20_max": 0.745639,
        "nauc_map_at_20_std": 0.689168,
        "nauc_map_at_20_diff1": 1.0,
        "nauc_map_at_100_max": 0.745639,
        "nauc_map_at_100_std": 0.689168,
        "nauc_map_at_100_diff1": 1.0,
        "nauc_map_at_1000_max": 0.745639,
        "nauc_map_at_1000_std": 0.689168,
        "nauc_map_at_1000_diff1": 1.0,
        "nauc_recall_at_1_max": 0.693237,
        "nauc_recall_at_1_std": 0.614806,
        "nauc_recall_at_1_diff1": 1.0,
        "nauc_recall_at_3_max": 0.86045,
        "nauc_recall_at_3_std": 0.86045,
        "nauc_recall_at_3_diff1": 1.0,
        "nauc_recall_at_5_max": 1.0,
        "nauc_recall_at_5_std": 1.0,
        "nauc_recall_at_5_diff1": 1.0,
        "nauc_recall_at_10_max": NaN,
        "nauc_recall_at_10_std": NaN,
        "nauc_recall_at_10_diff1": NaN,
        "nauc_recall_at_20_max": NaN,
        "nauc_recall_at_20_std": NaN,
        "nauc_recall_at_20_diff1": NaN,
        "nauc_recall_at_100_max": NaN,
        "nauc_recall_at_100_std": NaN,
        "nauc_recall_at_100_diff1": NaN,
        "nauc_recall_at_1000_max": NaN,
        "nauc_recall_at_1000_std": NaN,
        "nauc_recall_at_1000_diff1": NaN,
        "nauc_precision_at_1_max": 0.693237,
        "nauc_precision_at_1_std": 0.614806,
        "nauc_precision_at_1_diff1": 1.0,
        "nauc_precision_at_3_max": 0.86045,
        "nauc_precision_at_3_std": 0.86045,
        "nauc_precision_at_3_diff1": 1.0,
        "nauc_precision_at_5_max": 1.0,
        "nauc_precision_at_5_std": 1.0,
        "nauc_precision_at_5_diff1": 1.0,
        "nauc_precision_at_10_max": 1.0,
        "nauc_precision_at_10_std": 1.0,
        "nauc_precision_at_10_diff1": 1.0,
        "nauc_precision_at_20_max": 1.0,
        "nauc_precision_at_20_std": 1.0,
        "nauc_precision_at_20_diff1": 1.0,
        "nauc_precision_at_100_max": 1.0,
        "nauc_precision_at_100_std": 1.0,
        "nauc_precision_at_100_diff1": 1.0,
        "nauc_precision_at_1000_max": 1.0,
        "nauc_precision_at_1000_std": 1.0,
        "nauc_precision_at_1000_diff1": 1.0,
        "nauc_mrr_at_1_max": 0.693237,
        "nauc_mrr_at_1_std": 0.614806,
        "nauc_mrr_at_1_diff1": 1.0,
        "nauc_mrr_at_3_max": 0.760122,
        "nauc_mrr_at_3_std": 0.713063,
        "nauc_mrr_at_3_diff1": 1.0,
        "nauc_mrr_at_5_max": 0.76448,
        "nauc_mrr_at_5_std": 0.712193,
        "nauc_mrr_at_5_diff1": 1.0,
        "nauc_mrr_at_10_max": 0.745639,
        "nauc_mrr_at_10_std": 0.689168,
        "nauc_mrr_at_10_diff1": 1.0,
        "nauc_mrr_at_20_max": 0.745639,
        "nauc_mrr_at_20_std": 0.689168,
        "nauc_mrr_at_20_diff1": 1.0,
        "nauc_mrr_at_100_max": 0.745639,
        "nauc_mrr_at_100_std": 0.689168,
        "nauc_mrr_at_100_diff1": 1.0,
        "nauc_mrr_at_1000_max": 0.745639,
        "nauc_mrr_at_1000_std": 0.689168,
        "nauc_mrr_at_1000_diff1": 1.0,
        "main_score": 0.97972,
        "hf_subset": "default",
        "languages": [
          "eng-Latn"
        ]
      }
    ]
  },
  "evaluation_time": 50.3663649559021,
  "kg_co2_emissions": null
}