{
  "dataset_revision": "8d41f3d22bb73685b6f42b62ad95940ea3dfbf84",
  "task_name": "gdpr-holdings-retrieval",
  "mteb_version": "1.38.49",
  "scores": {
    "test": [
      {
        "ndcg_at_1": 0.736,
        "ndcg_at_3": 0.81252,
        "ndcg_at_5": 0.82732,
        "ndcg_at_10": 0.83657,
        "ndcg_at_20": 0.84328,
        "ndcg_at_100": 0.84658,
        "ndcg_at_1000": 0.85019,
        "map_at_1": 0.736,
        "map_at_3": 0.794,
        "map_at_5": 0.8022,
        "map_at_10": 0.80613,
        "map_at_20": 0.80804,
        "map_at_100": 0.80848,
        "map_at_1000": 0.80866,
        "recall_at_1": 0.736,
        "recall_at_3": 0.866,
        "recall_at_5": 0.902,
        "recall_at_10": 0.93,
        "recall_at_20": 0.956,
        "recall_at_100": 0.974,
        "recall_at_1000": 1.0,
        "precision_at_1": 0.736,
        "precision_at_3": 0.28867,
        "precision_at_5": 0.1804,
        "precision_at_10": 0.093,
        "precision_at_20": 0.0478,
        "precision_at_100": 0.00974,
        "precision_at_1000": 0.001,
        "mrr_at_1": 0.736,
        "mrr_at_3": 0.794,
        "mrr_at_5": 0.8022,
        "mrr_at_10": 0.806128,
        "mrr_at_20": 0.80804,
        "mrr_at_100": 0.808479,
        "mrr_at_1000": 0.808664,
        "nauc_ndcg_at_1_max": 0.556187,
        "nauc_ndcg_at_1_std": -0.261401,
        "nauc_ndcg_at_1_diff1": 0.833223,
        "nauc_ndcg_at_3_max": 0.613711,
        "nauc_ndcg_at_3_std": -0.207231,
        "nauc_ndcg_at_3_diff1": 0.788841,
        "nauc_ndcg_at_5_max": 0.612568,
        "nauc_ndcg_at_5_std": -0.205267,
        "nauc_ndcg_at_5_diff1": 0.789354,
        "nauc_ndcg_at_10_max": 0.606848,
        "nauc_ndcg_at_10_std": -0.203642,
        "nauc_ndcg_at_10_diff1": 0.79402,
        "nauc_ndcg_at_20_max": 0.601194,
        "nauc_ndcg_at_20_std": -0.210936,
        "nauc_ndcg_at_20_diff1": 0.796877,
        "nauc_ndcg_at_100_max": 0.599729,
        "nauc_ndcg_at_100_std": -0.214347,
        "nauc_ndcg_at_100_diff1": 0.797713,
        "nauc_ndcg_at_1000_max": 0.59777,
        "nauc_ndcg_at_1000_std": -0.219041,
        "nauc_ndcg_at_1000_diff1": 0.801326,
        "nauc_map_at_1_max": 0.556187,
        "nauc_map_at_1_std": -0.261401,
        "nauc_map_at_1_diff1": 0.833223,
        "nauc_map_at_3_max": 0.596963,
        "nauc_map_at_3_std": -0.226106,
        "nauc_map_at_3_diff1": 0.801478,
        "nauc_map_at_5_max": 0.59561,
        "nauc_map_at_5_std": -0.226642,
        "nauc_map_at_5_diff1": 0.802373,
        "nauc_map_at_10_max": 0.593141,
        "nauc_map_at_10_std": -0.226811,
        "nauc_map_at_10_diff1": 0.804603,
        "nauc_map_at_20_max": 0.591614,
        "nauc_map_at_20_std": -0.22869,
        "nauc_map_at_20_diff1": 0.80544,
        "nauc_map_at_100_max": 0.591554,
        "nauc_map_at_100_std": -0.228917,
        "nauc_map_at_100_diff1": 0.80565,
        "nauc_map_at_1000_max": 0.591525,
        "nauc_map_at_1000_std": -0.22901,
        "nauc_map_at_1000_diff1": 0.805836,
        "nauc_recall_at_1_max": 0.556187,
        "nauc_recall_at_1_std": -0.261401,
        "nauc_recall_at_1_diff1": 0.833223,
        "nauc_recall_at_3_max": 0.683332,
        "nauc_recall_at_3_std": -0.126858,
        "nauc_recall_at_3_diff1": 0.736483,
        "nauc_recall_at_5_max": 0.702176,
        "nauc_recall_at_5_std": -0.087502,
        "nauc_recall_at_5_diff1": 0.720593,
        "nauc_recall_at_10_max": 0.701,
        "nauc_recall_at_10_std": -0.025837,
        "nauc_recall_at_10_diff1": 0.720195,
        "nauc_recall_at_20_max": 0.68672,
        "nauc_recall_at_20_std": -0.015067,
        "nauc_recall_at_20_diff1": 0.71123,
        "nauc_recall_at_100_max": 0.690117,
        "nauc_recall_at_100_std": -0.003843,
        "nauc_recall_at_100_diff1": 0.669647,
        "nauc_recall_at_1000_max": NaN,
        "nauc_recall_at_1000_std": NaN,
        "nauc_recall_at_1000_diff1": NaN,
        "nauc_precision_at_1_max": 0.556187,
        "nauc_precision_at_1_std": -0.261401,
        "nauc_precision_at_1_diff1": 0.833223,
        "nauc_precision_at_3_max": 0.683332,
        "nauc_precision_at_3_std": -0.126858,
        "nauc_precision_at_3_diff1": 0.736483,
        "nauc_precision_at_5_max": 0.702176,
        "nauc_precision_at_5_std": -0.087502,
        "nauc_precision_at_5_diff1": 0.720593,
        "nauc_precision_at_10_max": 0.701,
        "nauc_precision_at_10_std": -0.025837,
        "nauc_precision_at_10_diff1": 0.720195,
        "nauc_precision_at_20_max": 0.68672,
        "nauc_precision_at_20_std": -0.015067,
        "nauc_precision_at_20_diff1": 0.71123,
        "nauc_precision_at_100_max": 0.690117,
        "nauc_precision_at_100_std": -0.003843,
        "nauc_precision_at_100_diff1": 0.669647,
        "nauc_precision_at_1000_max": 1.0,
        "nauc_precision_at_1000_std": 1.0,
        "nauc_precision_at_1000_diff1": 1.0,
        "nauc_mrr_at_1_max": 0.556187,
        "nauc_mrr_at_1_std": -0.261401,
        "nauc_mrr_at_1_diff1": 0.833223,
        "nauc_mrr_at_3_max": 0.596963,
        "nauc_mrr_at_3_std": -0.226106,
        "nauc_mrr_at_3_diff1": 0.801478,
        "nauc_mrr_at_5_max": 0.59561,
        "nauc_mrr_at_5_std": -0.226642,
        "nauc_mrr_at_5_diff1": 0.802373,
        "nauc_mrr_at_10_max": 0.593141,
        "nauc_mrr_at_10_std": -0.226811,
        "nauc_mrr_at_10_diff1": 0.804603,
        "nauc_mrr_at_20_max": 0.591614,
        "nauc_mrr_at_20_std": -0.22869,
        "nauc_mrr_at_20_diff1": 0.80544,
        "nauc_mrr_at_100_max": 0.591554,
        "nauc_mrr_at_100_std": -0.228917,
        "nauc_mrr_at_100_diff1": 0.80565,
        "nauc_mrr_at_1000_max": 0.591525,
        "nauc_mrr_at_1000_std": -0.22901,
        "nauc_mrr_at_1000_diff1": 0.805836,
        "main_score": 0.83657,
        "hf_subset": "default",
        "languages": [
          "eng-Latn"
        ]
      }
    ]
  },
  "evaluation_time": 10.959797143936157,
  "kg_co2_emissions": null
}