{
  "dataset_revision": "66d23b0ce609450ce24d0fc85e9bac69aba90b84",
  "task_name": "housing-qa",
  "mteb_version": "1.38.49",
  "scores": {
    "test": [
      {
        "ndcg_at_1": 0.13084,
        "ndcg_at_3": 0.15004,
        "ndcg_at_5": 0.17597,
        "ndcg_at_10": 0.19801,
        "ndcg_at_20": 0.22588,
        "ndcg_at_100": 0.33277,
        "ndcg_at_1000": 0.39846,
        "map_at_1": 0.05865,
        "map_at_3": 0.08546,
        "map_at_5": 0.10578,
        "map_at_10": 0.1225,
        "map_at_20": 0.13369,
        "map_at_100": 0.15659,
        "map_at_1000": 0.16421,
        "recall_at_1": 0.05865,
        "recall_at_3": 0.11103,
        "recall_at_5": 0.18759,
        "recall_at_10": 0.25987,
        "recall_at_20": 0.33616,
        "recall_at_100": 0.69298,
        "recall_at_1000": 1.0,
        "precision_at_1": 0.13084,
        "precision_at_3": 0.1215,
        "precision_at_5": 0.1215,
        "precision_at_10": 0.09346,
        "precision_at_20": 0.06449,
        "precision_at_100": 0.03168,
        "precision_at_1000": 0.00467,
        "mrr_at_1": 0.130841,
        "mrr_at_3": 0.200935,
        "mrr_at_5": 0.23972,
        "mrr_at_10": 0.258011,
        "mrr_at_20": 0.264433,
        "mrr_at_100": 0.271958,
        "mrr_at_1000": 0.27237,
        "nauc_ndcg_at_1_max": -0.059697,
        "nauc_ndcg_at_1_std": -0.011232,
        "nauc_ndcg_at_1_diff1": 0.21646,
        "nauc_ndcg_at_3_max": -0.053586,
        "nauc_ndcg_at_3_std": -0.102247,
        "nauc_ndcg_at_3_diff1": 0.10593,
        "nauc_ndcg_at_5_max": 0.035652,
        "nauc_ndcg_at_5_std": -0.058989,
        "nauc_ndcg_at_5_diff1": 0.046241,
        "nauc_ndcg_at_10_max": 0.071507,
        "nauc_ndcg_at_10_std": -0.073376,
        "nauc_ndcg_at_10_diff1": 0.049372,
        "nauc_ndcg_at_20_max": 0.067976,
        "nauc_ndcg_at_20_std": -0.049335,
        "nauc_ndcg_at_20_diff1": 0.032534,
        "nauc_ndcg_at_100_max": 0.106639,
        "nauc_ndcg_at_100_std": 0.026958,
        "nauc_ndcg_at_100_diff1": 0.022739,
        "nauc_ndcg_at_1000_max": 0.102553,
        "nauc_ndcg_at_1000_std": 0.079922,
        "nauc_ndcg_at_1000_diff1": 0.070067,
        "nauc_map_at_1_max": -0.1063,
        "nauc_map_at_1_std": -0.242198,
        "nauc_map_at_1_diff1": 0.254216,
        "nauc_map_at_3_max": -0.105956,
        "nauc_map_at_3_std": -0.232366,
        "nauc_map_at_3_diff1": 0.173041,
        "nauc_map_at_5_max": -0.051024,
        "nauc_map_at_5_std": -0.180523,
        "nauc_map_at_5_diff1": 0.107625,
        "nauc_map_at_10_max": -0.006699,
        "nauc_map_at_10_std": -0.160283,
        "nauc_map_at_10_diff1": 0.090345,
        "nauc_map_at_20_max": -0.005704,
        "nauc_map_at_20_std": -0.142164,
        "nauc_map_at_20_diff1": 0.075314,
        "nauc_map_at_100_max": 0.011283,
        "nauc_map_at_100_std": -0.110117,
        "nauc_map_at_100_diff1": 0.065575,
        "nauc_map_at_1000_max": 0.015896,
        "nauc_map_at_1000_std": -0.091106,
        "nauc_map_at_1000_diff1": 0.071354,
        "nauc_recall_at_1_max": -0.1063,
        "nauc_recall_at_1_std": -0.242198,
        "nauc_recall_at_1_diff1": 0.254216,
        "nauc_recall_at_3_max": -0.089073,
        "nauc_recall_at_3_std": -0.22703,
        "nauc_recall_at_3_diff1": 0.122029,
        "nauc_recall_at_5_max": 0.068309,
        "nauc_recall_at_5_std": -0.084765,
        "nauc_recall_at_5_diff1": -0.026622,
        "nauc_recall_at_10_max": 0.142055,
        "nauc_recall_at_10_std": -0.061205,
        "nauc_recall_at_10_diff1": -0.022258,
        "nauc_recall_at_20_max": 0.128145,
        "nauc_recall_at_20_std": 0.002556,
        "nauc_recall_at_20_diff1": -0.050027,
        "nauc_recall_at_100_max": 0.192343,
        "nauc_recall_at_100_std": 0.075165,
        "nauc_recall_at_100_diff1": -0.164528,
        "nauc_recall_at_1000_max": NaN,
        "nauc_recall_at_1000_std": NaN,
        "nauc_recall_at_1000_diff1": NaN,
        "nauc_precision_at_1_max": -0.059697,
        "nauc_precision_at_1_std": -0.011232,
        "nauc_precision_at_1_diff1": 0.21646,
        "nauc_precision_at_3_max": -0.038157,
        "nauc_precision_at_3_std": -0.046783,
        "nauc_precision_at_3_diff1": 0.020717,
        "nauc_precision_at_5_max": 0.139251,
        "nauc_precision_at_5_std": 0.10274,
        "nauc_precision_at_5_diff1": -0.083517,
        "nauc_precision_at_10_max": 0.204023,
        "nauc_precision_at_10_std": 0.178161,
        "nauc_precision_at_10_diff1": -0.138431,
        "nauc_precision_at_20_max": 0.202226,
        "nauc_precision_at_20_std": 0.24444,
        "nauc_precision_at_20_diff1": -0.149182,
        "nauc_precision_at_100_max": 0.186161,
        "nauc_precision_at_100_std": 0.407866,
        "nauc_precision_at_100_diff1": -0.089837,
        "nauc_precision_at_1000_max": 0.17245,
        "nauc_precision_at_1000_std": 0.486736,
        "nauc_precision_at_1000_diff1": -0.020176,
        "nauc_mrr_at_1_max": -0.059697,
        "nauc_mrr_at_1_std": -0.011232,
        "nauc_mrr_at_1_diff1": 0.21646,
        "nauc_mrr_at_3_max": -0.03008,
        "nauc_mrr_at_3_std": -0.044602,
        "nauc_mrr_at_3_diff1": 0.148216,
        "nauc_mrr_at_5_max": 0.043796,
        "nauc_mrr_at_5_std": 0.002205,
        "nauc_mrr_at_5_diff1": 0.114047,
        "nauc_mrr_at_10_max": 0.038511,
        "nauc_mrr_at_10_std": -0.00121,
        "nauc_mrr_at_10_diff1": 0.125208,
        "nauc_mrr_at_20_max": 0.041033,
        "nauc_mrr_at_20_std": 0.012951,
        "nauc_mrr_at_20_diff1": 0.12203,
        "nauc_mrr_at_100_max": 0.039691,
        "nauc_mrr_at_100_std": 0.011993,
        "nauc_mrr_at_100_diff1": 0.127715,
        "nauc_mrr_at_1000_max": 0.038513,
        "nauc_mrr_at_1000_std": 0.010926,
        "nauc_mrr_at_1000_diff1": 0.127938,
        "main_score": 0.19801,
        "hf_subset": "default",
        "languages": [
          "eng-Latn"
        ]
      }
    ]
  },
  "evaluation_time": 4.720222473144531,
  "kg_co2_emissions": null
}