{
  "dataset_revision": "319b6cc4b012d733f126a943a8a66bdf9df5dc40",
  "task_name": "scalr",
  "mteb_version": "1.38.49",
  "scores": {
    "test": [
      {
        "ndcg_at_1": 0.41667,
        "ndcg_at_3": 0.53412,
        "ndcg_at_5": 0.5517,
        "ndcg_at_10": 0.57839,
        "ndcg_at_20": 0.6037,
        "ndcg_at_100": 0.62449,
        "ndcg_at_1000": 0.63106,
        "map_at_1": 0.41667,
        "map_at_3": 0.50556,
        "map_at_5": 0.51556,
        "map_at_10": 0.52641,
        "map_at_20": 0.53337,
        "map_at_100": 0.53657,
        "map_at_1000": 0.53683,
        "recall_at_1": 0.41667,
        "recall_at_3": 0.61667,
        "recall_at_5": 0.65833,
        "recall_at_10": 0.74167,
        "recall_at_20": 0.84167,
        "recall_at_100": 0.95,
        "recall_at_1000": 1.0,
        "precision_at_1": 0.41667,
        "precision_at_3": 0.20556,
        "precision_at_5": 0.13167,
        "precision_at_10": 0.07417,
        "precision_at_20": 0.04208,
        "precision_at_100": 0.0095,
        "precision_at_1000": 0.001,
        "mrr_at_1": 0.416667,
        "mrr_at_3": 0.505556,
        "mrr_at_5": 0.515556,
        "mrr_at_10": 0.526409,
        "mrr_at_20": 0.533366,
        "mrr_at_100": 0.536565,
        "mrr_at_1000": 0.536834,
        "nauc_ndcg_at_1_max": 0.467364,
        "nauc_ndcg_at_1_std": 0.049628,
        "nauc_ndcg_at_1_diff1": 0.46744,
        "nauc_ndcg_at_3_max": 0.464939,
        "nauc_ndcg_at_3_std": 0.061726,
        "nauc_ndcg_at_3_diff1": 0.410932,
        "nauc_ndcg_at_5_max": 0.456434,
        "nauc_ndcg_at_5_std": 0.063386,
        "nauc_ndcg_at_5_diff1": 0.405011,
        "nauc_ndcg_at_10_max": 0.502454,
        "nauc_ndcg_at_10_std": 0.077764,
        "nauc_ndcg_at_10_diff1": 0.423441,
        "nauc_ndcg_at_20_max": 0.491109,
        "nauc_ndcg_at_20_std": 0.062339,
        "nauc_ndcg_at_20_diff1": 0.418987,
        "nauc_ndcg_at_100_max": 0.470989,
        "nauc_ndcg_at_100_std": 0.046348,
        "nauc_ndcg_at_100_diff1": 0.40549,
        "nauc_ndcg_at_1000_max": 0.475942,
        "nauc_ndcg_at_1000_std": 0.059613,
        "nauc_ndcg_at_1000_diff1": 0.415389,
        "nauc_map_at_1_max": 0.467364,
        "nauc_map_at_1_std": 0.049628,
        "nauc_map_at_1_diff1": 0.46744,
        "nauc_map_at_3_max": 0.464368,
        "nauc_map_at_3_std": 0.059065,
        "nauc_map_at_3_diff1": 0.424258,
        "nauc_map_at_5_max": 0.459523,
        "nauc_map_at_5_std": 0.060269,
        "nauc_map_at_5_diff1": 0.421477,
        "nauc_map_at_10_max": 0.476769,
        "nauc_map_at_10_std": 0.064119,
        "nauc_map_at_10_diff1": 0.428641,
        "nauc_map_at_20_max": 0.4737,
        "nauc_map_at_20_std": 0.060562,
        "nauc_map_at_20_diff1": 0.427202,
        "nauc_map_at_100_max": 0.471273,
        "nauc_map_at_100_std": 0.059327,
        "nauc_map_at_100_diff1": 0.42506,
        "nauc_map_at_1000_max": 0.471492,
        "nauc_map_at_1000_std": 0.05989,
        "nauc_map_at_1000_diff1": 0.425273,
        "nauc_recall_at_1_max": 0.467364,
        "nauc_recall_at_1_std": 0.049628,
        "nauc_recall_at_1_diff1": 0.46744,
        "nauc_recall_at_3_max": 0.467305,
        "nauc_recall_at_3_std": 0.070003,
        "nauc_recall_at_3_diff1": 0.368989,
        "nauc_recall_at_5_max": 0.445546,
        "nauc_recall_at_5_std": 0.073483,
        "nauc_recall_at_5_diff1": 0.348505,
        "nauc_recall_at_10_max": 0.634815,
        "nauc_recall_at_10_std": 0.146764,
        "nauc_recall_at_10_diff1": 0.412708,
        "nauc_recall_at_20_max": 0.61712,
        "nauc_recall_at_20_std": 0.060612,
        "nauc_recall_at_20_diff1": 0.381796,
        "nauc_recall_at_100_max": 0.292951,
        "nauc_recall_at_100_std": -0.442577,
        "nauc_recall_at_100_diff1": -0.021008,
        "nauc_recall_at_1000_max": NaN,
        "nauc_recall_at_1000_std": NaN,
        "nauc_recall_at_1000_diff1": NaN,
        "nauc_precision_at_1_max": 0.467364,
        "nauc_precision_at_1_std": 0.049628,
        "nauc_precision_at_1_diff1": 0.46744,
        "nauc_precision_at_3_max": 0.467305,
        "nauc_precision_at_3_std": 0.070003,
        "nauc_precision_at_3_diff1": 0.368989,
        "nauc_precision_at_5_max": 0.445546,
        "nauc_precision_at_5_std": 0.073483,
        "nauc_precision_at_5_diff1": 0.348505,
        "nauc_precision_at_10_max": 0.634815,
        "nauc_precision_at_10_std": 0.146764,
        "nauc_precision_at_10_diff1": 0.412708,
        "nauc_precision_at_20_max": 0.61712,
        "nauc_precision_at_20_std": 0.060612,
        "nauc_precision_at_20_diff1": 0.381796,
        "nauc_precision_at_100_max": 0.292951,
        "nauc_precision_at_100_std": -0.442577,
        "nauc_precision_at_100_diff1": -0.021008,
        "nauc_precision_at_1000_max": 1.0,
        "nauc_precision_at_1000_std": 1.0,
        "nauc_precision_at_1000_diff1": 1.0,
        "nauc_mrr_at_1_max": 0.467364,
        "nauc_mrr_at_1_std": 0.049628,
        "nauc_mrr_at_1_diff1": 0.46744,
        "nauc_mrr_at_3_max": 0.464368,
        "nauc_mrr_at_3_std": 0.059065,
        "nauc_mrr_at_3_diff1": 0.424258,
        "nauc_mrr_at_5_max": 0.459523,
        "nauc_mrr_at_5_std": 0.060269,
        "nauc_mrr_at_5_diff1": 0.421477,
        "nauc_mrr_at_10_max": 0.476769,
        "nauc_mrr_at_10_std": 0.064119,
        "nauc_mrr_at_10_diff1": 0.428641,
        "nauc_mrr_at_20_max": 0.4737,
        "nauc_mrr_at_20_std": 0.060562,
        "nauc_mrr_at_20_diff1": 0.427202,
        "nauc_mrr_at_100_max": 0.471273,
        "nauc_mrr_at_100_std": 0.059327,
        "nauc_mrr_at_100_diff1": 0.42506,
        "nauc_mrr_at_1000_max": 0.471492,
        "nauc_mrr_at_1000_std": 0.05989,
        "nauc_mrr_at_1000_diff1": 0.425273,
        "main_score": 0.57839,
        "hf_subset": "default",
        "languages": [
          "eng-Latn"
        ]
      }
    ]
  },
  "evaluation_time": 6.59926700592041,
  "kg_co2_emissions": null
}