{
  "dataset_revision": "427e2ae4b22cd9ad990ef8dd4647c16d79c89198",
  "task_name": "singaporean-judicial-keywords",
  "mteb_version": "1.38.49",
  "scores": {
    "test": [
      {
        "ndcg_at_1": 0.374,
        "ndcg_at_3": 0.45521,
        "ndcg_at_5": 0.48267,
        "ndcg_at_10": 0.51265,
        "ndcg_at_20": 0.53616,
        "ndcg_at_100": 0.56216,
        "ndcg_at_1000": 0.57457,
        "map_at_1": 0.374,
        "map_at_3": 0.43433,
        "map_at_5": 0.44973,
        "map_at_10": 0.46224,
        "map_at_20": 0.46883,
        "map_at_100": 0.47243,
        "map_at_1000": 0.47296,
        "recall_at_1": 0.374,
        "recall_at_3": 0.516,
        "recall_at_5": 0.582,
        "recall_at_10": 0.674,
        "recall_at_20": 0.766,
        "recall_at_100": 0.906,
        "recall_at_1000": 1.0,
        "precision_at_1": 0.374,
        "precision_at_3": 0.172,
        "precision_at_5": 0.1164,
        "precision_at_10": 0.0674,
        "precision_at_20": 0.0383,
        "precision_at_100": 0.00906,
        "precision_at_1000": 0.001,
        "mrr_at_1": 0.374,
        "mrr_at_3": 0.434333,
        "mrr_at_5": 0.449733,
        "mrr_at_10": 0.46224,
        "mrr_at_20": 0.468829,
        "mrr_at_100": 0.472434,
        "mrr_at_1000": 0.472956,
        "nauc_ndcg_at_1_max": 0.440246,
        "nauc_ndcg_at_1_std": -0.141851,
        "nauc_ndcg_at_1_diff1": 0.533031,
        "nauc_ndcg_at_3_max": 0.442662,
        "nauc_ndcg_at_3_std": -0.119692,
        "nauc_ndcg_at_3_diff1": 0.490866,
        "nauc_ndcg_at_5_max": 0.443811,
        "nauc_ndcg_at_5_std": -0.10872,
        "nauc_ndcg_at_5_diff1": 0.473684,
        "nauc_ndcg_at_10_max": 0.466433,
        "nauc_ndcg_at_10_std": -0.09426,
        "nauc_ndcg_at_10_diff1": 0.475144,
        "nauc_ndcg_at_20_max": 0.464553,
        "nauc_ndcg_at_20_std": -0.082461,
        "nauc_ndcg_at_20_diff1": 0.475735,
        "nauc_ndcg_at_100_max": 0.460227,
        "nauc_ndcg_at_100_std": -0.088885,
        "nauc_ndcg_at_100_diff1": 0.481539,
        "nauc_ndcg_at_1000_max": 0.454785,
        "nauc_ndcg_at_1000_std": -0.101254,
        "nauc_ndcg_at_1000_diff1": 0.485432,
        "nauc_map_at_1_max": 0.440246,
        "nauc_map_at_1_std": -0.141851,
        "nauc_map_at_1_diff1": 0.533031,
        "nauc_map_at_3_max": 0.441556,
        "nauc_map_at_3_std": -0.126002,
        "nauc_map_at_3_diff1": 0.502328,
        "nauc_map_at_5_max": 0.44216,
        "nauc_map_at_5_std": -0.120195,
        "nauc_map_at_5_diff1": 0.493012,
        "nauc_map_at_10_max": 0.450726,
        "nauc_map_at_10_std": -0.114815,
        "nauc_map_at_10_diff1": 0.493603,
        "nauc_map_at_20_max": 0.450126,
        "nauc_map_at_20_std": -0.112519,
        "nauc_map_at_20_diff1": 0.493653,
        "nauc_map_at_100_max": 0.449287,
        "nauc_map_at_100_std": -0.113414,
        "nauc_map_at_100_diff1": 0.494266,
        "nauc_map_at_1000_max": 0.449075,
        "nauc_map_at_1000_std": -0.113875,
        "nauc_map_at_1000_diff1": 0.494438,
        "nauc_recall_at_1_max": 0.440246,
        "nauc_recall_at_1_std": -0.141851,
        "nauc_recall_at_1_diff1": 0.533031,
        "nauc_recall_at_3_max": 0.446155,
        "nauc_recall_at_3_std": -0.100646,
        "nauc_recall_at_3_diff1": 0.456463,
        "nauc_recall_at_5_max": 0.449394,
        "nauc_recall_at_5_std": -0.07061,
        "nauc_recall_at_5_diff1": 0.410209,
        "nauc_recall_at_10_max": 0.535949,
        "nauc_recall_at_10_std": -0.009919,
        "nauc_recall_at_10_diff1": 0.40688,
        "nauc_recall_at_20_max": 0.544594,
        "nauc_recall_at_20_std": 0.088036,
        "nauc_recall_at_20_diff1": 0.394593,
        "nauc_recall_at_100_max": 0.582166,
        "nauc_recall_at_100_std": 0.189284,
        "nauc_recall_at_100_diff1": 0.398514,
        "nauc_recall_at_1000_max": NaN,
        "nauc_recall_at_1000_std": NaN,
        "nauc_recall_at_1000_diff1": NaN,
        "nauc_precision_at_1_max": 0.440246,
        "nauc_precision_at_1_std": -0.141851,
        "nauc_precision_at_1_diff1": 0.533031,
        "nauc_precision_at_3_max": 0.446155,
        "nauc_precision_at_3_std": -0.100646,
        "nauc_precision_at_3_diff1": 0.456463,
        "nauc_precision_at_5_max": 0.449394,
        "nauc_precision_at_5_std": -0.07061,
        "nauc_precision_at_5_diff1": 0.410209,
        "nauc_precision_at_10_max": 0.535949,
        "nauc_precision_at_10_std": -0.009919,
        "nauc_precision_at_10_diff1": 0.40688,
        "nauc_precision_at_20_max": 0.544594,
        "nauc_precision_at_20_std": 0.088036,
        "nauc_precision_at_20_diff1": 0.394593,
        "nauc_precision_at_100_max": 0.582166,
        "nauc_precision_at_100_std": 0.189284,
        "nauc_precision_at_100_diff1": 0.398514,
        "nauc_precision_at_1000_max": 1.0,
        "nauc_precision_at_1000_std": 1.0,
        "nauc_precision_at_1000_diff1": 1.0,
        "nauc_mrr_at_1_max": 0.440246,
        "nauc_mrr_at_1_std": -0.141851,
        "nauc_mrr_at_1_diff1": 0.533031,
        "nauc_mrr_at_3_max": 0.441556,
        "nauc_mrr_at_3_std": -0.126002,
        "nauc_mrr_at_3_diff1": 0.502328,
        "nauc_mrr_at_5_max": 0.44216,
        "nauc_mrr_at_5_std": -0.120195,
        "nauc_mrr_at_5_diff1": 0.493012,
        "nauc_mrr_at_10_max": 0.450726,
        "nauc_mrr_at_10_std": -0.114815,
        "nauc_mrr_at_10_diff1": 0.493603,
        "nauc_mrr_at_20_max": 0.450126,
        "nauc_mrr_at_20_std": -0.112519,
        "nauc_mrr_at_20_diff1": 0.493653,
        "nauc_mrr_at_100_max": 0.449287,
        "nauc_mrr_at_100_std": -0.113414,
        "nauc_mrr_at_100_diff1": 0.494266,
        "nauc_mrr_at_1000_max": 0.449075,
        "nauc_mrr_at_1000_std": -0.113875,
        "nauc_mrr_at_1000_diff1": 0.494438,
        "main_score": 0.51265,
        "hf_subset": "default",
        "languages": [
          "eng-Latn"
        ]
      }
    ]
  },
  "evaluation_time": 18.249282836914062,
  "kg_co2_emissions": null
}