{
  "dataset_revision": "c64c3baac6bfd5f934d2df6e5d42dcb7d87c8ba8",
  "task_name": "australian-tax-guidance-retrieval",
  "mteb_version": "1.38.49",
  "scores": {
    "test": [
      {
        "ndcg_at_1": 0.64286,
        "ndcg_at_3": 0.74171,
        "ndcg_at_5": 0.77208,
        "ndcg_at_10": 0.80427,
        "ndcg_at_20": 0.80668,
        "ndcg_at_100": 0.80817,
        "ndcg_at_1000": 0.80817,
        "map_at_1": 0.64286,
        "map_at_3": 0.71726,
        "map_at_5": 0.73467,
        "map_at_10": 0.74822,
        "map_at_20": 0.74897,
        "map_at_100": 0.74911,
        "map_at_1000": 0.74911,
        "recall_at_1": 0.64286,
        "recall_at_3": 0.8125,
        "recall_at_5": 0.88393,
        "recall_at_10": 0.98214,
        "recall_at_20": 0.99107,
        "recall_at_100": 1.0,
        "recall_at_1000": 1.0,
        "precision_at_1": 0.64286,
        "precision_at_3": 0.27083,
        "precision_at_5": 0.17679,
        "precision_at_10": 0.09821,
        "precision_at_20": 0.04955,
        "precision_at_100": 0.01,
        "precision_at_1000": 0.001,
        "mrr_at_1": 0.642857,
        "mrr_at_3": 0.717262,
        "mrr_at_5": 0.734673,
        "mrr_at_10": 0.748221,
        "mrr_at_20": 0.748965,
        "mrr_at_100": 0.749107,
        "mrr_at_1000": 0.749107,
        "nauc_ndcg_at_1_max": 0.280419,
        "nauc_ndcg_at_1_std": -0.321222,
        "nauc_ndcg_at_1_diff1": 0.630083,
        "nauc_ndcg_at_3_max": 0.337804,
        "nauc_ndcg_at_3_std": -0.332703,
        "nauc_ndcg_at_3_diff1": 0.543872,
        "nauc_ndcg_at_5_max": 0.330838,
        "nauc_ndcg_at_5_std": -0.361668,
        "nauc_ndcg_at_5_diff1": 0.567469,
        "nauc_ndcg_at_10_max": 0.302908,
        "nauc_ndcg_at_10_std": -0.296107,
        "nauc_ndcg_at_10_diff1": 0.571216,
        "nauc_ndcg_at_20_max": 0.315562,
        "nauc_ndcg_at_20_std": -0.302256,
        "nauc_ndcg_at_20_diff1": 0.587813,
        "nauc_ndcg_at_100_max": 0.311834,
        "nauc_ndcg_at_100_std": -0.311635,
        "nauc_ndcg_at_100_diff1": 0.586576,
        "nauc_ndcg_at_1000_max": 0.311834,
        "nauc_ndcg_at_1000_std": -0.311635,
        "nauc_ndcg_at_1000_diff1": 0.586576,
        "nauc_map_at_1_max": 0.280419,
        "nauc_map_at_1_std": -0.321222,
        "nauc_map_at_1_diff1": 0.630083,
        "nauc_map_at_3_max": 0.320831,
        "nauc_map_at_3_std": -0.322496,
        "nauc_map_at_3_diff1": 0.571129,
        "nauc_map_at_5_max": 0.316567,
        "nauc_map_at_5_std": -0.335916,
        "nauc_map_at_5_diff1": 0.584844,
        "nauc_map_at_10_max": 0.305769,
        "nauc_map_at_10_std": -0.312058,
        "nauc_map_at_10_diff1": 0.586854,
        "nauc_map_at_20_max": 0.308801,
        "nauc_map_at_20_std": -0.313582,
        "nauc_map_at_20_diff1": 0.590872,
        "nauc_map_at_100_max": 0.308524,
        "nauc_map_at_100_std": -0.314276,
        "nauc_map_at_100_diff1": 0.590784,
        "nauc_map_at_1000_max": 0.308524,
        "nauc_map_at_1000_std": -0.314276,
        "nauc_map_at_1000_diff1": 0.590784,
        "nauc_recall_at_1_max": 0.280419,
        "nauc_recall_at_1_std": -0.321222,
        "nauc_recall_at_1_diff1": 0.630083,
        "nauc_recall_at_3_max": 0.405108,
        "nauc_recall_at_3_std": -0.376968,
        "nauc_recall_at_3_diff1": 0.434811,
        "nauc_recall_at_5_max": 0.41028,
        "nauc_recall_at_5_std": -0.523352,
        "nauc_recall_at_5_diff1": 0.471532,
        "nauc_recall_at_10_max": 0.082514,
        "nauc_recall_at_10_std": 0.422691,
        "nauc_recall_at_10_diff1": 0.082514,
        "nauc_recall_at_20_max": 0.723135,
        "nauc_recall_at_20_std": 0.723135,
        "nauc_recall_at_20_diff1": 0.723135,
        "nauc_recall_at_100_max": NaN,
        "nauc_recall_at_100_std": NaN,
        "nauc_recall_at_100_diff1": NaN,
        "nauc_recall_at_1000_max": NaN,
        "nauc_recall_at_1000_std": NaN,
        "nauc_recall_at_1000_diff1": NaN,
        "nauc_precision_at_1_max": 0.280419,
        "nauc_precision_at_1_std": -0.321222,
        "nauc_precision_at_1_diff1": 0.630083,
        "nauc_precision_at_3_max": 0.405108,
        "nauc_precision_at_3_std": -0.376968,
        "nauc_precision_at_3_diff1": 0.434811,
        "nauc_precision_at_5_max": 0.41028,
        "nauc_precision_at_5_std": -0.523352,
        "nauc_precision_at_5_diff1": 0.471532,
        "nauc_precision_at_10_max": 0.082514,
        "nauc_precision_at_10_std": 0.422691,
        "nauc_precision_at_10_diff1": 0.082514,
        "nauc_precision_at_20_max": 0.723135,
        "nauc_precision_at_20_std": 0.723135,
        "nauc_precision_at_20_diff1": 0.723135,
        "nauc_precision_at_100_max": NaN,
        "nauc_precision_at_100_std": NaN,
        "nauc_precision_at_100_diff1": NaN,
        "nauc_precision_at_1000_max": 1.0,
        "nauc_precision_at_1000_std": 1.0,
        "nauc_precision_at_1000_diff1": 1.0,
        "nauc_mrr_at_1_max": 0.280419,
        "nauc_mrr_at_1_std": -0.321222,
        "nauc_mrr_at_1_diff1": 0.630083,
        "nauc_mrr_at_3_max": 0.320831,
        "nauc_mrr_at_3_std": -0.322496,
        "nauc_mrr_at_3_diff1": 0.571129,
        "nauc_mrr_at_5_max": 0.316567,
        "nauc_mrr_at_5_std": -0.335916,
        "nauc_mrr_at_5_diff1": 0.584844,
        "nauc_mrr_at_10_max": 0.305769,
        "nauc_mrr_at_10_std": -0.312058,
        "nauc_mrr_at_10_diff1": 0.586854,
        "nauc_mrr_at_20_max": 0.308801,
        "nauc_mrr_at_20_std": -0.313582,
        "nauc_mrr_at_20_diff1": 0.590872,
        "nauc_mrr_at_100_max": 0.308524,
        "nauc_mrr_at_100_std": -0.314276,
        "nauc_mrr_at_100_diff1": 0.590784,
        "nauc_mrr_at_1000_max": 0.308524,
        "nauc_mrr_at_1000_std": -0.314276,
        "nauc_mrr_at_1000_diff1": 0.590784,
        "main_score": 0.80427,
        "hf_subset": "default",
        "languages": [
          "eng-Latn"
        ]
      }
    ]
  },
  "evaluation_time": 596.1556942462921,
  "kg_co2_emissions": null
}