{
  "dataset_revision": "dd157bbfa479359488c656981e3999da6f42e4e9",
  "task_name": "bar-exam-qa",
  "mteb_version": "1.38.49",
  "scores": {
    "test": [
      {
        "ndcg_at_1": 0.39316,
        "ndcg_at_3": 0.53296,
        "ndcg_at_5": 0.57564,
        "ndcg_at_10": 0.60465,
        "ndcg_at_20": 0.62639,
        "ndcg_at_100": 0.64535,
        "ndcg_at_1000": 0.64535,
        "map_at_1": 0.39316,
        "map_at_3": 0.49858,
        "map_at_5": 0.52251,
        "map_at_10": 0.53528,
        "map_at_20": 0.54132,
        "map_at_100": 0.54451,
        "map_at_1000": 0.54451,
        "recall_at_1": 0.39316,
        "recall_at_3": 0.63248,
        "recall_at_5": 0.73504,
        "recall_at_10": 0.82051,
        "recall_at_20": 0.90598,
        "recall_at_100": 1.0,
        "recall_at_1000": 1.0,
        "precision_at_1": 0.39316,
        "precision_at_3": 0.21083,
        "precision_at_5": 0.14701,
        "precision_at_10": 0.08205,
        "precision_at_20": 0.0453,
        "precision_at_100": 0.01,
        "precision_at_1000": 0.001,
        "mrr_at_1": 0.393162,
        "mrr_at_3": 0.498575,
        "mrr_at_5": 0.522507,
        "mrr_at_10": 0.535277,
        "mrr_at_20": 0.54132,
        "mrr_at_100": 0.544513,
        "mrr_at_1000": 0.544513,
        "nauc_ndcg_at_1_max": 0.284231,
        "nauc_ndcg_at_1_std": 0.112304,
        "nauc_ndcg_at_1_diff1": 0.469063,
        "nauc_ndcg_at_3_max": 0.311963,
        "nauc_ndcg_at_3_std": 0.029556,
        "nauc_ndcg_at_3_diff1": 0.387632,
        "nauc_ndcg_at_5_max": 0.289663,
        "nauc_ndcg_at_5_std": 0.016389,
        "nauc_ndcg_at_5_diff1": 0.364094,
        "nauc_ndcg_at_10_max": 0.291435,
        "nauc_ndcg_at_10_std": 0.007816,
        "nauc_ndcg_at_10_diff1": 0.362032,
        "nauc_ndcg_at_20_max": 0.318147,
        "nauc_ndcg_at_20_std": 0.048434,
        "nauc_ndcg_at_20_diff1": 0.395084,
        "nauc_ndcg_at_100_max": 0.304708,
        "nauc_ndcg_at_100_std": 0.039654,
        "nauc_ndcg_at_100_diff1": 0.398483,
        "nauc_ndcg_at_1000_max": 0.304708,
        "nauc_ndcg_at_1000_std": 0.039654,
        "nauc_ndcg_at_1000_diff1": 0.398483,
        "nauc_map_at_1_max": 0.284231,
        "nauc_map_at_1_std": 0.112304,
        "nauc_map_at_1_diff1": 0.469063,
        "nauc_map_at_3_max": 0.309515,
        "nauc_map_at_3_std": 0.04682,
        "nauc_map_at_3_diff1": 0.409659,
        "nauc_map_at_5_max": 0.297559,
        "nauc_map_at_5_std": 0.040195,
        "nauc_map_at_5_diff1": 0.397804,
        "nauc_map_at_10_max": 0.298999,
        "nauc_map_at_10_std": 0.037563,
        "nauc_map_at_10_diff1": 0.398598,
        "nauc_map_at_20_max": 0.305063,
        "nauc_map_at_20_std": 0.047194,
        "nauc_map_at_20_diff1": 0.406495,
        "nauc_map_at_100_max": 0.303368,
        "nauc_map_at_100_std": 0.04618,
        "nauc_map_at_100_diff1": 0.407377,
        "nauc_map_at_1000_max": 0.303368,
        "nauc_map_at_1000_std": 0.04618,
        "nauc_map_at_1000_diff1": 0.407377,
        "nauc_recall_at_1_max": 0.284231,
        "nauc_recall_at_1_std": 0.112304,
        "nauc_recall_at_1_diff1": 0.469063,
        "nauc_recall_at_3_max": 0.317722,
        "nauc_recall_at_3_std": -0.024717,
        "nauc_recall_at_3_diff1": 0.315461,
        "nauc_recall_at_5_max": 0.251659,
        "nauc_recall_at_5_std": -0.076861,
        "nauc_recall_at_5_diff1": 0.226707,
        "nauc_recall_at_10_max": 0.241159,
        "nauc_recall_at_10_std": -0.15356,
        "nauc_recall_at_10_diff1": 0.159399,
        "nauc_recall_at_20_max": 0.498407,
        "nauc_recall_at_20_std": 0.166695,
        "nauc_recall_at_20_diff1": 0.365203,
        "nauc_recall_at_100_max": NaN,
        "nauc_recall_at_100_std": NaN,
        "nauc_recall_at_100_diff1": NaN,
        "nauc_recall_at_1000_max": NaN,
        "nauc_recall_at_1000_std": NaN,
        "nauc_recall_at_1000_diff1": NaN,
        "nauc_precision_at_1_max": 0.284231,
        "nauc_precision_at_1_std": 0.112304,
        "nauc_precision_at_1_diff1": 0.469063,
        "nauc_precision_at_3_max": 0.317722,
        "nauc_precision_at_3_std": -0.024717,
        "nauc_precision_at_3_diff1": 0.315461,
        "nauc_precision_at_5_max": 0.251659,
        "nauc_precision_at_5_std": -0.076861,
        "nauc_precision_at_5_diff1": 0.226707,
        "nauc_precision_at_10_max": 0.241159,
        "nauc_precision_at_10_std": -0.15356,
        "nauc_precision_at_10_diff1": 0.159399,
        "nauc_precision_at_20_max": 0.498407,
        "nauc_precision_at_20_std": 0.166695,
        "nauc_precision_at_20_diff1": 0.365203,
        "nauc_precision_at_100_max": NaN,
        "nauc_precision_at_100_std": NaN,
        "nauc_precision_at_100_diff1": NaN,
        "nauc_precision_at_1000_max": 1.0,
        "nauc_precision_at_1000_std": 1.0,
        "nauc_precision_at_1000_diff1": 1.0,
        "nauc_mrr_at_1_max": 0.284231,
        "nauc_mrr_at_1_std": 0.112304,
        "nauc_mrr_at_1_diff1": 0.469063,
        "nauc_mrr_at_3_max": 0.309515,
        "nauc_mrr_at_3_std": 0.04682,
        "nauc_mrr_at_3_diff1": 0.409659,
        "nauc_mrr_at_5_max": 0.297559,
        "nauc_mrr_at_5_std": 0.040195,
        "nauc_mrr_at_5_diff1": 0.397804,
        "nauc_mrr_at_10_max": 0.298999,
        "nauc_mrr_at_10_std": 0.037563,
        "nauc_mrr_at_10_diff1": 0.398598,
        "nauc_mrr_at_20_max": 0.305063,
        "nauc_mrr_at_20_std": 0.047194,
        "nauc_mrr_at_20_diff1": 0.406495,
        "nauc_mrr_at_100_max": 0.303368,
        "nauc_mrr_at_100_std": 0.04618,
        "nauc_mrr_at_100_diff1": 0.407377,
        "nauc_mrr_at_1000_max": 0.303368,
        "nauc_mrr_at_1000_std": 0.04618,
        "nauc_mrr_at_1000_diff1": 0.407377,
        "main_score": 0.60465,
        "hf_subset": "default",
        "languages": [
          "eng-Latn"
        ]
      }
    ]
  },
  "evaluation_time": 261.60701060295105,
  "kg_co2_emissions": null
}