{
  "dataset_revision": "2095f248902963b4480ac96b774ba64b2104cbee",
  "task_name": "consumer-contracts-qa",
  "mteb_version": "1.38.49",
  "scores": {
    "test": [
      {
        "ndcg_at_1": 0.78788,
        "ndcg_at_3": 0.86862,
        "ndcg_at_5": 0.87733,
        "ndcg_at_10": 0.88376,
        "ndcg_at_20": 0.89031,
        "ndcg_at_100": 0.89227,
        "ndcg_at_1000": 0.89227,
        "map_at_1": 0.78788,
        "map_at_3": 0.84933,
        "map_at_5": 0.85438,
        "map_at_10": 0.85697,
        "map_at_20": 0.85885,
        "map_at_100": 0.85914,
        "map_at_1000": 0.85914,
        "recall_at_1": 0.78788,
        "recall_at_3": 0.92424,
        "recall_at_5": 0.94444,
        "recall_at_10": 0.96465,
        "recall_at_20": 0.9899,
        "recall_at_100": 1.0,
        "recall_at_1000": 1.0,
        "precision_at_1": 0.78788,
        "precision_at_3": 0.30808,
        "precision_at_5": 0.18889,
        "precision_at_10": 0.09646,
        "precision_at_20": 0.04949,
        "precision_at_100": 0.01,
        "precision_at_1000": 0.001,
        "mrr_at_1": 0.787879,
        "mrr_at_3": 0.849327,
        "mrr_at_5": 0.854377,
        "mrr_at_10": 0.856973,
        "mrr_at_20": 0.858848,
        "mrr_at_100": 0.859142,
        "mrr_at_1000": 0.859142,
        "nauc_ndcg_at_1_max": 0.523185,
        "nauc_ndcg_at_1_std": -0.007074,
        "nauc_ndcg_at_1_diff1": 0.822431,
        "nauc_ndcg_at_3_max": 0.616693,
        "nauc_ndcg_at_3_std": 0.097579,
        "nauc_ndcg_at_3_diff1": 0.822006,
        "nauc_ndcg_at_5_max": 0.601278,
        "nauc_ndcg_at_5_std": 0.065372,
        "nauc_ndcg_at_5_diff1": 0.828332,
        "nauc_ndcg_at_10_max": 0.599969,
        "nauc_ndcg_at_10_std": 0.065259,
        "nauc_ndcg_at_10_diff1": 0.836571,
        "nauc_ndcg_at_20_max": 0.581701,
        "nauc_ndcg_at_20_std": 0.071056,
        "nauc_ndcg_at_20_diff1": 0.829594,
        "nauc_ndcg_at_100_max": 0.577555,
        "nauc_ndcg_at_100_std": 0.053107,
        "nauc_ndcg_at_100_diff1": 0.82755,
        "nauc_ndcg_at_1000_max": 0.577555,
        "nauc_ndcg_at_1000_std": 0.053107,
        "nauc_ndcg_at_1000_diff1": 0.82755,
        "nauc_map_at_1_max": 0.523185,
        "nauc_map_at_1_std": -0.007074,
        "nauc_map_at_1_diff1": 0.822431,
        "nauc_map_at_3_max": 0.58597,
        "nauc_map_at_3_std": 0.064952,
        "nauc_map_at_3_diff1": 0.82306,
        "nauc_map_at_5_max": 0.577245,
        "nauc_map_at_5_std": 0.047886,
        "nauc_map_at_5_diff1": 0.826215,
        "nauc_map_at_10_max": 0.575939,
        "nauc_map_at_10_std": 0.047447,
        "nauc_map_at_10_diff1": 0.828378,
        "nauc_map_at_20_max": 0.571412,
        "nauc_map_at_20_std": 0.047661,
        "nauc_map_at_20_diff1": 0.826724,
        "nauc_map_at_100_max": 0.570909,
        "nauc_map_at_100_std": 0.045553,
        "nauc_map_at_100_diff1": 0.826479,
        "nauc_map_at_1000_max": 0.570909,
        "nauc_map_at_1000_std": 0.045553,
        "nauc_map_at_1000_diff1": 0.826479,
        "nauc_recall_at_1_max": 0.523185,
        "nauc_recall_at_1_std": -0.007074,
        "nauc_recall_at_1_diff1": 0.822431,
        "nauc_recall_at_3_max": 0.782995,
        "nauc_recall_at_3_std": 0.272805,
        "nauc_recall_at_3_diff1": 0.815587,
        "nauc_recall_at_5_max": 0.768412,
        "nauc_recall_at_5_std": 0.179709,
        "nauc_recall_at_5_diff1": 0.844054,
        "nauc_recall_at_10_max": 0.859156,
        "nauc_recall_at_10_std": 0.244368,
        "nauc_recall_at_10_diff1": 0.943915,
        "nauc_recall_at_20_max": 0.795419,
        "nauc_recall_at_20_std": 1.0,
        "nauc_recall_at_20_diff1": 0.934567,
        "nauc_recall_at_100_max": NaN,
        "nauc_recall_at_100_std": NaN,
        "nauc_recall_at_100_diff1": NaN,
        "nauc_recall_at_1000_max": NaN,
        "nauc_recall_at_1000_std": NaN,
        "nauc_recall_at_1000_diff1": NaN,
        "nauc_precision_at_1_max": 0.523185,
        "nauc_precision_at_1_std": -0.007074,
        "nauc_precision_at_1_diff1": 0.822431,
        "nauc_precision_at_3_max": 0.782995,
        "nauc_precision_at_3_std": 0.272805,
        "nauc_precision_at_3_diff1": 0.815587,
        "nauc_precision_at_5_max": 0.768412,
        "nauc_precision_at_5_std": 0.179709,
        "nauc_precision_at_5_diff1": 0.844054,
        "nauc_precision_at_10_max": 0.859156,
        "nauc_precision_at_10_std": 0.244368,
        "nauc_precision_at_10_diff1": 0.943915,
        "nauc_precision_at_20_max": 0.795419,
        "nauc_precision_at_20_std": 1.0,
        "nauc_precision_at_20_diff1": 0.934567,
        "nauc_precision_at_100_max": 1.0,
        "nauc_precision_at_100_std": 1.0,
        "nauc_precision_at_100_diff1": 1.0,
        "nauc_precision_at_1000_max": 1.0,
        "nauc_precision_at_1000_std": 1.0,
        "nauc_precision_at_1000_diff1": 1.0,
        "nauc_mrr_at_1_max": 0.523185,
        "nauc_mrr_at_1_std": -0.007074,
        "nauc_mrr_at_1_diff1": 0.822431,
        "nauc_mrr_at_3_max": 0.58597,
        "nauc_mrr_at_3_std": 0.064952,
        "nauc_mrr_at_3_diff1": 0.82306,
        "nauc_mrr_at_5_max": 0.577245,
        "nauc_mrr_at_5_std": 0.047886,
        "nauc_mrr_at_5_diff1": 0.826215,
        "nauc_mrr_at_10_max": 0.575939,
        "nauc_mrr_at_10_std": 0.047447,
        "nauc_mrr_at_10_diff1": 0.828378,
        "nauc_mrr_at_20_max": 0.571412,
        "nauc_mrr_at_20_std": 0.047661,
        "nauc_mrr_at_20_diff1": 0.826724,
        "nauc_mrr_at_100_max": 0.570909,
        "nauc_mrr_at_100_std": 0.045553,
        "nauc_mrr_at_100_diff1": 0.826479,
        "nauc_mrr_at_1000_max": 0.570909,
        "nauc_mrr_at_1000_std": 0.045553,
        "nauc_mrr_at_1000_diff1": 0.826479,
        "main_score": 0.88376,
        "hf_subset": "default",
        "languages": [
          "eng-Latn"
        ]
      }
    ]
  },
  "evaluation_time": 222.56957721710205,
  "kg_co2_emissions": null
}