{
  "dataset_revision": "48ed7bcb1f50896a0f71461a04b2df0ca84329d9",
  "task_name": "contractual-clause-retrieval",
  "mteb_version": "1.38.49",
  "scores": {
    "test": [
      {
        "ndcg_at_1": 0.82222,
        "ndcg_at_3": 0.80114,
        "ndcg_at_5": 0.83456,
        "ndcg_at_10": 0.86974,
        "ndcg_at_20": 0.87616,
        "ndcg_at_100": 0.87913,
        "ndcg_at_1000": 0.87913,
        "map_at_1": 0.41111,
        "map_at_3": 0.76481,
        "map_at_5": 0.79481,
        "map_at_10": 0.81534,
        "map_at_20": 0.81723,
        "map_at_100": 0.81819,
        "map_at_1000": 0.81819,
        "recall_at_1": 0.41111,
        "recall_at_3": 0.81111,
        "recall_at_5": 0.87778,
        "recall_at_10": 0.96667,
        "recall_at_20": 0.98889,
        "recall_at_100": 1.0,
        "recall_at_1000": 1.0,
        "precision_at_1": 0.82222,
        "precision_at_3": 0.54074,
        "precision_at_5": 0.35111,
        "precision_at_10": 0.19333,
        "precision_at_20": 0.09889,
        "precision_at_100": 0.02,
        "precision_at_1000": 0.002,
        "mrr_at_1": 0.822222,
        "mrr_at_3": 0.862963,
        "mrr_at_5": 0.862963,
        "mrr_at_10": 0.869136,
        "mrr_at_20": 0.870305,
        "mrr_at_100": 0.870305,
        "mrr_at_1000": 0.870305,
        "nauc_ndcg_at_1_max": 0.815044,
        "nauc_ndcg_at_1_std": -0.096161,
        "nauc_ndcg_at_1_diff1": 0.66939,
        "nauc_ndcg_at_3_max": 0.75563,
        "nauc_ndcg_at_3_std": -0.099713,
        "nauc_ndcg_at_3_diff1": 0.400878,
        "nauc_ndcg_at_5_max": 0.743965,
        "nauc_ndcg_at_5_std": -0.007341,
        "nauc_ndcg_at_5_diff1": 0.49635,
        "nauc_ndcg_at_10_max": 0.753941,
        "nauc_ndcg_at_10_std": -0.142841,
        "nauc_ndcg_at_10_diff1": 0.514192,
        "nauc_ndcg_at_20_max": 0.758926,
        "nauc_ndcg_at_20_std": -0.13378,
        "nauc_ndcg_at_20_diff1": 0.517701,
        "nauc_ndcg_at_100_max": 0.770026,
        "nauc_ndcg_at_100_std": -0.105366,
        "nauc_ndcg_at_100_diff1": 0.512009,
        "nauc_ndcg_at_1000_max": 0.770026,
        "nauc_ndcg_at_1000_std": -0.105366,
        "nauc_ndcg_at_1000_diff1": 0.512009,
        "nauc_map_at_1_max": 0.815044,
        "nauc_map_at_1_std": -0.096161,
        "nauc_map_at_1_diff1": 0.66939,
        "nauc_map_at_3_max": 0.757148,
        "nauc_map_at_3_std": -0.121352,
        "nauc_map_at_3_diff1": 0.366267,
        "nauc_map_at_5_max": 0.749262,
        "nauc_map_at_5_std": -0.057541,
        "nauc_map_at_5_diff1": 0.432866,
        "nauc_map_at_10_max": 0.763312,
        "nauc_map_at_10_std": -0.108656,
        "nauc_map_at_10_diff1": 0.447884,
        "nauc_map_at_20_max": 0.763113,
        "nauc_map_at_20_std": -0.110101,
        "nauc_map_at_20_diff1": 0.449032,
        "nauc_map_at_100_max": 0.765591,
        "nauc_map_at_100_std": -0.103677,
        "nauc_map_at_100_diff1": 0.447355,
        "nauc_map_at_1000_max": 0.765591,
        "nauc_map_at_1000_std": -0.103677,
        "nauc_map_at_1000_diff1": 0.447355,
        "nauc_recall_at_1_max": 0.815044,
        "nauc_recall_at_1_std": -0.096161,
        "nauc_recall_at_1_diff1": 0.66939,
        "nauc_recall_at_3_max": 0.716603,
        "nauc_recall_at_3_std": -0.070545,
        "nauc_recall_at_3_diff1": 0.283716,
        "nauc_recall_at_5_max": 0.65615,
        "nauc_recall_at_5_std": 0.184526,
        "nauc_recall_at_5_diff1": 0.468964,
        "nauc_recall_at_10_max": 0.528265,
        "nauc_recall_at_10_std": -0.590862,
        "nauc_recall_at_10_diff1": 0.524805,
        "nauc_recall_at_20_max": 0.35696,
        "nauc_recall_at_20_std": -1.162812,
        "nauc_recall_at_20_diff1": 0.723816,
        "nauc_recall_at_100_max": NaN,
        "nauc_recall_at_100_std": NaN,
        "nauc_recall_at_100_diff1": NaN,
        "nauc_recall_at_1000_max": NaN,
        "nauc_recall_at_1000_std": NaN,
        "nauc_recall_at_1000_diff1": NaN,
        "nauc_precision_at_1_max": 0.815044,
        "nauc_precision_at_1_std": -0.096161,
        "nauc_precision_at_1_diff1": 0.66939,
        "nauc_precision_at_3_max": 0.716603,
        "nauc_precision_at_3_std": -0.070545,
        "nauc_precision_at_3_diff1": 0.283716,
        "nauc_precision_at_5_max": 0.65615,
        "nauc_precision_at_5_std": 0.184526,
        "nauc_precision_at_5_diff1": 0.468964,
        "nauc_precision_at_10_max": 0.528265,
        "nauc_precision_at_10_std": -0.590862,
        "nauc_precision_at_10_diff1": 0.524805,
        "nauc_precision_at_20_max": 0.35696,
        "nauc_precision_at_20_std": -1.162812,
        "nauc_precision_at_20_diff1": 0.723816,
        "nauc_precision_at_100_max": 1.0,
        "nauc_precision_at_100_std": 1.0,
        "nauc_precision_at_100_diff1": 1.0,
        "nauc_precision_at_1000_max": NaN,
        "nauc_precision_at_1000_std": NaN,
        "nauc_precision_at_1000_diff1": NaN,
        "nauc_mrr_at_1_max": 0.815044,
        "nauc_mrr_at_1_std": -0.096161,
        "nauc_mrr_at_1_diff1": 0.66939,
        "nauc_mrr_at_3_max": 0.798055,
        "nauc_mrr_at_3_std": -0.074932,
        "nauc_mrr_at_3_diff1": 0.701925,
        "nauc_mrr_at_5_max": 0.798055,
        "nauc_mrr_at_5_std": -0.074932,
        "nauc_mrr_at_5_diff1": 0.701925,
        "nauc_mrr_at_10_max": 0.791844,
        "nauc_mrr_at_10_std": -0.120307,
        "nauc_mrr_at_10_diff1": 0.693494,
        "nauc_mrr_at_20_max": 0.795995,
        "nauc_mrr_at_20_std": -0.110355,
        "nauc_mrr_at_20_diff1": 0.693204,
        "nauc_mrr_at_100_max": 0.795995,
        "nauc_mrr_at_100_std": -0.110355,
        "nauc_mrr_at_100_diff1": 0.693204,
        "nauc_mrr_at_1000_max": 0.795995,
        "nauc_mrr_at_1000_std": -0.110355,
        "nauc_mrr_at_1000_diff1": 0.693204,
        "main_score": 0.86974,
        "hf_subset": "default",
        "languages": [
          "eng-Latn"
        ]
      }
    ]
  },
  "evaluation_time": 112.18716526031494,
  "kg_co2_emissions": null
}