{
  "dataset_revision": "f5452494f09a6d51c37b56883a65ef742ac07c99",
  "task_name": "echr-retrieval",
  "mteb_version": "1.39.7",
  "scores": {
    "test": [
      {
        "ndcg_at_1": 0.155,
        "ndcg_at_3": 0.23232,
        "ndcg_at_5": 0.26287,
        "ndcg_at_10": 0.31006,
        "ndcg_at_20": 0.3507,
        "ndcg_at_100": 0.40396,
        "ndcg_at_1000": 0.41021,
        "map_at_1": 0.155,
        "map_at_3": 0.2125,
        "map_at_5": 0.22925,
        "map_at_10": 0.2489,
        "map_at_20": 0.26017,
        "map_at_100": 0.26764,
        "map_at_1000": 0.26795,
        "recall_at_1": 0.155,
        "recall_at_3": 0.29,
        "recall_at_5": 0.365,
        "recall_at_10": 0.51,
        "recall_at_20": 0.67,
        "recall_at_100": 0.955,
        "recall_at_1000": 1.0,
        "precision_at_1": 0.155,
        "precision_at_3": 0.09667,
        "precision_at_5": 0.073,
        "precision_at_10": 0.051,
        "precision_at_20": 0.0335,
        "precision_at_100": 0.00955,
        "precision_at_1000": 0.001,
        "mrr_at_1": 0.155,
        "mrr_at_3": 0.2125,
        "mrr_at_5": 0.22925,
        "mrr_at_10": 0.248905,
        "mrr_at_20": 0.260168,
        "mrr_at_100": 0.267642,
        "mrr_at_1000": 0.267953,
        "nauc_ndcg_at_1_max": 0.278578,
        "nauc_ndcg_at_1_std": 0.084729,
        "nauc_ndcg_at_1_diff1": 0.227062,
        "nauc_ndcg_at_3_max": 0.32567,
        "nauc_ndcg_at_3_std": 0.133367,
        "nauc_ndcg_at_3_diff1": 0.128761,
        "nauc_ndcg_at_5_max": 0.371079,
        "nauc_ndcg_at_5_std": 0.167148,
        "nauc_ndcg_at_5_diff1": 0.112305,
        "nauc_ndcg_at_10_max": 0.436233,
        "nauc_ndcg_at_10_std": 0.221478,
        "nauc_ndcg_at_10_diff1": 0.105353,
        "nauc_ndcg_at_20_max": 0.454151,
        "nauc_ndcg_at_20_std": 0.258899,
        "nauc_ndcg_at_20_diff1": 0.119217,
        "nauc_ndcg_at_100_max": 0.40296,
        "nauc_ndcg_at_100_std": 0.20875,
        "nauc_ndcg_at_100_diff1": 0.127905,
        "nauc_ndcg_at_1000_max": 0.394455,
        "nauc_ndcg_at_1000_std": 0.195874,
        "nauc_ndcg_at_1000_diff1": 0.131336,
        "nauc_map_at_1_max": 0.278578,
        "nauc_map_at_1_std": 0.084729,
        "nauc_map_at_1_diff1": 0.227062,
        "nauc_map_at_3_max": 0.314607,
        "nauc_map_at_3_std": 0.117857,
        "nauc_map_at_3_diff1": 0.154397,
        "nauc_map_at_5_max": 0.3422,
        "nauc_map_at_5_std": 0.138701,
        "nauc_map_at_5_diff1": 0.143275,
        "nauc_map_at_10_max": 0.372713,
        "nauc_map_at_10_std": 0.164479,
        "nauc_map_at_10_diff1": 0.139816,
        "nauc_map_at_20_max": 0.375592,
        "nauc_map_at_20_std": 0.173578,
        "nauc_map_at_20_diff1": 0.143741,
        "nauc_map_at_100_max": 0.367556,
        "nauc_map_at_100_std": 0.166083,
        "nauc_map_at_100_diff1": 0.145365,
        "nauc_map_at_1000_max": 0.36715,
        "nauc_map_at_1000_std": 0.165477,
        "nauc_map_at_1000_diff1": 0.14546,
        "nauc_recall_at_1_max": 0.278578,
        "nauc_recall_at_1_std": 0.084729,
        "nauc_recall_at_1_diff1": 0.227062,
        "nauc_recall_at_3_max": 0.352781,
        "nauc_recall_at_3_std": 0.172582,
        "nauc_recall_at_3_diff1": 0.06519,
        "nauc_recall_at_5_max": 0.443338,
        "nauc_recall_at_5_std": 0.238326,
        "nauc_recall_at_5_diff1": 0.037672,
        "nauc_recall_at_10_max": 0.611156,
        "nauc_recall_at_10_std": 0.377112,
        "nauc_recall_at_10_diff1": 0.018847,
        "nauc_recall_at_20_max": 0.736927,
        "nauc_recall_at_20_std": 0.571854,
        "nauc_recall_at_20_diff1": 0.057372,
        "nauc_recall_at_100_max": 0.722482,
        "nauc_recall_at_100_std": 0.691617,
        "nauc_recall_at_100_diff1": -0.017222,
        "nauc_recall_at_1000_max": NaN,
        "nauc_recall_at_1000_std": NaN,
        "nauc_recall_at_1000_diff1": NaN,
        "nauc_precision_at_1_max": 0.278578,
        "nauc_precision_at_1_std": 0.084729,
        "nauc_precision_at_1_diff1": 0.227062,
        "nauc_precision_at_3_max": 0.352781,
        "nauc_precision_at_3_std": 0.172582,
        "nauc_precision_at_3_diff1": 0.06519,
        "nauc_precision_at_5_max": 0.443338,
        "nauc_precision_at_5_std": 0.238326,
        "nauc_precision_at_5_diff1": 0.037672,
        "nauc_precision_at_10_max": 0.611156,
        "nauc_precision_at_10_std": 0.377112,
        "nauc_precision_at_10_diff1": 0.018847,
        "nauc_precision_at_20_max": 0.736927,
        "nauc_precision_at_20_std": 0.571854,
        "nauc_precision_at_20_diff1": 0.057372,
        "nauc_precision_at_100_max": 0.722482,
        "nauc_precision_at_100_std": 0.691617,
        "nauc_precision_at_100_diff1": -0.017222,
        "nauc_precision_at_1000_max": 1.0,
        "nauc_precision_at_1000_std": 1.0,
        "nauc_precision_at_1000_diff1": 1.0,
        "nauc_mrr_at_1_max": 0.278578,
        "nauc_mrr_at_1_std": 0.084729,
        "nauc_mrr_at_1_diff1": 0.227062,
        "nauc_mrr_at_3_max": 0.314607,
        "nauc_mrr_at_3_std": 0.117857,
        "nauc_mrr_at_3_diff1": 0.154397,
        "nauc_mrr_at_5_max": 0.3422,
        "nauc_mrr_at_5_std": 0.138701,
        "nauc_mrr_at_5_diff1": 0.143275,
        "nauc_mrr_at_10_max": 0.372713,
        "nauc_mrr_at_10_std": 0.164479,
        "nauc_mrr_at_10_diff1": 0.139816,
        "nauc_mrr_at_20_max": 0.375592,
        "nauc_mrr_at_20_std": 0.173578,
        "nauc_mrr_at_20_diff1": 0.143741,
        "nauc_mrr_at_100_max": 0.367556,
        "nauc_mrr_at_100_std": 0.166083,
        "nauc_mrr_at_100_diff1": 0.145365,
        "nauc_mrr_at_1000_max": 0.36715,
        "nauc_mrr_at_1000_std": 0.165477,
        "nauc_mrr_at_1000_diff1": 0.14546,
        "main_score": 0.31006,
        "hf_subset": "default",
        "languages": [
          "eng-Latn"
        ]
      }
    ]
  },
  "evaluation_time": 186.89945435523987,
  "kg_co2_emissions": null
}