{
  "dataset_revision": "8d41f3d22bb73685b6f42b62ad95940ea3dfbf84",
  "task_name": "gdpr-holdings-retrieval",
  "mteb_version": "1.38.49",
  "scores": {
    "test": [
      {
        "ndcg_at_1": 0.766,
        "ndcg_at_3": 0.83426,
        "ndcg_at_5": 0.84519,
        "ndcg_at_10": 0.85377,
        "ndcg_at_20": 0.85947,
        "ndcg_at_100": 0.86575,
        "ndcg_at_1000": 0.86765,
        "map_at_1": 0.766,
        "map_at_3": 0.81833,
        "map_at_5": 0.82453,
        "map_at_10": 0.82817,
        "map_at_20": 0.82981,
        "map_at_100": 0.83081,
        "map_at_1000": 0.83089,
        "recall_at_1": 0.766,
        "recall_at_3": 0.88,
        "recall_at_5": 0.906,
        "recall_at_10": 0.932,
        "recall_at_20": 0.954,
        "recall_at_100": 0.986,
        "recall_at_1000": 1.0,
        "precision_at_1": 0.766,
        "precision_at_3": 0.29333,
        "precision_at_5": 0.1812,
        "precision_at_10": 0.0932,
        "precision_at_20": 0.0477,
        "precision_at_100": 0.00986,
        "precision_at_1000": 0.001,
        "mrr_at_1": 0.766,
        "mrr_at_3": 0.818333,
        "mrr_at_5": 0.824533,
        "mrr_at_10": 0.828174,
        "mrr_at_20": 0.829805,
        "mrr_at_100": 0.830805,
        "mrr_at_1000": 0.830893,
        "nauc_ndcg_at_1_max": 0.556978,
        "nauc_ndcg_at_1_std": -0.190451,
        "nauc_ndcg_at_1_diff1": 0.844768,
        "nauc_ndcg_at_3_max": 0.649269,
        "nauc_ndcg_at_3_std": -0.137307,
        "nauc_ndcg_at_3_diff1": 0.796198,
        "nauc_ndcg_at_5_max": 0.646954,
        "nauc_ndcg_at_5_std": -0.11545,
        "nauc_ndcg_at_5_diff1": 0.79182,
        "nauc_ndcg_at_10_max": 0.640426,
        "nauc_ndcg_at_10_std": -0.094069,
        "nauc_ndcg_at_10_diff1": 0.797109,
        "nauc_ndcg_at_20_max": 0.63424,
        "nauc_ndcg_at_20_std": -0.08428,
        "nauc_ndcg_at_20_diff1": 0.80026,
        "nauc_ndcg_at_100_max": 0.625959,
        "nauc_ndcg_at_100_std": -0.104797,
        "nauc_ndcg_at_100_diff1": 0.802277,
        "nauc_ndcg_at_1000_max": 0.625337,
        "nauc_ndcg_at_1000_std": -0.114958,
        "nauc_ndcg_at_1000_diff1": 0.8066,
        "nauc_map_at_1_max": 0.556978,
        "nauc_map_at_1_std": -0.190451,
        "nauc_map_at_1_diff1": 0.844768,
        "nauc_map_at_3_max": 0.624237,
        "nauc_map_at_3_std": -0.151295,
        "nauc_map_at_3_diff1": 0.81062,
        "nauc_map_at_5_max": 0.622225,
        "nauc_map_at_5_std": -0.140053,
        "nauc_map_at_5_diff1": 0.808677,
        "nauc_map_at_10_max": 0.61924,
        "nauc_map_at_10_std": -0.132052,
        "nauc_map_at_10_diff1": 0.810924,
        "nauc_map_at_20_max": 0.617675,
        "nauc_map_at_20_std": -0.129613,
        "nauc_map_at_20_diff1": 0.811888,
        "nauc_map_at_100_max": 0.616614,
        "nauc_map_at_100_std": -0.132252,
        "nauc_map_at_100_diff1": 0.812253,
        "nauc_map_at_1000_max": 0.616629,
        "nauc_map_at_1000_std": -0.132618,
        "nauc_map_at_1000_diff1": 0.812489,
        "nauc_recall_at_1_max": 0.556978,
        "nauc_recall_at_1_std": -0.190451,
        "nauc_recall_at_1_diff1": 0.844768,
        "nauc_recall_at_3_max": 0.751233,
        "nauc_recall_at_3_std": -0.080608,
        "nauc_recall_at_3_diff1": 0.736629,
        "nauc_recall_at_5_max": 0.767994,
        "nauc_recall_at_5_std": 0.009248,
        "nauc_recall_at_5_diff1": 0.707253,
        "nauc_recall_at_10_max": 0.77499,
        "nauc_recall_at_10_std": 0.178022,
        "nauc_recall_at_10_diff1": 0.708038,
        "nauc_recall_at_20_max": 0.767954,
        "nauc_recall_at_20_std": 0.403443,
        "nauc_recall_at_20_diff1": 0.698311,
        "nauc_recall_at_100_max": 0.684941,
        "nauc_recall_at_100_std": 0.562892,
        "nauc_recall_at_100_diff1": 0.552554,
        "nauc_recall_at_1000_max": NaN,
        "nauc_recall_at_1000_std": NaN,
        "nauc_recall_at_1000_diff1": NaN,
        "nauc_precision_at_1_max": 0.556978,
        "nauc_precision_at_1_std": -0.190451,
        "nauc_precision_at_1_diff1": 0.844768,
        "nauc_precision_at_3_max": 0.751233,
        "nauc_precision_at_3_std": -0.080608,
        "nauc_precision_at_3_diff1": 0.736629,
        "nauc_precision_at_5_max": 0.767994,
        "nauc_precision_at_5_std": 0.009248,
        "nauc_precision_at_5_diff1": 0.707253,
        "nauc_precision_at_10_max": 0.77499,
        "nauc_precision_at_10_std": 0.178022,
        "nauc_precision_at_10_diff1": 0.708038,
        "nauc_precision_at_20_max": 0.767954,
        "nauc_precision_at_20_std": 0.403443,
        "nauc_precision_at_20_diff1": 0.698311,
        "nauc_precision_at_100_max": 0.684941,
        "nauc_precision_at_100_std": 0.562892,
        "nauc_precision_at_100_diff1": 0.552554,
        "nauc_precision_at_1000_max": 1.0,
        "nauc_precision_at_1000_std": 1.0,
        "nauc_precision_at_1000_diff1": 1.0,
        "nauc_mrr_at_1_max": 0.556978,
        "nauc_mrr_at_1_std": -0.190451,
        "nauc_mrr_at_1_diff1": 0.844768,
        "nauc_mrr_at_3_max": 0.624237,
        "nauc_mrr_at_3_std": -0.151295,
        "nauc_mrr_at_3_diff1": 0.81062,
        "nauc_mrr_at_5_max": 0.622225,
        "nauc_mrr_at_5_std": -0.140053,
        "nauc_mrr_at_5_diff1": 0.808677,
        "nauc_mrr_at_10_max": 0.61924,
        "nauc_mrr_at_10_std": -0.132052,
        "nauc_mrr_at_10_diff1": 0.810924,
        "nauc_mrr_at_20_max": 0.617675,
        "nauc_mrr_at_20_std": -0.129613,
        "nauc_mrr_at_20_diff1": 0.811888,
        "nauc_mrr_at_100_max": 0.616614,
        "nauc_mrr_at_100_std": -0.132252,
        "nauc_mrr_at_100_diff1": 0.812253,
        "nauc_mrr_at_1000_max": 0.616629,
        "nauc_mrr_at_1000_std": -0.132618,
        "nauc_mrr_at_1000_diff1": 0.812489,
        "main_score": 0.85377,
        "hf_subset": "default",
        "languages": [
          "eng-Latn"
        ]
      }
    ]
  },
  "evaluation_time": 1576.289535522461,
  "kg_co2_emissions": null
}