{
  "dataset_revision": "66d23b0ce609450ce24d0fc85e9bac69aba90b84",
  "task_name": "housing-qa",
  "mteb_version": "1.38.49",
  "scores": {
    "test": [
      {
        "ndcg_at_1": 0.24299,
        "ndcg_at_3": 0.24874,
        "ndcg_at_5": 0.24885,
        "ndcg_at_10": 0.28863,
        "ndcg_at_20": 0.35256,
        "ndcg_at_100": 0.44787,
        "ndcg_at_1000": 0.4843,
        "map_at_1": 0.09216,
        "map_at_3": 0.14627,
        "map_at_5": 0.16397,
        "map_at_10": 0.19494,
        "map_at_20": 0.22179,
        "map_at_100": 0.24678,
        "map_at_1000": 0.2518,
        "recall_at_1": 0.09216,
        "recall_at_3": 0.18795,
        "recall_at_5": 0.23418,
        "recall_at_10": 0.36629,
        "recall_at_20": 0.53493,
        "recall_at_100": 0.84766,
        "recall_at_1000": 1.0,
        "precision_at_1": 0.24299,
        "precision_at_3": 0.19626,
        "precision_at_5": 0.16075,
        "precision_at_10": 0.12804,
        "precision_at_20": 0.1014,
        "precision_at_100": 0.03729,
        "precision_at_1000": 0.00467,
        "mrr_at_1": 0.242991,
        "mrr_at_3": 0.330218,
        "mrr_at_5": 0.347508,
        "mrr_at_10": 0.371788,
        "mrr_at_20": 0.385963,
        "mrr_at_100": 0.388732,
        "mrr_at_1000": 0.388887,
        "nauc_ndcg_at_1_max": 0.21733,
        "nauc_ndcg_at_1_std": 0.038667,
        "nauc_ndcg_at_1_diff1": 0.079939,
        "nauc_ndcg_at_3_max": 0.178367,
        "nauc_ndcg_at_3_std": -0.047591,
        "nauc_ndcg_at_3_diff1": 0.055402,
        "nauc_ndcg_at_5_max": 0.191958,
        "nauc_ndcg_at_5_std": -0.101045,
        "nauc_ndcg_at_5_diff1": 0.114807,
        "nauc_ndcg_at_10_max": 0.212537,
        "nauc_ndcg_at_10_std": -0.162364,
        "nauc_ndcg_at_10_diff1": 0.105774,
        "nauc_ndcg_at_20_max": 0.168064,
        "nauc_ndcg_at_20_std": -0.176589,
        "nauc_ndcg_at_20_diff1": 0.078223,
        "nauc_ndcg_at_100_max": 0.226062,
        "nauc_ndcg_at_100_std": -0.067697,
        "nauc_ndcg_at_100_diff1": 0.094576,
        "nauc_ndcg_at_1000_max": 0.212973,
        "nauc_ndcg_at_1000_std": -0.038735,
        "nauc_ndcg_at_1000_diff1": 0.108169,
        "nauc_map_at_1_max": 0.131458,
        "nauc_map_at_1_std": -0.237008,
        "nauc_map_at_1_diff1": 0.032849,
        "nauc_map_at_3_max": 0.11285,
        "nauc_map_at_3_std": -0.194624,
        "nauc_map_at_3_diff1": 0.016982,
        "nauc_map_at_5_max": 0.130459,
        "nauc_map_at_5_std": -0.205307,
        "nauc_map_at_5_diff1": 0.077044,
        "nauc_map_at_10_max": 0.148786,
        "nauc_map_at_10_std": -0.215297,
        "nauc_map_at_10_diff1": 0.066585,
        "nauc_map_at_20_max": 0.147195,
        "nauc_map_at_20_std": -0.212657,
        "nauc_map_at_20_diff1": 0.067202,
        "nauc_map_at_100_max": 0.17073,
        "nauc_map_at_100_std": -0.175687,
        "nauc_map_at_100_diff1": 0.073447,
        "nauc_map_at_1000_max": 0.172619,
        "nauc_map_at_1000_std": -0.167576,
        "nauc_map_at_1000_diff1": 0.077768,
        "nauc_recall_at_1_max": 0.131458,
        "nauc_recall_at_1_std": -0.237008,
        "nauc_recall_at_1_diff1": 0.032849,
        "nauc_recall_at_3_max": 0.087552,
        "nauc_recall_at_3_std": -0.163095,
        "nauc_recall_at_3_diff1": 0.009208,
        "nauc_recall_at_5_max": 0.142576,
        "nauc_recall_at_5_std": -0.181347,
        "nauc_recall_at_5_diff1": 0.108161,
        "nauc_recall_at_10_max": 0.220209,
        "nauc_recall_at_10_std": -0.220038,
        "nauc_recall_at_10_diff1": 0.102518,
        "nauc_recall_at_20_max": 0.109109,
        "nauc_recall_at_20_std": -0.26747,
        "nauc_recall_at_20_diff1": 0.020942,
        "nauc_recall_at_100_max": 0.28903,
        "nauc_recall_at_100_std": -0.083252,
        "nauc_recall_at_100_diff1": 0.040002,
        "nauc_recall_at_1000_max": NaN,
        "nauc_recall_at_1000_std": NaN,
        "nauc_recall_at_1000_diff1": NaN,
        "nauc_precision_at_1_max": 0.21733,
        "nauc_precision_at_1_std": 0.038667,
        "nauc_precision_at_1_diff1": 0.079939,
        "nauc_precision_at_3_max": 0.152443,
        "nauc_precision_at_3_std": 0.015614,
        "nauc_precision_at_3_diff1": 0.052264,
        "nauc_precision_at_5_max": 0.160186,
        "nauc_precision_at_5_std": -0.026929,
        "nauc_precision_at_5_diff1": 0.205554,
        "nauc_precision_at_10_max": 0.250645,
        "nauc_precision_at_10_std": 0.026753,
        "nauc_precision_at_10_diff1": 0.189591,
        "nauc_precision_at_20_max": 0.173863,
        "nauc_precision_at_20_std": 0.090574,
        "nauc_precision_at_20_diff1": 0.163804,
        "nauc_precision_at_100_max": 0.196128,
        "nauc_precision_at_100_std": 0.364515,
        "nauc_precision_at_100_diff1": 0.108612,
        "nauc_precision_at_1000_max": 0.130339,
        "nauc_precision_at_1000_std": 0.396079,
        "nauc_precision_at_1000_diff1": 0.125273,
        "nauc_mrr_at_1_max": 0.21733,
        "nauc_mrr_at_1_std": 0.038667,
        "nauc_mrr_at_1_diff1": 0.079939,
        "nauc_mrr_at_3_max": 0.212256,
        "nauc_mrr_at_3_std": 0.041297,
        "nauc_mrr_at_3_diff1": 0.095781,
        "nauc_mrr_at_5_max": 0.223286,
        "nauc_mrr_at_5_std": 0.025367,
        "nauc_mrr_at_5_diff1": 0.109859,
        "nauc_mrr_at_10_max": 0.250785,
        "nauc_mrr_at_10_std": 0.03484,
        "nauc_mrr_at_10_diff1": 0.123731,
        "nauc_mrr_at_20_max": 0.233344,
        "nauc_mrr_at_20_std": 0.033313,
        "nauc_mrr_at_20_diff1": 0.113005,
        "nauc_mrr_at_100_max": 0.235704,
        "nauc_mrr_at_100_std": 0.033266,
        "nauc_mrr_at_100_diff1": 0.11327,
        "nauc_mrr_at_1000_max": 0.235508,
        "nauc_mrr_at_1000_std": 0.033217,
        "nauc_mrr_at_1000_diff1": 0.112882,
        "main_score": 0.28863,
        "hf_subset": "default",
        "languages": [
          "eng-Latn"
        ]
      }
    ]
  },
  "evaluation_time": 455.48296332359314,
  "kg_co2_emissions": null
}