{
  "dataset_revision": "bbf8b2d84b7de5970b2ba4ea843c791285fdb1df",
  "task_name": "irish-legislative-summaries",
  "mteb_version": "1.38.49",
  "scores": {
    "test": [
      {
        "ndcg_at_1": 0.79,
        "ndcg_at_3": 0.87688,
        "ndcg_at_5": 0.88497,
        "ndcg_at_10": 0.89094,
        "ndcg_at_20": 0.89347,
        "ndcg_at_100": 0.8965,
        "ndcg_at_1000": 0.8965,
        "map_at_1": 0.79,
        "map_at_3": 0.85633,
        "map_at_5": 0.86073,
        "map_at_10": 0.86329,
        "map_at_20": 0.86399,
        "map_at_100": 0.86443,
        "map_at_1000": 0.86443,
        "recall_at_1": 0.79,
        "recall_at_3": 0.936,
        "recall_at_5": 0.956,
        "recall_at_10": 0.974,
        "recall_at_20": 0.984,
        "recall_at_100": 1.0,
        "recall_at_1000": 1.0,
        "precision_at_1": 0.79,
        "precision_at_3": 0.312,
        "precision_at_5": 0.1912,
        "precision_at_10": 0.0974,
        "precision_at_20": 0.0492,
        "precision_at_100": 0.01,
        "precision_at_1000": 0.001,
        "mrr_at_1": 0.79,
        "mrr_at_3": 0.856333,
        "mrr_at_5": 0.860733,
        "mrr_at_10": 0.863294,
        "mrr_at_20": 0.863994,
        "mrr_at_100": 0.86443,
        "mrr_at_1000": 0.86443,
        "nauc_ndcg_at_1_max": 0.628273,
        "nauc_ndcg_at_1_std": -0.458499,
        "nauc_ndcg_at_1_diff1": 0.873908,
        "nauc_ndcg_at_3_max": 0.647543,
        "nauc_ndcg_at_3_std": -0.461493,
        "nauc_ndcg_at_3_diff1": 0.838918,
        "nauc_ndcg_at_5_max": 0.660578,
        "nauc_ndcg_at_5_std": -0.48845,
        "nauc_ndcg_at_5_diff1": 0.845585,
        "nauc_ndcg_at_10_max": 0.657226,
        "nauc_ndcg_at_10_std": -0.47687,
        "nauc_ndcg_at_10_diff1": 0.849395,
        "nauc_ndcg_at_20_max": 0.649931,
        "nauc_ndcg_at_20_std": -0.470078,
        "nauc_ndcg_at_20_diff1": 0.849921,
        "nauc_ndcg_at_100_max": 0.645082,
        "nauc_ndcg_at_100_std": -0.47301,
        "nauc_ndcg_at_100_diff1": 0.851294,
        "nauc_ndcg_at_1000_max": 0.645082,
        "nauc_ndcg_at_1000_std": -0.47301,
        "nauc_ndcg_at_1000_diff1": 0.851294,
        "nauc_map_at_1_max": 0.628273,
        "nauc_map_at_1_std": -0.458499,
        "nauc_map_at_1_diff1": 0.873908,
        "nauc_map_at_3_max": 0.639518,
        "nauc_map_at_3_std": -0.465632,
        "nauc_map_at_3_diff1": 0.849107,
        "nauc_map_at_5_max": 0.644826,
        "nauc_map_at_5_std": -0.478589,
        "nauc_map_at_5_diff1": 0.85227,
        "nauc_map_at_10_max": 0.643473,
        "nauc_map_at_10_std": -0.475041,
        "nauc_map_at_10_diff1": 0.853757,
        "nauc_map_at_20_max": 0.641818,
        "nauc_map_at_20_std": -0.473654,
        "nauc_map_at_20_diff1": 0.8538,
        "nauc_map_at_100_max": 0.641274,
        "nauc_map_at_100_std": -0.473367,
        "nauc_map_at_100_diff1": 0.85384,
        "nauc_map_at_1000_max": 0.641274,
        "nauc_map_at_1000_std": -0.473367,
        "nauc_map_at_1000_diff1": 0.85384,
        "nauc_recall_at_1_max": 0.628273,
        "nauc_recall_at_1_std": -0.458499,
        "nauc_recall_at_1_diff1": 0.873908,
        "nauc_recall_at_3_max": 0.697829,
        "nauc_recall_at_3_std": -0.43165,
        "nauc_recall_at_3_diff1": 0.778245,
        "nauc_recall_at_5_max": 0.804558,
        "nauc_recall_at_5_std": -0.575651,
        "nauc_recall_at_5_diff1": 0.793948,
        "nauc_recall_at_10_max": 0.86138,
        "nauc_recall_at_10_std": -0.481613,
        "nauc_recall_at_10_diff1": 0.802485,
        "nauc_recall_at_20_max": 0.807423,
        "nauc_recall_at_20_std": -0.310691,
        "nauc_recall_at_20_diff1": 0.791958,
        "nauc_recall_at_100_max": NaN,
        "nauc_recall_at_100_std": NaN,
        "nauc_recall_at_100_diff1": NaN,
        "nauc_recall_at_1000_max": NaN,
        "nauc_recall_at_1000_std": NaN,
        "nauc_recall_at_1000_diff1": NaN,
        "nauc_precision_at_1_max": 0.628273,
        "nauc_precision_at_1_std": -0.458499,
        "nauc_precision_at_1_diff1": 0.873908,
        "nauc_precision_at_3_max": 0.697829,
        "nauc_precision_at_3_std": -0.43165,
        "nauc_precision_at_3_diff1": 0.778245,
        "nauc_precision_at_5_max": 0.804558,
        "nauc_precision_at_5_std": -0.575651,
        "nauc_precision_at_5_diff1": 0.793948,
        "nauc_precision_at_10_max": 0.86138,
        "nauc_precision_at_10_std": -0.481613,
        "nauc_precision_at_10_diff1": 0.802485,
        "nauc_precision_at_20_max": 0.807423,
        "nauc_precision_at_20_std": -0.310691,
        "nauc_precision_at_20_diff1": 0.791958,
        "nauc_precision_at_100_max": 1.0,
        "nauc_precision_at_100_std": 1.0,
        "nauc_precision_at_100_diff1": 1.0,
        "nauc_precision_at_1000_max": 1.0,
        "nauc_precision_at_1000_std": 1.0,
        "nauc_precision_at_1000_diff1": 1.0,
        "nauc_mrr_at_1_max": 0.628273,
        "nauc_mrr_at_1_std": -0.458499,
        "nauc_mrr_at_1_diff1": 0.873908,
        "nauc_mrr_at_3_max": 0.639518,
        "nauc_mrr_at_3_std": -0.465632,
        "nauc_mrr_at_3_diff1": 0.849107,
        "nauc_mrr_at_5_max": 0.644826,
        "nauc_mrr_at_5_std": -0.478589,
        "nauc_mrr_at_5_diff1": 0.85227,
        "nauc_mrr_at_10_max": 0.643473,
        "nauc_mrr_at_10_std": -0.475041,
        "nauc_mrr_at_10_diff1": 0.853757,
        "nauc_mrr_at_20_max": 0.641818,
        "nauc_mrr_at_20_std": -0.473654,
        "nauc_mrr_at_20_diff1": 0.8538,
        "nauc_mrr_at_100_max": 0.641274,
        "nauc_mrr_at_100_std": -0.473367,
        "nauc_mrr_at_100_diff1": 0.85384,
        "nauc_mrr_at_1000_max": 0.641274,
        "nauc_mrr_at_1000_std": -0.473367,
        "nauc_mrr_at_1000_diff1": 0.85384,
        "main_score": 0.89094,
        "hf_subset": "default",
        "languages": [
          "eng-Latn"
        ]
      }
    ]
  },
  "evaluation_time": 16614.40784883499,
  "kg_co2_emissions": null
}