{
  "dataset_revision": "ca0f1732432ad623ba6172b15e8c726b76e50fad",
  "task_name": "legal-rag-bench",
  "mteb_version": "1.39.7",
  "scores": {
    "test": [
      {
        "ndcg_at_1": 0.29,
        "ndcg_at_3": 0.3894,
        "ndcg_at_5": 0.4432,
        "ndcg_at_10": 0.49947,
        "ndcg_at_20": 0.52233,
        "ndcg_at_100": 0.54781,
        "ndcg_at_1000": 0.54918,
        "map_at_1": 0.29,
        "map_at_3": 0.365,
        "map_at_5": 0.395,
        "map_at_10": 0.41708,
        "map_at_20": 0.4234,
        "map_at_100": 0.42744,
        "map_at_1000": 0.4275,
        "recall_at_1": 0.29,
        "recall_at_3": 0.46,
        "recall_at_5": 0.59,
        "recall_at_10": 0.77,
        "recall_at_20": 0.86,
        "recall_at_100": 0.99,
        "recall_at_1000": 1.0,
        "precision_at_1": 0.29,
        "precision_at_3": 0.15333,
        "precision_at_5": 0.118,
        "precision_at_10": 0.077,
        "precision_at_20": 0.043,
        "precision_at_100": 0.0099,
        "precision_at_1000": 0.001,
        "mrr_at_1": 0.29,
        "mrr_at_3": 0.365,
        "mrr_at_5": 0.395,
        "mrr_at_10": 0.417075,
        "mrr_at_20": 0.423403,
        "mrr_at_100": 0.427436,
        "mrr_at_1000": 0.427499,
        "nauc_ndcg_at_1_max": 0.075711,
        "nauc_ndcg_at_1_std": -0.010535,
        "nauc_ndcg_at_1_diff1": 0.34059,
        "nauc_ndcg_at_3_max": 0.121106,
        "nauc_ndcg_at_3_std": 0.061654,
        "nauc_ndcg_at_3_diff1": 0.298105,
        "nauc_ndcg_at_5_max": 0.084175,
        "nauc_ndcg_at_5_std": 0.05286,
        "nauc_ndcg_at_5_diff1": 0.238829,
        "nauc_ndcg_at_10_max": 0.074998,
        "nauc_ndcg_at_10_std": 0.036149,
        "nauc_ndcg_at_10_diff1": 0.246388,
        "nauc_ndcg_at_20_max": 0.082552,
        "nauc_ndcg_at_20_std": 0.071755,
        "nauc_ndcg_at_20_diff1": 0.23056,
        "nauc_ndcg_at_100_max": 0.090808,
        "nauc_ndcg_at_100_std": 0.053408,
        "nauc_ndcg_at_100_diff1": 0.268681,
        "nauc_ndcg_at_1000_max": 0.094289,
        "nauc_ndcg_at_1000_std": 0.053039,
        "nauc_ndcg_at_1000_diff1": 0.266268,
        "nauc_map_at_1_max": 0.075711,
        "nauc_map_at_1_std": -0.010535,
        "nauc_map_at_1_diff1": 0.34059,
        "nauc_map_at_3_max": 0.113698,
        "nauc_map_at_3_std": 0.048729,
        "nauc_map_at_3_diff1": 0.305146,
        "nauc_map_at_5_max": 0.093499,
        "nauc_map_at_5_std": 0.044809,
        "nauc_map_at_5_diff1": 0.273259,
        "nauc_map_at_10_max": 0.091239,
        "nauc_map_at_10_std": 0.039062,
        "nauc_map_at_10_diff1": 0.277312,
        "nauc_map_at_20_max": 0.093966,
        "nauc_map_at_20_std": 0.048048,
        "nauc_map_at_20_diff1": 0.273952,
        "nauc_map_at_100_max": 0.095768,
        "nauc_map_at_100_std": 0.045743,
        "nauc_map_at_100_diff1": 0.279183,
        "nauc_map_at_1000_max": 0.095899,
        "nauc_map_at_1000_std": 0.045728,
        "nauc_map_at_1000_diff1": 0.279095,
        "nauc_recall_at_1_max": 0.075711,
        "nauc_recall_at_1_std": -0.010535,
        "nauc_recall_at_1_diff1": 0.34059,
        "nauc_recall_at_3_max": 0.140772,
        "nauc_recall_at_3_std": 0.096633,
        "nauc_recall_at_3_diff1": 0.279349,
        "nauc_recall_at_5_max": 0.047794,
        "nauc_recall_at_5_std": 0.072872,
        "nauc_recall_at_5_diff1": 0.123938,
        "nauc_recall_at_10_max": -0.019897,
        "nauc_recall_at_10_std": 0.001522,
        "nauc_recall_at_10_diff1": 0.098968,
        "nauc_recall_at_20_max": -0.020957,
        "nauc_recall_at_20_std": 0.270888,
        "nauc_recall_at_20_diff1": -0.112928,
        "nauc_recall_at_100_max": -0.563492,
        "nauc_recall_at_100_std": 0.122782,
        "nauc_recall_at_100_diff1": 0.722222,
        "nauc_recall_at_1000_max": NaN,
        "nauc_recall_at_1000_std": NaN,
        "nauc_recall_at_1000_diff1": NaN,
        "nauc_precision_at_1_max": 0.075711,
        "nauc_precision_at_1_std": -0.010535,
        "nauc_precision_at_1_diff1": 0.34059,
        "nauc_precision_at_3_max": 0.140772,
        "nauc_precision_at_3_std": 0.096633,
        "nauc_precision_at_3_diff1": 0.279349,
        "nauc_precision_at_5_max": 0.047794,
        "nauc_precision_at_5_std": 0.072872,
        "nauc_precision_at_5_diff1": 0.123938,
        "nauc_precision_at_10_max": -0.019897,
        "nauc_precision_at_10_std": 0.001522,
        "nauc_precision_at_10_diff1": 0.098968,
        "nauc_precision_at_20_max": -0.020957,
        "nauc_precision_at_20_std": 0.270888,
        "nauc_precision_at_20_diff1": -0.112928,
        "nauc_precision_at_100_max": -0.563492,
        "nauc_precision_at_100_std": 0.122782,
        "nauc_precision_at_100_diff1": 0.722222,
        "nauc_precision_at_1000_max": NaN,
        "nauc_precision_at_1000_std": NaN,
        "nauc_precision_at_1000_diff1": NaN,
        "nauc_mrr_at_1_max": 0.075711,
        "nauc_mrr_at_1_std": -0.010535,
        "nauc_mrr_at_1_diff1": 0.34059,
        "nauc_mrr_at_3_max": 0.113698,
        "nauc_mrr_at_3_std": 0.048729,
        "nauc_mrr_at_3_diff1": 0.305146,
        "nauc_mrr_at_5_max": 0.093499,
        "nauc_mrr_at_5_std": 0.044809,
        "nauc_mrr_at_5_diff1": 0.273259,
        "nauc_mrr_at_10_max": 0.091239,
        "nauc_mrr_at_10_std": 0.039062,
        "nauc_mrr_at_10_diff1": 0.277312,
        "nauc_mrr_at_20_max": 0.093966,
        "nauc_mrr_at_20_std": 0.048048,
        "nauc_mrr_at_20_diff1": 0.273952,
        "nauc_mrr_at_100_max": 0.095768,
        "nauc_mrr_at_100_std": 0.045743,
        "nauc_mrr_at_100_diff1": 0.279183,
        "nauc_mrr_at_1000_max": 0.095899,
        "nauc_mrr_at_1000_std": 0.045728,
        "nauc_mrr_at_1000_diff1": 0.279095,
        "main_score": 0.49947,
        "hf_subset": "default",
        "languages": [
          "eng-Latn"
        ]
      }
    ]
  },
  "evaluation_time": 204.3459756374359,
  "kg_co2_emissions": null
}