{
  "dataset_revision": "ec00129f88e9476e582131dc3a5db9220dfefa48",
  "task_name": "license-tldr-retrieval",
  "mteb_version": "1.38.49",
  "scores": {
    "test": [
      {
        "ndcg_at_1": 0.58462,
        "ndcg_at_3": 0.69304,
        "ndcg_at_5": 0.71819,
        "ndcg_at_10": 0.7328,
        "ndcg_at_20": 0.74922,
        "ndcg_at_100": 0.76058,
        "ndcg_at_1000": 0.76058,
        "map_at_1": 0.58462,
        "map_at_3": 0.66667,
        "map_at_5": 0.68051,
        "map_at_10": 0.68634,
        "map_at_20": 0.69129,
        "map_at_100": 0.69278,
        "map_at_1000": 0.69278,
        "recall_at_1": 0.58462,
        "recall_at_3": 0.76923,
        "recall_at_5": 0.83077,
        "recall_at_10": 0.87692,
        "recall_at_20": 0.93846,
        "recall_at_100": 1.0,
        "recall_at_1000": 1.0,
        "precision_at_1": 0.58462,
        "precision_at_3": 0.25641,
        "precision_at_5": 0.16615,
        "precision_at_10": 0.08769,
        "precision_at_20": 0.04692,
        "precision_at_100": 0.01,
        "precision_at_1000": 0.001,
        "mrr_at_1": 0.584615,
        "mrr_at_3": 0.666667,
        "mrr_at_5": 0.680513,
        "mrr_at_10": 0.686343,
        "mrr_at_20": 0.691292,
        "mrr_at_100": 0.692782,
        "mrr_at_1000": 0.692782,
        "nauc_ndcg_at_1_max": 0.759815,
        "nauc_ndcg_at_1_std": 0.35286,
        "nauc_ndcg_at_1_diff1": 0.753555,
        "nauc_ndcg_at_3_max": 0.762943,
        "nauc_ndcg_at_3_std": 0.319263,
        "nauc_ndcg_at_3_diff1": 0.707328,
        "nauc_ndcg_at_5_max": 0.751926,
        "nauc_ndcg_at_5_std": 0.366057,
        "nauc_ndcg_at_5_diff1": 0.671495,
        "nauc_ndcg_at_10_max": 0.763958,
        "nauc_ndcg_at_10_std": 0.402259,
        "nauc_ndcg_at_10_diff1": 0.699612,
        "nauc_ndcg_at_20_max": 0.759991,
        "nauc_ndcg_at_20_std": 0.366524,
        "nauc_ndcg_at_20_diff1": 0.698801,
        "nauc_ndcg_at_100_max": 0.758078,
        "nauc_ndcg_at_100_std": 0.361971,
        "nauc_ndcg_at_100_diff1": 0.704883,
        "nauc_ndcg_at_1000_max": 0.758078,
        "nauc_ndcg_at_1000_std": 0.361971,
        "nauc_ndcg_at_1000_diff1": 0.704883,
        "nauc_map_at_1_max": 0.759815,
        "nauc_map_at_1_std": 0.35286,
        "nauc_map_at_1_diff1": 0.753555,
        "nauc_map_at_3_max": 0.760743,
        "nauc_map_at_3_std": 0.333353,
        "nauc_map_at_3_diff1": 0.717556,
        "nauc_map_at_5_max": 0.754272,
        "nauc_map_at_5_std": 0.353517,
        "nauc_map_at_5_diff1": 0.700127,
        "nauc_map_at_10_max": 0.758378,
        "nauc_map_at_10_std": 0.366922,
        "nauc_map_at_10_diff1": 0.70999,
        "nauc_map_at_20_max": 0.757489,
        "nauc_map_at_20_std": 0.357416,
        "nauc_map_at_20_diff1": 0.710126,
        "nauc_map_at_100_max": 0.757341,
        "nauc_map_at_100_std": 0.357197,
        "nauc_map_at_100_diff1": 0.710856,
        "nauc_map_at_1000_max": 0.757341,
        "nauc_map_at_1000_std": 0.357197,
        "nauc_map_at_1000_diff1": 0.710856,
        "nauc_recall_at_1_max": 0.759815,
        "nauc_recall_at_1_std": 0.35286,
        "nauc_recall_at_1_diff1": 0.753555,
        "nauc_recall_at_3_max": 0.771933,
        "nauc_recall_at_3_std": 0.263754,
        "nauc_recall_at_3_diff1": 0.670383,
        "nauc_recall_at_5_max": 0.740962,
        "nauc_recall_at_5_std": 0.441017,
        "nauc_recall_at_5_diff1": 0.529645,
        "nauc_recall_at_10_max": 0.809749,
        "nauc_recall_at_10_std": 0.667869,
        "nauc_recall_at_10_diff1": 0.653407,
        "nauc_recall_at_20_max": 0.796859,
        "nauc_recall_at_20_std": 0.463194,
        "nauc_recall_at_20_diff1": 0.595879,
        "nauc_recall_at_100_max": NaN,
        "nauc_recall_at_100_std": NaN,
        "nauc_recall_at_100_diff1": NaN,
        "nauc_recall_at_1000_max": NaN,
        "nauc_recall_at_1000_std": NaN,
        "nauc_recall_at_1000_diff1": NaN,
        "nauc_precision_at_1_max": 0.759815,
        "nauc_precision_at_1_std": 0.35286,
        "nauc_precision_at_1_diff1": 0.753555,
        "nauc_precision_at_3_max": 0.771933,
        "nauc_precision_at_3_std": 0.263754,
        "nauc_precision_at_3_diff1": 0.670383,
        "nauc_precision_at_5_max": 0.740962,
        "nauc_precision_at_5_std": 0.441017,
        "nauc_precision_at_5_diff1": 0.529645,
        "nauc_precision_at_10_max": 0.809749,
        "nauc_precision_at_10_std": 0.667869,
        "nauc_precision_at_10_diff1": 0.653407,
        "nauc_precision_at_20_max": 0.796859,
        "nauc_precision_at_20_std": 0.463194,
        "nauc_precision_at_20_diff1": 0.595879,
        "nauc_precision_at_100_max": NaN,
        "nauc_precision_at_100_std": NaN,
        "nauc_precision_at_100_diff1": NaN,
        "nauc_precision_at_1000_max": 1.0,
        "nauc_precision_at_1000_std": 1.0,
        "nauc_precision_at_1000_diff1": 1.0,
        "nauc_mrr_at_1_max": 0.759815,
        "nauc_mrr_at_1_std": 0.35286,
        "nauc_mrr_at_1_diff1": 0.753555,
        "nauc_mrr_at_3_max": 0.760743,
        "nauc_mrr_at_3_std": 0.333353,
        "nauc_mrr_at_3_diff1": 0.717556,
        "nauc_mrr_at_5_max": 0.754272,
        "nauc_mrr_at_5_std": 0.353517,
        "nauc_mrr_at_5_diff1": 0.700127,
        "nauc_mrr_at_10_max": 0.758378,
        "nauc_mrr_at_10_std": 0.366922,
        "nauc_mrr_at_10_diff1": 0.70999,
        "nauc_mrr_at_20_max": 0.757489,
        "nauc_mrr_at_20_std": 0.357416,
        "nauc_mrr_at_20_diff1": 0.710126,
        "nauc_mrr_at_100_max": 0.757341,
        "nauc_mrr_at_100_std": 0.357197,
        "nauc_mrr_at_100_diff1": 0.710856,
        "nauc_mrr_at_1000_max": 0.757341,
        "nauc_mrr_at_1000_std": 0.357197,
        "nauc_mrr_at_1000_diff1": 0.710856,
        "main_score": 0.7328,
        "hf_subset": "default",
        "languages": [
          "eng-Latn"
        ]
      }
    ]
  },
  "evaluation_time": 401.91988730430603,
  "kg_co2_emissions": null
}