{
  "dataset_revision": "319b6cc4b012d733f126a943a8a66bdf9df5dc40",
  "task_name": "scalr",
  "mteb_version": "1.38.49",
  "scores": {
    "test": [
      {
        "ndcg_at_1": 0.58333,
        "ndcg_at_3": 0.71131,
        "ndcg_at_5": 0.73174,
        "ndcg_at_10": 0.75587,
        "ndcg_at_20": 0.76038,
        "ndcg_at_100": 0.76654,
        "ndcg_at_1000": 0.76981,
        "map_at_1": 0.58333,
        "map_at_3": 0.68056,
        "map_at_5": 0.69181,
        "map_at_10": 0.70168,
        "map_at_20": 0.70307,
        "map_at_100": 0.70388,
        "map_at_1000": 0.70402,
        "recall_at_1": 0.58333,
        "recall_at_3": 0.8,
        "recall_at_5": 0.85,
        "recall_at_10": 0.925,
        "recall_at_20": 0.94167,
        "recall_at_100": 0.975,
        "recall_at_1000": 1.0,
        "precision_at_1": 0.58333,
        "precision_at_3": 0.26667,
        "precision_at_5": 0.17,
        "precision_at_10": 0.0925,
        "precision_at_20": 0.04708,
        "precision_at_100": 0.00975,
        "precision_at_1000": 0.001,
        "mrr_at_1": 0.583333,
        "mrr_at_3": 0.680556,
        "mrr_at_5": 0.691806,
        "mrr_at_10": 0.701677,
        "mrr_at_20": 0.703065,
        "mrr_at_100": 0.703884,
        "mrr_at_1000": 0.704022,
        "nauc_ndcg_at_1_max": 0.526205,
        "nauc_ndcg_at_1_std": 0.056839,
        "nauc_ndcg_at_1_diff1": 0.617272,
        "nauc_ndcg_at_3_max": 0.485437,
        "nauc_ndcg_at_3_std": 0.064796,
        "nauc_ndcg_at_3_diff1": 0.521107,
        "nauc_ndcg_at_5_max": 0.482325,
        "nauc_ndcg_at_5_std": 0.050119,
        "nauc_ndcg_at_5_diff1": 0.511339,
        "nauc_ndcg_at_10_max": 0.481935,
        "nauc_ndcg_at_10_std": 0.066894,
        "nauc_ndcg_at_10_diff1": 0.494296,
        "nauc_ndcg_at_20_max": 0.496087,
        "nauc_ndcg_at_20_std": 0.055663,
        "nauc_ndcg_at_20_diff1": 0.520546,
        "nauc_ndcg_at_100_max": 0.504427,
        "nauc_ndcg_at_100_std": 0.072044,
        "nauc_ndcg_at_100_diff1": 0.523415,
        "nauc_ndcg_at_1000_max": 0.499695,
        "nauc_ndcg_at_1000_std": 0.060396,
        "nauc_ndcg_at_1000_diff1": 0.530024,
        "nauc_map_at_1_max": 0.526205,
        "nauc_map_at_1_std": 0.056839,
        "nauc_map_at_1_diff1": 0.617272,
        "nauc_map_at_3_max": 0.498841,
        "nauc_map_at_3_std": 0.060787,
        "nauc_map_at_3_diff1": 0.544343,
        "nauc_map_at_5_max": 0.497459,
        "nauc_map_at_5_std": 0.05337,
        "nauc_map_at_5_diff1": 0.540339,
        "nauc_map_at_10_max": 0.49669,
        "nauc_map_at_10_std": 0.057047,
        "nauc_map_at_10_diff1": 0.535868,
        "nauc_map_at_20_max": 0.500357,
        "nauc_map_at_20_std": 0.054148,
        "nauc_map_at_20_diff1": 0.54275,
        "nauc_map_at_100_max": 0.501815,
        "nauc_map_at_100_std": 0.056377,
        "nauc_map_at_100_diff1": 0.543533,
        "nauc_map_at_1000_max": 0.501614,
        "nauc_map_at_1000_std": 0.055966,
        "nauc_map_at_1000_diff1": 0.543631,
        "nauc_recall_at_1_max": 0.526205,
        "nauc_recall_at_1_std": 0.056839,
        "nauc_recall_at_1_diff1": 0.617272,
        "nauc_recall_at_3_max": 0.430486,
        "nauc_recall_at_3_std": 0.08196,
        "nauc_recall_at_3_diff1": 0.430195,
        "nauc_recall_at_5_max": 0.404626,
        "nauc_recall_at_5_std": 0.031294,
        "nauc_recall_at_5_diff1": 0.36601,
        "nauc_recall_at_10_max": 0.350659,
        "nauc_recall_at_10_std": 0.191514,
        "nauc_recall_at_10_diff1": 0.084915,
        "nauc_recall_at_20_max": 0.491196,
        "nauc_recall_at_20_std": 0.085834,
        "nauc_recall_at_20_diff1": 0.298186,
        "nauc_recall_at_100_max": 0.758792,
        "nauc_recall_at_100_std": 0.742453,
        "nauc_recall_at_100_diff1": 0.068783,
        "nauc_recall_at_1000_max": NaN,
        "nauc_recall_at_1000_std": NaN,
        "nauc_recall_at_1000_diff1": NaN,
        "nauc_precision_at_1_max": 0.526205,
        "nauc_precision_at_1_std": 0.056839,
        "nauc_precision_at_1_diff1": 0.617272,
        "nauc_precision_at_3_max": 0.430486,
        "nauc_precision_at_3_std": 0.08196,
        "nauc_precision_at_3_diff1": 0.430195,
        "nauc_precision_at_5_max": 0.404626,
        "nauc_precision_at_5_std": 0.031294,
        "nauc_precision_at_5_diff1": 0.36601,
        "nauc_precision_at_10_max": 0.350659,
        "nauc_precision_at_10_std": 0.191514,
        "nauc_precision_at_10_diff1": 0.084915,
        "nauc_precision_at_20_max": 0.491196,
        "nauc_precision_at_20_std": 0.085834,
        "nauc_precision_at_20_diff1": 0.298186,
        "nauc_precision_at_100_max": 0.758792,
        "nauc_precision_at_100_std": 0.742453,
        "nauc_precision_at_100_diff1": 0.068783,
        "nauc_precision_at_1000_max": 1.0,
        "nauc_precision_at_1000_std": 1.0,
        "nauc_precision_at_1000_diff1": 1.0,
        "nauc_mrr_at_1_max": 0.526205,
        "nauc_mrr_at_1_std": 0.056839,
        "nauc_mrr_at_1_diff1": 0.617272,
        "nauc_mrr_at_3_max": 0.498841,
        "nauc_mrr_at_3_std": 0.060787,
        "nauc_mrr_at_3_diff1": 0.544343,
        "nauc_mrr_at_5_max": 0.497459,
        "nauc_mrr_at_5_std": 0.05337,
        "nauc_mrr_at_5_diff1": 0.540339,
        "nauc_mrr_at_10_max": 0.49669,
        "nauc_mrr_at_10_std": 0.057047,
        "nauc_mrr_at_10_diff1": 0.535868,
        "nauc_mrr_at_20_max": 0.500357,
        "nauc_mrr_at_20_std": 0.054148,
        "nauc_mrr_at_20_diff1": 0.54275,
        "nauc_mrr_at_100_max": 0.501815,
        "nauc_mrr_at_100_std": 0.056377,
        "nauc_mrr_at_100_diff1": 0.543533,
        "nauc_mrr_at_1000_max": 0.501614,
        "nauc_mrr_at_1000_std": 0.055966,
        "nauc_mrr_at_1000_diff1": 0.543631,
        "main_score": 0.75587,
        "hf_subset": "default",
        "languages": [
          "eng-Latn"
        ]
      }
    ]
  },
  "evaluation_time": 137.40482211112976,
  "kg_co2_emissions": null
}