{
  "dataset_revision": "436d6a79d06cac556799e9e0be54a6fb90bf7182",
  "task_name": "uk-legislative-long-titles",
  "mteb_version": "1.38.49",
  "scores": {
    "test": [
      {
        "ndcg_at_1": 0.96154,
        "ndcg_at_3": 0.96963,
        "ndcg_at_5": 0.97459,
        "ndcg_at_10": 0.97459,
        "ndcg_at_20": 0.97459,
        "ndcg_at_100": 0.97731,
        "ndcg_at_1000": 0.97731,
        "map_at_1": 0.96154,
        "map_at_3": 0.96795,
        "map_at_5": 0.97051,
        "map_at_10": 0.97051,
        "map_at_20": 0.97051,
        "map_at_100": 0.97103,
        "map_at_1000": 0.97103,
        "recall_at_1": 0.96154,
        "recall_at_3": 0.97436,
        "recall_at_5": 0.98718,
        "recall_at_10": 0.98718,
        "recall_at_20": 0.98718,
        "recall_at_100": 1.0,
        "recall_at_1000": 1.0,
        "precision_at_1": 0.96154,
        "precision_at_3": 0.32479,
        "precision_at_5": 0.19744,
        "precision_at_10": 0.09872,
        "precision_at_20": 0.04936,
        "precision_at_100": 0.01,
        "precision_at_1000": 0.001,
        "mrr_at_1": 0.961538,
        "mrr_at_3": 0.967949,
        "mrr_at_5": 0.970513,
        "mrr_at_10": 0.970513,
        "mrr_at_20": 0.970513,
        "mrr_at_100": 0.971026,
        "mrr_at_1000": 0.971026,
        "nauc_ndcg_at_1_max": 0.956303,
        "nauc_ndcg_at_1_std": 1.0,
        "nauc_ndcg_at_1_diff1": 0.956303,
        "nauc_ndcg_at_3_max": 0.944665,
        "nauc_ndcg_at_3_std": 1.0,
        "nauc_ndcg_at_3_diff1": 0.944665,
        "nauc_ndcg_at_5_max": 0.95945,
        "nauc_ndcg_at_5_std": 1.0,
        "nauc_ndcg_at_5_diff1": 0.933866,
        "nauc_ndcg_at_10_max": 0.95945,
        "nauc_ndcg_at_10_std": 1.0,
        "nauc_ndcg_at_10_diff1": 0.933866,
        "nauc_ndcg_at_20_max": 0.95945,
        "nauc_ndcg_at_20_std": 1.0,
        "nauc_ndcg_at_20_diff1": 0.933866,
        "nauc_ndcg_at_100_max": 0.954575,
        "nauc_ndcg_at_100_std": 1.0,
        "nauc_ndcg_at_100_diff1": 0.941676,
        "nauc_ndcg_at_1000_max": 0.954575,
        "nauc_ndcg_at_1000_std": 1.0,
        "nauc_ndcg_at_1000_diff1": 0.941676,
        "nauc_map_at_1_max": 0.956303,
        "nauc_map_at_1_std": 1.0,
        "nauc_map_at_1_diff1": 0.956303,
        "nauc_map_at_3_max": 0.947563,
        "nauc_map_at_3_std": 1.0,
        "nauc_map_at_3_diff1": 0.947563,
        "nauc_map_at_5_max": 0.954403,
        "nauc_map_at_5_std": 1.0,
        "nauc_map_at_5_diff1": 0.943003,
        "nauc_map_at_10_max": 0.954403,
        "nauc_map_at_10_std": 1.0,
        "nauc_map_at_10_diff1": 0.943003,
        "nauc_map_at_20_max": 0.954403,
        "nauc_map_at_20_std": 1.0,
        "nauc_map_at_20_diff1": 0.943003,
        "nauc_map_at_100_max": 0.953596,
        "nauc_map_at_100_std": 1.0,
        "nauc_map_at_100_diff1": 0.944315,
        "nauc_map_at_1000_max": 0.953596,
        "nauc_map_at_1000_std": 1.0,
        "nauc_map_at_1000_diff1": 0.944315,
        "nauc_recall_at_1_max": 0.956303,
        "nauc_recall_at_1_std": 1.0,
        "nauc_recall_at_1_diff1": 0.956303,
        "nauc_recall_at_3_max": 0.934454,
        "nauc_recall_at_3_std": 1.0,
        "nauc_recall_at_3_diff1": 0.934454,
        "nauc_recall_at_5_max": 1.0,
        "nauc_recall_at_5_std": 1.0,
        "nauc_recall_at_5_diff1": 0.868908,
        "nauc_recall_at_10_max": 1.0,
        "nauc_recall_at_10_std": 1.0,
        "nauc_recall_at_10_diff1": 0.868908,
        "nauc_recall_at_20_max": 1.0,
        "nauc_recall_at_20_std": 1.0,
        "nauc_recall_at_20_diff1": 0.868908,
        "nauc_recall_at_100_max": NaN,
        "nauc_recall_at_100_std": NaN,
        "nauc_recall_at_100_diff1": NaN,
        "nauc_recall_at_1000_max": NaN,
        "nauc_recall_at_1000_std": NaN,
        "nauc_recall_at_1000_diff1": NaN,
        "nauc_precision_at_1_max": 0.956303,
        "nauc_precision_at_1_std": 1.0,
        "nauc_precision_at_1_diff1": 0.956303,
        "nauc_precision_at_3_max": 0.934454,
        "nauc_precision_at_3_std": 1.0,
        "nauc_precision_at_3_diff1": 0.934454,
        "nauc_precision_at_5_max": 1.0,
        "nauc_precision_at_5_std": 1.0,
        "nauc_precision_at_5_diff1": 0.868908,
        "nauc_precision_at_10_max": 1.0,
        "nauc_precision_at_10_std": 1.0,
        "nauc_precision_at_10_diff1": 0.868908,
        "nauc_precision_at_20_max": 1.0,
        "nauc_precision_at_20_std": 1.0,
        "nauc_precision_at_20_diff1": 0.868908,
        "nauc_precision_at_100_max": 1.0,
        "nauc_precision_at_100_std": 1.0,
        "nauc_precision_at_100_diff1": 1.0,
        "nauc_precision_at_1000_max": 1.0,
        "nauc_precision_at_1000_std": 1.0,
        "nauc_precision_at_1000_diff1": 1.0,
        "nauc_mrr_at_1_max": 0.956303,
        "nauc_mrr_at_1_std": 1.0,
        "nauc_mrr_at_1_diff1": 0.956303,
        "nauc_mrr_at_3_max": 0.947563,
        "nauc_mrr_at_3_std": 1.0,
        "nauc_mrr_at_3_diff1": 0.947563,
        "nauc_mrr_at_5_max": 0.954403,
        "nauc_mrr_at_5_std": 1.0,
        "nauc_mrr_at_5_diff1": 0.943003,
        "nauc_mrr_at_10_max": 0.954403,
        "nauc_mrr_at_10_std": 1.0,
        "nauc_mrr_at_10_diff1": 0.943003,
        "nauc_mrr_at_20_max": 0.954403,
        "nauc_mrr_at_20_std": 1.0,
        "nauc_mrr_at_20_diff1": 0.943003,
        "nauc_mrr_at_100_max": 0.953596,
        "nauc_mrr_at_100_std": 1.0,
        "nauc_mrr_at_100_diff1": 0.944315,
        "nauc_mrr_at_1000_max": 0.953596,
        "nauc_mrr_at_1000_std": 1.0,
        "nauc_mrr_at_1000_diff1": 0.944315,
        "main_score": 0.97459,
        "hf_subset": "default",
        "languages": [
          "eng-Latn"
        ]
      }
    ]
  },
  "evaluation_time": 3834.6881477832794,
  "kg_co2_emissions": null
}