{
  "dataset_revision": "c64c3baac6bfd5f934d2df6e5d42dcb7d87c8ba8",
  "task_name": "australian-tax-guidance-retrieval",
  "mteb_version": "1.38.49",
  "scores": {
    "test": [
      {
        "ndcg_at_1": 0.625,
        "ndcg_at_3": 0.74404,
        "ndcg_at_5": 0.76594,
        "ndcg_at_10": 0.79307,
        "ndcg_at_20": 0.7977,
        "ndcg_at_100": 0.80114,
        "ndcg_at_1000": 0.80114,
        "map_at_1": 0.625,
        "map_at_3": 0.71429,
        "map_at_5": 0.72634,
        "map_at_10": 0.73822,
        "map_at_20": 0.73954,
        "map_at_100": 0.74005,
        "map_at_1000": 0.74005,
        "recall_at_1": 0.625,
        "recall_at_3": 0.83036,
        "recall_at_5": 0.88393,
        "recall_at_10": 0.96429,
        "recall_at_20": 0.98214,
        "recall_at_100": 1.0,
        "recall_at_1000": 1.0,
        "precision_at_1": 0.625,
        "precision_at_3": 0.27679,
        "precision_at_5": 0.17679,
        "precision_at_10": 0.09643,
        "precision_at_20": 0.04911,
        "precision_at_100": 0.01,
        "precision_at_1000": 0.001,
        "mrr_at_1": 0.625,
        "mrr_at_3": 0.714286,
        "mrr_at_5": 0.726339,
        "mrr_at_10": 0.738216,
        "mrr_at_20": 0.73954,
        "mrr_at_100": 0.740053,
        "mrr_at_1000": 0.740053,
        "nauc_ndcg_at_1_max": 0.143319,
        "nauc_ndcg_at_1_std": -0.328248,
        "nauc_ndcg_at_1_diff1": 0.616837,
        "nauc_ndcg_at_3_max": 0.252153,
        "nauc_ndcg_at_3_std": -0.201594,
        "nauc_ndcg_at_3_diff1": 0.51994,
        "nauc_ndcg_at_5_max": 0.209353,
        "nauc_ndcg_at_5_std": -0.236312,
        "nauc_ndcg_at_5_diff1": 0.513076,
        "nauc_ndcg_at_10_max": 0.194752,
        "nauc_ndcg_at_10_std": -0.221144,
        "nauc_ndcg_at_10_diff1": 0.508816,
        "nauc_ndcg_at_20_max": 0.184635,
        "nauc_ndcg_at_20_std": -0.231643,
        "nauc_ndcg_at_20_diff1": 0.51637,
        "nauc_ndcg_at_100_max": 0.184987,
        "nauc_ndcg_at_100_std": -0.248621,
        "nauc_ndcg_at_100_diff1": 0.536335,
        "nauc_ndcg_at_1000_max": 0.184987,
        "nauc_ndcg_at_1000_std": -0.248621,
        "nauc_ndcg_at_1000_diff1": 0.536335,
        "nauc_map_at_1_max": 0.143319,
        "nauc_map_at_1_std": -0.328248,
        "nauc_map_at_1_diff1": 0.616837,
        "nauc_map_at_3_max": 0.213425,
        "nauc_map_at_3_std": -0.238689,
        "nauc_map_at_3_diff1": 0.54476,
        "nauc_map_at_5_max": 0.191233,
        "nauc_map_at_5_std": -0.25653,
        "nauc_map_at_5_diff1": 0.543287,
        "nauc_map_at_10_max": 0.183095,
        "nauc_map_at_10_std": -0.25353,
        "nauc_map_at_10_diff1": 0.54272,
        "nauc_map_at_20_max": 0.180694,
        "nauc_map_at_20_std": -0.256183,
        "nauc_map_at_20_diff1": 0.544504,
        "nauc_map_at_100_max": 0.180876,
        "nauc_map_at_100_std": -0.258367,
        "nauc_map_at_100_diff1": 0.547171,
        "nauc_map_at_1000_max": 0.180876,
        "nauc_map_at_1000_std": -0.258367,
        "nauc_map_at_1000_diff1": 0.547171,
        "nauc_recall_at_1_max": 0.143319,
        "nauc_recall_at_1_std": -0.328248,
        "nauc_recall_at_1_diff1": 0.616837,
        "nauc_recall_at_3_max": 0.423737,
        "nauc_recall_at_3_std": -0.04143,
        "nauc_recall_at_3_diff1": 0.415042,
        "nauc_recall_at_5_max": 0.307557,
        "nauc_recall_at_5_std": -0.130595,
        "nauc_recall_at_5_diff1": 0.336533,
        "nauc_recall_at_10_max": 0.376473,
        "nauc_recall_at_10_std": 0.35842,
        "nauc_recall_at_10_diff1": -0.0894,
        "nauc_recall_at_20_max": 0.191821,
        "nauc_recall_at_20_std": 0.561124,
        "nauc_recall_at_20_diff1": -0.399747,
        "nauc_recall_at_100_max": NaN,
        "nauc_recall_at_100_std": NaN,
        "nauc_recall_at_100_diff1": NaN,
        "nauc_recall_at_1000_max": NaN,
        "nauc_recall_at_1000_std": NaN,
        "nauc_recall_at_1000_diff1": NaN,
        "nauc_precision_at_1_max": 0.143319,
        "nauc_precision_at_1_std": -0.328248,
        "nauc_precision_at_1_diff1": 0.616837,
        "nauc_precision_at_3_max": 0.423737,
        "nauc_precision_at_3_std": -0.04143,
        "nauc_precision_at_3_diff1": 0.415042,
        "nauc_precision_at_5_max": 0.307557,
        "nauc_precision_at_5_std": -0.130595,
        "nauc_precision_at_5_diff1": 0.336533,
        "nauc_precision_at_10_max": 0.376473,
        "nauc_precision_at_10_std": 0.35842,
        "nauc_precision_at_10_diff1": -0.0894,
        "nauc_precision_at_20_max": 0.191821,
        "nauc_precision_at_20_std": 0.561124,
        "nauc_precision_at_20_diff1": -0.399747,
        "nauc_precision_at_100_max": NaN,
        "nauc_precision_at_100_std": NaN,
        "nauc_precision_at_100_diff1": NaN,
        "nauc_precision_at_1000_max": 1.0,
        "nauc_precision_at_1000_std": 1.0,
        "nauc_precision_at_1000_diff1": 1.0,
        "nauc_mrr_at_1_max": 0.143319,
        "nauc_mrr_at_1_std": -0.328248,
        "nauc_mrr_at_1_diff1": 0.616837,
        "nauc_mrr_at_3_max": 0.213425,
        "nauc_mrr_at_3_std": -0.238689,
        "nauc_mrr_at_3_diff1": 0.54476,
        "nauc_mrr_at_5_max": 0.191233,
        "nauc_mrr_at_5_std": -0.25653,
        "nauc_mrr_at_5_diff1": 0.543287,
        "nauc_mrr_at_10_max": 0.183095,
        "nauc_mrr_at_10_std": -0.25353,
        "nauc_mrr_at_10_diff1": 0.54272,
        "nauc_mrr_at_20_max": 0.180694,
        "nauc_mrr_at_20_std": -0.256183,
        "nauc_mrr_at_20_diff1": 0.544504,
        "nauc_mrr_at_100_max": 0.180876,
        "nauc_mrr_at_100_std": -0.258367,
        "nauc_mrr_at_100_diff1": 0.547171,
        "nauc_mrr_at_1000_max": 0.180876,
        "nauc_mrr_at_1000_std": -0.258367,
        "nauc_mrr_at_1000_diff1": 0.547171,
        "main_score": 0.79307,
        "hf_subset": "default",
        "languages": [
          "eng-Latn"
        ]
      }
    ]
  },
  "evaluation_time": 62.02416920661926,
  "kg_co2_emissions": null
}