{
  "dataset_revision": "dd157bbfa479359488c656981e3999da6f42e4e9",
  "task_name": "bar-exam-qa",
  "mteb_version": "1.38.49",
  "scores": {
    "test": [
      {
        "ndcg_at_1": 0.39316,
        "ndcg_at_3": 0.55586,
        "ndcg_at_5": 0.57682,
        "ndcg_at_10": 0.61291,
        "ndcg_at_20": 0.63811,
        "ndcg_at_100": 0.6526,
        "ndcg_at_1000": 0.6526,
        "map_at_1": 0.39316,
        "map_at_3": 0.51994,
        "map_at_5": 0.53148,
        "map_at_10": 0.54646,
        "map_at_20": 0.55299,
        "map_at_100": 0.55507,
        "map_at_1000": 0.55507,
        "recall_at_1": 0.39316,
        "recall_at_3": 0.65812,
        "recall_at_5": 0.7094,
        "recall_at_10": 0.82051,
        "recall_at_20": 0.92308,
        "recall_at_100": 1.0,
        "recall_at_1000": 1.0,
        "precision_at_1": 0.39316,
        "precision_at_3": 0.21937,
        "precision_at_5": 0.14188,
        "precision_at_10": 0.08205,
        "precision_at_20": 0.04615,
        "precision_at_100": 0.01,
        "precision_at_1000": 0.001,
        "mrr_at_1": 0.393162,
        "mrr_at_3": 0.519943,
        "mrr_at_5": 0.531481,
        "mrr_at_10": 0.546456,
        "mrr_at_20": 0.552992,
        "mrr_at_100": 0.555072,
        "mrr_at_1000": 0.555072,
        "nauc_ndcg_at_1_max": 0.251867,
        "nauc_ndcg_at_1_std": 0.038629,
        "nauc_ndcg_at_1_diff1": 0.49928,
        "nauc_ndcg_at_3_max": 0.324567,
        "nauc_ndcg_at_3_std": 0.018823,
        "nauc_ndcg_at_3_diff1": 0.432809,
        "nauc_ndcg_at_5_max": 0.301439,
        "nauc_ndcg_at_5_std": -0.02199,
        "nauc_ndcg_at_5_diff1": 0.432605,
        "nauc_ndcg_at_10_max": 0.325439,
        "nauc_ndcg_at_10_std": -0.012874,
        "nauc_ndcg_at_10_diff1": 0.473176,
        "nauc_ndcg_at_20_max": 0.288684,
        "nauc_ndcg_at_20_std": -0.008228,
        "nauc_ndcg_at_20_diff1": 0.465567,
        "nauc_ndcg_at_100_max": 0.301455,
        "nauc_ndcg_at_100_std": 0.003114,
        "nauc_ndcg_at_100_diff1": 0.46115,
        "nauc_ndcg_at_1000_max": 0.301455,
        "nauc_ndcg_at_1000_std": 0.003114,
        "nauc_ndcg_at_1000_diff1": 0.46115,
        "nauc_map_at_1_max": 0.251867,
        "nauc_map_at_1_std": 0.038629,
        "nauc_map_at_1_diff1": 0.49928,
        "nauc_map_at_3_max": 0.30727,
        "nauc_map_at_3_std": 0.021546,
        "nauc_map_at_3_diff1": 0.444486,
        "nauc_map_at_5_max": 0.295002,
        "nauc_map_at_5_std": 0.000585,
        "nauc_map_at_5_diff1": 0.445075,
        "nauc_map_at_10_max": 0.303836,
        "nauc_map_at_10_std": 0.005568,
        "nauc_map_at_10_diff1": 0.462157,
        "nauc_map_at_20_max": 0.295187,
        "nauc_map_at_20_std": 0.006554,
        "nauc_map_at_20_diff1": 0.460427,
        "nauc_map_at_100_max": 0.297229,
        "nauc_map_at_100_std": 0.008365,
        "nauc_map_at_100_diff1": 0.460156,
        "nauc_map_at_1000_max": 0.297229,
        "nauc_map_at_1000_std": 0.008365,
        "nauc_map_at_1000_diff1": 0.460156,
        "nauc_recall_at_1_max": 0.251867,
        "nauc_recall_at_1_std": 0.038629,
        "nauc_recall_at_1_diff1": 0.49928,
        "nauc_recall_at_3_max": 0.380926,
        "nauc_recall_at_3_std": 0.011016,
        "nauc_recall_at_3_diff1": 0.396975,
        "nauc_recall_at_5_max": 0.319138,
        "nauc_recall_at_5_std": -0.110661,
        "nauc_recall_at_5_diff1": 0.389785,
        "nauc_recall_at_10_max": 0.446282,
        "nauc_recall_at_10_std": -0.116218,
        "nauc_recall_at_10_diff1": 0.556567,
        "nauc_recall_at_20_max": 0.109357,
        "nauc_recall_at_20_std": -0.168204,
        "nauc_recall_at_20_diff1": 0.550635,
        "nauc_recall_at_100_max": NaN,
        "nauc_recall_at_100_std": NaN,
        "nauc_recall_at_100_diff1": NaN,
        "nauc_recall_at_1000_max": NaN,
        "nauc_recall_at_1000_std": NaN,
        "nauc_recall_at_1000_diff1": NaN,
        "nauc_precision_at_1_max": 0.251867,
        "nauc_precision_at_1_std": 0.038629,
        "nauc_precision_at_1_diff1": 0.49928,
        "nauc_precision_at_3_max": 0.380926,
        "nauc_precision_at_3_std": 0.011016,
        "nauc_precision_at_3_diff1": 0.396975,
        "nauc_precision_at_5_max": 0.319138,
        "nauc_precision_at_5_std": -0.110661,
        "nauc_precision_at_5_diff1": 0.389785,
        "nauc_precision_at_10_max": 0.446282,
        "nauc_precision_at_10_std": -0.116218,
        "nauc_precision_at_10_diff1": 0.556567,
        "nauc_precision_at_20_max": 0.109357,
        "nauc_precision_at_20_std": -0.168204,
        "nauc_precision_at_20_diff1": 0.550635,
        "nauc_precision_at_100_max": NaN,
        "nauc_precision_at_100_std": NaN,
        "nauc_precision_at_100_diff1": NaN,
        "nauc_precision_at_1000_max": 1.0,
        "nauc_precision_at_1000_std": 1.0,
        "nauc_precision_at_1000_diff1": 1.0,
        "nauc_mrr_at_1_max": 0.251867,
        "nauc_mrr_at_1_std": 0.038629,
        "nauc_mrr_at_1_diff1": 0.49928,
        "nauc_mrr_at_3_max": 0.30727,
        "nauc_mrr_at_3_std": 0.021546,
        "nauc_mrr_at_3_diff1": 0.444486,
        "nauc_mrr_at_5_max": 0.295002,
        "nauc_mrr_at_5_std": 0.000585,
        "nauc_mrr_at_5_diff1": 0.445075,
        "nauc_mrr_at_10_max": 0.303836,
        "nauc_mrr_at_10_std": 0.005568,
        "nauc_mrr_at_10_diff1": 0.462157,
        "nauc_mrr_at_20_max": 0.295187,
        "nauc_mrr_at_20_std": 0.006554,
        "nauc_mrr_at_20_diff1": 0.460427,
        "nauc_mrr_at_100_max": 0.297229,
        "nauc_mrr_at_100_std": 0.008365,
        "nauc_mrr_at_100_diff1": 0.460156,
        "nauc_mrr_at_1000_max": 0.297229,
        "nauc_mrr_at_1000_std": 0.008365,
        "nauc_mrr_at_1000_diff1": 0.460156,
        "main_score": 0.61291,
        "hf_subset": "default",
        "languages": [
          "eng-Latn"
        ]
      }
    ]
  },
  "evaluation_time": 58.64350128173828,
  "kg_co2_emissions": null
}