{
  "dataset_revision": "2095f248902963b4480ac96b774ba64b2104cbee",
  "task_name": "consumer-contracts-qa",
  "mteb_version": "1.38.49",
  "scores": {
    "test": [
      {
        "ndcg_at_1": 0.79293,
        "ndcg_at_3": 0.86093,
        "ndcg_at_5": 0.87744,
        "ndcg_at_10": 0.88557,
        "ndcg_at_20": 0.89181,
        "ndcg_at_100": 0.89181,
        "ndcg_at_1000": 0.89181,
        "map_at_1": 0.79293,
        "map_at_3": 0.84428,
        "map_at_5": 0.85337,
        "map_at_10": 0.8567,
        "map_at_20": 0.85832,
        "map_at_100": 0.85832,
        "map_at_1000": 0.85832,
        "recall_at_1": 0.79293,
        "recall_at_3": 0.90909,
        "recall_at_5": 0.94949,
        "recall_at_10": 0.97475,
        "recall_at_20": 1.0,
        "recall_at_100": 1.0,
        "recall_at_1000": 1.0,
        "precision_at_1": 0.79293,
        "precision_at_3": 0.30303,
        "precision_at_5": 0.1899,
        "precision_at_10": 0.09747,
        "precision_at_20": 0.05,
        "precision_at_100": 0.01,
        "precision_at_1000": 0.001,
        "mrr_at_1": 0.792929,
        "mrr_at_3": 0.844276,
        "mrr_at_5": 0.853367,
        "mrr_at_10": 0.856698,
        "mrr_at_20": 0.858324,
        "mrr_at_100": 0.858324,
        "mrr_at_1000": 0.858324,
        "nauc_ndcg_at_1_max": 0.479437,
        "nauc_ndcg_at_1_std": -0.000669,
        "nauc_ndcg_at_1_diff1": 0.807262,
        "nauc_ndcg_at_3_max": 0.449727,
        "nauc_ndcg_at_3_std": 0.020909,
        "nauc_ndcg_at_3_diff1": 0.767342,
        "nauc_ndcg_at_5_max": 0.49805,
        "nauc_ndcg_at_5_std": 0.017635,
        "nauc_ndcg_at_5_diff1": 0.780347,
        "nauc_ndcg_at_10_max": 0.499357,
        "nauc_ndcg_at_10_std": 0.02293,
        "nauc_ndcg_at_10_diff1": 0.796873,
        "nauc_ndcg_at_20_max": 0.477645,
        "nauc_ndcg_at_20_std": 0.010096,
        "nauc_ndcg_at_20_diff1": 0.78768,
        "nauc_ndcg_at_100_max": 0.477645,
        "nauc_ndcg_at_100_std": 0.010096,
        "nauc_ndcg_at_100_diff1": 0.78768,
        "nauc_ndcg_at_1000_max": 0.477645,
        "nauc_ndcg_at_1000_std": 0.010096,
        "nauc_ndcg_at_1000_diff1": 0.78768,
        "nauc_map_at_1_max": 0.479437,
        "nauc_map_at_1_std": -0.000669,
        "nauc_map_at_1_diff1": 0.807262,
        "nauc_map_at_3_max": 0.455825,
        "nauc_map_at_3_std": 0.011641,
        "nauc_map_at_3_diff1": 0.777092,
        "nauc_map_at_5_max": 0.479915,
        "nauc_map_at_5_std": 0.010565,
        "nauc_map_at_5_diff1": 0.784281,
        "nauc_map_at_10_max": 0.479353,
        "nauc_map_at_10_std": 0.011099,
        "nauc_map_at_10_diff1": 0.789927,
        "nauc_map_at_20_max": 0.474775,
        "nauc_map_at_20_std": 0.008259,
        "nauc_map_at_20_diff1": 0.788011,
        "nauc_map_at_100_max": 0.474775,
        "nauc_map_at_100_std": 0.008259,
        "nauc_map_at_100_diff1": 0.788011,
        "nauc_map_at_1000_max": 0.474775,
        "nauc_map_at_1000_std": 0.008259,
        "nauc_map_at_1000_diff1": 0.788011,
        "nauc_recall_at_1_max": 0.479437,
        "nauc_recall_at_1_std": -0.000669,
        "nauc_recall_at_1_diff1": 0.807262,
        "nauc_recall_at_3_max": 0.4233,
        "nauc_recall_at_3_std": 0.066046,
        "nauc_recall_at_3_diff1": 0.723486,
        "nauc_recall_at_5_max": 0.660205,
        "nauc_recall_at_5_std": 0.071759,
        "nauc_recall_at_5_diff1": 0.755869,
        "nauc_recall_at_10_max": 0.855165,
        "nauc_recall_at_10_std": 0.227846,
        "nauc_recall_at_10_diff1": 0.947654,
        "nauc_recall_at_20_max": NaN,
        "nauc_recall_at_20_std": NaN,
        "nauc_recall_at_20_diff1": NaN,
        "nauc_recall_at_100_max": NaN,
        "nauc_recall_at_100_std": NaN,
        "nauc_recall_at_100_diff1": NaN,
        "nauc_recall_at_1000_max": NaN,
        "nauc_recall_at_1000_std": NaN,
        "nauc_recall_at_1000_diff1": NaN,
        "nauc_precision_at_1_max": 0.479437,
        "nauc_precision_at_1_std": -0.000669,
        "nauc_precision_at_1_diff1": 0.807262,
        "nauc_precision_at_3_max": 0.4233,
        "nauc_precision_at_3_std": 0.066046,
        "nauc_precision_at_3_diff1": 0.723486,
        "nauc_precision_at_5_max": 0.660205,
        "nauc_precision_at_5_std": 0.071759,
        "nauc_precision_at_5_diff1": 0.755869,
        "nauc_precision_at_10_max": 0.855165,
        "nauc_precision_at_10_std": 0.227846,
        "nauc_precision_at_10_diff1": 0.947654,
        "nauc_precision_at_20_max": 1.0,
        "nauc_precision_at_20_std": 1.0,
        "nauc_precision_at_20_diff1": 1.0,
        "nauc_precision_at_100_max": 1.0,
        "nauc_precision_at_100_std": 1.0,
        "nauc_precision_at_100_diff1": 1.0,
        "nauc_precision_at_1000_max": 1.0,
        "nauc_precision_at_1000_std": 1.0,
        "nauc_precision_at_1000_diff1": 1.0,
        "nauc_mrr_at_1_max": 0.479437,
        "nauc_mrr_at_1_std": -0.000669,
        "nauc_mrr_at_1_diff1": 0.807262,
        "nauc_mrr_at_3_max": 0.455825,
        "nauc_mrr_at_3_std": 0.011641,
        "nauc_mrr_at_3_diff1": 0.777092,
        "nauc_mrr_at_5_max": 0.479915,
        "nauc_mrr_at_5_std": 0.010565,
        "nauc_mrr_at_5_diff1": 0.784281,
        "nauc_mrr_at_10_max": 0.479353,
        "nauc_mrr_at_10_std": 0.011099,
        "nauc_mrr_at_10_diff1": 0.789927,
        "nauc_mrr_at_20_max": 0.474775,
        "nauc_mrr_at_20_std": 0.008259,
        "nauc_mrr_at_20_diff1": 0.788011,
        "nauc_mrr_at_100_max": 0.474775,
        "nauc_mrr_at_100_std": 0.008259,
        "nauc_mrr_at_100_diff1": 0.788011,
        "nauc_mrr_at_1000_max": 0.474775,
        "nauc_mrr_at_1000_std": 0.008259,
        "nauc_mrr_at_1000_diff1": 0.788011,
        "main_score": 0.88557,
        "hf_subset": "default",
        "languages": [
          "eng-Latn"
        ]
      }
    ]
  },
  "evaluation_time": 83.23095655441284,
  "kg_co2_emissions": null
}