{
  "dataset_revision": "48ed7bcb1f50896a0f71461a04b2df0ca84329d9",
  "task_name": "contractual-clause-retrieval",
  "mteb_version": "1.38.49",
  "scores": {
    "test": [
      {
        "ndcg_at_1": 0.88889,
        "ndcg_at_3": 0.89213,
        "ndcg_at_5": 0.92028,
        "ndcg_at_10": 0.92968,
        "ndcg_at_20": 0.93599,
        "ndcg_at_100": 0.93599,
        "ndcg_at_1000": 0.93599,
        "map_at_1": 0.44444,
        "map_at_3": 0.87222,
        "map_at_5": 0.895,
        "map_at_10": 0.90188,
        "map_at_20": 0.90361,
        "map_at_100": 0.90361,
        "map_at_1000": 0.90361,
        "recall_at_1": 0.44444,
        "recall_at_3": 0.9,
        "recall_at_5": 0.95556,
        "recall_at_10": 0.97778,
        "recall_at_20": 1.0,
        "recall_at_100": 1.0,
        "recall_at_1000": 1.0,
        "precision_at_1": 0.88889,
        "precision_at_3": 0.6,
        "precision_at_5": 0.38222,
        "precision_at_10": 0.19556,
        "precision_at_20": 0.1,
        "precision_at_100": 0.02,
        "precision_at_1000": 0.002,
        "mrr_at_1": 0.888889,
        "mrr_at_3": 0.922222,
        "mrr_at_5": 0.927778,
        "mrr_at_10": 0.927778,
        "mrr_at_20": 0.929012,
        "mrr_at_100": 0.929012,
        "mrr_at_1000": 0.929012,
        "nauc_ndcg_at_1_max": 0.58107,
        "nauc_ndcg_at_1_std": -0.385487,
        "nauc_ndcg_at_1_diff1": 0.55456,
        "nauc_ndcg_at_3_max": 0.540147,
        "nauc_ndcg_at_3_std": -0.32539,
        "nauc_ndcg_at_3_diff1": 0.39554,
        "nauc_ndcg_at_5_max": 0.494282,
        "nauc_ndcg_at_5_std": -0.457661,
        "nauc_ndcg_at_5_diff1": 0.262183,
        "nauc_ndcg_at_10_max": 0.582735,
        "nauc_ndcg_at_10_std": -0.514449,
        "nauc_ndcg_at_10_diff1": 0.351213,
        "nauc_ndcg_at_20_max": 0.552965,
        "nauc_ndcg_at_20_std": -0.44746,
        "nauc_ndcg_at_20_diff1": 0.374401,
        "nauc_ndcg_at_100_max": 0.552965,
        "nauc_ndcg_at_100_std": -0.44746,
        "nauc_ndcg_at_100_diff1": 0.374401,
        "nauc_ndcg_at_1000_max": 0.552965,
        "nauc_ndcg_at_1000_std": -0.44746,
        "nauc_ndcg_at_1000_diff1": 0.374401,
        "nauc_map_at_1_max": 0.58107,
        "nauc_map_at_1_std": -0.385487,
        "nauc_map_at_1_diff1": 0.55456,
        "nauc_map_at_3_max": 0.552505,
        "nauc_map_at_3_std": -0.328868,
        "nauc_map_at_3_diff1": 0.355679,
        "nauc_map_at_5_max": 0.504833,
        "nauc_map_at_5_std": -0.415009,
        "nauc_map_at_5_diff1": 0.27373,
        "nauc_map_at_10_max": 0.552079,
        "nauc_map_at_10_std": -0.441305,
        "nauc_map_at_10_diff1": 0.325967,
        "nauc_map_at_20_max": 0.546026,
        "nauc_map_at_20_std": -0.427604,
        "nauc_map_at_20_diff1": 0.329749,
        "nauc_map_at_100_max": 0.546026,
        "nauc_map_at_100_std": -0.427604,
        "nauc_map_at_100_diff1": 0.329749,
        "nauc_map_at_1000_max": 0.546026,
        "nauc_map_at_1000_std": -0.427604,
        "nauc_map_at_1000_diff1": 0.329749,
        "nauc_recall_at_1_max": 0.58107,
        "nauc_recall_at_1_std": -0.385487,
        "nauc_recall_at_1_diff1": 0.55456,
        "nauc_recall_at_3_max": 0.533716,
        "nauc_recall_at_3_std": -0.256617,
        "nauc_recall_at_3_diff1": 0.381163,
        "nauc_recall_at_5_max": 0.351769,
        "nauc_recall_at_5_std": -0.591545,
        "nauc_recall_at_5_diff1": -0.109665,
        "nauc_recall_at_10_max": 0.870875,
        "nauc_recall_at_10_std": -1.162812,
        "nauc_recall_at_10_diff1": 0.126781,
        "nauc_recall_at_20_max": NaN,
        "nauc_recall_at_20_std": NaN,
        "nauc_recall_at_20_diff1": NaN,
        "nauc_recall_at_100_max": NaN,
        "nauc_recall_at_100_std": NaN,
        "nauc_recall_at_100_diff1": NaN,
        "nauc_recall_at_1000_max": NaN,
        "nauc_recall_at_1000_std": NaN,
        "nauc_recall_at_1000_diff1": NaN,
        "nauc_precision_at_1_max": 0.58107,
        "nauc_precision_at_1_std": -0.385487,
        "nauc_precision_at_1_diff1": 0.55456,
        "nauc_precision_at_3_max": 0.533716,
        "nauc_precision_at_3_std": -0.256617,
        "nauc_precision_at_3_diff1": 0.381163,
        "nauc_precision_at_5_max": 0.351769,
        "nauc_precision_at_5_std": -0.591545,
        "nauc_precision_at_5_diff1": -0.109665,
        "nauc_precision_at_10_max": 0.870875,
        "nauc_precision_at_10_std": -1.162812,
        "nauc_precision_at_10_diff1": 0.126781,
        "nauc_precision_at_20_max": 1.0,
        "nauc_precision_at_20_std": 1.0,
        "nauc_precision_at_20_diff1": 1.0,
        "nauc_precision_at_100_max": 1.0,
        "nauc_precision_at_100_std": 1.0,
        "nauc_precision_at_100_diff1": 1.0,
        "nauc_precision_at_1000_max": NaN,
        "nauc_precision_at_1000_std": NaN,
        "nauc_precision_at_1000_diff1": NaN,
        "nauc_mrr_at_1_max": 0.58107,
        "nauc_mrr_at_1_std": -0.385487,
        "nauc_mrr_at_1_diff1": 0.55456,
        "nauc_mrr_at_3_max": 0.514324,
        "nauc_mrr_at_3_std": -0.424064,
        "nauc_mrr_at_3_diff1": 0.557131,
        "nauc_mrr_at_5_max": 0.567822,
        "nauc_mrr_at_5_std": -0.467295,
        "nauc_mrr_at_5_diff1": 0.522373,
        "nauc_mrr_at_10_max": 0.567822,
        "nauc_mrr_at_10_std": -0.467295,
        "nauc_mrr_at_10_diff1": 0.522373,
        "nauc_mrr_at_20_max": 0.562443,
        "nauc_mrr_at_20_std": -0.45495,
        "nauc_mrr_at_20_diff1": 0.529395,
        "nauc_mrr_at_100_max": 0.562443,
        "nauc_mrr_at_100_std": -0.45495,
        "nauc_mrr_at_100_diff1": 0.529395,
        "nauc_mrr_at_1000_max": 0.562443,
        "nauc_mrr_at_1000_std": -0.45495,
        "nauc_mrr_at_1000_diff1": 0.529395,
        "main_score": 0.92968,
        "hf_subset": "default",
        "languages": [
          "eng-Latn"
        ]
      }
    ]
  },
  "evaluation_time": 22.952834606170654,
  "kg_co2_emissions": null
}