{
  "dataset_revision": "8d41f3d22bb73685b6f42b62ad95940ea3dfbf84",
  "task_name": "gdpr-holdings-retrieval",
  "mteb_version": "1.38.49",
  "scores": {
    "test": [
      {
        "ndcg_at_1": 0.84,
        "ndcg_at_3": 0.89847,
        "ndcg_at_5": 0.90837,
        "ndcg_at_10": 0.91286,
        "ndcg_at_20": 0.91494,
        "ndcg_at_100": 0.91798,
        "ndcg_at_1000": 0.91822,
        "map_at_1": 0.84,
        "map_at_3": 0.88533,
        "map_at_5": 0.89083,
        "map_at_10": 0.89266,
        "map_at_20": 0.89326,
        "map_at_100": 0.89372,
        "map_at_1000": 0.89373,
        "recall_at_1": 0.84,
        "recall_at_3": 0.936,
        "recall_at_5": 0.96,
        "recall_at_10": 0.974,
        "recall_at_20": 0.982,
        "recall_at_100": 0.998,
        "recall_at_1000": 1.0,
        "precision_at_1": 0.84,
        "precision_at_3": 0.312,
        "precision_at_5": 0.192,
        "precision_at_10": 0.0974,
        "precision_at_20": 0.0491,
        "precision_at_100": 0.00998,
        "precision_at_1000": 0.001,
        "mrr_at_1": 0.84,
        "mrr_at_3": 0.885333,
        "mrr_at_5": 0.890833,
        "mrr_at_10": 0.89266,
        "mrr_at_20": 0.893263,
        "mrr_at_100": 0.893723,
        "mrr_at_1000": 0.893729,
        "nauc_ndcg_at_1_max": 0.529854,
        "nauc_ndcg_at_1_std": -0.094508,
        "nauc_ndcg_at_1_diff1": 0.848852,
        "nauc_ndcg_at_3_max": 0.60808,
        "nauc_ndcg_at_3_std": -0.088316,
        "nauc_ndcg_at_3_diff1": 0.822908,
        "nauc_ndcg_at_5_max": 0.59375,
        "nauc_ndcg_at_5_std": -0.059083,
        "nauc_ndcg_at_5_diff1": 0.818399,
        "nauc_ndcg_at_10_max": 0.580587,
        "nauc_ndcg_at_10_std": -0.044129,
        "nauc_ndcg_at_10_diff1": 0.81267,
        "nauc_ndcg_at_20_max": 0.572395,
        "nauc_ndcg_at_20_std": -0.057426,
        "nauc_ndcg_at_20_diff1": 0.8137,
        "nauc_ndcg_at_100_max": 0.580456,
        "nauc_ndcg_at_100_std": -0.073334,
        "nauc_ndcg_at_100_diff1": 0.82477,
        "nauc_ndcg_at_1000_max": 0.579201,
        "nauc_ndcg_at_1000_std": -0.073041,
        "nauc_ndcg_at_1000_diff1": 0.825077,
        "nauc_map_at_1_max": 0.529854,
        "nauc_map_at_1_std": -0.094508,
        "nauc_map_at_1_diff1": 0.848852,
        "nauc_map_at_3_max": 0.587167,
        "nauc_map_at_3_std": -0.094044,
        "nauc_map_at_3_diff1": 0.830819,
        "nauc_map_at_5_max": 0.579594,
        "nauc_map_at_5_std": -0.080801,
        "nauc_map_at_5_diff1": 0.828827,
        "nauc_map_at_10_max": 0.575031,
        "nauc_map_at_10_std": -0.07675,
        "nauc_map_at_10_diff1": 0.827094,
        "nauc_map_at_20_max": 0.573076,
        "nauc_map_at_20_std": -0.080264,
        "nauc_map_at_20_diff1": 0.827503,
        "nauc_map_at_100_max": 0.574525,
        "nauc_map_at_100_std": -0.08166,
        "nauc_map_at_100_diff1": 0.82925,
        "nauc_map_at_1000_max": 0.574501,
        "nauc_map_at_1000_std": -0.081655,
        "nauc_map_at_1000_diff1": 0.829256,
        "nauc_recall_at_1_max": 0.529854,
        "nauc_recall_at_1_std": -0.094508,
        "nauc_recall_at_1_diff1": 0.848852,
        "nauc_recall_at_3_max": 0.708931,
        "nauc_recall_at_3_std": -0.057087,
        "nauc_recall_at_3_diff1": 0.783891,
        "nauc_recall_at_5_max": 0.689823,
        "nauc_recall_at_5_std": 0.120565,
        "nauc_recall_at_5_diff1": 0.739426,
        "nauc_recall_at_10_max": 0.607376,
        "nauc_recall_at_10_std": 0.379444,
        "nauc_recall_at_10_diff1": 0.639338,
        "nauc_recall_at_20_max": 0.47645,
        "nauc_recall_at_20_std": 0.345057,
        "nauc_recall_at_20_diff1": 0.576512,
        "nauc_recall_at_100_max": 1.0,
        "nauc_recall_at_100_std": -0.171335,
        "nauc_recall_at_100_diff1": 0.722222,
        "nauc_recall_at_1000_max": NaN,
        "nauc_recall_at_1000_std": NaN,
        "nauc_recall_at_1000_diff1": NaN,
        "nauc_precision_at_1_max": 0.529854,
        "nauc_precision_at_1_std": -0.094508,
        "nauc_precision_at_1_diff1": 0.848852,
        "nauc_precision_at_3_max": 0.708931,
        "nauc_precision_at_3_std": -0.057087,
        "nauc_precision_at_3_diff1": 0.783891,
        "nauc_precision_at_5_max": 0.689823,
        "nauc_precision_at_5_std": 0.120565,
        "nauc_precision_at_5_diff1": 0.739426,
        "nauc_precision_at_10_max": 0.607376,
        "nauc_precision_at_10_std": 0.379444,
        "nauc_precision_at_10_diff1": 0.639338,
        "nauc_precision_at_20_max": 0.47645,
        "nauc_precision_at_20_std": 0.345057,
        "nauc_precision_at_20_diff1": 0.576512,
        "nauc_precision_at_100_max": 1.0,
        "nauc_precision_at_100_std": -0.171335,
        "nauc_precision_at_100_diff1": 0.722222,
        "nauc_precision_at_1000_max": 1.0,
        "nauc_precision_at_1000_std": 1.0,
        "nauc_precision_at_1000_diff1": 1.0,
        "nauc_mrr_at_1_max": 0.529854,
        "nauc_mrr_at_1_std": -0.094508,
        "nauc_mrr_at_1_diff1": 0.848852,
        "nauc_mrr_at_3_max": 0.587167,
        "nauc_mrr_at_3_std": -0.094044,
        "nauc_mrr_at_3_diff1": 0.830819,
        "nauc_mrr_at_5_max": 0.579594,
        "nauc_mrr_at_5_std": -0.080801,
        "nauc_mrr_at_5_diff1": 0.828827,
        "nauc_mrr_at_10_max": 0.575031,
        "nauc_mrr_at_10_std": -0.07675,
        "nauc_mrr_at_10_diff1": 0.827094,
        "nauc_mrr_at_20_max": 0.573076,
        "nauc_mrr_at_20_std": -0.080264,
        "nauc_mrr_at_20_diff1": 0.827503,
        "nauc_mrr_at_100_max": 0.574525,
        "nauc_mrr_at_100_std": -0.08166,
        "nauc_mrr_at_100_diff1": 0.82925,
        "nauc_mrr_at_1000_max": 0.574501,
        "nauc_mrr_at_1000_std": -0.081655,
        "nauc_mrr_at_1000_diff1": 0.829256,
        "main_score": 0.91286,
        "hf_subset": "default",
        "languages": [
          "eng-Latn"
        ]
      }
    ]
  },
  "evaluation_time": 236.69397687911987,
  "kg_co2_emissions": null
}