{
  "dataset_revision": "bbf8b2d84b7de5970b2ba4ea843c791285fdb1df",
  "task_name": "irish-legislative-summaries",
  "mteb_version": "1.38.49",
  "scores": {
    "test": [
      {
        "ndcg_at_1": 0.874,
        "ndcg_at_3": 0.92033,
        "ndcg_at_5": 0.92886,
        "ndcg_at_10": 0.9302,
        "ndcg_at_20": 0.93284,
        "ndcg_at_100": 0.9356,
        "ndcg_at_1000": 0.9356,
        "map_at_1": 0.874,
        "map_at_3": 0.90933,
        "map_at_5": 0.91423,
        "map_at_10": 0.91482,
        "map_at_20": 0.9156,
        "map_at_100": 0.91605,
        "map_at_1000": 0.91605,
        "recall_at_1": 0.874,
        "recall_at_3": 0.952,
        "recall_at_5": 0.972,
        "recall_at_10": 0.976,
        "recall_at_20": 0.986,
        "recall_at_100": 1.0,
        "recall_at_1000": 1.0,
        "precision_at_1": 0.874,
        "precision_at_3": 0.31733,
        "precision_at_5": 0.1944,
        "precision_at_10": 0.0976,
        "precision_at_20": 0.0493,
        "precision_at_100": 0.01,
        "precision_at_1000": 0.001,
        "mrr_at_1": 0.874,
        "mrr_at_3": 0.909333,
        "mrr_at_5": 0.914233,
        "mrr_at_10": 0.914817,
        "mrr_at_20": 0.915598,
        "mrr_at_100": 0.916049,
        "mrr_at_1000": 0.916049,
        "nauc_ndcg_at_1_max": 0.646688,
        "nauc_ndcg_at_1_std": -0.456841,
        "nauc_ndcg_at_1_diff1": 0.913568,
        "nauc_ndcg_at_3_max": 0.674311,
        "nauc_ndcg_at_3_std": -0.416996,
        "nauc_ndcg_at_3_diff1": 0.912181,
        "nauc_ndcg_at_5_max": 0.676838,
        "nauc_ndcg_at_5_std": -0.417974,
        "nauc_ndcg_at_5_diff1": 0.91496,
        "nauc_ndcg_at_10_max": 0.674608,
        "nauc_ndcg_at_10_std": -0.434982,
        "nauc_ndcg_at_10_diff1": 0.914497,
        "nauc_ndcg_at_20_max": 0.67187,
        "nauc_ndcg_at_20_std": -0.426406,
        "nauc_ndcg_at_20_diff1": 0.913086,
        "nauc_ndcg_at_100_max": 0.666263,
        "nauc_ndcg_at_100_std": -0.433921,
        "nauc_ndcg_at_100_diff1": 0.913496,
        "nauc_ndcg_at_1000_max": 0.666263,
        "nauc_ndcg_at_1000_std": -0.433921,
        "nauc_ndcg_at_1000_diff1": 0.913496,
        "nauc_map_at_1_max": 0.646688,
        "nauc_map_at_1_std": -0.456841,
        "nauc_map_at_1_diff1": 0.913568,
        "nauc_map_at_3_max": 0.66489,
        "nauc_map_at_3_std": -0.428542,
        "nauc_map_at_3_diff1": 0.912574,
        "nauc_map_at_5_max": 0.665674,
        "nauc_map_at_5_std": -0.429772,
        "nauc_map_at_5_diff1": 0.913989,
        "nauc_map_at_10_max": 0.664673,
        "nauc_map_at_10_std": -0.436255,
        "nauc_map_at_10_diff1": 0.91378,
        "nauc_map_at_20_max": 0.663882,
        "nauc_map_at_20_std": -0.434134,
        "nauc_map_at_20_diff1": 0.913406,
        "nauc_map_at_100_max": 0.663119,
        "nauc_map_at_100_std": -0.435677,
        "nauc_map_at_100_diff1": 0.913465,
        "nauc_map_at_1000_max": 0.663119,
        "nauc_map_at_1000_std": -0.435677,
        "nauc_map_at_1000_diff1": 0.913465,
        "nauc_recall_at_1_max": 0.646688,
        "nauc_recall_at_1_std": -0.456841,
        "nauc_recall_at_1_diff1": 0.913568,
        "nauc_recall_at_3_max": 0.724887,
        "nauc_recall_at_3_std": -0.35654,
        "nauc_recall_at_3_diff1": 0.910131,
        "nauc_recall_at_5_max": 0.774243,
        "nauc_recall_at_5_std": -0.317961,
        "nauc_recall_at_5_diff1": 0.924136,
        "nauc_recall_at_10_max": 0.773771,
        "nauc_recall_at_10_std": -0.440009,
        "nauc_recall_at_10_diff1": 0.922386,
        "nauc_recall_at_20_max": 0.797919,
        "nauc_recall_at_20_std": -0.295785,
        "nauc_recall_at_20_diff1": 0.904295,
        "nauc_recall_at_100_max": NaN,
        "nauc_recall_at_100_std": NaN,
        "nauc_recall_at_100_diff1": NaN,
        "nauc_recall_at_1000_max": NaN,
        "nauc_recall_at_1000_std": NaN,
        "nauc_recall_at_1000_diff1": NaN,
        "nauc_precision_at_1_max": 0.646688,
        "nauc_precision_at_1_std": -0.456841,
        "nauc_precision_at_1_diff1": 0.913568,
        "nauc_precision_at_3_max": 0.724887,
        "nauc_precision_at_3_std": -0.35654,
        "nauc_precision_at_3_diff1": 0.910131,
        "nauc_precision_at_5_max": 0.774243,
        "nauc_precision_at_5_std": -0.317961,
        "nauc_precision_at_5_diff1": 0.924136,
        "nauc_precision_at_10_max": 0.773771,
        "nauc_precision_at_10_std": -0.440009,
        "nauc_precision_at_10_diff1": 0.922386,
        "nauc_precision_at_20_max": 0.797919,
        "nauc_precision_at_20_std": -0.295785,
        "nauc_precision_at_20_diff1": 0.904295,
        "nauc_precision_at_100_max": 1.0,
        "nauc_precision_at_100_std": 1.0,
        "nauc_precision_at_100_diff1": 1.0,
        "nauc_precision_at_1000_max": 1.0,
        "nauc_precision_at_1000_std": 1.0,
        "nauc_precision_at_1000_diff1": 1.0,
        "nauc_mrr_at_1_max": 0.646688,
        "nauc_mrr_at_1_std": -0.456841,
        "nauc_mrr_at_1_diff1": 0.913568,
        "nauc_mrr_at_3_max": 0.66489,
        "nauc_mrr_at_3_std": -0.428542,
        "nauc_mrr_at_3_diff1": 0.912574,
        "nauc_mrr_at_5_max": 0.665674,
        "nauc_mrr_at_5_std": -0.429772,
        "nauc_mrr_at_5_diff1": 0.913989,
        "nauc_mrr_at_10_max": 0.664673,
        "nauc_mrr_at_10_std": -0.436255,
        "nauc_mrr_at_10_diff1": 0.91378,
        "nauc_mrr_at_20_max": 0.663882,
        "nauc_mrr_at_20_std": -0.434134,
        "nauc_mrr_at_20_diff1": 0.913406,
        "nauc_mrr_at_100_max": 0.663119,
        "nauc_mrr_at_100_std": -0.435677,
        "nauc_mrr_at_100_diff1": 0.913465,
        "nauc_mrr_at_1000_max": 0.663119,
        "nauc_mrr_at_1000_std": -0.435677,
        "nauc_mrr_at_1000_diff1": 0.913465,
        "main_score": 0.9302,
        "hf_subset": "default",
        "languages": [
          "eng-Latn"
        ]
      }
    ]
  },
  "evaluation_time": 1659.6117327213287,
  "kg_co2_emissions": null
}