{
  "dataset_revision": "ec00129f88e9476e582131dc3a5db9220dfefa48",
  "task_name": "license-tldr-retrieval",
  "mteb_version": "1.38.49",
  "scores": {
    "test": [
      {
        "ndcg_at_1": 0.6,
        "ndcg_at_3": 0.71611,
        "ndcg_at_5": 0.73532,
        "ndcg_at_10": 0.76629,
        "ndcg_at_20": 0.77023,
        "ndcg_at_100": 0.77983,
        "ndcg_at_1000": 0.77983,
        "map_at_1": 0.6,
        "map_at_3": 0.68718,
        "map_at_5": 0.69795,
        "map_at_10": 0.71138,
        "map_at_20": 0.71248,
        "map_at_100": 0.71419,
        "map_at_1000": 0.71419,
        "recall_at_1": 0.6,
        "recall_at_3": 0.8,
        "recall_at_5": 0.84615,
        "recall_at_10": 0.93846,
        "recall_at_20": 0.95385,
        "recall_at_100": 1.0,
        "recall_at_1000": 1.0,
        "precision_at_1": 0.6,
        "precision_at_3": 0.26667,
        "precision_at_5": 0.16923,
        "precision_at_10": 0.09385,
        "precision_at_20": 0.04769,
        "precision_at_100": 0.01,
        "precision_at_1000": 0.001,
        "mrr_at_1": 0.6,
        "mrr_at_3": 0.687179,
        "mrr_at_5": 0.697949,
        "mrr_at_10": 0.71138,
        "mrr_at_20": 0.712479,
        "mrr_at_100": 0.714193,
        "mrr_at_1000": 0.714193,
        "nauc_ndcg_at_1_max": 0.586843,
        "nauc_ndcg_at_1_std": 0.387209,
        "nauc_ndcg_at_1_diff1": 0.761104,
        "nauc_ndcg_at_3_max": 0.591694,
        "nauc_ndcg_at_3_std": 0.413446,
        "nauc_ndcg_at_3_diff1": 0.778621,
        "nauc_ndcg_at_5_max": 0.620739,
        "nauc_ndcg_at_5_std": 0.439359,
        "nauc_ndcg_at_5_diff1": 0.754458,
        "nauc_ndcg_at_10_max": 0.622159,
        "nauc_ndcg_at_10_std": 0.399575,
        "nauc_ndcg_at_10_diff1": 0.735003,
        "nauc_ndcg_at_20_max": 0.614412,
        "nauc_ndcg_at_20_std": 0.392937,
        "nauc_ndcg_at_20_diff1": 0.732227,
        "nauc_ndcg_at_100_max": 0.603906,
        "nauc_ndcg_at_100_std": 0.3939,
        "nauc_ndcg_at_100_diff1": 0.749243,
        "nauc_ndcg_at_1000_max": 0.603906,
        "nauc_ndcg_at_1000_std": 0.3939,
        "nauc_ndcg_at_1000_diff1": 0.749243,
        "nauc_map_at_1_max": 0.586843,
        "nauc_map_at_1_std": 0.387209,
        "nauc_map_at_1_diff1": 0.761104,
        "nauc_map_at_3_max": 0.587283,
        "nauc_map_at_3_std": 0.396,
        "nauc_map_at_3_diff1": 0.771647,
        "nauc_map_at_5_max": 0.601974,
        "nauc_map_at_5_std": 0.40741,
        "nauc_map_at_5_diff1": 0.759119,
        "nauc_map_at_10_max": 0.602429,
        "nauc_map_at_10_std": 0.392335,
        "nauc_map_at_10_diff1": 0.751785,
        "nauc_map_at_20_max": 0.600586,
        "nauc_map_at_20_std": 0.390801,
        "nauc_map_at_20_diff1": 0.751236,
        "nauc_map_at_100_max": 0.598921,
        "nauc_map_at_100_std": 0.390819,
        "nauc_map_at_100_diff1": 0.753606,
        "nauc_map_at_1000_max": 0.598921,
        "nauc_map_at_1000_std": 0.390819,
        "nauc_map_at_1000_diff1": 0.753606,
        "nauc_recall_at_1_max": 0.586843,
        "nauc_recall_at_1_std": 0.387209,
        "nauc_recall_at_1_diff1": 0.761104,
        "nauc_recall_at_3_max": 0.611199,
        "nauc_recall_at_3_std": 0.489392,
        "nauc_recall_at_3_diff1": 0.807795,
        "nauc_recall_at_5_max": 0.721923,
        "nauc_recall_at_5_std": 0.61278,
        "nauc_recall_at_5_diff1": 0.727523,
        "nauc_recall_at_10_max": 0.855946,
        "nauc_recall_at_10_std": 0.457881,
        "nauc_recall_at_10_diff1": 0.519156,
        "nauc_recall_at_20_max": 0.807928,
        "nauc_recall_at_20_std": 0.369399,
        "nauc_recall_at_20_diff1": 0.402078,
        "nauc_recall_at_100_max": NaN,
        "nauc_recall_at_100_std": NaN,
        "nauc_recall_at_100_diff1": NaN,
        "nauc_recall_at_1000_max": NaN,
        "nauc_recall_at_1000_std": NaN,
        "nauc_recall_at_1000_diff1": NaN,
        "nauc_precision_at_1_max": 0.586843,
        "nauc_precision_at_1_std": 0.387209,
        "nauc_precision_at_1_diff1": 0.761104,
        "nauc_precision_at_3_max": 0.611199,
        "nauc_precision_at_3_std": 0.489392,
        "nauc_precision_at_3_diff1": 0.807795,
        "nauc_precision_at_5_max": 0.721923,
        "nauc_precision_at_5_std": 0.61278,
        "nauc_precision_at_5_diff1": 0.727523,
        "nauc_precision_at_10_max": 0.855946,
        "nauc_precision_at_10_std": 0.457881,
        "nauc_precision_at_10_diff1": 0.519156,
        "nauc_precision_at_20_max": 0.807928,
        "nauc_precision_at_20_std": 0.369399,
        "nauc_precision_at_20_diff1": 0.402078,
        "nauc_precision_at_100_max": NaN,
        "nauc_precision_at_100_std": NaN,
        "nauc_precision_at_100_diff1": NaN,
        "nauc_precision_at_1000_max": 1.0,
        "nauc_precision_at_1000_std": 1.0,
        "nauc_precision_at_1000_diff1": 1.0,
        "nauc_mrr_at_1_max": 0.586843,
        "nauc_mrr_at_1_std": 0.387209,
        "nauc_mrr_at_1_diff1": 0.761104,
        "nauc_mrr_at_3_max": 0.587283,
        "nauc_mrr_at_3_std": 0.396,
        "nauc_mrr_at_3_diff1": 0.771647,
        "nauc_mrr_at_5_max": 0.601974,
        "nauc_mrr_at_5_std": 0.40741,
        "nauc_mrr_at_5_diff1": 0.759119,
        "nauc_mrr_at_10_max": 0.602429,
        "nauc_mrr_at_10_std": 0.392335,
        "nauc_mrr_at_10_diff1": 0.751785,
        "nauc_mrr_at_20_max": 0.600586,
        "nauc_mrr_at_20_std": 0.390801,
        "nauc_mrr_at_20_diff1": 0.751236,
        "nauc_mrr_at_100_max": 0.598921,
        "nauc_mrr_at_100_std": 0.390819,
        "nauc_mrr_at_100_diff1": 0.753606,
        "nauc_mrr_at_1000_max": 0.598921,
        "nauc_mrr_at_1000_std": 0.390819,
        "nauc_mrr_at_1000_diff1": 0.753606,
        "main_score": 0.76629,
        "hf_subset": "default",
        "languages": [
          "eng-Latn"
        ]
      }
    ]
  },
  "evaluation_time": 37.20859122276306,
  "kg_co2_emissions": null
}