{
  "dataset_revision": "319b6cc4b012d733f126a943a8a66bdf9df5dc40",
  "task_name": "scalr",
  "mteb_version": "1.38.49",
  "scores": {
    "test": [
      {
        "ndcg_at_1": 0.675,
        "ndcg_at_3": 0.74841,
        "ndcg_at_5": 0.76563,
        "ndcg_at_10": 0.79348,
        "ndcg_at_20": 0.7999,
        "ndcg_at_100": 0.80638,
        "ndcg_at_1000": 0.80837,
        "map_at_1": 0.675,
        "map_at_3": 0.73056,
        "map_at_5": 0.74014,
        "map_at_10": 0.75216,
        "map_at_20": 0.75398,
        "map_at_100": 0.75495,
        "map_at_1000": 0.755,
        "recall_at_1": 0.675,
        "recall_at_3": 0.8,
        "recall_at_5": 0.84167,
        "recall_at_10": 0.925,
        "recall_at_20": 0.95,
        "recall_at_100": 0.98333,
        "recall_at_1000": 1.0,
        "precision_at_1": 0.675,
        "precision_at_3": 0.26667,
        "precision_at_5": 0.16833,
        "precision_at_10": 0.0925,
        "precision_at_20": 0.0475,
        "precision_at_100": 0.00983,
        "precision_at_1000": 0.001,
        "mrr_at_1": 0.675,
        "mrr_at_3": 0.730556,
        "mrr_at_5": 0.740139,
        "mrr_at_10": 0.752159,
        "mrr_at_20": 0.753975,
        "mrr_at_100": 0.754949,
        "mrr_at_1000": 0.755,
        "nauc_ndcg_at_1_max": 0.25316,
        "nauc_ndcg_at_1_std": 0.283271,
        "nauc_ndcg_at_1_diff1": 0.684736,
        "nauc_ndcg_at_3_max": 0.34334,
        "nauc_ndcg_at_3_std": 0.259957,
        "nauc_ndcg_at_3_diff1": 0.612714,
        "nauc_ndcg_at_5_max": 0.331318,
        "nauc_ndcg_at_5_std": 0.260875,
        "nauc_ndcg_at_5_diff1": 0.61336,
        "nauc_ndcg_at_10_max": 0.322772,
        "nauc_ndcg_at_10_std": 0.276854,
        "nauc_ndcg_at_10_diff1": 0.626813,
        "nauc_ndcg_at_20_max": 0.327442,
        "nauc_ndcg_at_20_std": 0.273,
        "nauc_ndcg_at_20_diff1": 0.61833,
        "nauc_ndcg_at_100_max": 0.309831,
        "nauc_ndcg_at_100_std": 0.283748,
        "nauc_ndcg_at_100_diff1": 0.630164,
        "nauc_ndcg_at_1000_max": 0.308929,
        "nauc_ndcg_at_1000_std": 0.276994,
        "nauc_ndcg_at_1000_diff1": 0.630728,
        "nauc_map_at_1_max": 0.25316,
        "nauc_map_at_1_std": 0.283271,
        "nauc_map_at_1_diff1": 0.684736,
        "nauc_map_at_3_max": 0.312852,
        "nauc_map_at_3_std": 0.269499,
        "nauc_map_at_3_diff1": 0.632288,
        "nauc_map_at_5_max": 0.305547,
        "nauc_map_at_5_std": 0.270694,
        "nauc_map_at_5_diff1": 0.633213,
        "nauc_map_at_10_max": 0.300206,
        "nauc_map_at_10_std": 0.276281,
        "nauc_map_at_10_diff1": 0.638539,
        "nauc_map_at_20_max": 0.301203,
        "nauc_map_at_20_std": 0.274758,
        "nauc_map_at_20_diff1": 0.636739,
        "nauc_map_at_100_max": 0.298962,
        "nauc_map_at_100_std": 0.275957,
        "nauc_map_at_100_diff1": 0.638183,
        "nauc_map_at_1000_max": 0.298973,
        "nauc_map_at_1000_std": 0.275827,
        "nauc_map_at_1000_diff1": 0.638172,
        "nauc_recall_at_1_max": 0.25316,
        "nauc_recall_at_1_std": 0.283271,
        "nauc_recall_at_1_diff1": 0.684736,
        "nauc_recall_at_3_max": 0.456648,
        "nauc_recall_at_3_std": 0.223776,
        "nauc_recall_at_3_diff1": 0.54202,
        "nauc_recall_at_5_max": 0.444112,
        "nauc_recall_at_5_std": 0.215809,
        "nauc_recall_at_5_diff1": 0.527957,
        "nauc_recall_at_10_max": 0.508663,
        "nauc_recall_at_10_std": 0.298579,
        "nauc_recall_at_10_diff1": 0.548034,
        "nauc_recall_at_20_max": 0.662387,
        "nauc_recall_at_20_std": 0.276533,
        "nauc_recall_at_20_diff1": 0.390134,
        "nauc_recall_at_100_max": 0.414332,
        "nauc_recall_at_100_std": 0.861111,
        "nauc_recall_at_100_diff1": 0.561391,
        "nauc_recall_at_1000_max": NaN,
        "nauc_recall_at_1000_std": NaN,
        "nauc_recall_at_1000_diff1": NaN,
        "nauc_precision_at_1_max": 0.25316,
        "nauc_precision_at_1_std": 0.283271,
        "nauc_precision_at_1_diff1": 0.684736,
        "nauc_precision_at_3_max": 0.456648,
        "nauc_precision_at_3_std": 0.223776,
        "nauc_precision_at_3_diff1": 0.54202,
        "nauc_precision_at_5_max": 0.444112,
        "nauc_precision_at_5_std": 0.215809,
        "nauc_precision_at_5_diff1": 0.527957,
        "nauc_precision_at_10_max": 0.508663,
        "nauc_precision_at_10_std": 0.298579,
        "nauc_precision_at_10_diff1": 0.548034,
        "nauc_precision_at_20_max": 0.662387,
        "nauc_precision_at_20_std": 0.276533,
        "nauc_precision_at_20_diff1": 0.390134,
        "nauc_precision_at_100_max": 0.414332,
        "nauc_precision_at_100_std": 0.861111,
        "nauc_precision_at_100_diff1": 0.561391,
        "nauc_precision_at_1000_max": 1.0,
        "nauc_precision_at_1000_std": 1.0,
        "nauc_precision_at_1000_diff1": 1.0,
        "nauc_mrr_at_1_max": 0.25316,
        "nauc_mrr_at_1_std": 0.283271,
        "nauc_mrr_at_1_diff1": 0.684736,
        "nauc_mrr_at_3_max": 0.312852,
        "nauc_mrr_at_3_std": 0.269499,
        "nauc_mrr_at_3_diff1": 0.632288,
        "nauc_mrr_at_5_max": 0.305547,
        "nauc_mrr_at_5_std": 0.270694,
        "nauc_mrr_at_5_diff1": 0.633213,
        "nauc_mrr_at_10_max": 0.300206,
        "nauc_mrr_at_10_std": 0.276281,
        "nauc_mrr_at_10_diff1": 0.638539,
        "nauc_mrr_at_20_max": 0.301203,
        "nauc_mrr_at_20_std": 0.274758,
        "nauc_mrr_at_20_diff1": 0.636739,
        "nauc_mrr_at_100_max": 0.298962,
        "nauc_mrr_at_100_std": 0.275957,
        "nauc_mrr_at_100_diff1": 0.638183,
        "nauc_mrr_at_1000_max": 0.298973,
        "nauc_mrr_at_1000_std": 0.275827,
        "nauc_mrr_at_1000_diff1": 0.638172,
        "main_score": 0.79348,
        "hf_subset": "default",
        "languages": [
          "eng-Latn"
        ]
      }
    ]
  },
  "evaluation_time": 91.54502129554749,
  "kg_co2_emissions": null
}