{
  "dataset_revision": "427e2ae4b22cd9ad990ef8dd4647c16d79c89198",
  "task_name": "singaporean-judicial-keywords",
  "mteb_version": "1.38.49",
  "scores": {
    "test": [
      {
        "ndcg_at_1": 0.948,
        "ndcg_at_3": 0.96788,
        "ndcg_at_5": 0.9721,
        "ndcg_at_10": 0.97397,
        "ndcg_at_20": 0.97451,
        "ndcg_at_100": 0.97451,
        "ndcg_at_1000": 0.97451,
        "map_at_1": 0.948,
        "map_at_3": 0.963,
        "map_at_5": 0.9654,
        "map_at_10": 0.96613,
        "map_at_20": 0.9663,
        "map_at_100": 0.9663,
        "map_at_1000": 0.9663,
        "recall_at_1": 0.948,
        "recall_at_3": 0.982,
        "recall_at_5": 0.992,
        "recall_at_10": 0.998,
        "recall_at_20": 1.0,
        "recall_at_100": 1.0,
        "recall_at_1000": 1.0,
        "precision_at_1": 0.948,
        "precision_at_3": 0.32733,
        "precision_at_5": 0.1984,
        "precision_at_10": 0.0998,
        "precision_at_20": 0.05,
        "precision_at_100": 0.01,
        "precision_at_1000": 0.001,
        "mrr_at_1": 0.948,
        "mrr_at_3": 0.963,
        "mrr_at_5": 0.9654,
        "mrr_at_10": 0.96613,
        "mrr_at_20": 0.966297,
        "mrr_at_100": 0.966297,
        "mrr_at_1000": 0.966297,
        "nauc_ndcg_at_1_max": 0.662932,
        "nauc_ndcg_at_1_std": 0.56114,
        "nauc_ndcg_at_1_diff1": 0.936346,
        "nauc_ndcg_at_3_max": 0.756134,
        "nauc_ndcg_at_3_std": 0.432907,
        "nauc_ndcg_at_3_diff1": 0.9547,
        "nauc_ndcg_at_5_max": 0.740033,
        "nauc_ndcg_at_5_std": 0.438555,
        "nauc_ndcg_at_5_diff1": 0.951885,
        "nauc_ndcg_at_10_max": 0.724372,
        "nauc_ndcg_at_10_std": 0.459737,
        "nauc_ndcg_at_10_diff1": 0.948427,
        "nauc_ndcg_at_20_max": 0.721299,
        "nauc_ndcg_at_20_std": 0.493907,
        "nauc_ndcg_at_20_diff1": 0.947333,
        "nauc_ndcg_at_100_max": 0.721299,
        "nauc_ndcg_at_100_std": 0.493907,
        "nauc_ndcg_at_100_diff1": 0.947333,
        "nauc_ndcg_at_1000_max": 0.721299,
        "nauc_ndcg_at_1000_std": 0.493907,
        "nauc_ndcg_at_1000_diff1": 0.947333,
        "nauc_map_at_1_max": 0.662932,
        "nauc_map_at_1_std": 0.56114,
        "nauc_map_at_1_diff1": 0.936346,
        "nauc_map_at_3_max": 0.731744,
        "nauc_map_at_3_std": 0.479042,
        "nauc_map_at_3_diff1": 0.949382,
        "nauc_map_at_5_max": 0.722676,
        "nauc_map_at_5_std": 0.485058,
        "nauc_map_at_5_diff1": 0.94776,
        "nauc_map_at_10_max": 0.717556,
        "nauc_map_at_10_std": 0.493931,
        "nauc_map_at_10_diff1": 0.946634,
        "nauc_map_at_20_max": 0.716805,
        "nauc_map_at_20_std": 0.502069,
        "nauc_map_at_20_diff1": 0.94637,
        "nauc_map_at_100_max": 0.716805,
        "nauc_map_at_100_std": 0.502069,
        "nauc_map_at_100_diff1": 0.94637,
        "nauc_map_at_1000_max": 0.716805,
        "nauc_map_at_1000_std": 0.502069,
        "nauc_map_at_1000_diff1": 0.94637,
        "nauc_recall_at_1_max": 0.662932,
        "nauc_recall_at_1_std": 0.56114,
        "nauc_recall_at_1_diff1": 0.936346,
        "nauc_recall_at_3_max": 0.894699,
        "nauc_recall_at_3_std": 0.156966,
        "nauc_recall_at_3_diff1": 0.985476,
        "nauc_recall_at_5_max": 0.934641,
        "nauc_recall_at_5_std": -0.145308,
        "nauc_recall_at_5_diff1": 1.0,
        "nauc_recall_at_10_max": 0.869281,
        "nauc_recall_at_10_std": -1.151727,
        "nauc_recall_at_10_diff1": 1.0,
        "nauc_recall_at_20_max": NaN,
        "nauc_recall_at_20_std": NaN,
        "nauc_recall_at_20_diff1": NaN,
        "nauc_recall_at_100_max": NaN,
        "nauc_recall_at_100_std": NaN,
        "nauc_recall_at_100_diff1": NaN,
        "nauc_recall_at_1000_max": NaN,
        "nauc_recall_at_1000_std": NaN,
        "nauc_recall_at_1000_diff1": NaN,
        "nauc_precision_at_1_max": 0.662932,
        "nauc_precision_at_1_std": 0.56114,
        "nauc_precision_at_1_diff1": 0.936346,
        "nauc_precision_at_3_max": 0.894699,
        "nauc_precision_at_3_std": 0.156966,
        "nauc_precision_at_3_diff1": 0.985476,
        "nauc_precision_at_5_max": 0.934641,
        "nauc_precision_at_5_std": -0.145308,
        "nauc_precision_at_5_diff1": 1.0,
        "nauc_precision_at_10_max": 0.869281,
        "nauc_precision_at_10_std": -1.151727,
        "nauc_precision_at_10_diff1": 1.0,
        "nauc_precision_at_20_max": 1.0,
        "nauc_precision_at_20_std": 1.0,
        "nauc_precision_at_20_diff1": 1.0,
        "nauc_precision_at_100_max": 1.0,
        "nauc_precision_at_100_std": 1.0,
        "nauc_precision_at_100_diff1": 1.0,
        "nauc_precision_at_1000_max": 1.0,
        "nauc_precision_at_1000_std": 1.0,
        "nauc_precision_at_1000_diff1": 1.0,
        "nauc_mrr_at_1_max": 0.662932,
        "nauc_mrr_at_1_std": 0.56114,
        "nauc_mrr_at_1_diff1": 0.936346,
        "nauc_mrr_at_3_max": 0.731744,
        "nauc_mrr_at_3_std": 0.479042,
        "nauc_mrr_at_3_diff1": 0.949382,
        "nauc_mrr_at_5_max": 0.722676,
        "nauc_mrr_at_5_std": 0.485058,
        "nauc_mrr_at_5_diff1": 0.94776,
        "nauc_mrr_at_10_max": 0.717556,
        "nauc_mrr_at_10_std": 0.493931,
        "nauc_mrr_at_10_diff1": 0.946634,
        "nauc_mrr_at_20_max": 0.716805,
        "nauc_mrr_at_20_std": 0.502069,
        "nauc_mrr_at_20_diff1": 0.94637,
        "nauc_mrr_at_100_max": 0.716805,
        "nauc_mrr_at_100_std": 0.502069,
        "nauc_mrr_at_100_diff1": 0.94637,
        "nauc_mrr_at_1000_max": 0.716805,
        "nauc_mrr_at_1000_std": 0.502069,
        "nauc_mrr_at_1000_diff1": 0.94637,
        "main_score": 0.97397,
        "hf_subset": "default",
        "languages": [
          "eng-Latn"
        ]
      }
    ]
  },
  "evaluation_time": 2391.472165584564,
  "kg_co2_emissions": null
}