{
  "dataset_revision": "436d6a79d06cac556799e9e0be54a6fb90bf7182",
  "task_name": "uk-legislative-long-titles",
  "mteb_version": "1.38.49",
  "scores": {
    "test": [
      {
        "ndcg_at_1": 0.94872,
        "ndcg_at_3": 0.96322,
        "ndcg_at_5": 0.96874,
        "ndcg_at_10": 0.97278,
        "ndcg_at_20": 0.97278,
        "ndcg_at_100": 0.97278,
        "ndcg_at_1000": 0.97278,
        "map_at_1": 0.94872,
        "map_at_3": 0.9594,
        "map_at_5": 0.96261,
        "map_at_10": 0.96421,
        "map_at_20": 0.96421,
        "map_at_100": 0.96421,
        "map_at_1000": 0.96421,
        "recall_at_1": 0.94872,
        "recall_at_3": 0.97436,
        "recall_at_5": 0.98718,
        "recall_at_10": 1.0,
        "recall_at_20": 1.0,
        "recall_at_100": 1.0,
        "recall_at_1000": 1.0,
        "precision_at_1": 0.94872,
        "precision_at_3": 0.32479,
        "precision_at_5": 0.19744,
        "precision_at_10": 0.1,
        "precision_at_20": 0.05,
        "precision_at_100": 0.01,
        "precision_at_1000": 0.001,
        "mrr_at_1": 0.948718,
        "mrr_at_3": 0.959402,
        "mrr_at_5": 0.962607,
        "mrr_at_10": 0.964209,
        "mrr_at_20": 0.964209,
        "mrr_at_100": 0.964209,
        "mrr_at_1000": 0.964209,
        "nauc_ndcg_at_1_max": 0.934454,
        "nauc_ndcg_at_1_std": 0.587809,
        "nauc_ndcg_at_1_diff1": 1.0,
        "nauc_ndcg_at_3_max": 0.937445,
        "nauc_ndcg_at_3_std": 0.640922,
        "nauc_ndcg_at_3_diff1": 1.0,
        "nauc_ndcg_at_5_max": 0.94955,
        "nauc_ndcg_at_5_std": 0.69075,
        "nauc_ndcg_at_5_diff1": 1.0,
        "nauc_ndcg_at_10_max": 0.942053,
        "nauc_ndcg_at_10_std": 0.644795,
        "nauc_ndcg_at_10_diff1": 1.0,
        "nauc_ndcg_at_20_max": 0.942053,
        "nauc_ndcg_at_20_std": 0.644795,
        "nauc_ndcg_at_20_diff1": 1.0,
        "nauc_ndcg_at_100_max": 0.942053,
        "nauc_ndcg_at_100_std": 0.644795,
        "nauc_ndcg_at_100_diff1": 1.0,
        "nauc_ndcg_at_1000_max": 0.942053,
        "nauc_ndcg_at_1000_std": 0.644795,
        "nauc_ndcg_at_1000_diff1": 1.0,
        "nauc_map_at_1_max": 0.934454,
        "nauc_map_at_1_std": 0.587809,
        "nauc_map_at_1_diff1": 1.0,
        "nauc_map_at_3_max": 0.937904,
        "nauc_map_at_3_std": 0.631529,
        "nauc_map_at_3_diff1": 1.0,
        "nauc_map_at_5_max": 0.943818,
        "nauc_map_at_5_std": 0.654905,
        "nauc_map_at_5_diff1": 1.0,
        "nauc_map_at_10_max": 0.941302,
        "nauc_map_at_10_std": 0.639453,
        "nauc_map_at_10_diff1": 1.0,
        "nauc_map_at_20_max": 0.941302,
        "nauc_map_at_20_std": 0.639453,
        "nauc_map_at_20_diff1": 1.0,
        "nauc_map_at_100_max": 0.941302,
        "nauc_map_at_100_std": 0.639453,
        "nauc_map_at_100_diff1": 1.0,
        "nauc_map_at_1000_max": 0.941302,
        "nauc_map_at_1000_std": 0.639453,
        "nauc_map_at_1000_diff1": 1.0,
        "nauc_recall_at_1_max": 0.934454,
        "nauc_recall_at_1_std": 0.587809,
        "nauc_recall_at_1_diff1": 1.0,
        "nauc_recall_at_3_max": 0.934454,
        "nauc_recall_at_3_std": 0.679405,
        "nauc_recall_at_3_diff1": 1.0,
        "nauc_recall_at_5_max": 1.0,
        "nauc_recall_at_5_std": 1.0,
        "nauc_recall_at_5_diff1": 1.0,
        "nauc_recall_at_10_max": NaN,
        "nauc_recall_at_10_std": NaN,
        "nauc_recall_at_10_diff1": NaN,
        "nauc_recall_at_20_max": NaN,
        "nauc_recall_at_20_std": NaN,
        "nauc_recall_at_20_diff1": NaN,
        "nauc_recall_at_100_max": NaN,
        "nauc_recall_at_100_std": NaN,
        "nauc_recall_at_100_diff1": NaN,
        "nauc_recall_at_1000_max": NaN,
        "nauc_recall_at_1000_std": NaN,
        "nauc_recall_at_1000_diff1": NaN,
        "nauc_precision_at_1_max": 0.934454,
        "nauc_precision_at_1_std": 0.587809,
        "nauc_precision_at_1_diff1": 1.0,
        "nauc_precision_at_3_max": 0.934454,
        "nauc_precision_at_3_std": 0.679405,
        "nauc_precision_at_3_diff1": 1.0,
        "nauc_precision_at_5_max": 1.0,
        "nauc_precision_at_5_std": 1.0,
        "nauc_precision_at_5_diff1": 1.0,
        "nauc_precision_at_10_max": 1.0,
        "nauc_precision_at_10_std": 1.0,
        "nauc_precision_at_10_diff1": 1.0,
        "nauc_precision_at_20_max": 1.0,
        "nauc_precision_at_20_std": 1.0,
        "nauc_precision_at_20_diff1": 1.0,
        "nauc_precision_at_100_max": 1.0,
        "nauc_precision_at_100_std": 1.0,
        "nauc_precision_at_100_diff1": 1.0,
        "nauc_precision_at_1000_max": 1.0,
        "nauc_precision_at_1000_std": 1.0,
        "nauc_precision_at_1000_diff1": 1.0,
        "nauc_mrr_at_1_max": 0.934454,
        "nauc_mrr_at_1_std": 0.587809,
        "nauc_mrr_at_1_diff1": 1.0,
        "nauc_mrr_at_3_max": 0.937904,
        "nauc_mrr_at_3_std": 0.631529,
        "nauc_mrr_at_3_diff1": 1.0,
        "nauc_mrr_at_5_max": 0.943818,
        "nauc_mrr_at_5_std": 0.654905,
        "nauc_mrr_at_5_diff1": 1.0,
        "nauc_mrr_at_10_max": 0.941302,
        "nauc_mrr_at_10_std": 0.639453,
        "nauc_mrr_at_10_diff1": 1.0,
        "nauc_mrr_at_20_max": 0.941302,
        "nauc_mrr_at_20_std": 0.639453,
        "nauc_mrr_at_20_diff1": 1.0,
        "nauc_mrr_at_100_max": 0.941302,
        "nauc_mrr_at_100_std": 0.639453,
        "nauc_mrr_at_100_diff1": 1.0,
        "nauc_mrr_at_1000_max": 0.941302,
        "nauc_mrr_at_1000_std": 0.639453,
        "nauc_mrr_at_1000_diff1": 1.0,
        "main_score": 0.97278,
        "hf_subset": "default",
        "languages": [
          "eng-Latn"
        ]
      }
    ]
  },
  "evaluation_time": 134.27036547660828,
  "kg_co2_emissions": null
}