{
  "dataset_revision": "c64c3baac6bfd5f934d2df6e5d42dcb7d87c8ba8",
  "task_name": "australian-tax-guidance-retrieval",
  "mteb_version": "1.39.7",
  "scores": {
    "test": [
      {
        "ndcg_at_1": 0.50893,
        "ndcg_at_3": 0.64934,
        "ndcg_at_5": 0.67932,
        "ndcg_at_10": 0.70946,
        "ndcg_at_20": 0.71597,
        "ndcg_at_100": 0.72816,
        "ndcg_at_1000": 0.72816,
        "map_at_1": 0.50893,
        "map_at_3": 0.61458,
        "map_at_5": 0.63155,
        "map_at_10": 0.64475,
        "map_at_20": 0.64641,
        "map_at_100": 0.64827,
        "map_at_1000": 0.64827,
        "recall_at_1": 0.50893,
        "recall_at_3": 0.75,
        "recall_at_5": 0.82143,
        "recall_at_10": 0.91071,
        "recall_at_20": 0.9375,
        "recall_at_100": 1.0,
        "recall_at_1000": 1.0,
        "precision_at_1": 0.50893,
        "precision_at_3": 0.25,
        "precision_at_5": 0.16429,
        "precision_at_10": 0.09107,
        "precision_at_20": 0.04688,
        "precision_at_100": 0.01,
        "precision_at_1000": 0.001,
        "mrr_at_1": 0.508929,
        "mrr_at_3": 0.614583,
        "mrr_at_5": 0.631548,
        "mrr_at_10": 0.644753,
        "mrr_at_20": 0.646405,
        "mrr_at_100": 0.648271,
        "mrr_at_1000": 0.648271,
        "nauc_ndcg_at_1_max": 0.321449,
        "nauc_ndcg_at_1_std": 0.084136,
        "nauc_ndcg_at_1_diff1": 0.494058,
        "nauc_ndcg_at_3_max": 0.294866,
        "nauc_ndcg_at_3_std": 0.079658,
        "nauc_ndcg_at_3_diff1": 0.395599,
        "nauc_ndcg_at_5_max": 0.301668,
        "nauc_ndcg_at_5_std": 0.074944,
        "nauc_ndcg_at_5_diff1": 0.398659,
        "nauc_ndcg_at_10_max": 0.318606,
        "nauc_ndcg_at_10_std": 0.118198,
        "nauc_ndcg_at_10_diff1": 0.421811,
        "nauc_ndcg_at_20_max": 0.335516,
        "nauc_ndcg_at_20_std": 0.123884,
        "nauc_ndcg_at_20_diff1": 0.416316,
        "nauc_ndcg_at_100_max": 0.313516,
        "nauc_ndcg_at_100_std": 0.094525,
        "nauc_ndcg_at_100_diff1": 0.426588,
        "nauc_ndcg_at_1000_max": 0.313516,
        "nauc_ndcg_at_1000_std": 0.094525,
        "nauc_ndcg_at_1000_diff1": 0.426588,
        "nauc_map_at_1_max": 0.321449,
        "nauc_map_at_1_std": 0.084136,
        "nauc_map_at_1_diff1": 0.494058,
        "nauc_map_at_3_max": 0.303413,
        "nauc_map_at_3_std": 0.079484,
        "nauc_map_at_3_diff1": 0.422847,
        "nauc_map_at_5_max": 0.307794,
        "nauc_map_at_5_std": 0.077565,
        "nauc_map_at_5_diff1": 0.424922,
        "nauc_map_at_10_max": 0.312136,
        "nauc_map_at_10_std": 0.092089,
        "nauc_map_at_10_diff1": 0.43365,
        "nauc_map_at_20_max": 0.315256,
        "nauc_map_at_20_std": 0.092729,
        "nauc_map_at_20_diff1": 0.432613,
        "nauc_map_at_100_max": 0.312271,
        "nauc_map_at_100_std": 0.088779,
        "nauc_map_at_100_diff1": 0.433988,
        "nauc_map_at_1000_max": 0.312271,
        "nauc_map_at_1000_std": 0.088779,
        "nauc_map_at_1000_diff1": 0.433988,
        "nauc_recall_at_1_max": 0.321449,
        "nauc_recall_at_1_std": 0.084136,
        "nauc_recall_at_1_diff1": 0.494058,
        "nauc_recall_at_3_max": 0.261636,
        "nauc_recall_at_3_std": 0.081116,
        "nauc_recall_at_3_diff1": 0.291808,
        "nauc_recall_at_5_max": 0.271661,
        "nauc_recall_at_5_std": 0.061261,
        "nauc_recall_at_5_diff1": 0.274288,
        "nauc_recall_at_10_max": 0.405989,
        "nauc_recall_at_10_std": 0.398374,
        "nauc_recall_at_10_diff1": 0.353484,
        "nauc_recall_at_20_max": 0.700587,
        "nauc_recall_at_20_std": 0.613627,
        "nauc_recall_at_20_diff1": 0.243328,
        "nauc_recall_at_100_max": NaN,
        "nauc_recall_at_100_std": NaN,
        "nauc_recall_at_100_diff1": NaN,
        "nauc_recall_at_1000_max": NaN,
        "nauc_recall_at_1000_std": NaN,
        "nauc_recall_at_1000_diff1": NaN,
        "nauc_precision_at_1_max": 0.321449,
        "nauc_precision_at_1_std": 0.084136,
        "nauc_precision_at_1_diff1": 0.494058,
        "nauc_precision_at_3_max": 0.261636,
        "nauc_precision_at_3_std": 0.081116,
        "nauc_precision_at_3_diff1": 0.291808,
        "nauc_precision_at_5_max": 0.271661,
        "nauc_precision_at_5_std": 0.061261,
        "nauc_precision_at_5_diff1": 0.274288,
        "nauc_precision_at_10_max": 0.405989,
        "nauc_precision_at_10_std": 0.398374,
        "nauc_precision_at_10_diff1": 0.353484,
        "nauc_precision_at_20_max": 0.700587,
        "nauc_precision_at_20_std": 0.613627,
        "nauc_precision_at_20_diff1": 0.243328,
        "nauc_precision_at_100_max": NaN,
        "nauc_precision_at_100_std": NaN,
        "nauc_precision_at_100_diff1": NaN,
        "nauc_precision_at_1000_max": 1.0,
        "nauc_precision_at_1000_std": 1.0,
        "nauc_precision_at_1000_diff1": 1.0,
        "nauc_mrr_at_1_max": 0.321449,
        "nauc_mrr_at_1_std": 0.084136,
        "nauc_mrr_at_1_diff1": 0.494058,
        "nauc_mrr_at_3_max": 0.303413,
        "nauc_mrr_at_3_std": 0.079484,
        "nauc_mrr_at_3_diff1": 0.422847,
        "nauc_mrr_at_5_max": 0.307794,
        "nauc_mrr_at_5_std": 0.077565,
        "nauc_mrr_at_5_diff1": 0.424922,
        "nauc_mrr_at_10_max": 0.312136,
        "nauc_mrr_at_10_std": 0.092089,
        "nauc_mrr_at_10_diff1": 0.43365,
        "nauc_mrr_at_20_max": 0.315256,
        "nauc_mrr_at_20_std": 0.092729,
        "nauc_mrr_at_20_diff1": 0.432613,
        "nauc_mrr_at_100_max": 0.312271,
        "nauc_mrr_at_100_std": 0.088779,
        "nauc_mrr_at_100_diff1": 0.433988,
        "nauc_mrr_at_1000_max": 0.312271,
        "nauc_mrr_at_1000_std": 0.088779,
        "nauc_mrr_at_1000_diff1": 0.433988,
        "main_score": 0.70946,
        "hf_subset": "default",
        "languages": [
          "eng-Latn"
        ]
      }
    ]
  },
  "evaluation_time": 2.8961119651794434,
  "kg_co2_emissions": null
}