{
  "dataset_revision": "dd157bbfa479359488c656981e3999da6f42e4e9",
  "task_name": "bar-exam-qa",
  "mteb_version": "1.39.7",
  "scores": {
    "test": [
      {
        "ndcg_at_1": 0.19658,
        "ndcg_at_3": 0.29772,
        "ndcg_at_5": 0.32529,
        "ndcg_at_10": 0.34724,
        "ndcg_at_20": 0.37943,
        "ndcg_at_100": 0.44773,
        "ndcg_at_1000": 0.44773,
        "map_at_1": 0.19658,
        "map_at_3": 0.2735,
        "map_at_5": 0.28846,
        "map_at_10": 0.29742,
        "map_at_20": 0.30615,
        "map_at_100": 0.31554,
        "map_at_1000": 0.31554,
        "recall_at_1": 0.19658,
        "recall_at_3": 0.36752,
        "recall_at_5": 0.4359,
        "recall_at_10": 0.50427,
        "recall_at_20": 0.63248,
        "recall_at_100": 1.0,
        "recall_at_1000": 1.0,
        "precision_at_1": 0.19658,
        "precision_at_3": 0.12251,
        "precision_at_5": 0.08718,
        "precision_at_10": 0.05043,
        "precision_at_20": 0.03162,
        "precision_at_100": 0.01,
        "precision_at_1000": 0.001,
        "mrr_at_1": 0.196581,
        "mrr_at_3": 0.273504,
        "mrr_at_5": 0.288462,
        "mrr_at_10": 0.297422,
        "mrr_at_20": 0.306147,
        "mrr_at_100": 0.31554,
        "mrr_at_1000": 0.31554,
        "nauc_ndcg_at_1_max": -0.055444,
        "nauc_ndcg_at_1_std": -0.056299,
        "nauc_ndcg_at_1_diff1": 0.02998,
        "nauc_ndcg_at_3_max": 0.092912,
        "nauc_ndcg_at_3_std": -0.000407,
        "nauc_ndcg_at_3_diff1": 0.022758,
        "nauc_ndcg_at_5_max": 0.091379,
        "nauc_ndcg_at_5_std": -0.019956,
        "nauc_ndcg_at_5_diff1": 0.025731,
        "nauc_ndcg_at_10_max": 0.071109,
        "nauc_ndcg_at_10_std": -0.01046,
        "nauc_ndcg_at_10_diff1": 0.018942,
        "nauc_ndcg_at_20_max": 0.088791,
        "nauc_ndcg_at_20_std": -0.014145,
        "nauc_ndcg_at_20_diff1": -0.005228,
        "nauc_ndcg_at_100_max": 0.061681,
        "nauc_ndcg_at_100_std": -0.016085,
        "nauc_ndcg_at_100_diff1": 0.006737,
        "nauc_ndcg_at_1000_max": 0.061681,
        "nauc_ndcg_at_1000_std": -0.016085,
        "nauc_ndcg_at_1000_diff1": 0.006737,
        "nauc_map_at_1_max": -0.055444,
        "nauc_map_at_1_std": -0.056299,
        "nauc_map_at_1_diff1": 0.02998,
        "nauc_map_at_3_max": 0.058809,
        "nauc_map_at_3_std": -0.011159,
        "nauc_map_at_3_diff1": 0.017526,
        "nauc_map_at_5_max": 0.058071,
        "nauc_map_at_5_std": -0.0216,
        "nauc_map_at_5_diff1": 0.017965,
        "nauc_map_at_10_max": 0.048891,
        "nauc_map_at_10_std": -0.018692,
        "nauc_map_at_10_diff1": 0.015219,
        "nauc_map_at_20_max": 0.054743,
        "nauc_map_at_20_std": -0.019237,
        "nauc_map_at_20_diff1": 0.008914,
        "nauc_map_at_100_max": 0.049525,
        "nauc_map_at_100_std": -0.019505,
        "nauc_map_at_100_diff1": 0.010177,
        "nauc_map_at_1000_max": 0.049525,
        "nauc_map_at_1000_std": -0.019505,
        "nauc_map_at_1000_diff1": 0.010177,
        "nauc_recall_at_1_max": -0.055444,
        "nauc_recall_at_1_std": -0.056299,
        "nauc_recall_at_1_diff1": 0.02998,
        "nauc_recall_at_3_max": 0.182133,
        "nauc_recall_at_3_std": 0.026992,
        "nauc_recall_at_3_diff1": 0.03885,
        "nauc_recall_at_5_max": 0.178013,
        "nauc_recall_at_5_std": -0.019607,
        "nauc_recall_at_5_diff1": 0.050164,
        "nauc_recall_at_10_max": 0.123502,
        "nauc_recall_at_10_std": 0.01335,
        "nauc_recall_at_10_diff1": 0.030223,
        "nauc_recall_at_20_max": 0.197254,
        "nauc_recall_at_20_std": -0.002141,
        "nauc_recall_at_20_diff1": -0.071677,
        "nauc_recall_at_100_max": NaN,
        "nauc_recall_at_100_std": NaN,
        "nauc_recall_at_100_diff1": NaN,
        "nauc_recall_at_1000_max": NaN,
        "nauc_recall_at_1000_std": NaN,
        "nauc_recall_at_1000_diff1": NaN,
        "nauc_precision_at_1_max": -0.055444,
        "nauc_precision_at_1_std": -0.056299,
        "nauc_precision_at_1_diff1": 0.02998,
        "nauc_precision_at_3_max": 0.182133,
        "nauc_precision_at_3_std": 0.026992,
        "nauc_precision_at_3_diff1": 0.03885,
        "nauc_precision_at_5_max": 0.178013,
        "nauc_precision_at_5_std": -0.019607,
        "nauc_precision_at_5_diff1": 0.050164,
        "nauc_precision_at_10_max": 0.123502,
        "nauc_precision_at_10_std": 0.01335,
        "nauc_precision_at_10_diff1": 0.030223,
        "nauc_precision_at_20_max": 0.197254,
        "nauc_precision_at_20_std": -0.002141,
        "nauc_precision_at_20_diff1": -0.071677,
        "nauc_precision_at_100_max": NaN,
        "nauc_precision_at_100_std": NaN,
        "nauc_precision_at_100_diff1": NaN,
        "nauc_precision_at_1000_max": 1.0,
        "nauc_precision_at_1000_std": 1.0,
        "nauc_precision_at_1000_diff1": 1.0,
        "nauc_mrr_at_1_max": -0.055444,
        "nauc_mrr_at_1_std": -0.056299,
        "nauc_mrr_at_1_diff1": 0.02998,
        "nauc_mrr_at_3_max": 0.058809,
        "nauc_mrr_at_3_std": -0.011159,
        "nauc_mrr_at_3_diff1": 0.017526,
        "nauc_mrr_at_5_max": 0.058071,
        "nauc_mrr_at_5_std": -0.0216,
        "nauc_mrr_at_5_diff1": 0.017965,
        "nauc_mrr_at_10_max": 0.048891,
        "nauc_mrr_at_10_std": -0.018692,
        "nauc_mrr_at_10_diff1": 0.015219,
        "nauc_mrr_at_20_max": 0.054743,
        "nauc_mrr_at_20_std": -0.019237,
        "nauc_mrr_at_20_diff1": 0.008914,
        "nauc_mrr_at_100_max": 0.049525,
        "nauc_mrr_at_100_std": -0.019505,
        "nauc_mrr_at_100_diff1": 0.010177,
        "nauc_mrr_at_1000_max": 0.049525,
        "nauc_mrr_at_1000_std": -0.019505,
        "nauc_mrr_at_1000_diff1": 0.010177,
        "main_score": 0.34724,
        "hf_subset": "default",
        "languages": [
          "eng-Latn"
        ]
      }
    ]
  },
  "evaluation_time": 1.484452247619629,
  "kg_co2_emissions": null
}