{
  "dataset_revision": "48ed7bcb1f50896a0f71461a04b2df0ca84329d9",
  "task_name": "contractual-clause-retrieval",
  "mteb_version": "1.39.7",
  "scores": {
    "test": [
      {
        "ndcg_at_1": 0.4,
        "ndcg_at_3": 0.40471,
        "ndcg_at_5": 0.44807,
        "ndcg_at_10": 0.51299,
        "ndcg_at_20": 0.57234,
        "ndcg_at_100": 0.60546,
        "ndcg_at_1000": 0.60546,
        "map_at_1": 0.2,
        "map_at_3": 0.33889,
        "map_at_5": 0.37667,
        "map_at_10": 0.41285,
        "map_at_20": 0.43393,
        "map_at_100": 0.44186,
        "map_at_1000": 0.44186,
        "recall_at_1": 0.2,
        "recall_at_3": 0.42222,
        "recall_at_5": 0.51111,
        "recall_at_10": 0.67778,
        "recall_at_20": 0.86667,
        "recall_at_100": 1.0,
        "recall_at_1000": 1.0,
        "precision_at_1": 0.4,
        "precision_at_3": 0.28148,
        "precision_at_5": 0.20444,
        "precision_at_10": 0.13556,
        "precision_at_20": 0.08667,
        "precision_at_100": 0.02,
        "precision_at_1000": 0.002,
        "mrr_at_1": 0.4,
        "mrr_at_3": 0.514815,
        "mrr_at_5": 0.514815,
        "mrr_at_10": 0.527619,
        "mrr_at_20": 0.539876,
        "mrr_at_100": 0.542309,
        "mrr_at_1000": 0.542309,
        "nauc_ndcg_at_1_max": 0.473712,
        "nauc_ndcg_at_1_std": 0.092034,
        "nauc_ndcg_at_1_diff1": 0.520975,
        "nauc_ndcg_at_3_max": 0.509914,
        "nauc_ndcg_at_3_std": 0.184892,
        "nauc_ndcg_at_3_diff1": 0.583044,
        "nauc_ndcg_at_5_max": 0.502631,
        "nauc_ndcg_at_5_std": 0.229475,
        "nauc_ndcg_at_5_diff1": 0.634384,
        "nauc_ndcg_at_10_max": 0.484885,
        "nauc_ndcg_at_10_std": 0.214732,
        "nauc_ndcg_at_10_diff1": 0.604212,
        "nauc_ndcg_at_20_max": 0.475456,
        "nauc_ndcg_at_20_std": 0.192244,
        "nauc_ndcg_at_20_diff1": 0.591393,
        "nauc_ndcg_at_100_max": 0.483883,
        "nauc_ndcg_at_100_std": 0.186341,
        "nauc_ndcg_at_100_diff1": 0.580063,
        "nauc_ndcg_at_1000_max": 0.483883,
        "nauc_ndcg_at_1000_std": 0.186341,
        "nauc_ndcg_at_1000_diff1": 0.580063,
        "nauc_map_at_1_max": 0.473712,
        "nauc_map_at_1_std": 0.092034,
        "nauc_map_at_1_diff1": 0.520975,
        "nauc_map_at_3_max": 0.501349,
        "nauc_map_at_3_std": 0.180069,
        "nauc_map_at_3_diff1": 0.551966,
        "nauc_map_at_5_max": 0.493568,
        "nauc_map_at_5_std": 0.216305,
        "nauc_map_at_5_diff1": 0.597261,
        "nauc_map_at_10_max": 0.49073,
        "nauc_map_at_10_std": 0.203454,
        "nauc_map_at_10_diff1": 0.586763,
        "nauc_map_at_20_max": 0.486336,
        "nauc_map_at_20_std": 0.199637,
        "nauc_map_at_20_diff1": 0.575329,
        "nauc_map_at_100_max": 0.486255,
        "nauc_map_at_100_std": 0.196289,
        "nauc_map_at_100_diff1": 0.571638,
        "nauc_map_at_1000_max": 0.486255,
        "nauc_map_at_1000_std": 0.196289,
        "nauc_map_at_1000_diff1": 0.571638,
        "nauc_recall_at_1_max": 0.473712,
        "nauc_recall_at_1_std": 0.092034,
        "nauc_recall_at_1_diff1": 0.520975,
        "nauc_recall_at_3_max": 0.517868,
        "nauc_recall_at_3_std": 0.215579,
        "nauc_recall_at_3_diff1": 0.60297,
        "nauc_recall_at_5_max": 0.473872,
        "nauc_recall_at_5_std": 0.292551,
        "nauc_recall_at_5_diff1": 0.665387,
        "nauc_recall_at_10_max": 0.414898,
        "nauc_recall_at_10_std": 0.262362,
        "nauc_recall_at_10_diff1": 0.585373,
        "nauc_recall_at_20_max": 0.377998,
        "nauc_recall_at_20_std": 0.213538,
        "nauc_recall_at_20_diff1": 0.609844,
        "nauc_recall_at_100_max": NaN,
        "nauc_recall_at_100_std": NaN,
        "nauc_recall_at_100_diff1": NaN,
        "nauc_recall_at_1000_max": NaN,
        "nauc_recall_at_1000_std": NaN,
        "nauc_recall_at_1000_diff1": NaN,
        "nauc_precision_at_1_max": 0.473712,
        "nauc_precision_at_1_std": 0.092034,
        "nauc_precision_at_1_diff1": 0.520975,
        "nauc_precision_at_3_max": 0.517868,
        "nauc_precision_at_3_std": 0.215579,
        "nauc_precision_at_3_diff1": 0.60297,
        "nauc_precision_at_5_max": 0.473872,
        "nauc_precision_at_5_std": 0.292551,
        "nauc_precision_at_5_diff1": 0.665387,
        "nauc_precision_at_10_max": 0.414898,
        "nauc_precision_at_10_std": 0.262362,
        "nauc_precision_at_10_diff1": 0.585373,
        "nauc_precision_at_20_max": 0.377998,
        "nauc_precision_at_20_std": 0.213538,
        "nauc_precision_at_20_diff1": 0.609844,
        "nauc_precision_at_100_max": 1.0,
        "nauc_precision_at_100_std": 1.0,
        "nauc_precision_at_100_diff1": 1.0,
        "nauc_precision_at_1000_max": NaN,
        "nauc_precision_at_1000_std": NaN,
        "nauc_precision_at_1000_diff1": NaN,
        "nauc_mrr_at_1_max": 0.473712,
        "nauc_mrr_at_1_std": 0.092034,
        "nauc_mrr_at_1_diff1": 0.520975,
        "nauc_mrr_at_3_max": 0.494636,
        "nauc_mrr_at_3_std": 0.149092,
        "nauc_mrr_at_3_diff1": 0.589777,
        "nauc_mrr_at_5_max": 0.494636,
        "nauc_mrr_at_5_std": 0.149092,
        "nauc_mrr_at_5_diff1": 0.589777,
        "nauc_mrr_at_10_max": 0.482234,
        "nauc_mrr_at_10_std": 0.153498,
        "nauc_mrr_at_10_diff1": 0.573346,
        "nauc_mrr_at_20_max": 0.478077,
        "nauc_mrr_at_20_std": 0.140953,
        "nauc_mrr_at_20_diff1": 0.574896,
        "nauc_mrr_at_100_max": 0.481488,
        "nauc_mrr_at_100_std": 0.143573,
        "nauc_mrr_at_100_diff1": 0.574749,
        "nauc_mrr_at_1000_max": 0.481488,
        "nauc_mrr_at_1000_std": 0.143573,
        "nauc_mrr_at_1000_diff1": 0.574749,
        "main_score": 0.51299,
        "hf_subset": "default",
        "languages": [
          "eng-Latn"
        ]
      }
    ]
  },
  "evaluation_time": 0.8758630752563477,
  "kg_co2_emissions": null
}