{
  "dataset_revision": "f5452494f09a6d51c37b56883a65ef742ac07c99",
  "task_name": "echr-retrieval",
  "mteb_version": "1.39.7",
  "scores": {
    "test": [
      {
        "ndcg_at_1": 0.045,
        "ndcg_at_3": 0.08774,
        "ndcg_at_5": 0.10409,
        "ndcg_at_10": 0.13368,
        "ndcg_at_20": 0.16143,
        "ndcg_at_100": 0.23374,
        "ndcg_at_1000": 0.26857,
        "map_at_1": 0.045,
        "map_at_3": 0.07667,
        "map_at_5": 0.08567,
        "map_at_10": 0.09818,
        "map_at_20": 0.10578,
        "map_at_100": 0.11575,
        "map_at_1000": 0.11751,
        "recall_at_1": 0.045,
        "recall_at_3": 0.12,
        "recall_at_5": 0.16,
        "recall_at_10": 0.25,
        "recall_at_20": 0.36,
        "recall_at_100": 0.75,
        "recall_at_1000": 1.0,
        "precision_at_1": 0.045,
        "precision_at_3": 0.04,
        "precision_at_5": 0.032,
        "precision_at_10": 0.025,
        "precision_at_20": 0.018,
        "precision_at_100": 0.0075,
        "precision_at_1000": 0.001,
        "mrr_at_1": 0.045,
        "mrr_at_3": 0.076667,
        "mrr_at_5": 0.085667,
        "mrr_at_10": 0.098179,
        "mrr_at_20": 0.105776,
        "mrr_at_100": 0.115749,
        "mrr_at_1000": 0.11751,
        "nauc_ndcg_at_1_max": 0.211698,
        "nauc_ndcg_at_1_std": -0.056972,
        "nauc_ndcg_at_1_diff1": 0.49915,
        "nauc_ndcg_at_3_max": 0.21205,
        "nauc_ndcg_at_3_std": 0.089453,
        "nauc_ndcg_at_3_diff1": 0.404909,
        "nauc_ndcg_at_5_max": 0.205577,
        "nauc_ndcg_at_5_std": 0.083347,
        "nauc_ndcg_at_5_diff1": 0.415814,
        "nauc_ndcg_at_10_max": 0.29183,
        "nauc_ndcg_at_10_std": 0.207864,
        "nauc_ndcg_at_10_diff1": 0.379948,
        "nauc_ndcg_at_20_max": 0.331156,
        "nauc_ndcg_at_20_std": 0.221014,
        "nauc_ndcg_at_20_diff1": 0.376478,
        "nauc_ndcg_at_100_max": 0.315664,
        "nauc_ndcg_at_100_std": 0.226898,
        "nauc_ndcg_at_100_diff1": 0.378854,
        "nauc_ndcg_at_1000_max": 0.290153,
        "nauc_ndcg_at_1000_std": 0.183334,
        "nauc_ndcg_at_1000_diff1": 0.385519,
        "nauc_map_at_1_max": 0.211698,
        "nauc_map_at_1_std": -0.056972,
        "nauc_map_at_1_diff1": 0.49915,
        "nauc_map_at_3_max": 0.203702,
        "nauc_map_at_3_std": 0.059582,
        "nauc_map_at_3_diff1": 0.417919,
        "nauc_map_at_5_max": 0.202086,
        "nauc_map_at_5_std": 0.059809,
        "nauc_map_at_5_diff1": 0.423302,
        "nauc_map_at_10_max": 0.245364,
        "nauc_map_at_10_std": 0.128399,
        "nauc_map_at_10_diff1": 0.402489,
        "nauc_map_at_20_max": 0.260639,
        "nauc_map_at_20_std": 0.13513,
        "nauc_map_at_20_diff1": 0.398605,
        "nauc_map_at_100_max": 0.259147,
        "nauc_map_at_100_std": 0.137235,
        "nauc_map_at_100_diff1": 0.398319,
        "nauc_map_at_1000_max": 0.257227,
        "nauc_map_at_1000_std": 0.134154,
        "nauc_map_at_1000_diff1": 0.399004,
        "nauc_recall_at_1_max": 0.211698,
        "nauc_recall_at_1_std": -0.056972,
        "nauc_recall_at_1_diff1": 0.49915,
        "nauc_recall_at_3_max": 0.230132,
        "nauc_recall_at_3_std": 0.14841,
        "nauc_recall_at_3_diff1": 0.380438,
        "nauc_recall_at_5_max": 0.211188,
        "nauc_recall_at_5_std": 0.122311,
        "nauc_recall_at_5_diff1": 0.405064,
        "nauc_recall_at_10_max": 0.375425,
        "nauc_recall_at_10_std": 0.340221,
        "nauc_recall_at_10_diff1": 0.344641,
        "nauc_recall_at_20_max": 0.453282,
        "nauc_recall_at_20_std": 0.353402,
        "nauc_recall_at_20_diff1": 0.348193,
        "nauc_recall_at_100_max": 0.435039,
        "nauc_recall_at_100_std": 0.433333,
        "nauc_recall_at_100_diff1": 0.350717,
        "nauc_recall_at_1000_max": NaN,
        "nauc_recall_at_1000_std": NaN,
        "nauc_recall_at_1000_diff1": NaN,
        "nauc_precision_at_1_max": 0.211698,
        "nauc_precision_at_1_std": -0.056972,
        "nauc_precision_at_1_diff1": 0.49915,
        "nauc_precision_at_3_max": 0.230132,
        "nauc_precision_at_3_std": 0.14841,
        "nauc_precision_at_3_diff1": 0.380438,
        "nauc_precision_at_5_max": 0.211188,
        "nauc_precision_at_5_std": 0.122311,
        "nauc_precision_at_5_diff1": 0.405064,
        "nauc_precision_at_10_max": 0.375425,
        "nauc_precision_at_10_std": 0.340221,
        "nauc_precision_at_10_diff1": 0.344641,
        "nauc_precision_at_20_max": 0.453282,
        "nauc_precision_at_20_std": 0.353402,
        "nauc_precision_at_20_diff1": 0.348193,
        "nauc_precision_at_100_max": 0.435039,
        "nauc_precision_at_100_std": 0.433333,
        "nauc_precision_at_100_diff1": 0.350717,
        "nauc_precision_at_1000_max": 1.0,
        "nauc_precision_at_1000_std": 1.0,
        "nauc_precision_at_1000_diff1": 1.0,
        "nauc_mrr_at_1_max": 0.211698,
        "nauc_mrr_at_1_std": -0.056972,
        "nauc_mrr_at_1_diff1": 0.49915,
        "nauc_mrr_at_3_max": 0.203702,
        "nauc_mrr_at_3_std": 0.059582,
        "nauc_mrr_at_3_diff1": 0.417919,
        "nauc_mrr_at_5_max": 0.202086,
        "nauc_mrr_at_5_std": 0.059809,
        "nauc_mrr_at_5_diff1": 0.423302,
        "nauc_mrr_at_10_max": 0.245364,
        "nauc_mrr_at_10_std": 0.128399,
        "nauc_mrr_at_10_diff1": 0.402489,
        "nauc_mrr_at_20_max": 0.260639,
        "nauc_mrr_at_20_std": 0.13513,
        "nauc_mrr_at_20_diff1": 0.398605,
        "nauc_mrr_at_100_max": 0.259147,
        "nauc_mrr_at_100_std": 0.137235,
        "nauc_mrr_at_100_diff1": 0.398319,
        "nauc_mrr_at_1000_max": 0.257227,
        "nauc_mrr_at_1000_std": 0.134154,
        "nauc_mrr_at_1000_diff1": 0.399004,
        "main_score": 0.13368,
        "hf_subset": "default",
        "languages": [
          "eng-Latn"
        ]
      }
    ]
  },
  "evaluation_time": 17.930490732192993,
  "kg_co2_emissions": null
}