{
  "dataset_revision": "8d41f3d22bb73685b6f42b62ad95940ea3dfbf84",
  "task_name": "gdpr-holdings-retrieval",
  "mteb_version": "1.39.7",
  "scores": {
    "test": [
      {
        "ndcg_at_1": 0.738,
        "ndcg_at_3": 0.80017,
        "ndcg_at_5": 0.81919,
        "ndcg_at_10": 0.82901,
        "ndcg_at_20": 0.83665,
        "ndcg_at_100": 0.84132,
        "ndcg_at_1000": 0.84446,
        "map_at_1": 0.738,
        "map_at_3": 0.785,
        "map_at_5": 0.7956,
        "map_at_10": 0.79973,
        "map_at_20": 0.80185,
        "map_at_100": 0.80244,
        "map_at_1000": 0.80257,
        "recall_at_1": 0.738,
        "recall_at_3": 0.844,
        "recall_at_5": 0.89,
        "recall_at_10": 0.92,
        "recall_at_20": 0.95,
        "recall_at_100": 0.976,
        "recall_at_1000": 1.0,
        "precision_at_1": 0.738,
        "precision_at_3": 0.28133,
        "precision_at_5": 0.178,
        "precision_at_10": 0.092,
        "precision_at_20": 0.0475,
        "precision_at_100": 0.00976,
        "precision_at_1000": 0.001,
        "mrr_at_1": 0.738,
        "mrr_at_3": 0.785,
        "mrr_at_5": 0.7956,
        "mrr_at_10": 0.799726,
        "mrr_at_20": 0.801847,
        "mrr_at_100": 0.802436,
        "mrr_at_1000": 0.802565,
        "nauc_ndcg_at_1_max": 0.450884,
        "nauc_ndcg_at_1_std": -0.197347,
        "nauc_ndcg_at_1_diff1": 0.806546,
        "nauc_ndcg_at_3_max": 0.471437,
        "nauc_ndcg_at_3_std": -0.137273,
        "nauc_ndcg_at_3_diff1": 0.776462,
        "nauc_ndcg_at_5_max": 0.496109,
        "nauc_ndcg_at_5_std": -0.090619,
        "nauc_ndcg_at_5_diff1": 0.782729,
        "nauc_ndcg_at_10_max": 0.484355,
        "nauc_ndcg_at_10_std": -0.110156,
        "nauc_ndcg_at_10_diff1": 0.78354,
        "nauc_ndcg_at_20_max": 0.479176,
        "nauc_ndcg_at_20_std": -0.121687,
        "nauc_ndcg_at_20_diff1": 0.78295,
        "nauc_ndcg_at_100_max": 0.482545,
        "nauc_ndcg_at_100_std": -0.117966,
        "nauc_ndcg_at_100_diff1": 0.783746,
        "nauc_ndcg_at_1000_max": 0.47655,
        "nauc_ndcg_at_1000_std": -0.130125,
        "nauc_ndcg_at_1000_diff1": 0.785459,
        "nauc_map_at_1_max": 0.450884,
        "nauc_map_at_1_std": -0.197347,
        "nauc_map_at_1_diff1": 0.806546,
        "nauc_map_at_3_max": 0.46282,
        "nauc_map_at_3_std": -0.154054,
        "nauc_map_at_3_diff1": 0.783768,
        "nauc_map_at_5_max": 0.475235,
        "nauc_map_at_5_std": -0.131589,
        "nauc_map_at_5_diff1": 0.787427,
        "nauc_map_at_10_max": 0.470522,
        "nauc_map_at_10_std": -0.138974,
        "nauc_map_at_10_diff1": 0.78785,
        "nauc_map_at_20_max": 0.469092,
        "nauc_map_at_20_std": -0.14262,
        "nauc_map_at_20_diff1": 0.787819,
        "nauc_map_at_100_max": 0.469671,
        "nauc_map_at_100_std": -0.142459,
        "nauc_map_at_100_diff1": 0.787922,
        "nauc_map_at_1000_max": 0.469463,
        "nauc_map_at_1000_std": -0.142927,
        "nauc_map_at_1000_diff1": 0.787986,
        "nauc_recall_at_1_max": 0.450884,
        "nauc_recall_at_1_std": -0.197347,
        "nauc_recall_at_1_diff1": 0.806546,
        "nauc_recall_at_3_max": 0.505608,
        "nauc_recall_at_3_std": -0.07384,
        "nauc_recall_at_3_diff1": 0.749454,
        "nauc_recall_at_5_max": 0.606099,
        "nauc_recall_at_5_std": 0.122747,
        "nauc_recall_at_5_diff1": 0.761601,
        "nauc_recall_at_10_max": 0.574802,
        "nauc_recall_at_10_std": 0.07514,
        "nauc_recall_at_10_diff1": 0.758357,
        "nauc_recall_at_20_max": 0.569953,
        "nauc_recall_at_20_std": 0.067974,
        "nauc_recall_at_20_diff1": 0.734846,
        "nauc_recall_at_100_max": 0.754007,
        "nauc_recall_at_100_std": 0.417717,
        "nauc_recall_at_100_diff1": 0.709228,
        "nauc_recall_at_1000_max": NaN,
        "nauc_recall_at_1000_std": NaN,
        "nauc_recall_at_1000_diff1": NaN,
        "nauc_precision_at_1_max": 0.450884,
        "nauc_precision_at_1_std": -0.197347,
        "nauc_precision_at_1_diff1": 0.806546,
        "nauc_precision_at_3_max": 0.505608,
        "nauc_precision_at_3_std": -0.07384,
        "nauc_precision_at_3_diff1": 0.749454,
        "nauc_precision_at_5_max": 0.606099,
        "nauc_precision_at_5_std": 0.122747,
        "nauc_precision_at_5_diff1": 0.761601,
        "nauc_precision_at_10_max": 0.574802,
        "nauc_precision_at_10_std": 0.07514,
        "nauc_precision_at_10_diff1": 0.758357,
        "nauc_precision_at_20_max": 0.569953,
        "nauc_precision_at_20_std": 0.067974,
        "nauc_precision_at_20_diff1": 0.734846,
        "nauc_precision_at_100_max": 0.754007,
        "nauc_precision_at_100_std": 0.417717,
        "nauc_precision_at_100_diff1": 0.709228,
        "nauc_precision_at_1000_max": 1.0,
        "nauc_precision_at_1000_std": 1.0,
        "nauc_precision_at_1000_diff1": 1.0,
        "nauc_mrr_at_1_max": 0.450884,
        "nauc_mrr_at_1_std": -0.197347,
        "nauc_mrr_at_1_diff1": 0.806546,
        "nauc_mrr_at_3_max": 0.46282,
        "nauc_mrr_at_3_std": -0.154054,
        "nauc_mrr_at_3_diff1": 0.783768,
        "nauc_mrr_at_5_max": 0.475235,
        "nauc_mrr_at_5_std": -0.131589,
        "nauc_mrr_at_5_diff1": 0.787427,
        "nauc_mrr_at_10_max": 0.470522,
        "nauc_mrr_at_10_std": -0.138974,
        "nauc_mrr_at_10_diff1": 0.78785,
        "nauc_mrr_at_20_max": 0.469092,
        "nauc_mrr_at_20_std": -0.14262,
        "nauc_mrr_at_20_diff1": 0.787819,
        "nauc_mrr_at_100_max": 0.469671,
        "nauc_mrr_at_100_std": -0.142459,
        "nauc_mrr_at_100_diff1": 0.787922,
        "nauc_mrr_at_1000_max": 0.469463,
        "nauc_mrr_at_1000_std": -0.142927,
        "nauc_mrr_at_1000_diff1": 0.787986,
        "main_score": 0.82901,
        "hf_subset": "default",
        "languages": [
          "eng-Latn"
        ]
      }
    ]
  },
  "evaluation_time": 7.181076765060425,
  "kg_co2_emissions": null
}