{
  "dataset_revision": "bbf8b2d84b7de5970b2ba4ea843c791285fdb1df",
  "task_name": "irish-legislative-summaries",
  "mteb_version": "1.39.7",
  "scores": {
    "test": [
      {
        "ndcg_at_1": 0.688,
        "ndcg_at_3": 0.77588,
        "ndcg_at_5": 0.79448,
        "ndcg_at_10": 0.81133,
        "ndcg_at_20": 0.81833,
        "ndcg_at_100": 0.82447,
        "ndcg_at_1000": 0.82556,
        "map_at_1": 0.688,
        "map_at_3": 0.755,
        "map_at_5": 0.7656,
        "map_at_10": 0.77259,
        "map_at_20": 0.77447,
        "map_at_100": 0.7754,
        "map_at_1000": 0.77545,
        "recall_at_1": 0.688,
        "recall_at_3": 0.836,
        "recall_at_5": 0.88,
        "recall_at_10": 0.932,
        "recall_at_20": 0.96,
        "recall_at_100": 0.992,
        "recall_at_1000": 1.0,
        "precision_at_1": 0.688,
        "precision_at_3": 0.27867,
        "precision_at_5": 0.176,
        "precision_at_10": 0.0932,
        "precision_at_20": 0.048,
        "precision_at_100": 0.00992,
        "precision_at_1000": 0.001,
        "mrr_at_1": 0.688,
        "mrr_at_3": 0.755,
        "mrr_at_5": 0.7656,
        "mrr_at_10": 0.772588,
        "mrr_at_20": 0.774467,
        "mrr_at_100": 0.775396,
        "mrr_at_1000": 0.775446,
        "nauc_ndcg_at_1_max": 0.473749,
        "nauc_ndcg_at_1_std": -0.096146,
        "nauc_ndcg_at_1_diff1": 0.846114,
        "nauc_ndcg_at_3_max": 0.519064,
        "nauc_ndcg_at_3_std": -0.122786,
        "nauc_ndcg_at_3_diff1": 0.830621,
        "nauc_ndcg_at_5_max": 0.543688,
        "nauc_ndcg_at_5_std": -0.091301,
        "nauc_ndcg_at_5_diff1": 0.830127,
        "nauc_ndcg_at_10_max": 0.540661,
        "nauc_ndcg_at_10_std": -0.086065,
        "nauc_ndcg_at_10_diff1": 0.827762,
        "nauc_ndcg_at_20_max": 0.533855,
        "nauc_ndcg_at_20_std": -0.084628,
        "nauc_ndcg_at_20_diff1": 0.831193,
        "nauc_ndcg_at_100_max": 0.526263,
        "nauc_ndcg_at_100_std": -0.089242,
        "nauc_ndcg_at_100_diff1": 0.831598,
        "nauc_ndcg_at_1000_max": 0.523172,
        "nauc_ndcg_at_1000_std": -0.095919,
        "nauc_ndcg_at_1000_diff1": 0.831952,
        "nauc_map_at_1_max": 0.473749,
        "nauc_map_at_1_std": -0.096146,
        "nauc_map_at_1_diff1": 0.846114,
        "nauc_map_at_3_max": 0.5058,
        "nauc_map_at_3_std": -0.118,
        "nauc_map_at_3_diff1": 0.833171,
        "nauc_map_at_5_max": 0.517932,
        "nauc_map_at_5_std": -0.102542,
        "nauc_map_at_5_diff1": 0.833124,
        "nauc_map_at_10_max": 0.516493,
        "nauc_map_at_10_std": -0.10157,
        "nauc_map_at_10_diff1": 0.832424,
        "nauc_map_at_20_max": 0.514663,
        "nauc_map_at_20_std": -0.101892,
        "nauc_map_at_20_diff1": 0.83325,
        "nauc_map_at_100_max": 0.513855,
        "nauc_map_at_100_std": -0.102135,
        "nauc_map_at_100_diff1": 0.833353,
        "nauc_map_at_1000_max": 0.513737,
        "nauc_map_at_1000_std": -0.102385,
        "nauc_map_at_1000_diff1": 0.833355,
        "nauc_recall_at_1_max": 0.473749,
        "nauc_recall_at_1_std": -0.096146,
        "nauc_recall_at_1_diff1": 0.846114,
        "nauc_recall_at_3_max": 0.572268,
        "nauc_recall_at_3_std": -0.140235,
        "nauc_recall_at_3_diff1": 0.821549,
        "nauc_recall_at_5_max": 0.679693,
        "nauc_recall_at_5_std": -0.02325,
        "nauc_recall_at_5_diff1": 0.816083,
        "nauc_recall_at_10_max": 0.748393,
        "nauc_recall_at_10_std": 0.074216,
        "nauc_recall_at_10_diff1": 0.787335,
        "nauc_recall_at_20_max": 0.787955,
        "nauc_recall_at_20_std": 0.227918,
        "nauc_recall_at_20_diff1": 0.813609,
        "nauc_recall_at_100_max": 0.96732,
        "nauc_recall_at_100_std": 0.861111,
        "nauc_recall_at_100_diff1": 0.770075,
        "nauc_recall_at_1000_max": NaN,
        "nauc_recall_at_1000_std": NaN,
        "nauc_recall_at_1000_diff1": NaN,
        "nauc_precision_at_1_max": 0.473749,
        "nauc_precision_at_1_std": -0.096146,
        "nauc_precision_at_1_diff1": 0.846114,
        "nauc_precision_at_3_max": 0.572268,
        "nauc_precision_at_3_std": -0.140235,
        "nauc_precision_at_3_diff1": 0.821549,
        "nauc_precision_at_5_max": 0.679693,
        "nauc_precision_at_5_std": -0.02325,
        "nauc_precision_at_5_diff1": 0.816083,
        "nauc_precision_at_10_max": 0.748393,
        "nauc_precision_at_10_std": 0.074216,
        "nauc_precision_at_10_diff1": 0.787335,
        "nauc_precision_at_20_max": 0.787955,
        "nauc_precision_at_20_std": 0.227918,
        "nauc_precision_at_20_diff1": 0.813609,
        "nauc_precision_at_100_max": 0.96732,
        "nauc_precision_at_100_std": 0.861111,
        "nauc_precision_at_100_diff1": 0.770075,
        "nauc_precision_at_1000_max": 1.0,
        "nauc_precision_at_1000_std": 1.0,
        "nauc_precision_at_1000_diff1": 1.0,
        "nauc_mrr_at_1_max": 0.473749,
        "nauc_mrr_at_1_std": -0.096146,
        "nauc_mrr_at_1_diff1": 0.846114,
        "nauc_mrr_at_3_max": 0.5058,
        "nauc_mrr_at_3_std": -0.118,
        "nauc_mrr_at_3_diff1": 0.833171,
        "nauc_mrr_at_5_max": 0.517932,
        "nauc_mrr_at_5_std": -0.102542,
        "nauc_mrr_at_5_diff1": 0.833124,
        "nauc_mrr_at_10_max": 0.516493,
        "nauc_mrr_at_10_std": -0.10157,
        "nauc_mrr_at_10_diff1": 0.832424,
        "nauc_mrr_at_20_max": 0.514663,
        "nauc_mrr_at_20_std": -0.101892,
        "nauc_mrr_at_20_diff1": 0.83325,
        "nauc_mrr_at_100_max": 0.513855,
        "nauc_mrr_at_100_std": -0.102135,
        "nauc_mrr_at_100_diff1": 0.833353,
        "nauc_mrr_at_1000_max": 0.513737,
        "nauc_mrr_at_1000_std": -0.102385,
        "nauc_mrr_at_1000_diff1": 0.833355,
        "main_score": 0.81133,
        "hf_subset": "default",
        "languages": [
          "eng-Latn"
        ]
      }
    ]
  },
  "evaluation_time": 30.16777539253235,
  "kg_co2_emissions": null
}