{
  "dataset_revision": "ca0f1732432ad623ba6172b15e8c726b76e50fad",
  "task_name": "legal-rag-bench",
  "mteb_version": "1.39.7",
  "scores": {
    "test": [
      {
        "ndcg_at_1": 0.13,
        "ndcg_at_3": 0.16762,
        "ndcg_at_5": 0.21324,
        "ndcg_at_10": 0.23749,
        "ndcg_at_20": 0.26281,
        "ndcg_at_100": 0.31625,
        "ndcg_at_1000": 0.33818,
        "map_at_1": 0.13,
        "map_at_3": 0.15667,
        "map_at_5": 0.18217,
        "map_at_10": 0.19312,
        "map_at_20": 0.20007,
        "map_at_100": 0.2066,
        "map_at_1000": 0.20729,
        "recall_at_1": 0.13,
        "recall_at_3": 0.2,
        "recall_at_5": 0.31,
        "recall_at_10": 0.38,
        "recall_at_20": 0.48,
        "recall_at_100": 0.78,
        "recall_at_1000": 0.96,
        "precision_at_1": 0.13,
        "precision_at_3": 0.06667,
        "precision_at_5": 0.062,
        "precision_at_10": 0.038,
        "precision_at_20": 0.024,
        "precision_at_100": 0.0078,
        "precision_at_1000": 0.00096,
        "mrr_at_1": 0.13,
        "mrr_at_3": 0.156667,
        "mrr_at_5": 0.182167,
        "mrr_at_10": 0.193119,
        "mrr_at_20": 0.200072,
        "mrr_at_100": 0.2066,
        "mrr_at_1000": 0.207294,
        "nauc_ndcg_at_1_max": 0.193235,
        "nauc_ndcg_at_1_std": 0.052517,
        "nauc_ndcg_at_1_diff1": 0.433928,
        "nauc_ndcg_at_3_max": 0.27952,
        "nauc_ndcg_at_3_std": 0.137644,
        "nauc_ndcg_at_3_diff1": 0.369298,
        "nauc_ndcg_at_5_max": 0.20948,
        "nauc_ndcg_at_5_std": 0.149564,
        "nauc_ndcg_at_5_diff1": 0.316512,
        "nauc_ndcg_at_10_max": 0.1828,
        "nauc_ndcg_at_10_std": 0.137151,
        "nauc_ndcg_at_10_diff1": 0.334292,
        "nauc_ndcg_at_20_max": 0.212571,
        "nauc_ndcg_at_20_std": 0.147298,
        "nauc_ndcg_at_20_diff1": 0.363476,
        "nauc_ndcg_at_100_max": 0.240557,
        "nauc_ndcg_at_100_std": 0.19425,
        "nauc_ndcg_at_100_diff1": 0.36381,
        "nauc_ndcg_at_1000_max": 0.221653,
        "nauc_ndcg_at_1000_std": 0.159619,
        "nauc_ndcg_at_1000_diff1": 0.355373,
        "nauc_map_at_1_max": 0.193235,
        "nauc_map_at_1_std": 0.052517,
        "nauc_map_at_1_diff1": 0.433928,
        "nauc_map_at_3_max": 0.258005,
        "nauc_map_at_3_std": 0.112541,
        "nauc_map_at_3_diff1": 0.388142,
        "nauc_map_at_5_max": 0.215215,
        "nauc_map_at_5_std": 0.119134,
        "nauc_map_at_5_diff1": 0.356694,
        "nauc_map_at_10_max": 0.202301,
        "nauc_map_at_10_std": 0.11239,
        "nauc_map_at_10_diff1": 0.364963,
        "nauc_map_at_20_max": 0.210743,
        "nauc_map_at_20_std": 0.114709,
        "nauc_map_at_20_diff1": 0.371714,
        "nauc_map_at_100_max": 0.214901,
        "nauc_map_at_100_std": 0.120895,
        "nauc_map_at_100_diff1": 0.371481,
        "nauc_map_at_1000_max": 0.214539,
        "nauc_map_at_1000_std": 0.119858,
        "nauc_map_at_1000_diff1": 0.371096,
        "nauc_recall_at_1_max": 0.193235,
        "nauc_recall_at_1_std": 0.052517,
        "nauc_recall_at_1_diff1": 0.433928,
        "nauc_recall_at_3_max": 0.332047,
        "nauc_recall_at_3_std": 0.200048,
        "nauc_recall_at_3_diff1": 0.322506,
        "nauc_recall_at_5_max": 0.192627,
        "nauc_recall_at_5_std": 0.218589,
        "nauc_recall_at_5_diff1": 0.223779,
        "nauc_recall_at_10_max": 0.131768,
        "nauc_recall_at_10_std": 0.191108,
        "nauc_recall_at_10_diff1": 0.26785,
        "nauc_recall_at_20_max": 0.226818,
        "nauc_recall_at_20_std": 0.227916,
        "nauc_recall_at_20_diff1": 0.369085,
        "nauc_recall_at_100_max": 0.418347,
        "nauc_recall_at_100_std": 0.601938,
        "nauc_recall_at_100_diff1": 0.382668,
        "nauc_recall_at_1000_max": 0.135387,
        "nauc_recall_at_1000_std": 0.514006,
        "nauc_recall_at_1000_diff1": 0.09979,
        "nauc_precision_at_1_max": 0.193235,
        "nauc_precision_at_1_std": 0.052517,
        "nauc_precision_at_1_diff1": 0.433928,
        "nauc_precision_at_3_max": 0.332047,
        "nauc_precision_at_3_std": 0.200048,
        "nauc_precision_at_3_diff1": 0.322506,
        "nauc_precision_at_5_max": 0.192627,
        "nauc_precision_at_5_std": 0.218589,
        "nauc_precision_at_5_diff1": 0.223779,
        "nauc_precision_at_10_max": 0.131768,
        "nauc_precision_at_10_std": 0.191108,
        "nauc_precision_at_10_diff1": 0.26785,
        "nauc_precision_at_20_max": 0.226818,
        "nauc_precision_at_20_std": 0.227916,
        "nauc_precision_at_20_diff1": 0.369085,
        "nauc_precision_at_100_max": 0.418347,
        "nauc_precision_at_100_std": 0.601938,
        "nauc_precision_at_100_diff1": 0.382668,
        "nauc_precision_at_1000_max": 0.135387,
        "nauc_precision_at_1000_std": 0.514006,
        "nauc_precision_at_1000_diff1": 0.09979,
        "nauc_mrr_at_1_max": 0.193235,
        "nauc_mrr_at_1_std": 0.052517,
        "nauc_mrr_at_1_diff1": 0.433928,
        "nauc_mrr_at_3_max": 0.258005,
        "nauc_mrr_at_3_std": 0.112541,
        "nauc_mrr_at_3_diff1": 0.388142,
        "nauc_mrr_at_5_max": 0.215215,
        "nauc_mrr_at_5_std": 0.119134,
        "nauc_mrr_at_5_diff1": 0.356694,
        "nauc_mrr_at_10_max": 0.202301,
        "nauc_mrr_at_10_std": 0.11239,
        "nauc_mrr_at_10_diff1": 0.364963,
        "nauc_mrr_at_20_max": 0.210743,
        "nauc_mrr_at_20_std": 0.114709,
        "nauc_mrr_at_20_diff1": 0.371714,
        "nauc_mrr_at_100_max": 0.214901,
        "nauc_mrr_at_100_std": 0.120895,
        "nauc_mrr_at_100_diff1": 0.371481,
        "nauc_mrr_at_1000_max": 0.214539,
        "nauc_mrr_at_1000_std": 0.119858,
        "nauc_mrr_at_1000_diff1": 0.371096,
        "main_score": 0.23749,
        "hf_subset": "default",
        "languages": [
          "eng-Latn"
        ]
      }
    ]
  },
  "evaluation_time": 34.65374231338501,
  "kg_co2_emissions": null
}