{
  "dataset_revision": "ec00129f88e9476e582131dc3a5db9220dfefa48",
  "task_name": "license-tldr-retrieval",
  "mteb_version": "1.39.7",
  "scores": {
    "test": [
      {
        "ndcg_at_1": 0.47692,
        "ndcg_at_3": 0.59102,
        "ndcg_at_5": 0.61618,
        "ndcg_at_10": 0.6364,
        "ndcg_at_20": 0.64794,
        "ndcg_at_100": 0.67794,
        "ndcg_at_1000": 0.67794,
        "map_at_1": 0.47692,
        "map_at_3": 0.56154,
        "map_at_5": 0.57538,
        "map_at_10": 0.58393,
        "map_at_20": 0.58704,
        "map_at_100": 0.59175,
        "map_at_1000": 0.59175,
        "recall_at_1": 0.47692,
        "recall_at_3": 0.67692,
        "recall_at_5": 0.73846,
        "recall_at_10": 0.8,
        "recall_at_20": 0.84615,
        "recall_at_100": 1.0,
        "recall_at_1000": 1.0,
        "precision_at_1": 0.47692,
        "precision_at_3": 0.22564,
        "precision_at_5": 0.14769,
        "precision_at_10": 0.08,
        "precision_at_20": 0.04231,
        "precision_at_100": 0.01,
        "precision_at_1000": 0.001,
        "mrr_at_1": 0.476923,
        "mrr_at_3": 0.561538,
        "mrr_at_5": 0.575385,
        "mrr_at_10": 0.583932,
        "mrr_at_20": 0.587045,
        "mrr_at_100": 0.59175,
        "mrr_at_1000": 0.59175,
        "nauc_ndcg_at_1_max": 0.420388,
        "nauc_ndcg_at_1_std": 0.099683,
        "nauc_ndcg_at_1_diff1": 0.692702,
        "nauc_ndcg_at_3_max": 0.505159,
        "nauc_ndcg_at_3_std": 0.272297,
        "nauc_ndcg_at_3_diff1": 0.625371,
        "nauc_ndcg_at_5_max": 0.496013,
        "nauc_ndcg_at_5_std": 0.321232,
        "nauc_ndcg_at_5_diff1": 0.602744,
        "nauc_ndcg_at_10_max": 0.467068,
        "nauc_ndcg_at_10_std": 0.296316,
        "nauc_ndcg_at_10_diff1": 0.593679,
        "nauc_ndcg_at_20_max": 0.463893,
        "nauc_ndcg_at_20_std": 0.292598,
        "nauc_ndcg_at_20_diff1": 0.585339,
        "nauc_ndcg_at_100_max": 0.464956,
        "nauc_ndcg_at_100_std": 0.245133,
        "nauc_ndcg_at_100_diff1": 0.615542,
        "nauc_ndcg_at_1000_max": 0.464956,
        "nauc_ndcg_at_1000_std": 0.245133,
        "nauc_ndcg_at_1000_diff1": 0.615542,
        "nauc_map_at_1_max": 0.420388,
        "nauc_map_at_1_std": 0.099683,
        "nauc_map_at_1_diff1": 0.692702,
        "nauc_map_at_3_max": 0.481144,
        "nauc_map_at_3_std": 0.219201,
        "nauc_map_at_3_diff1": 0.645863,
        "nauc_map_at_5_max": 0.47503,
        "nauc_map_at_5_std": 0.240234,
        "nauc_map_at_5_diff1": 0.634452,
        "nauc_map_at_10_max": 0.462863,
        "nauc_map_at_10_std": 0.229455,
        "nauc_map_at_10_diff1": 0.630516,
        "nauc_map_at_20_max": 0.461806,
        "nauc_map_at_20_std": 0.227998,
        "nauc_map_at_20_diff1": 0.628531,
        "nauc_map_at_100_max": 0.462011,
        "nauc_map_at_100_std": 0.220784,
        "nauc_map_at_100_diff1": 0.631959,
        "nauc_map_at_1000_max": 0.462011,
        "nauc_map_at_1000_std": 0.220784,
        "nauc_map_at_1000_diff1": 0.631959,
        "nauc_recall_at_1_max": 0.420388,
        "nauc_recall_at_1_std": 0.099683,
        "nauc_recall_at_1_diff1": 0.692702,
        "nauc_recall_at_3_max": 0.58735,
        "nauc_recall_at_3_std": 0.455924,
        "nauc_recall_at_3_diff1": 0.554595,
        "nauc_recall_at_5_max": 0.577835,
        "nauc_recall_at_5_std": 0.654827,
        "nauc_recall_at_5_diff1": 0.473925,
        "nauc_recall_at_10_max": 0.472054,
        "nauc_recall_at_10_std": 0.618452,
        "nauc_recall_at_10_diff1": 0.411538,
        "nauc_recall_at_20_max": 0.454156,
        "nauc_recall_at_20_std": 0.679474,
        "nauc_recall_at_20_diff1": 0.305432,
        "nauc_recall_at_100_max": NaN,
        "nauc_recall_at_100_std": NaN,
        "nauc_recall_at_100_diff1": NaN,
        "nauc_recall_at_1000_max": NaN,
        "nauc_recall_at_1000_std": NaN,
        "nauc_recall_at_1000_diff1": NaN,
        "nauc_precision_at_1_max": 0.420388,
        "nauc_precision_at_1_std": 0.099683,
        "nauc_precision_at_1_diff1": 0.692702,
        "nauc_precision_at_3_max": 0.58735,
        "nauc_precision_at_3_std": 0.455924,
        "nauc_precision_at_3_diff1": 0.554595,
        "nauc_precision_at_5_max": 0.577835,
        "nauc_precision_at_5_std": 0.654827,
        "nauc_precision_at_5_diff1": 0.473925,
        "nauc_precision_at_10_max": 0.472054,
        "nauc_precision_at_10_std": 0.618452,
        "nauc_precision_at_10_diff1": 0.411538,
        "nauc_precision_at_20_max": 0.454156,
        "nauc_precision_at_20_std": 0.679474,
        "nauc_precision_at_20_diff1": 0.305432,
        "nauc_precision_at_100_max": NaN,
        "nauc_precision_at_100_std": NaN,
        "nauc_precision_at_100_diff1": NaN,
        "nauc_precision_at_1000_max": 1.0,
        "nauc_precision_at_1000_std": 1.0,
        "nauc_precision_at_1000_diff1": 1.0,
        "nauc_mrr_at_1_max": 0.420388,
        "nauc_mrr_at_1_std": 0.099683,
        "nauc_mrr_at_1_diff1": 0.692702,
        "nauc_mrr_at_3_max": 0.481144,
        "nauc_mrr_at_3_std": 0.219201,
        "nauc_mrr_at_3_diff1": 0.645863,
        "nauc_mrr_at_5_max": 0.47503,
        "nauc_mrr_at_5_std": 0.240234,
        "nauc_mrr_at_5_diff1": 0.634452,
        "nauc_mrr_at_10_max": 0.462863,
        "nauc_mrr_at_10_std": 0.229455,
        "nauc_mrr_at_10_diff1": 0.630516,
        "nauc_mrr_at_20_max": 0.461806,
        "nauc_mrr_at_20_std": 0.227998,
        "nauc_mrr_at_20_diff1": 0.628531,
        "nauc_mrr_at_100_max": 0.462011,
        "nauc_mrr_at_100_std": 0.220784,
        "nauc_mrr_at_100_diff1": 0.631959,
        "nauc_mrr_at_1000_max": 0.462011,
        "nauc_mrr_at_1000_std": 0.220784,
        "nauc_mrr_at_1000_diff1": 0.631959,
        "main_score": 0.6364,
        "hf_subset": "default",
        "languages": [
          "eng-Latn"
        ]
      }
    ]
  },
  "evaluation_time": 1.986419677734375,
  "kg_co2_emissions": null
}