{
  "dataset_revision": "319b6cc4b012d733f126a943a8a66bdf9df5dc40",
  "task_name": "scalr",
  "mteb_version": "1.39.7",
  "scores": {
    "test": [
      {
        "ndcg_at_1": 0.43333,
        "ndcg_at_3": 0.5495,
        "ndcg_at_5": 0.5832,
        "ndcg_at_10": 0.62103,
        "ndcg_at_20": 0.6297,
        "ndcg_at_100": 0.64386,
        "ndcg_at_1000": 0.65034,
        "map_at_1": 0.43333,
        "map_at_3": 0.51806,
        "map_at_5": 0.53639,
        "map_at_10": 0.55205,
        "map_at_20": 0.55454,
        "map_at_100": 0.55656,
        "map_at_1000": 0.55681,
        "recall_at_1": 0.43333,
        "recall_at_3": 0.64167,
        "recall_at_5": 0.725,
        "recall_at_10": 0.84167,
        "recall_at_20": 0.875,
        "recall_at_100": 0.95,
        "recall_at_1000": 1.0,
        "precision_at_1": 0.43333,
        "precision_at_3": 0.21389,
        "precision_at_5": 0.145,
        "precision_at_10": 0.08417,
        "precision_at_20": 0.04375,
        "precision_at_100": 0.0095,
        "precision_at_1000": 0.001,
        "mrr_at_1": 0.433333,
        "mrr_at_3": 0.518056,
        "mrr_at_5": 0.536389,
        "mrr_at_10": 0.552047,
        "mrr_at_20": 0.554544,
        "mrr_at_100": 0.556561,
        "mrr_at_1000": 0.556814,
        "nauc_ndcg_at_1_max": 0.394048,
        "nauc_ndcg_at_1_std": 0.125537,
        "nauc_ndcg_at_1_diff1": 0.501269,
        "nauc_ndcg_at_3_max": 0.37445,
        "nauc_ndcg_at_3_std": 0.147068,
        "nauc_ndcg_at_3_diff1": 0.381759,
        "nauc_ndcg_at_5_max": 0.352641,
        "nauc_ndcg_at_5_std": 0.127253,
        "nauc_ndcg_at_5_diff1": 0.381364,
        "nauc_ndcg_at_10_max": 0.386,
        "nauc_ndcg_at_10_std": 0.109909,
        "nauc_ndcg_at_10_diff1": 0.448545,
        "nauc_ndcg_at_20_max": 0.40106,
        "nauc_ndcg_at_20_std": 0.139981,
        "nauc_ndcg_at_20_diff1": 0.447166,
        "nauc_ndcg_at_100_max": 0.398477,
        "nauc_ndcg_at_100_std": 0.131822,
        "nauc_ndcg_at_100_diff1": 0.432352,
        "nauc_ndcg_at_1000_max": 0.390967,
        "nauc_ndcg_at_1000_std": 0.130388,
        "nauc_ndcg_at_1000_diff1": 0.43622,
        "nauc_map_at_1_max": 0.394048,
        "nauc_map_at_1_std": 0.125537,
        "nauc_map_at_1_diff1": 0.501269,
        "nauc_map_at_3_max": 0.383182,
        "nauc_map_at_3_std": 0.141159,
        "nauc_map_at_3_diff1": 0.416115,
        "nauc_map_at_5_max": 0.37194,
        "nauc_map_at_5_std": 0.131366,
        "nauc_map_at_5_diff1": 0.417361,
        "nauc_map_at_10_max": 0.384892,
        "nauc_map_at_10_std": 0.124125,
        "nauc_map_at_10_diff1": 0.443623,
        "nauc_map_at_20_max": 0.389055,
        "nauc_map_at_20_std": 0.131962,
        "nauc_map_at_20_diff1": 0.443321,
        "nauc_map_at_100_max": 0.388433,
        "nauc_map_at_100_std": 0.13018,
        "nauc_map_at_100_diff1": 0.441758,
        "nauc_map_at_1000_max": 0.388177,
        "nauc_map_at_1000_std": 0.13023,
        "nauc_map_at_1000_diff1": 0.441748,
        "nauc_recall_at_1_max": 0.394048,
        "nauc_recall_at_1_std": 0.125537,
        "nauc_recall_at_1_diff1": 0.501269,
        "nauc_recall_at_3_max": 0.343909,
        "nauc_recall_at_3_std": 0.166722,
        "nauc_recall_at_3_diff1": 0.266788,
        "nauc_recall_at_5_max": 0.272111,
        "nauc_recall_at_5_std": 0.106453,
        "nauc_recall_at_5_diff1": 0.240015,
        "nauc_recall_at_10_max": 0.410243,
        "nauc_recall_at_10_std": 0.008467,
        "nauc_recall_at_10_diff1": 0.527312,
        "nauc_recall_at_20_max": 0.53458,
        "nauc_recall_at_20_std": 0.231895,
        "nauc_recall_at_20_diff1": 0.533014,
        "nauc_recall_at_100_max": 0.679038,
        "nauc_recall_at_100_std": 0.210395,
        "nauc_recall_at_100_diff1": 0.243075,
        "nauc_recall_at_1000_max": NaN,
        "nauc_recall_at_1000_std": NaN,
        "nauc_recall_at_1000_diff1": NaN,
        "nauc_precision_at_1_max": 0.394048,
        "nauc_precision_at_1_std": 0.125537,
        "nauc_precision_at_1_diff1": 0.501269,
        "nauc_precision_at_3_max": 0.343909,
        "nauc_precision_at_3_std": 0.166722,
        "nauc_precision_at_3_diff1": 0.266788,
        "nauc_precision_at_5_max": 0.272111,
        "nauc_precision_at_5_std": 0.106453,
        "nauc_precision_at_5_diff1": 0.240015,
        "nauc_precision_at_10_max": 0.410243,
        "nauc_precision_at_10_std": 0.008467,
        "nauc_precision_at_10_diff1": 0.527312,
        "nauc_precision_at_20_max": 0.53458,
        "nauc_precision_at_20_std": 0.231895,
        "nauc_precision_at_20_diff1": 0.533014,
        "nauc_precision_at_100_max": 0.679038,
        "nauc_precision_at_100_std": 0.210395,
        "nauc_precision_at_100_diff1": 0.243075,
        "nauc_precision_at_1000_max": 1.0,
        "nauc_precision_at_1000_std": 1.0,
        "nauc_precision_at_1000_diff1": 1.0,
        "nauc_mrr_at_1_max": 0.394048,
        "nauc_mrr_at_1_std": 0.125537,
        "nauc_mrr_at_1_diff1": 0.501269,
        "nauc_mrr_at_3_max": 0.383182,
        "nauc_mrr_at_3_std": 0.141159,
        "nauc_mrr_at_3_diff1": 0.416115,
        "nauc_mrr_at_5_max": 0.37194,
        "nauc_mrr_at_5_std": 0.131366,
        "nauc_mrr_at_5_diff1": 0.417361,
        "nauc_mrr_at_10_max": 0.384892,
        "nauc_mrr_at_10_std": 0.124125,
        "nauc_mrr_at_10_diff1": 0.443623,
        "nauc_mrr_at_20_max": 0.389055,
        "nauc_mrr_at_20_std": 0.131962,
        "nauc_mrr_at_20_diff1": 0.443321,
        "nauc_mrr_at_100_max": 0.388433,
        "nauc_mrr_at_100_std": 0.13018,
        "nauc_mrr_at_100_diff1": 0.441758,
        "nauc_mrr_at_1000_max": 0.388177,
        "nauc_mrr_at_1000_std": 0.13023,
        "nauc_mrr_at_1000_diff1": 0.441748,
        "main_score": 0.62103,
        "hf_subset": "default",
        "languages": [
          "eng-Latn"
        ]
      }
    ]
  },
  "evaluation_time": 3.405660629272461,
  "kg_co2_emissions": null
}