{
  "dataset_revision": "427e2ae4b22cd9ad990ef8dd4647c16d79c89198",
  "task_name": "singaporean-judicial-keywords",
  "mteb_version": "1.39.7",
  "scores": {
    "test": [
      {
        "ndcg_at_1": 0.482,
        "ndcg_at_3": 0.57914,
        "ndcg_at_5": 0.60298,
        "ndcg_at_10": 0.634,
        "ndcg_at_20": 0.64967,
        "ndcg_at_100": 0.66945,
        "ndcg_at_1000": 0.67391,
        "map_at_1": 0.482,
        "map_at_3": 0.55533,
        "map_at_5": 0.56853,
        "map_at_10": 0.58172,
        "map_at_20": 0.58601,
        "map_at_100": 0.58892,
        "map_at_1000": 0.5891,
        "recall_at_1": 0.482,
        "recall_at_3": 0.648,
        "recall_at_5": 0.706,
        "recall_at_10": 0.8,
        "recall_at_20": 0.862,
        "recall_at_100": 0.966,
        "recall_at_1000": 1.0,
        "precision_at_1": 0.482,
        "precision_at_3": 0.216,
        "precision_at_5": 0.1412,
        "precision_at_10": 0.08,
        "precision_at_20": 0.0431,
        "precision_at_100": 0.00966,
        "precision_at_1000": 0.001,
        "mrr_at_1": 0.482,
        "mrr_at_3": 0.555333,
        "mrr_at_5": 0.568533,
        "mrr_at_10": 0.581717,
        "mrr_at_20": 0.586014,
        "mrr_at_100": 0.588923,
        "mrr_at_1000": 0.589105,
        "nauc_ndcg_at_1_max": 0.471033,
        "nauc_ndcg_at_1_std": -0.057113,
        "nauc_ndcg_at_1_diff1": 0.578674,
        "nauc_ndcg_at_3_max": 0.475369,
        "nauc_ndcg_at_3_std": -0.044147,
        "nauc_ndcg_at_3_diff1": 0.511626,
        "nauc_ndcg_at_5_max": 0.497406,
        "nauc_ndcg_at_5_std": -0.022439,
        "nauc_ndcg_at_5_diff1": 0.513708,
        "nauc_ndcg_at_10_max": 0.503266,
        "nauc_ndcg_at_10_std": -0.005828,
        "nauc_ndcg_at_10_diff1": 0.511742,
        "nauc_ndcg_at_20_max": 0.499673,
        "nauc_ndcg_at_20_std": -0.000996,
        "nauc_ndcg_at_20_diff1": 0.524107,
        "nauc_ndcg_at_100_max": 0.492779,
        "nauc_ndcg_at_100_std": -0.010322,
        "nauc_ndcg_at_100_diff1": 0.527256,
        "nauc_ndcg_at_1000_max": 0.492547,
        "nauc_ndcg_at_1000_std": -0.016938,
        "nauc_ndcg_at_1000_diff1": 0.528342,
        "nauc_map_at_1_max": 0.471033,
        "nauc_map_at_1_std": -0.057113,
        "nauc_map_at_1_diff1": 0.578674,
        "nauc_map_at_3_max": 0.475028,
        "nauc_map_at_3_std": -0.045816,
        "nauc_map_at_3_diff1": 0.529901,
        "nauc_map_at_5_max": 0.487069,
        "nauc_map_at_5_std": -0.034174,
        "nauc_map_at_5_diff1": 0.531584,
        "nauc_map_at_10_max": 0.489293,
        "nauc_map_at_10_std": -0.028125,
        "nauc_map_at_10_diff1": 0.53192,
        "nauc_map_at_20_max": 0.488434,
        "nauc_map_at_20_std": -0.026946,
        "nauc_map_at_20_diff1": 0.535341,
        "nauc_map_at_100_max": 0.48755,
        "nauc_map_at_100_std": -0.027901,
        "nauc_map_at_100_diff1": 0.535411,
        "nauc_map_at_1000_max": 0.487561,
        "nauc_map_at_1000_std": -0.028118,
        "nauc_map_at_1000_diff1": 0.53545,
        "nauc_recall_at_1_max": 0.471033,
        "nauc_recall_at_1_std": -0.057113,
        "nauc_recall_at_1_diff1": 0.578674,
        "nauc_recall_at_3_max": 0.476113,
        "nauc_recall_at_3_std": -0.039509,
        "nauc_recall_at_3_diff1": 0.451701,
        "nauc_recall_at_5_max": 0.537476,
        "nauc_recall_at_5_std": 0.022418,
        "nauc_recall_at_5_diff1": 0.449113,
        "nauc_recall_at_10_max": 0.576329,
        "nauc_recall_at_10_std": 0.114056,
        "nauc_recall_at_10_diff1": 0.411983,
        "nauc_recall_at_20_max": 0.57432,
        "nauc_recall_at_20_std": 0.195265,
        "nauc_recall_at_20_diff1": 0.465665,
        "nauc_recall_at_100_max": 0.515077,
        "nauc_recall_at_100_std": 0.355111,
        "nauc_recall_at_100_diff1": 0.46765,
        "nauc_recall_at_1000_max": NaN,
        "nauc_recall_at_1000_std": NaN,
        "nauc_recall_at_1000_diff1": NaN,
        "nauc_precision_at_1_max": 0.471033,
        "nauc_precision_at_1_std": -0.057113,
        "nauc_precision_at_1_diff1": 0.578674,
        "nauc_precision_at_3_max": 0.476113,
        "nauc_precision_at_3_std": -0.039509,
        "nauc_precision_at_3_diff1": 0.451701,
        "nauc_precision_at_5_max": 0.537476,
        "nauc_precision_at_5_std": 0.022418,
        "nauc_precision_at_5_diff1": 0.449113,
        "nauc_precision_at_10_max": 0.576329,
        "nauc_precision_at_10_std": 0.114056,
        "nauc_precision_at_10_diff1": 0.411983,
        "nauc_precision_at_20_max": 0.57432,
        "nauc_precision_at_20_std": 0.195265,
        "nauc_precision_at_20_diff1": 0.465665,
        "nauc_precision_at_100_max": 0.515077,
        "nauc_precision_at_100_std": 0.355111,
        "nauc_precision_at_100_diff1": 0.46765,
        "nauc_precision_at_1000_max": 1.0,
        "nauc_precision_at_1000_std": 1.0,
        "nauc_precision_at_1000_diff1": 1.0,
        "nauc_mrr_at_1_max": 0.471033,
        "nauc_mrr_at_1_std": -0.057113,
        "nauc_mrr_at_1_diff1": 0.578674,
        "nauc_mrr_at_3_max": 0.475028,
        "nauc_mrr_at_3_std": -0.045816,
        "nauc_mrr_at_3_diff1": 0.529901,
        "nauc_mrr_at_5_max": 0.487069,
        "nauc_mrr_at_5_std": -0.034174,
        "nauc_mrr_at_5_diff1": 0.531584,
        "nauc_mrr_at_10_max": 0.489293,
        "nauc_mrr_at_10_std": -0.028125,
        "nauc_mrr_at_10_diff1": 0.53192,
        "nauc_mrr_at_20_max": 0.488434,
        "nauc_mrr_at_20_std": -0.026946,
        "nauc_mrr_at_20_diff1": 0.535341,
        "nauc_mrr_at_100_max": 0.48755,
        "nauc_mrr_at_100_std": -0.027901,
        "nauc_mrr_at_100_diff1": 0.535411,
        "nauc_mrr_at_1000_max": 0.487561,
        "nauc_mrr_at_1000_std": -0.028118,
        "nauc_mrr_at_1000_diff1": 0.53545,
        "main_score": 0.634,
        "hf_subset": "default",
        "languages": [
          "eng-Latn"
        ]
      }
    ]
  },
  "evaluation_time": 44.75650978088379,
  "kg_co2_emissions": null
}