{
  "dataset_revision": "dd157bbfa479359488c656981e3999da6f42e4e9",
  "task_name": "bar-exam-qa",
  "mteb_version": "1.38.49",
  "scores": {
    "test": [
      {
        "ndcg_at_1": 0.28205,
        "ndcg_at_3": 0.39397,
        "ndcg_at_5": 0.4223,
        "ndcg_at_10": 0.45301,
        "ndcg_at_20": 0.49387,
        "ndcg_at_100": 0.5306,
        "ndcg_at_1000": 0.5306,
        "map_at_1": 0.28205,
        "map_at_3": 0.36752,
        "map_at_5": 0.38333,
        "map_at_10": 0.39621,
        "map_at_20": 0.4073,
        "map_at_100": 0.41185,
        "map_at_1000": 0.41185,
        "recall_at_1": 0.28205,
        "recall_at_3": 0.47009,
        "recall_at_5": 0.53846,
        "recall_at_10": 0.63248,
        "recall_at_20": 0.79487,
        "recall_at_100": 1.0,
        "recall_at_1000": 1.0,
        "precision_at_1": 0.28205,
        "precision_at_3": 0.1567,
        "precision_at_5": 0.10769,
        "precision_at_10": 0.06325,
        "precision_at_20": 0.03974,
        "precision_at_100": 0.01,
        "precision_at_1000": 0.001,
        "mrr_at_1": 0.282051,
        "mrr_at_3": 0.367521,
        "mrr_at_5": 0.383333,
        "mrr_at_10": 0.396208,
        "mrr_at_20": 0.407299,
        "mrr_at_100": 0.411845,
        "mrr_at_1000": 0.411845,
        "nauc_ndcg_at_1_max": 0.241909,
        "nauc_ndcg_at_1_std": 0.009267,
        "nauc_ndcg_at_1_diff1": 0.12973,
        "nauc_ndcg_at_3_max": 0.270521,
        "nauc_ndcg_at_3_std": 0.047267,
        "nauc_ndcg_at_3_diff1": 0.217339,
        "nauc_ndcg_at_5_max": 0.275526,
        "nauc_ndcg_at_5_std": 0.057643,
        "nauc_ndcg_at_5_diff1": 0.209385,
        "nauc_ndcg_at_10_max": 0.277605,
        "nauc_ndcg_at_10_std": 0.046857,
        "nauc_ndcg_at_10_diff1": 0.197798,
        "nauc_ndcg_at_20_max": 0.289113,
        "nauc_ndcg_at_20_std": 0.07344,
        "nauc_ndcg_at_20_diff1": 0.212571,
        "nauc_ndcg_at_100_max": 0.277203,
        "nauc_ndcg_at_100_std": 0.056671,
        "nauc_ndcg_at_100_diff1": 0.194336,
        "nauc_ndcg_at_1000_max": 0.277203,
        "nauc_ndcg_at_1000_std": 0.056671,
        "nauc_ndcg_at_1000_diff1": 0.194336,
        "nauc_map_at_1_max": 0.241909,
        "nauc_map_at_1_std": 0.009267,
        "nauc_map_at_1_diff1": 0.12973,
        "nauc_map_at_3_max": 0.26697,
        "nauc_map_at_3_std": 0.04072,
        "nauc_map_at_3_diff1": 0.197452,
        "nauc_map_at_5_max": 0.270827,
        "nauc_map_at_5_std": 0.048027,
        "nauc_map_at_5_diff1": 0.193352,
        "nauc_map_at_10_max": 0.271305,
        "nauc_map_at_10_std": 0.04348,
        "nauc_map_at_10_diff1": 0.187084,
        "nauc_map_at_20_max": 0.27477,
        "nauc_map_at_20_std": 0.051404,
        "nauc_map_at_20_diff1": 0.190771,
        "nauc_map_at_100_max": 0.272896,
        "nauc_map_at_100_std": 0.049207,
        "nauc_map_at_100_diff1": 0.187808,
        "nauc_map_at_1000_max": 0.272896,
        "nauc_map_at_1000_std": 0.049207,
        "nauc_map_at_1000_diff1": 0.187808,
        "nauc_recall_at_1_max": 0.241909,
        "nauc_recall_at_1_std": 0.009267,
        "nauc_recall_at_1_diff1": 0.12973,
        "nauc_recall_at_3_max": 0.279263,
        "nauc_recall_at_3_std": 0.064779,
        "nauc_recall_at_3_diff1": 0.273163,
        "nauc_recall_at_5_max": 0.287256,
        "nauc_recall_at_5_std": 0.084255,
        "nauc_recall_at_5_diff1": 0.254201,
        "nauc_recall_at_10_max": 0.297677,
        "nauc_recall_at_10_std": 0.05146,
        "nauc_recall_at_10_diff1": 0.228645,
        "nauc_recall_at_20_max": 0.371804,
        "nauc_recall_at_20_std": 0.20292,
        "nauc_recall_at_20_diff1": 0.336123,
        "nauc_recall_at_100_max": NaN,
        "nauc_recall_at_100_std": NaN,
        "nauc_recall_at_100_diff1": NaN,
        "nauc_recall_at_1000_max": NaN,
        "nauc_recall_at_1000_std": NaN,
        "nauc_recall_at_1000_diff1": NaN,
        "nauc_precision_at_1_max": 0.241909,
        "nauc_precision_at_1_std": 0.009267,
        "nauc_precision_at_1_diff1": 0.12973,
        "nauc_precision_at_3_max": 0.279263,
        "nauc_precision_at_3_std": 0.064779,
        "nauc_precision_at_3_diff1": 0.273163,
        "nauc_precision_at_5_max": 0.287256,
        "nauc_precision_at_5_std": 0.084255,
        "nauc_precision_at_5_diff1": 0.254201,
        "nauc_precision_at_10_max": 0.297677,
        "nauc_precision_at_10_std": 0.05146,
        "nauc_precision_at_10_diff1": 0.228645,
        "nauc_precision_at_20_max": 0.371804,
        "nauc_precision_at_20_std": 0.20292,
        "nauc_precision_at_20_diff1": 0.336123,
        "nauc_precision_at_100_max": NaN,
        "nauc_precision_at_100_std": NaN,
        "nauc_precision_at_100_diff1": NaN,
        "nauc_precision_at_1000_max": 1.0,
        "nauc_precision_at_1000_std": 1.0,
        "nauc_precision_at_1000_diff1": 1.0,
        "nauc_mrr_at_1_max": 0.241909,
        "nauc_mrr_at_1_std": 0.009267,
        "nauc_mrr_at_1_diff1": 0.12973,
        "nauc_mrr_at_3_max": 0.26697,
        "nauc_mrr_at_3_std": 0.04072,
        "nauc_mrr_at_3_diff1": 0.197452,
        "nauc_mrr_at_5_max": 0.270827,
        "nauc_mrr_at_5_std": 0.048027,
        "nauc_mrr_at_5_diff1": 0.193352,
        "nauc_mrr_at_10_max": 0.271305,
        "nauc_mrr_at_10_std": 0.04348,
        "nauc_mrr_at_10_diff1": 0.187084,
        "nauc_mrr_at_20_max": 0.27477,
        "nauc_mrr_at_20_std": 0.051404,
        "nauc_mrr_at_20_diff1": 0.190771,
        "nauc_mrr_at_100_max": 0.272896,
        "nauc_mrr_at_100_std": 0.049207,
        "nauc_mrr_at_100_diff1": 0.187808,
        "nauc_mrr_at_1000_max": 0.272896,
        "nauc_mrr_at_1000_std": 0.049207,
        "nauc_mrr_at_1000_diff1": 0.187808,
        "main_score": 0.45301,
        "hf_subset": "default",
        "languages": [
          "eng-Latn"
        ]
      }
    ]
  },
  "evaluation_time": 2.601250410079956,
  "kg_co2_emissions": null
}