{
  "dataset_revision": "2095f248902963b4480ac96b774ba64b2104cbee",
  "task_name": "consumer-contracts-qa",
  "mteb_version": "1.38.49",
  "scores": {
    "test": [
      {
        "ndcg_at_1": 0.71717,
        "ndcg_at_3": 0.81692,
        "ndcg_at_5": 0.83712,
        "ndcg_at_10": 0.84683,
        "ndcg_at_20": 0.85306,
        "ndcg_at_100": 0.85406,
        "ndcg_at_1000": 0.85406,
        "map_at_1": 0.71717,
        "map_at_3": 0.79209,
        "map_at_5": 0.80295,
        "map_at_10": 0.80689,
        "map_at_20": 0.80852,
        "map_at_100": 0.80868,
        "map_at_1000": 0.80868,
        "recall_at_1": 0.71717,
        "recall_at_3": 0.88889,
        "recall_at_5": 0.93939,
        "recall_at_10": 0.9697,
        "recall_at_20": 0.99495,
        "recall_at_100": 1.0,
        "recall_at_1000": 1.0,
        "precision_at_1": 0.71717,
        "precision_at_3": 0.2963,
        "precision_at_5": 0.18788,
        "precision_at_10": 0.09697,
        "precision_at_20": 0.04975,
        "precision_at_100": 0.01,
        "precision_at_1000": 0.001,
        "mrr_at_1": 0.717172,
        "mrr_at_3": 0.792088,
        "mrr_at_5": 0.802946,
        "mrr_at_10": 0.806894,
        "mrr_at_20": 0.808523,
        "mrr_at_100": 0.808676,
        "mrr_at_1000": 0.808676,
        "nauc_ndcg_at_1_max": 0.523509,
        "nauc_ndcg_at_1_std": 0.268866,
        "nauc_ndcg_at_1_diff1": 0.737718,
        "nauc_ndcg_at_3_max": 0.519057,
        "nauc_ndcg_at_3_std": 0.317294,
        "nauc_ndcg_at_3_diff1": 0.635171,
        "nauc_ndcg_at_5_max": 0.546975,
        "nauc_ndcg_at_5_std": 0.359639,
        "nauc_ndcg_at_5_diff1": 0.649389,
        "nauc_ndcg_at_10_max": 0.553421,
        "nauc_ndcg_at_10_std": 0.340182,
        "nauc_ndcg_at_10_diff1": 0.694275,
        "nauc_ndcg_at_20_max": 0.538819,
        "nauc_ndcg_at_20_std": 0.324175,
        "nauc_ndcg_at_20_diff1": 0.683528,
        "nauc_ndcg_at_100_max": 0.535334,
        "nauc_ndcg_at_100_std": 0.319068,
        "nauc_ndcg_at_100_diff1": 0.684505,
        "nauc_ndcg_at_1000_max": 0.535334,
        "nauc_ndcg_at_1000_std": 0.319068,
        "nauc_ndcg_at_1000_diff1": 0.684505,
        "nauc_map_at_1_max": 0.523509,
        "nauc_map_at_1_std": 0.268866,
        "nauc_map_at_1_diff1": 0.737718,
        "nauc_map_at_3_max": 0.520196,
        "nauc_map_at_3_std": 0.305265,
        "nauc_map_at_3_diff1": 0.667039,
        "nauc_map_at_5_max": 0.533376,
        "nauc_map_at_5_std": 0.322859,
        "nauc_map_at_5_diff1": 0.675774,
        "nauc_map_at_10_max": 0.535576,
        "nauc_map_at_10_std": 0.315797,
        "nauc_map_at_10_diff1": 0.690906,
        "nauc_map_at_20_max": 0.532319,
        "nauc_map_at_20_std": 0.312417,
        "nauc_map_at_20_diff1": 0.688633,
        "nauc_map_at_100_max": 0.531902,
        "nauc_map_at_100_std": 0.311804,
        "nauc_map_at_100_diff1": 0.688753,
        "nauc_map_at_1000_max": 0.531902,
        "nauc_map_at_1000_std": 0.311804,
        "nauc_map_at_1000_diff1": 0.688753,
        "nauc_recall_at_1_max": 0.523509,
        "nauc_recall_at_1_std": 0.268866,
        "nauc_recall_at_1_diff1": 0.737718,
        "nauc_recall_at_3_max": 0.513622,
        "nauc_recall_at_3_std": 0.374374,
        "nauc_recall_at_3_diff1": 0.478177,
        "nauc_recall_at_5_max": 0.673101,
        "nauc_recall_at_5_std": 0.688446,
        "nauc_recall_at_5_diff1": 0.432223,
        "nauc_recall_at_10_max": 0.879304,
        "nauc_recall_at_10_std": 0.736509,
        "nauc_recall_at_10_diff1": 0.857493,
        "nauc_recall_at_20_max": 1.0,
        "nauc_recall_at_20_std": 1.0,
        "nauc_recall_at_20_diff1": 0.554119,
        "nauc_recall_at_100_max": NaN,
        "nauc_recall_at_100_std": NaN,
        "nauc_recall_at_100_diff1": NaN,
        "nauc_recall_at_1000_max": NaN,
        "nauc_recall_at_1000_std": NaN,
        "nauc_recall_at_1000_diff1": NaN,
        "nauc_precision_at_1_max": 0.523509,
        "nauc_precision_at_1_std": 0.268866,
        "nauc_precision_at_1_diff1": 0.737718,
        "nauc_precision_at_3_max": 0.513622,
        "nauc_precision_at_3_std": 0.374374,
        "nauc_precision_at_3_diff1": 0.478177,
        "nauc_precision_at_5_max": 0.673101,
        "nauc_precision_at_5_std": 0.688446,
        "nauc_precision_at_5_diff1": 0.432223,
        "nauc_precision_at_10_max": 0.879304,
        "nauc_precision_at_10_std": 0.736509,
        "nauc_precision_at_10_diff1": 0.857493,
        "nauc_precision_at_20_max": 1.0,
        "nauc_precision_at_20_std": 1.0,
        "nauc_precision_at_20_diff1": 0.554119,
        "nauc_precision_at_100_max": 1.0,
        "nauc_precision_at_100_std": 1.0,
        "nauc_precision_at_100_diff1": 1.0,
        "nauc_precision_at_1000_max": 1.0,
        "nauc_precision_at_1000_std": 1.0,
        "nauc_precision_at_1000_diff1": 1.0,
        "nauc_mrr_at_1_max": 0.523509,
        "nauc_mrr_at_1_std": 0.268866,
        "nauc_mrr_at_1_diff1": 0.737718,
        "nauc_mrr_at_3_max": 0.520196,
        "nauc_mrr_at_3_std": 0.305265,
        "nauc_mrr_at_3_diff1": 0.667039,
        "nauc_mrr_at_5_max": 0.533376,
        "nauc_mrr_at_5_std": 0.322859,
        "nauc_mrr_at_5_diff1": 0.675774,
        "nauc_mrr_at_10_max": 0.535576,
        "nauc_mrr_at_10_std": 0.315797,
        "nauc_mrr_at_10_diff1": 0.690906,
        "nauc_mrr_at_20_max": 0.532319,
        "nauc_mrr_at_20_std": 0.312417,
        "nauc_mrr_at_20_diff1": 0.688633,
        "nauc_mrr_at_100_max": 0.531902,
        "nauc_mrr_at_100_std": 0.311804,
        "nauc_mrr_at_100_diff1": 0.688753,
        "nauc_mrr_at_1000_max": 0.531902,
        "nauc_mrr_at_1000_std": 0.311804,
        "nauc_mrr_at_1000_diff1": 0.688753,
        "main_score": 0.84683,
        "hf_subset": "default",
        "languages": [
          "eng-Latn"
        ]
      }
    ]
  },
  "evaluation_time": 2.7189154624938965,
  "kg_co2_emissions": null
}