{
  "dataset_revision": "48ed7bcb1f50896a0f71461a04b2df0ca84329d9",
  "task_name": "contractual-clause-retrieval",
  "mteb_version": "1.38.49",
  "scores": {
    "test": [
      {
        "ndcg_at_1": 0.62222,
        "ndcg_at_3": 0.62368,
        "ndcg_at_5": 0.67471,
        "ndcg_at_10": 0.71076,
        "ndcg_at_20": 0.7394,
        "ndcg_at_100": 0.76137,
        "ndcg_at_1000": 0.76137,
        "map_at_1": 0.31111,
        "map_at_3": 0.58889,
        "map_at_5": 0.62833,
        "map_at_10": 0.64645,
        "map_at_20": 0.65831,
        "map_at_100": 0.66338,
        "map_at_1000": 0.66338,
        "recall_at_1": 0.31111,
        "recall_at_3": 0.63333,
        "recall_at_5": 0.73333,
        "recall_at_10": 0.82222,
        "recall_at_20": 0.91111,
        "recall_at_100": 1.0,
        "recall_at_1000": 1.0,
        "precision_at_1": 0.62222,
        "precision_at_3": 0.42222,
        "precision_at_5": 0.29333,
        "precision_at_10": 0.16444,
        "precision_at_20": 0.09111,
        "precision_at_100": 0.02,
        "precision_at_1000": 0.002,
        "mrr_at_1": 0.622222,
        "mrr_at_3": 0.681481,
        "mrr_at_5": 0.695926,
        "mrr_at_10": 0.709815,
        "mrr_at_20": 0.713544,
        "mrr_at_100": 0.715399,
        "mrr_at_1000": 0.715399,
        "nauc_ndcg_at_1_max": 0.455218,
        "nauc_ndcg_at_1_std": 0.054798,
        "nauc_ndcg_at_1_diff1": 0.544124,
        "nauc_ndcg_at_3_max": 0.488623,
        "nauc_ndcg_at_3_std": 0.161483,
        "nauc_ndcg_at_3_diff1": 0.449276,
        "nauc_ndcg_at_5_max": 0.469116,
        "nauc_ndcg_at_5_std": 0.154634,
        "nauc_ndcg_at_5_diff1": 0.489025,
        "nauc_ndcg_at_10_max": 0.498804,
        "nauc_ndcg_at_10_std": 0.161042,
        "nauc_ndcg_at_10_diff1": 0.487092,
        "nauc_ndcg_at_20_max": 0.505006,
        "nauc_ndcg_at_20_std": 0.181322,
        "nauc_ndcg_at_20_diff1": 0.494948,
        "nauc_ndcg_at_100_max": 0.482769,
        "nauc_ndcg_at_100_std": 0.149526,
        "nauc_ndcg_at_100_diff1": 0.485478,
        "nauc_ndcg_at_1000_max": 0.482769,
        "nauc_ndcg_at_1000_std": 0.149526,
        "nauc_ndcg_at_1000_diff1": 0.485478,
        "nauc_map_at_1_max": 0.455218,
        "nauc_map_at_1_std": 0.054798,
        "nauc_map_at_1_diff1": 0.544124,
        "nauc_map_at_3_max": 0.466288,
        "nauc_map_at_3_std": 0.151863,
        "nauc_map_at_3_diff1": 0.402798,
        "nauc_map_at_5_max": 0.45889,
        "nauc_map_at_5_std": 0.155639,
        "nauc_map_at_5_diff1": 0.447623,
        "nauc_map_at_10_max": 0.475423,
        "nauc_map_at_10_std": 0.152031,
        "nauc_map_at_10_diff1": 0.451461,
        "nauc_map_at_20_max": 0.477355,
        "nauc_map_at_20_std": 0.161187,
        "nauc_map_at_20_diff1": 0.450406,
        "nauc_map_at_100_max": 0.472269,
        "nauc_map_at_100_std": 0.154063,
        "nauc_map_at_100_diff1": 0.448265,
        "nauc_map_at_1000_max": 0.472269,
        "nauc_map_at_1000_std": 0.154063,
        "nauc_map_at_1000_diff1": 0.448265,
        "nauc_recall_at_1_max": 0.455218,
        "nauc_recall_at_1_std": 0.054798,
        "nauc_recall_at_1_diff1": 0.544124,
        "nauc_recall_at_3_max": 0.513735,
        "nauc_recall_at_3_std": 0.197202,
        "nauc_recall_at_3_diff1": 0.434114,
        "nauc_recall_at_5_max": 0.466815,
        "nauc_recall_at_5_std": 0.182426,
        "nauc_recall_at_5_diff1": 0.504659,
        "nauc_recall_at_10_max": 0.565251,
        "nauc_recall_at_10_std": 0.220639,
        "nauc_recall_at_10_diff1": 0.493046,
        "nauc_recall_at_20_max": 0.7,
        "nauc_recall_at_20_std": 0.460959,
        "nauc_recall_at_20_diff1": 0.570853,
        "nauc_recall_at_100_max": NaN,
        "nauc_recall_at_100_std": NaN,
        "nauc_recall_at_100_diff1": NaN,
        "nauc_recall_at_1000_max": NaN,
        "nauc_recall_at_1000_std": NaN,
        "nauc_recall_at_1000_diff1": NaN,
        "nauc_precision_at_1_max": 0.455218,
        "nauc_precision_at_1_std": 0.054798,
        "nauc_precision_at_1_diff1": 0.544124,
        "nauc_precision_at_3_max": 0.513735,
        "nauc_precision_at_3_std": 0.197202,
        "nauc_precision_at_3_diff1": 0.434114,
        "nauc_precision_at_5_max": 0.466815,
        "nauc_precision_at_5_std": 0.182426,
        "nauc_precision_at_5_diff1": 0.504659,
        "nauc_precision_at_10_max": 0.565251,
        "nauc_precision_at_10_std": 0.220639,
        "nauc_precision_at_10_diff1": 0.493046,
        "nauc_precision_at_20_max": 0.7,
        "nauc_precision_at_20_std": 0.460959,
        "nauc_precision_at_20_diff1": 0.570853,
        "nauc_precision_at_100_max": 1.0,
        "nauc_precision_at_100_std": 1.0,
        "nauc_precision_at_100_diff1": 1.0,
        "nauc_precision_at_1000_max": NaN,
        "nauc_precision_at_1000_std": NaN,
        "nauc_precision_at_1000_diff1": NaN,
        "nauc_mrr_at_1_max": 0.455218,
        "nauc_mrr_at_1_std": 0.054798,
        "nauc_mrr_at_1_diff1": 0.544124,
        "nauc_mrr_at_3_max": 0.497565,
        "nauc_mrr_at_3_std": 0.127661,
        "nauc_mrr_at_3_diff1": 0.574966,
        "nauc_mrr_at_5_max": 0.478829,
        "nauc_mrr_at_5_std": 0.109047,
        "nauc_mrr_at_5_diff1": 0.555782,
        "nauc_mrr_at_10_max": 0.489047,
        "nauc_mrr_at_10_std": 0.123142,
        "nauc_mrr_at_10_diff1": 0.554508,
        "nauc_mrr_at_20_max": 0.484266,
        "nauc_mrr_at_20_std": 0.112517,
        "nauc_mrr_at_20_diff1": 0.561157,
        "nauc_mrr_at_100_max": 0.484031,
        "nauc_mrr_at_100_std": 0.11257,
        "nauc_mrr_at_100_diff1": 0.559284,
        "nauc_mrr_at_1000_max": 0.484031,
        "nauc_mrr_at_1000_std": 0.11257,
        "nauc_mrr_at_1000_diff1": 0.559284,
        "main_score": 0.71076,
        "hf_subset": "default",
        "languages": [
          "eng-Latn"
        ]
      }
    ]
  },
  "evaluation_time": 1.4355154037475586,
  "kg_co2_emissions": null
}