{
  "dataset_revision": "f5452494f09a6d51c37b56883a65ef742ac07c99",
  "task_name": "echr-retrieval",
  "mteb_version": "1.39.7",
  "scores": {
    "test": [
      {
        "ndcg_at_1": 0.045,
        "ndcg_at_3": 0.07905,
        "ndcg_at_5": 0.09302,
        "ndcg_at_10": 0.11209,
        "ndcg_at_20": 0.13741,
        "ndcg_at_100": 0.21664,
        "ndcg_at_1000": 0.25239,
        "map_at_1": 0.045,
        "map_at_3": 0.07167,
        "map_at_5": 0.07917,
        "map_at_10": 0.08684,
        "map_at_20": 0.09382,
        "map_at_100": 0.10329,
        "map_at_1000": 0.10514,
        "recall_at_1": 0.045,
        "recall_at_3": 0.1,
        "recall_at_5": 0.135,
        "recall_at_10": 0.195,
        "recall_at_20": 0.295,
        "recall_at_100": 0.745,
        "recall_at_1000": 1.0,
        "precision_at_1": 0.045,
        "precision_at_3": 0.03333,
        "precision_at_5": 0.027,
        "precision_at_10": 0.0195,
        "precision_at_20": 0.01475,
        "precision_at_100": 0.00745,
        "precision_at_1000": 0.001,
        "mrr_at_1": 0.045,
        "mrr_at_3": 0.071667,
        "mrr_at_5": 0.079167,
        "mrr_at_10": 0.086837,
        "mrr_at_20": 0.093815,
        "mrr_at_100": 0.103288,
        "mrr_at_1000": 0.105142,
        "nauc_ndcg_at_1_max": 0.359986,
        "nauc_ndcg_at_1_std": 0.192201,
        "nauc_ndcg_at_1_diff1": 0.28933,
        "nauc_ndcg_at_3_max": 0.399832,
        "nauc_ndcg_at_3_std": 0.383334,
        "nauc_ndcg_at_3_diff1": 0.251725,
        "nauc_ndcg_at_5_max": 0.388689,
        "nauc_ndcg_at_5_std": 0.379697,
        "nauc_ndcg_at_5_diff1": 0.200979,
        "nauc_ndcg_at_10_max": 0.386292,
        "nauc_ndcg_at_10_std": 0.371018,
        "nauc_ndcg_at_10_diff1": 0.167078,
        "nauc_ndcg_at_20_max": 0.334355,
        "nauc_ndcg_at_20_std": 0.364221,
        "nauc_ndcg_at_20_diff1": 0.133245,
        "nauc_ndcg_at_100_max": 0.320133,
        "nauc_ndcg_at_100_std": 0.342217,
        "nauc_ndcg_at_100_diff1": 0.140748,
        "nauc_ndcg_at_1000_max": 0.350077,
        "nauc_ndcg_at_1000_std": 0.350641,
        "nauc_ndcg_at_1000_diff1": 0.155663,
        "nauc_map_at_1_max": 0.359986,
        "nauc_map_at_1_std": 0.192201,
        "nauc_map_at_1_diff1": 0.28933,
        "nauc_map_at_3_max": 0.393489,
        "nauc_map_at_3_std": 0.355723,
        "nauc_map_at_3_diff1": 0.254825,
        "nauc_map_at_5_max": 0.384926,
        "nauc_map_at_5_std": 0.352657,
        "nauc_map_at_5_diff1": 0.22401,
        "nauc_map_at_10_max": 0.384679,
        "nauc_map_at_10_std": 0.349622,
        "nauc_map_at_10_diff1": 0.205001,
        "nauc_map_at_20_max": 0.366013,
        "nauc_map_at_20_std": 0.347568,
        "nauc_map_at_20_diff1": 0.191433,
        "nauc_map_at_100_max": 0.363214,
        "nauc_map_at_100_std": 0.343366,
        "nauc_map_at_100_diff1": 0.18878,
        "nauc_map_at_1000_max": 0.365203,
        "nauc_map_at_1000_std": 0.343596,
        "nauc_map_at_1000_diff1": 0.189716,
        "nauc_recall_at_1_max": 0.359986,
        "nauc_recall_at_1_std": 0.192201,
        "nauc_recall_at_1_diff1": 0.28933,
        "nauc_recall_at_3_max": 0.41304,
        "nauc_recall_at_3_std": 0.440046,
        "nauc_recall_at_3_diff1": 0.246083,
        "nauc_recall_at_5_max": 0.395931,
        "nauc_recall_at_5_std": 0.429566,
        "nauc_recall_at_5_diff1": 0.154092,
        "nauc_recall_at_10_max": 0.387504,
        "nauc_recall_at_10_std": 0.401374,
        "nauc_recall_at_10_diff1": 0.101291,
        "nauc_recall_at_20_max": 0.273716,
        "nauc_recall_at_20_std": 0.382303,
        "nauc_recall_at_20_diff1": 0.039567,
        "nauc_recall_at_100_max": 0.186247,
        "nauc_recall_at_100_std": 0.299989,
        "nauc_recall_at_100_diff1": 0.067015,
        "nauc_recall_at_1000_max": NaN,
        "nauc_recall_at_1000_std": NaN,
        "nauc_recall_at_1000_diff1": NaN,
        "nauc_precision_at_1_max": 0.359986,
        "nauc_precision_at_1_std": 0.192201,
        "nauc_precision_at_1_diff1": 0.28933,
        "nauc_precision_at_3_max": 0.41304,
        "nauc_precision_at_3_std": 0.440046,
        "nauc_precision_at_3_diff1": 0.246083,
        "nauc_precision_at_5_max": 0.395931,
        "nauc_precision_at_5_std": 0.429566,
        "nauc_precision_at_5_diff1": 0.154092,
        "nauc_precision_at_10_max": 0.387504,
        "nauc_precision_at_10_std": 0.401374,
        "nauc_precision_at_10_diff1": 0.101291,
        "nauc_precision_at_20_max": 0.273716,
        "nauc_precision_at_20_std": 0.382303,
        "nauc_precision_at_20_diff1": 0.039567,
        "nauc_precision_at_100_max": 0.186247,
        "nauc_precision_at_100_std": 0.299989,
        "nauc_precision_at_100_diff1": 0.067015,
        "nauc_precision_at_1000_max": 1.0,
        "nauc_precision_at_1000_std": 1.0,
        "nauc_precision_at_1000_diff1": 1.0,
        "nauc_mrr_at_1_max": 0.359986,
        "nauc_mrr_at_1_std": 0.192201,
        "nauc_mrr_at_1_diff1": 0.28933,
        "nauc_mrr_at_3_max": 0.393489,
        "nauc_mrr_at_3_std": 0.355723,
        "nauc_mrr_at_3_diff1": 0.254825,
        "nauc_mrr_at_5_max": 0.384926,
        "nauc_mrr_at_5_std": 0.352657,
        "nauc_mrr_at_5_diff1": 0.22401,
        "nauc_mrr_at_10_max": 0.384679,
        "nauc_mrr_at_10_std": 0.349622,
        "nauc_mrr_at_10_diff1": 0.205001,
        "nauc_mrr_at_20_max": 0.366013,
        "nauc_mrr_at_20_std": 0.347568,
        "nauc_mrr_at_20_diff1": 0.191433,
        "nauc_mrr_at_100_max": 0.363214,
        "nauc_mrr_at_100_std": 0.343366,
        "nauc_mrr_at_100_diff1": 0.18878,
        "nauc_mrr_at_1000_max": 0.365203,
        "nauc_mrr_at_1000_std": 0.343596,
        "nauc_mrr_at_1000_diff1": 0.189716,
        "main_score": 0.11209,
        "hf_subset": "default",
        "languages": [
          "eng-Latn"
        ]
      }
    ]
  },
  "evaluation_time": 13.681640148162842,
  "kg_co2_emissions": null
}