{
  "dataset_revision": "66d23b0ce609450ce24d0fc85e9bac69aba90b84",
  "task_name": "housing-qa",
  "mteb_version": "1.38.49",
  "scores": {
    "test": [
      {
        "ndcg_at_1": 0.19626,
        "ndcg_at_3": 0.17607,
        "ndcg_at_5": 0.19568,
        "ndcg_at_10": 0.20247,
        "ndcg_at_20": 0.25878,
        "ndcg_at_100": 0.36821,
        "ndcg_at_1000": 0.4201,
        "map_at_1": 0.07304,
        "map_at_3": 0.0966,
        "map_at_5": 0.11785,
        "map_at_10": 0.13183,
        "map_at_20": 0.15136,
        "map_at_100": 0.17652,
        "map_at_1000": 0.18295,
        "recall_at_1": 0.07304,
        "recall_at_3": 0.1184,
        "recall_at_5": 0.19166,
        "recall_at_10": 0.24225,
        "recall_at_20": 0.39032,
        "recall_at_100": 0.77195,
        "recall_at_1000": 1.0,
        "precision_at_1": 0.19626,
        "precision_at_3": 0.13396,
        "precision_at_5": 0.1271,
        "precision_at_10": 0.08785,
        "precision_at_20": 0.07757,
        "precision_at_100": 0.0343,
        "precision_at_1000": 0.00467,
        "mrr_at_1": 0.196262,
        "mrr_at_3": 0.26324,
        "mrr_at_5": 0.292212,
        "mrr_at_10": 0.301658,
        "mrr_at_20": 0.316489,
        "mrr_at_100": 0.3221,
        "mrr_at_1000": 0.322255,
        "nauc_ndcg_at_1_max": 0.081963,
        "nauc_ndcg_at_1_std": 0.189704,
        "nauc_ndcg_at_1_diff1": -0.013171,
        "nauc_ndcg_at_3_max": 0.178854,
        "nauc_ndcg_at_3_std": 0.16501,
        "nauc_ndcg_at_3_diff1": 0.054918,
        "nauc_ndcg_at_5_max": 0.218286,
        "nauc_ndcg_at_5_std": 0.121856,
        "nauc_ndcg_at_5_diff1": 0.078866,
        "nauc_ndcg_at_10_max": 0.244828,
        "nauc_ndcg_at_10_std": 0.098543,
        "nauc_ndcg_at_10_diff1": 0.119961,
        "nauc_ndcg_at_20_max": 0.241178,
        "nauc_ndcg_at_20_std": 0.080554,
        "nauc_ndcg_at_20_diff1": 0.126064,
        "nauc_ndcg_at_100_max": 0.259668,
        "nauc_ndcg_at_100_std": 0.137124,
        "nauc_ndcg_at_100_diff1": 0.109646,
        "nauc_ndcg_at_1000_max": 0.284233,
        "nauc_ndcg_at_1000_std": 0.216195,
        "nauc_ndcg_at_1000_diff1": 0.096514,
        "nauc_map_at_1_max": 0.102765,
        "nauc_map_at_1_std": 0.066772,
        "nauc_map_at_1_diff1": 0.020353,
        "nauc_map_at_3_max": 0.152866,
        "nauc_map_at_3_std": 0.046362,
        "nauc_map_at_3_diff1": 0.043664,
        "nauc_map_at_5_max": 0.180372,
        "nauc_map_at_5_std": 0.03389,
        "nauc_map_at_5_diff1": 0.077252,
        "nauc_map_at_10_max": 0.20182,
        "nauc_map_at_10_std": 0.049658,
        "nauc_map_at_10_diff1": 0.089647,
        "nauc_map_at_20_max": 0.211291,
        "nauc_map_at_20_std": 0.056338,
        "nauc_map_at_20_diff1": 0.086371,
        "nauc_map_at_100_max": 0.223175,
        "nauc_map_at_100_std": 0.077931,
        "nauc_map_at_100_diff1": 0.08158,
        "nauc_map_at_1000_max": 0.232334,
        "nauc_map_at_1000_std": 0.095254,
        "nauc_map_at_1000_diff1": 0.080599,
        "nauc_recall_at_1_max": 0.102765,
        "nauc_recall_at_1_std": 0.066772,
        "nauc_recall_at_1_diff1": 0.020353,
        "nauc_recall_at_3_max": 0.158127,
        "nauc_recall_at_3_std": 0.015141,
        "nauc_recall_at_3_diff1": 0.077676,
        "nauc_recall_at_5_max": 0.20007,
        "nauc_recall_at_5_std": -0.022775,
        "nauc_recall_at_5_diff1": 0.181427,
        "nauc_recall_at_10_max": 0.257749,
        "nauc_recall_at_10_std": 0.004942,
        "nauc_recall_at_10_diff1": 0.212659,
        "nauc_recall_at_20_max": 0.216351,
        "nauc_recall_at_20_std": -0.046618,
        "nauc_recall_at_20_diff1": 0.187028,
        "nauc_recall_at_100_max": 0.124239,
        "nauc_recall_at_100_std": -0.135142,
        "nauc_recall_at_100_diff1": 0.15547,
        "nauc_recall_at_1000_max": NaN,
        "nauc_recall_at_1000_std": NaN,
        "nauc_recall_at_1000_diff1": NaN,
        "nauc_precision_at_1_max": 0.081963,
        "nauc_precision_at_1_std": 0.189704,
        "nauc_precision_at_1_diff1": -0.013171,
        "nauc_precision_at_3_max": 0.214144,
        "nauc_precision_at_3_std": 0.21444,
        "nauc_precision_at_3_diff1": 0.099946,
        "nauc_precision_at_5_max": 0.267134,
        "nauc_precision_at_5_std": 0.207458,
        "nauc_precision_at_5_diff1": 0.051002,
        "nauc_precision_at_10_max": 0.354838,
        "nauc_precision_at_10_std": 0.259408,
        "nauc_precision_at_10_diff1": 0.065768,
        "nauc_precision_at_20_max": 0.327025,
        "nauc_precision_at_20_std": 0.253748,
        "nauc_precision_at_20_diff1": 0.054395,
        "nauc_precision_at_100_max": 0.285376,
        "nauc_precision_at_100_std": 0.356255,
        "nauc_precision_at_100_diff1": -0.02531,
        "nauc_precision_at_1000_max": 0.272778,
        "nauc_precision_at_1000_std": 0.438033,
        "nauc_precision_at_1000_diff1": -0.044727,
        "nauc_mrr_at_1_max": 0.081963,
        "nauc_mrr_at_1_std": 0.189704,
        "nauc_mrr_at_1_diff1": -0.013171,
        "nauc_mrr_at_3_max": 0.131323,
        "nauc_mrr_at_3_std": 0.195102,
        "nauc_mrr_at_3_diff1": 0.045713,
        "nauc_mrr_at_5_max": 0.166007,
        "nauc_mrr_at_5_std": 0.201129,
        "nauc_mrr_at_5_diff1": 0.054993,
        "nauc_mrr_at_10_max": 0.183717,
        "nauc_mrr_at_10_std": 0.205168,
        "nauc_mrr_at_10_diff1": 0.060874,
        "nauc_mrr_at_20_max": 0.181288,
        "nauc_mrr_at_20_std": 0.203318,
        "nauc_mrr_at_20_diff1": 0.062768,
        "nauc_mrr_at_100_max": 0.178528,
        "nauc_mrr_at_100_std": 0.204755,
        "nauc_mrr_at_100_diff1": 0.060521,
        "nauc_mrr_at_1000_max": 0.178526,
        "nauc_mrr_at_1000_std": 0.204539,
        "nauc_mrr_at_1000_diff1": 0.06027,
        "main_score": 0.20247,
        "hf_subset": "default",
        "languages": [
          "eng-Latn"
        ]
      }
    ]
  },
  "evaluation_time": 4.534343242645264,
  "kg_co2_emissions": null
}