{
  "dataset_revision": "bbf8b2d84b7de5970b2ba4ea843c791285fdb1df",
  "task_name": "irish-legislative-summaries",
  "mteb_version": "1.38.49",
  "scores": {
    "test": [
      {
        "ndcg_at_1": 0.67,
        "ndcg_at_3": 0.75762,
        "ndcg_at_5": 0.77337,
        "ndcg_at_10": 0.78727,
        "ndcg_at_20": 0.79588,
        "ndcg_at_100": 0.80589,
        "ndcg_at_1000": 0.80806,
        "map_at_1": 0.67,
        "map_at_3": 0.73667,
        "map_at_5": 0.74547,
        "map_at_10": 0.75139,
        "map_at_20": 0.75377,
        "map_at_100": 0.75529,
        "map_at_1000": 0.75538,
        "recall_at_1": 0.67,
        "recall_at_3": 0.818,
        "recall_at_5": 0.856,
        "recall_at_10": 0.898,
        "recall_at_20": 0.932,
        "recall_at_100": 0.984,
        "recall_at_1000": 1.0,
        "precision_at_1": 0.67,
        "precision_at_3": 0.27267,
        "precision_at_5": 0.1712,
        "precision_at_10": 0.0898,
        "precision_at_20": 0.0466,
        "precision_at_100": 0.00984,
        "precision_at_1000": 0.001,
        "mrr_at_1": 0.67,
        "mrr_at_3": 0.736667,
        "mrr_at_5": 0.745467,
        "mrr_at_10": 0.751392,
        "mrr_at_20": 0.753769,
        "mrr_at_100": 0.755286,
        "mrr_at_1000": 0.755384,
        "nauc_ndcg_at_1_max": 0.552322,
        "nauc_ndcg_at_1_std": -0.080385,
        "nauc_ndcg_at_1_diff1": 0.785851,
        "nauc_ndcg_at_3_max": 0.546318,
        "nauc_ndcg_at_3_std": -0.09482,
        "nauc_ndcg_at_3_diff1": 0.723772,
        "nauc_ndcg_at_5_max": 0.56215,
        "nauc_ndcg_at_5_std": -0.07877,
        "nauc_ndcg_at_5_diff1": 0.722382,
        "nauc_ndcg_at_10_max": 0.559308,
        "nauc_ndcg_at_10_std": -0.08902,
        "nauc_ndcg_at_10_diff1": 0.727477,
        "nauc_ndcg_at_20_max": 0.558983,
        "nauc_ndcg_at_20_std": -0.066885,
        "nauc_ndcg_at_20_diff1": 0.724267,
        "nauc_ndcg_at_100_max": 0.559337,
        "nauc_ndcg_at_100_std": -0.066381,
        "nauc_ndcg_at_100_diff1": 0.736654,
        "nauc_ndcg_at_1000_max": 0.556207,
        "nauc_ndcg_at_1000_std": -0.074534,
        "nauc_ndcg_at_1000_diff1": 0.736851,
        "nauc_map_at_1_max": 0.552322,
        "nauc_map_at_1_std": -0.080385,
        "nauc_map_at_1_diff1": 0.785851,
        "nauc_map_at_3_max": 0.54716,
        "nauc_map_at_3_std": -0.089886,
        "nauc_map_at_3_diff1": 0.739928,
        "nauc_map_at_5_max": 0.554619,
        "nauc_map_at_5_std": -0.082365,
        "nauc_map_at_5_diff1": 0.740117,
        "nauc_map_at_10_max": 0.553721,
        "nauc_map_at_10_std": -0.085724,
        "nauc_map_at_10_diff1": 0.742662,
        "nauc_map_at_20_max": 0.553342,
        "nauc_map_at_20_std": -0.080802,
        "nauc_map_at_20_diff1": 0.741996,
        "nauc_map_at_100_max": 0.553514,
        "nauc_map_at_100_std": -0.079959,
        "nauc_map_at_100_diff1": 0.743588,
        "nauc_map_at_1000_max": 0.5534,
        "nauc_map_at_1000_std": -0.08025,
        "nauc_map_at_1000_diff1": 0.743586,
        "nauc_recall_at_1_max": 0.552322,
        "nauc_recall_at_1_std": -0.080385,
        "nauc_recall_at_1_diff1": 0.785851,
        "nauc_recall_at_3_max": 0.543561,
        "nauc_recall_at_3_std": -0.114292,
        "nauc_recall_at_3_diff1": 0.662389,
        "nauc_recall_at_5_max": 0.602179,
        "nauc_recall_at_5_std": -0.057644,
        "nauc_recall_at_5_diff1": 0.640635,
        "nauc_recall_at_10_max": 0.596942,
        "nauc_recall_at_10_std": -0.113351,
        "nauc_recall_at_10_diff1": 0.637149,
        "nauc_recall_at_20_max": 0.618032,
        "nauc_recall_at_20_std": 0.112113,
        "nauc_recall_at_20_diff1": 0.560856,
        "nauc_recall_at_100_max": 0.802521,
        "nauc_recall_at_100_std": 0.57032,
        "nauc_recall_at_100_diff1": 0.713294,
        "nauc_recall_at_1000_max": NaN,
        "nauc_recall_at_1000_std": NaN,
        "nauc_recall_at_1000_diff1": NaN,
        "nauc_precision_at_1_max": 0.552322,
        "nauc_precision_at_1_std": -0.080385,
        "nauc_precision_at_1_diff1": 0.785851,
        "nauc_precision_at_3_max": 0.543561,
        "nauc_precision_at_3_std": -0.114292,
        "nauc_precision_at_3_diff1": 0.662389,
        "nauc_precision_at_5_max": 0.602179,
        "nauc_precision_at_5_std": -0.057644,
        "nauc_precision_at_5_diff1": 0.640635,
        "nauc_precision_at_10_max": 0.596942,
        "nauc_precision_at_10_std": -0.113351,
        "nauc_precision_at_10_diff1": 0.637149,
        "nauc_precision_at_20_max": 0.618032,
        "nauc_precision_at_20_std": 0.112113,
        "nauc_precision_at_20_diff1": 0.560856,
        "nauc_precision_at_100_max": 0.802521,
        "nauc_precision_at_100_std": 0.57032,
        "nauc_precision_at_100_diff1": 0.713294,
        "nauc_precision_at_1000_max": 1.0,
        "nauc_precision_at_1000_std": 1.0,
        "nauc_precision_at_1000_diff1": 1.0,
        "nauc_mrr_at_1_max": 0.552322,
        "nauc_mrr_at_1_std": -0.080385,
        "nauc_mrr_at_1_diff1": 0.785851,
        "nauc_mrr_at_3_max": 0.54716,
        "nauc_mrr_at_3_std": -0.089886,
        "nauc_mrr_at_3_diff1": 0.739928,
        "nauc_mrr_at_5_max": 0.554619,
        "nauc_mrr_at_5_std": -0.082365,
        "nauc_mrr_at_5_diff1": 0.740117,
        "nauc_mrr_at_10_max": 0.553721,
        "nauc_mrr_at_10_std": -0.085724,
        "nauc_mrr_at_10_diff1": 0.742662,
        "nauc_mrr_at_20_max": 0.553342,
        "nauc_mrr_at_20_std": -0.080802,
        "nauc_mrr_at_20_diff1": 0.741996,
        "nauc_mrr_at_100_max": 0.553514,
        "nauc_mrr_at_100_std": -0.079959,
        "nauc_mrr_at_100_diff1": 0.743588,
        "nauc_mrr_at_1000_max": 0.5534,
        "nauc_mrr_at_1000_std": -0.08025,
        "nauc_mrr_at_1000_diff1": 0.743586,
        "main_score": 0.78727,
        "hf_subset": "default",
        "languages": [
          "eng-Latn"
        ]
      }
    ]
  },
  "evaluation_time": 36.83800792694092,
  "kg_co2_emissions": null
}