{
  "dataset_revision": "ca0f1732432ad623ba6172b15e8c726b76e50fad",
  "task_name": "legal-rag-bench",
  "mteb_version": "1.39.7",
  "scores": {
    "test": [
      {
        "ndcg_at_1": 0.18,
        "ndcg_at_3": 0.26809,
        "ndcg_at_5": 0.29605,
        "ndcg_at_10": 0.32766,
        "ndcg_at_20": 0.3609,
        "ndcg_at_100": 0.40351,
        "ndcg_at_1000": 0.41699,
        "map_at_1": 0.18,
        "map_at_3": 0.24667,
        "map_at_5": 0.26167,
        "map_at_10": 0.27427,
        "map_at_20": 0.28359,
        "map_at_100": 0.28942,
        "map_at_1000": 0.28986,
        "recall_at_1": 0.18,
        "recall_at_3": 0.33,
        "recall_at_5": 0.4,
        "recall_at_10": 0.5,
        "recall_at_20": 0.63,
        "recall_at_100": 0.86,
        "recall_at_1000": 0.97,
        "precision_at_1": 0.18,
        "precision_at_3": 0.11,
        "precision_at_5": 0.08,
        "precision_at_10": 0.05,
        "precision_at_20": 0.0315,
        "precision_at_100": 0.0086,
        "precision_at_1000": 0.00097,
        "mrr_at_1": 0.18,
        "mrr_at_3": 0.246667,
        "mrr_at_5": 0.261667,
        "mrr_at_10": 0.274274,
        "mrr_at_20": 0.283588,
        "mrr_at_100": 0.289426,
        "mrr_at_1000": 0.28986,
        "nauc_ndcg_at_1_max": 0.046118,
        "nauc_ndcg_at_1_std": 0.059187,
        "nauc_ndcg_at_1_diff1": 0.338526,
        "nauc_ndcg_at_3_max": 0.118234,
        "nauc_ndcg_at_3_std": 0.159829,
        "nauc_ndcg_at_3_diff1": 0.288114,
        "nauc_ndcg_at_5_max": 0.121432,
        "nauc_ndcg_at_5_std": 0.152178,
        "nauc_ndcg_at_5_diff1": 0.252313,
        "nauc_ndcg_at_10_max": 0.114061,
        "nauc_ndcg_at_10_std": 0.112918,
        "nauc_ndcg_at_10_diff1": 0.245881,
        "nauc_ndcg_at_20_max": 0.118845,
        "nauc_ndcg_at_20_std": 0.15715,
        "nauc_ndcg_at_20_diff1": 0.264042,
        "nauc_ndcg_at_100_max": 0.143086,
        "nauc_ndcg_at_100_std": 0.17722,
        "nauc_ndcg_at_100_diff1": 0.297364,
        "nauc_ndcg_at_1000_max": 0.129017,
        "nauc_ndcg_at_1000_std": 0.161905,
        "nauc_ndcg_at_1000_diff1": 0.284564,
        "nauc_map_at_1_max": 0.046118,
        "nauc_map_at_1_std": 0.059187,
        "nauc_map_at_1_diff1": 0.338526,
        "nauc_map_at_3_max": 0.105298,
        "nauc_map_at_3_std": 0.140848,
        "nauc_map_at_3_diff1": 0.297928,
        "nauc_map_at_5_max": 0.107628,
        "nauc_map_at_5_std": 0.136683,
        "nauc_map_at_5_diff1": 0.278947,
        "nauc_map_at_10_max": 0.104204,
        "nauc_map_at_10_std": 0.119163,
        "nauc_map_at_10_diff1": 0.276172,
        "nauc_map_at_20_max": 0.107701,
        "nauc_map_at_20_std": 0.132569,
        "nauc_map_at_20_diff1": 0.281209,
        "nauc_map_at_100_max": 0.111408,
        "nauc_map_at_100_std": 0.13429,
        "nauc_map_at_100_diff1": 0.286038,
        "nauc_map_at_1000_max": 0.110832,
        "nauc_map_at_1000_std": 0.133985,
        "nauc_map_at_1000_diff1": 0.285523,
        "nauc_recall_at_1_max": 0.046118,
        "nauc_recall_at_1_std": 0.059187,
        "nauc_recall_at_1_diff1": 0.338526,
        "nauc_recall_at_3_max": 0.149978,
        "nauc_recall_at_3_std": 0.206801,
        "nauc_recall_at_3_diff1": 0.263703,
        "nauc_recall_at_5_max": 0.154531,
        "nauc_recall_at_5_std": 0.18835,
        "nauc_recall_at_5_diff1": 0.180754,
        "nauc_recall_at_10_max": 0.136163,
        "nauc_recall_at_10_std": 0.082745,
        "nauc_recall_at_10_diff1": 0.161106,
        "nauc_recall_at_20_max": 0.14245,
        "nauc_recall_at_20_std": 0.248359,
        "nauc_recall_at_20_diff1": 0.221752,
        "nauc_recall_at_100_max": 0.409346,
        "nauc_recall_at_100_std": 0.600596,
        "nauc_recall_at_100_diff1": 0.525565,
        "nauc_recall_at_1000_max": 0.401027,
        "nauc_recall_at_1000_std": 0.907407,
        "nauc_recall_at_1000_diff1": 0.466387,
        "nauc_precision_at_1_max": 0.046118,
        "nauc_precision_at_1_std": 0.059187,
        "nauc_precision_at_1_diff1": 0.338526,
        "nauc_precision_at_3_max": 0.149978,
        "nauc_precision_at_3_std": 0.206801,
        "nauc_precision_at_3_diff1": 0.263703,
        "nauc_precision_at_5_max": 0.154531,
        "nauc_precision_at_5_std": 0.18835,
        "nauc_precision_at_5_diff1": 0.180754,
        "nauc_precision_at_10_max": 0.136163,
        "nauc_precision_at_10_std": 0.082745,
        "nauc_precision_at_10_diff1": 0.161106,
        "nauc_precision_at_20_max": 0.14245,
        "nauc_precision_at_20_std": 0.248359,
        "nauc_precision_at_20_diff1": 0.221752,
        "nauc_precision_at_100_max": 0.409346,
        "nauc_precision_at_100_std": 0.600596,
        "nauc_precision_at_100_diff1": 0.525565,
        "nauc_precision_at_1000_max": 0.401027,
        "nauc_precision_at_1000_std": 0.907407,
        "nauc_precision_at_1000_diff1": 0.466387,
        "nauc_mrr_at_1_max": 0.046118,
        "nauc_mrr_at_1_std": 0.059187,
        "nauc_mrr_at_1_diff1": 0.338526,
        "nauc_mrr_at_3_max": 0.105298,
        "nauc_mrr_at_3_std": 0.140848,
        "nauc_mrr_at_3_diff1": 0.297928,
        "nauc_mrr_at_5_max": 0.107628,
        "nauc_mrr_at_5_std": 0.136683,
        "nauc_mrr_at_5_diff1": 0.278947,
        "nauc_mrr_at_10_max": 0.104204,
        "nauc_mrr_at_10_std": 0.119163,
        "nauc_mrr_at_10_diff1": 0.276172,
        "nauc_mrr_at_20_max": 0.107701,
        "nauc_mrr_at_20_std": 0.132569,
        "nauc_mrr_at_20_diff1": 0.281209,
        "nauc_mrr_at_100_max": 0.111436,
        "nauc_mrr_at_100_std": 0.134309,
        "nauc_mrr_at_100_diff1": 0.286032,
        "nauc_mrr_at_1000_max": 0.11086,
        "nauc_mrr_at_1000_std": 0.134005,
        "nauc_mrr_at_1000_diff1": 0.285518,
        "main_score": 0.32766,
        "hf_subset": "default",
        "languages": [
          "eng-Latn"
        ]
      }
    ]
  },
  "evaluation_time": 21.034376859664917,
  "kg_co2_emissions": null
}