{
  "dataset_revision": "ec00129f88e9476e582131dc3a5db9220dfefa48",
  "task_name": "license-tldr-retrieval",
  "mteb_version": "1.38.49",
  "scores": {
    "test": [
      {
        "ndcg_at_1": 0.52308,
        "ndcg_at_3": 0.58699,
        "ndcg_at_5": 0.61878,
        "ndcg_at_10": 0.64322,
        "ndcg_at_20": 0.66619,
        "ndcg_at_100": 0.68995,
        "ndcg_at_1000": 0.68995,
        "map_at_1": 0.52308,
        "map_at_3": 0.57179,
        "map_at_5": 0.58949,
        "map_at_10": 0.59932,
        "map_at_20": 0.60543,
        "map_at_100": 0.60908,
        "map_at_1000": 0.60908,
        "recall_at_1": 0.52308,
        "recall_at_3": 0.63077,
        "recall_at_5": 0.70769,
        "recall_at_10": 0.78462,
        "recall_at_20": 0.87692,
        "recall_at_100": 1.0,
        "recall_at_1000": 1.0,
        "precision_at_1": 0.52308,
        "precision_at_3": 0.21026,
        "precision_at_5": 0.14154,
        "precision_at_10": 0.07846,
        "precision_at_20": 0.04385,
        "precision_at_100": 0.01,
        "precision_at_1000": 0.001,
        "mrr_at_1": 0.523077,
        "mrr_at_3": 0.571795,
        "mrr_at_5": 0.589487,
        "mrr_at_10": 0.599316,
        "mrr_at_20": 0.605432,
        "mrr_at_100": 0.60908,
        "mrr_at_1000": 0.60908,
        "nauc_ndcg_at_1_max": 0.43546,
        "nauc_ndcg_at_1_std": 0.226598,
        "nauc_ndcg_at_1_diff1": 0.744389,
        "nauc_ndcg_at_3_max": 0.524011,
        "nauc_ndcg_at_3_std": 0.346053,
        "nauc_ndcg_at_3_diff1": 0.668172,
        "nauc_ndcg_at_5_max": 0.532963,
        "nauc_ndcg_at_5_std": 0.373774,
        "nauc_ndcg_at_5_diff1": 0.678042,
        "nauc_ndcg_at_10_max": 0.537252,
        "nauc_ndcg_at_10_std": 0.413067,
        "nauc_ndcg_at_10_diff1": 0.65527,
        "nauc_ndcg_at_20_max": 0.551699,
        "nauc_ndcg_at_20_std": 0.412213,
        "nauc_ndcg_at_20_diff1": 0.653771,
        "nauc_ndcg_at_100_max": 0.524596,
        "nauc_ndcg_at_100_std": 0.364656,
        "nauc_ndcg_at_100_diff1": 0.67812,
        "nauc_ndcg_at_1000_max": 0.524596,
        "nauc_ndcg_at_1000_std": 0.364656,
        "nauc_ndcg_at_1000_diff1": 0.67812,
        "nauc_map_at_1_max": 0.43546,
        "nauc_map_at_1_std": 0.226598,
        "nauc_map_at_1_diff1": 0.744389,
        "nauc_map_at_3_max": 0.504455,
        "nauc_map_at_3_std": 0.321998,
        "nauc_map_at_3_diff1": 0.687498,
        "nauc_map_at_5_max": 0.509496,
        "nauc_map_at_5_std": 0.335657,
        "nauc_map_at_5_diff1": 0.694824,
        "nauc_map_at_10_max": 0.511103,
        "nauc_map_at_10_std": 0.350361,
        "nauc_map_at_10_diff1": 0.686595,
        "nauc_map_at_20_max": 0.514623,
        "nauc_map_at_20_std": 0.348989,
        "nauc_map_at_20_diff1": 0.685906,
        "nauc_map_at_100_max": 0.511235,
        "nauc_map_at_100_std": 0.342605,
        "nauc_map_at_100_diff1": 0.689319,
        "nauc_map_at_1000_max": 0.511235,
        "nauc_map_at_1000_std": 0.342605,
        "nauc_map_at_1000_diff1": 0.689319,
        "nauc_recall_at_1_max": 0.43546,
        "nauc_recall_at_1_std": 0.226598,
        "nauc_recall_at_1_diff1": 0.744389,
        "nauc_recall_at_3_max": 0.583818,
        "nauc_recall_at_3_std": 0.418411,
        "nauc_recall_at_3_diff1": 0.607776,
        "nauc_recall_at_5_max": 0.615249,
        "nauc_recall_at_5_std": 0.511755,
        "nauc_recall_at_5_diff1": 0.617702,
        "nauc_recall_at_10_max": 0.653246,
        "nauc_recall_at_10_std": 0.717968,
        "nauc_recall_at_10_diff1": 0.500448,
        "nauc_recall_at_20_max": 0.845491,
        "nauc_recall_at_20_std": 0.911772,
        "nauc_recall_at_20_diff1": 0.402328,
        "nauc_recall_at_100_max": NaN,
        "nauc_recall_at_100_std": NaN,
        "nauc_recall_at_100_diff1": NaN,
        "nauc_recall_at_1000_max": NaN,
        "nauc_recall_at_1000_std": NaN,
        "nauc_recall_at_1000_diff1": NaN,
        "nauc_precision_at_1_max": 0.43546,
        "nauc_precision_at_1_std": 0.226598,
        "nauc_precision_at_1_diff1": 0.744389,
        "nauc_precision_at_3_max": 0.583818,
        "nauc_precision_at_3_std": 0.418411,
        "nauc_precision_at_3_diff1": 0.607776,
        "nauc_precision_at_5_max": 0.615249,
        "nauc_precision_at_5_std": 0.511755,
        "nauc_precision_at_5_diff1": 0.617702,
        "nauc_precision_at_10_max": 0.653246,
        "nauc_precision_at_10_std": 0.717968,
        "nauc_precision_at_10_diff1": 0.500448,
        "nauc_precision_at_20_max": 0.845491,
        "nauc_precision_at_20_std": 0.911772,
        "nauc_precision_at_20_diff1": 0.402328,
        "nauc_precision_at_100_max": NaN,
        "nauc_precision_at_100_std": NaN,
        "nauc_precision_at_100_diff1": NaN,
        "nauc_precision_at_1000_max": 1.0,
        "nauc_precision_at_1000_std": 1.0,
        "nauc_precision_at_1000_diff1": 1.0,
        "nauc_mrr_at_1_max": 0.43546,
        "nauc_mrr_at_1_std": 0.226598,
        "nauc_mrr_at_1_diff1": 0.744389,
        "nauc_mrr_at_3_max": 0.504455,
        "nauc_mrr_at_3_std": 0.321998,
        "nauc_mrr_at_3_diff1": 0.687498,
        "nauc_mrr_at_5_max": 0.509496,
        "nauc_mrr_at_5_std": 0.335657,
        "nauc_mrr_at_5_diff1": 0.694824,
        "nauc_mrr_at_10_max": 0.511103,
        "nauc_mrr_at_10_std": 0.350361,
        "nauc_mrr_at_10_diff1": 0.686595,
        "nauc_mrr_at_20_max": 0.514623,
        "nauc_mrr_at_20_std": 0.348989,
        "nauc_mrr_at_20_diff1": 0.685906,
        "nauc_mrr_at_100_max": 0.511235,
        "nauc_mrr_at_100_std": 0.342605,
        "nauc_mrr_at_100_diff1": 0.689319,
        "nauc_mrr_at_1000_max": 0.511235,
        "nauc_mrr_at_1000_std": 0.342605,
        "nauc_mrr_at_1000_diff1": 0.689319,
        "main_score": 0.64322,
        "hf_subset": "default",
        "languages": [
          "eng-Latn"
        ]
      }
    ]
  },
  "evaluation_time": 2.8446571826934814,
  "kg_co2_emissions": null
}