{
  "dataset_revision": "436d6a79d06cac556799e9e0be54a6fb90bf7182",
  "task_name": "uk-legislative-long-titles",
  "mteb_version": "1.38.49",
  "scores": {
    "test": [
      {
        "ndcg_at_1": 0.88462,
        "ndcg_at_3": 0.92338,
        "ndcg_at_5": 0.9289,
        "ndcg_at_10": 0.93261,
        "ndcg_at_20": 0.93607,
        "ndcg_at_100": 0.93855,
        "ndcg_at_1000": 0.93855,
        "map_at_1": 0.88462,
        "map_at_3": 0.91453,
        "map_at_5": 0.91774,
        "map_at_10": 0.91902,
        "map_at_20": 0.92009,
        "map_at_100": 0.92045,
        "map_at_1000": 0.92045,
        "recall_at_1": 0.88462,
        "recall_at_3": 0.94872,
        "recall_at_5": 0.96154,
        "recall_at_10": 0.97436,
        "recall_at_20": 0.98718,
        "recall_at_100": 1.0,
        "recall_at_1000": 1.0,
        "precision_at_1": 0.88462,
        "precision_at_3": 0.31624,
        "precision_at_5": 0.19231,
        "precision_at_10": 0.09744,
        "precision_at_20": 0.04936,
        "precision_at_100": 0.01,
        "precision_at_1000": 0.001,
        "mrr_at_1": 0.884615,
        "mrr_at_3": 0.91453,
        "mrr_at_5": 0.917735,
        "mrr_at_10": 0.919017,
        "mrr_at_20": 0.920085,
        "mrr_at_100": 0.920452,
        "mrr_at_1000": 0.920452,
        "nauc_ndcg_at_1_max": 0.780719,
        "nauc_ndcg_at_1_std": 0.226005,
        "nauc_ndcg_at_1_diff1": 0.92228,
        "nauc_ndcg_at_3_max": 0.807779,
        "nauc_ndcg_at_3_std": 0.365651,
        "nauc_ndcg_at_3_diff1": 0.943132,
        "nauc_ndcg_at_5_max": 0.842953,
        "nauc_ndcg_at_5_std": 0.407812,
        "nauc_ndcg_at_5_diff1": 0.938677,
        "nauc_ndcg_at_10_max": 0.834236,
        "nauc_ndcg_at_10_std": 0.399695,
        "nauc_ndcg_at_10_diff1": 0.935273,
        "nauc_ndcg_at_20_max": 0.825164,
        "nauc_ndcg_at_20_std": 0.366842,
        "nauc_ndcg_at_20_diff1": 0.938905,
        "nauc_ndcg_at_100_max": 0.818037,
        "nauc_ndcg_at_100_std": 0.341029,
        "nauc_ndcg_at_100_diff1": 0.936414,
        "nauc_ndcg_at_1000_max": 0.818037,
        "nauc_ndcg_at_1000_std": 0.341029,
        "nauc_ndcg_at_1000_diff1": 0.936414,
        "nauc_map_at_1_max": 0.780719,
        "nauc_map_at_1_std": 0.226005,
        "nauc_map_at_1_diff1": 0.92228,
        "nauc_map_at_3_max": 0.800817,
        "nauc_map_at_3_std": 0.317785,
        "nauc_map_at_3_diff1": 0.93786,
        "nauc_map_at_5_max": 0.818215,
        "nauc_map_at_5_std": 0.337084,
        "nauc_map_at_5_diff1": 0.935414,
        "nauc_map_at_10_max": 0.815307,
        "nauc_map_at_10_std": 0.333614,
        "nauc_map_at_10_diff1": 0.934381,
        "nauc_map_at_20_max": 0.812812,
        "nauc_map_at_20_std": 0.32461,
        "nauc_map_at_20_diff1": 0.935266,
        "nauc_map_at_100_max": 0.811941,
        "nauc_map_at_100_std": 0.321467,
        "nauc_map_at_100_diff1": 0.934964,
        "nauc_map_at_1000_max": 0.811941,
        "nauc_map_at_1000_std": 0.321467,
        "nauc_map_at_1000_diff1": 0.934964,
        "nauc_recall_at_1_max": 0.780719,
        "nauc_recall_at_1_std": 0.226005,
        "nauc_recall_at_1_diff1": 0.92228,
        "nauc_recall_at_3_max": 0.839703,
        "nauc_recall_at_3_std": 0.595389,
        "nauc_recall_at_3_diff1": 0.967227,
        "nauc_recall_at_5_max": 1.0,
        "nauc_recall_at_5_std": 0.851352,
        "nauc_recall_at_5_diff1": 0.956303,
        "nauc_recall_at_10_max": 1.0,
        "nauc_recall_at_10_std": 1.0,
        "nauc_recall_at_10_diff1": 0.934454,
        "nauc_recall_at_20_max": 1.0,
        "nauc_recall_at_20_std": 1.0,
        "nauc_recall_at_20_diff1": 1.0,
        "nauc_recall_at_100_max": NaN,
        "nauc_recall_at_100_std": NaN,
        "nauc_recall_at_100_diff1": NaN,
        "nauc_recall_at_1000_max": NaN,
        "nauc_recall_at_1000_std": NaN,
        "nauc_recall_at_1000_diff1": NaN,
        "nauc_precision_at_1_max": 0.780719,
        "nauc_precision_at_1_std": 0.226005,
        "nauc_precision_at_1_diff1": 0.92228,
        "nauc_precision_at_3_max": 0.839703,
        "nauc_precision_at_3_std": 0.595389,
        "nauc_precision_at_3_diff1": 0.967227,
        "nauc_precision_at_5_max": 1.0,
        "nauc_precision_at_5_std": 0.851352,
        "nauc_precision_at_5_diff1": 0.956303,
        "nauc_precision_at_10_max": 1.0,
        "nauc_precision_at_10_std": 1.0,
        "nauc_precision_at_10_diff1": 0.934454,
        "nauc_precision_at_20_max": 1.0,
        "nauc_precision_at_20_std": 1.0,
        "nauc_precision_at_20_diff1": 1.0,
        "nauc_precision_at_100_max": 1.0,
        "nauc_precision_at_100_std": 1.0,
        "nauc_precision_at_100_diff1": 1.0,
        "nauc_precision_at_1000_max": 1.0,
        "nauc_precision_at_1000_std": 1.0,
        "nauc_precision_at_1000_diff1": 1.0,
        "nauc_mrr_at_1_max": 0.780719,
        "nauc_mrr_at_1_std": 0.226005,
        "nauc_mrr_at_1_diff1": 0.92228,
        "nauc_mrr_at_3_max": 0.800817,
        "nauc_mrr_at_3_std": 0.317785,
        "nauc_mrr_at_3_diff1": 0.93786,
        "nauc_mrr_at_5_max": 0.818215,
        "nauc_mrr_at_5_std": 0.337084,
        "nauc_mrr_at_5_diff1": 0.935414,
        "nauc_mrr_at_10_max": 0.815307,
        "nauc_mrr_at_10_std": 0.333614,
        "nauc_mrr_at_10_diff1": 0.934381,
        "nauc_mrr_at_20_max": 0.812812,
        "nauc_mrr_at_20_std": 0.32461,
        "nauc_mrr_at_20_diff1": 0.935266,
        "nauc_mrr_at_100_max": 0.811941,
        "nauc_mrr_at_100_std": 0.321467,
        "nauc_mrr_at_100_diff1": 0.934964,
        "nauc_mrr_at_1000_max": 0.811941,
        "nauc_mrr_at_1000_std": 0.321467,
        "nauc_mrr_at_1000_diff1": 0.934964,
        "main_score": 0.93261,
        "hf_subset": "default",
        "languages": [
          "eng-Latn"
        ]
      }
    ]
  },
  "evaluation_time": 7.757353067398071,
  "kg_co2_emissions": null
}