{
  "dataset_revision": "c64c3baac6bfd5f934d2df6e5d42dcb7d87c8ba8",
  "task_name": "australian-tax-guidance-retrieval",
  "mteb_version": "1.39.7",
  "scores": {
    "test": [
      {
        "ndcg_at_1": 0.52679,
        "ndcg_at_3": 0.68739,
        "ndcg_at_5": 0.72082,
        "ndcg_at_10": 0.74112,
        "ndcg_at_20": 0.74579,
        "ndcg_at_100": 0.75308,
        "ndcg_at_1000": 0.75308,
        "map_at_1": 0.52679,
        "map_at_3": 0.64732,
        "map_at_5": 0.66607,
        "map_at_10": 0.6745,
        "map_at_20": 0.67587,
        "map_at_100": 0.67714,
        "map_at_1000": 0.67714,
        "recall_at_1": 0.52679,
        "recall_at_3": 0.80357,
        "recall_at_5": 0.88393,
        "recall_at_10": 0.94643,
        "recall_at_20": 0.96429,
        "recall_at_100": 1.0,
        "recall_at_1000": 1.0,
        "precision_at_1": 0.52679,
        "precision_at_3": 0.26786,
        "precision_at_5": 0.17679,
        "precision_at_10": 0.09464,
        "precision_at_20": 0.04821,
        "precision_at_100": 0.01,
        "precision_at_1000": 0.001,
        "mrr_at_1": 0.526786,
        "mrr_at_3": 0.647321,
        "mrr_at_5": 0.666071,
        "mrr_at_10": 0.6745,
        "mrr_at_20": 0.67587,
        "mrr_at_100": 0.677137,
        "mrr_at_1000": 0.677137,
        "nauc_ndcg_at_1_max": 0.347493,
        "nauc_ndcg_at_1_std": -0.080327,
        "nauc_ndcg_at_1_diff1": 0.664255,
        "nauc_ndcg_at_3_max": 0.376674,
        "nauc_ndcg_at_3_std": -0.012785,
        "nauc_ndcg_at_3_diff1": 0.53864,
        "nauc_ndcg_at_5_max": 0.337856,
        "nauc_ndcg_at_5_std": -0.035983,
        "nauc_ndcg_at_5_diff1": 0.544767,
        "nauc_ndcg_at_10_max": 0.38446,
        "nauc_ndcg_at_10_std": -0.0111,
        "nauc_ndcg_at_10_diff1": 0.570546,
        "nauc_ndcg_at_20_max": 0.37704,
        "nauc_ndcg_at_20_std": -0.005587,
        "nauc_ndcg_at_20_diff1": 0.570931,
        "nauc_ndcg_at_100_max": 0.361117,
        "nauc_ndcg_at_100_std": -0.034406,
        "nauc_ndcg_at_100_diff1": 0.580413,
        "nauc_ndcg_at_1000_max": 0.361117,
        "nauc_ndcg_at_1000_std": -0.034406,
        "nauc_ndcg_at_1000_diff1": 0.580413,
        "nauc_map_at_1_max": 0.347493,
        "nauc_map_at_1_std": -0.080327,
        "nauc_map_at_1_diff1": 0.664255,
        "nauc_map_at_3_max": 0.370332,
        "nauc_map_at_3_std": -0.03295,
        "nauc_map_at_3_diff1": 0.575704,
        "nauc_map_at_5_max": 0.350718,
        "nauc_map_at_5_std": -0.045915,
        "nauc_map_at_5_diff1": 0.580926,
        "nauc_map_at_10_max": 0.364268,
        "nauc_map_at_10_std": -0.038415,
        "nauc_map_at_10_diff1": 0.589402,
        "nauc_map_at_20_max": 0.362215,
        "nauc_map_at_20_std": -0.037842,
        "nauc_map_at_20_diff1": 0.589595,
        "nauc_map_at_100_max": 0.359776,
        "nauc_map_at_100_std": -0.041928,
        "nauc_map_at_100_diff1": 0.590646,
        "nauc_map_at_1000_max": 0.359776,
        "nauc_map_at_1000_std": -0.041928,
        "nauc_map_at_1000_diff1": 0.590646,
        "nauc_recall_at_1_max": 0.347493,
        "nauc_recall_at_1_std": -0.080327,
        "nauc_recall_at_1_diff1": 0.664255,
        "nauc_recall_at_3_max": 0.402639,
        "nauc_recall_at_3_std": 0.074436,
        "nauc_recall_at_3_diff1": 0.378593,
        "nauc_recall_at_5_max": 0.240405,
        "nauc_recall_at_5_std": 0.02355,
        "nauc_recall_at_5_diff1": 0.309755,
        "nauc_recall_at_10_max": 0.742361,
        "nauc_recall_at_10_std": 0.395853,
        "nauc_recall_at_10_diff1": 0.381196,
        "nauc_recall_at_20_max": 0.774155,
        "nauc_recall_at_20_std": 0.744488,
        "nauc_recall_at_20_diff1": 0.294692,
        "nauc_recall_at_100_max": NaN,
        "nauc_recall_at_100_std": NaN,
        "nauc_recall_at_100_diff1": NaN,
        "nauc_recall_at_1000_max": NaN,
        "nauc_recall_at_1000_std": NaN,
        "nauc_recall_at_1000_diff1": NaN,
        "nauc_precision_at_1_max": 0.347493,
        "nauc_precision_at_1_std": -0.080327,
        "nauc_precision_at_1_diff1": 0.664255,
        "nauc_precision_at_3_max": 0.402639,
        "nauc_precision_at_3_std": 0.074436,
        "nauc_precision_at_3_diff1": 0.378593,
        "nauc_precision_at_5_max": 0.240405,
        "nauc_precision_at_5_std": 0.02355,
        "nauc_precision_at_5_diff1": 0.309755,
        "nauc_precision_at_10_max": 0.742361,
        "nauc_precision_at_10_std": 0.395853,
        "nauc_precision_at_10_diff1": 0.381196,
        "nauc_precision_at_20_max": 0.774155,
        "nauc_precision_at_20_std": 0.744488,
        "nauc_precision_at_20_diff1": 0.294692,
        "nauc_precision_at_100_max": NaN,
        "nauc_precision_at_100_std": NaN,
        "nauc_precision_at_100_diff1": NaN,
        "nauc_precision_at_1000_max": 1.0,
        "nauc_precision_at_1000_std": 1.0,
        "nauc_precision_at_1000_diff1": 1.0,
        "nauc_mrr_at_1_max": 0.347493,
        "nauc_mrr_at_1_std": -0.080327,
        "nauc_mrr_at_1_diff1": 0.664255,
        "nauc_mrr_at_3_max": 0.370332,
        "nauc_mrr_at_3_std": -0.03295,
        "nauc_mrr_at_3_diff1": 0.575704,
        "nauc_mrr_at_5_max": 0.350718,
        "nauc_mrr_at_5_std": -0.045915,
        "nauc_mrr_at_5_diff1": 0.580926,
        "nauc_mrr_at_10_max": 0.364268,
        "nauc_mrr_at_10_std": -0.038415,
        "nauc_mrr_at_10_diff1": 0.589402,
        "nauc_mrr_at_20_max": 0.362215,
        "nauc_mrr_at_20_std": -0.037842,
        "nauc_mrr_at_20_diff1": 0.589595,
        "nauc_mrr_at_100_max": 0.359776,
        "nauc_mrr_at_100_std": -0.041928,
        "nauc_mrr_at_100_diff1": 0.590646,
        "nauc_mrr_at_1000_max": 0.359776,
        "nauc_mrr_at_1000_std": -0.041928,
        "nauc_mrr_at_1000_diff1": 0.590646,
        "main_score": 0.74112,
        "hf_subset": "default",
        "languages": [
          "eng-Latn"
        ]
      }
    ]
  },
  "evaluation_time": 1.603191614151001,
  "kg_co2_emissions": null
}