{
  "dataset_revision": "dd157bbfa479359488c656981e3999da6f42e4e9",
  "task_name": "bar-exam-qa",
  "mteb_version": "1.39.7",
  "scores": {
    "test": [
      {
        "ndcg_at_1": 0.31624,
        "ndcg_at_3": 0.47761,
        "ndcg_at_5": 0.49857,
        "ndcg_at_10": 0.53251,
        "ndcg_at_20": 0.5522,
        "ndcg_at_100": 0.58622,
        "ndcg_at_1000": 0.58622,
        "map_at_1": 0.31624,
        "map_at_3": 0.43875,
        "map_at_5": 0.45028,
        "map_at_10": 0.46313,
        "map_at_20": 0.46863,
        "map_at_100": 0.4743,
        "map_at_1000": 0.4743,
        "recall_at_1": 0.31624,
        "recall_at_3": 0.58974,
        "recall_at_5": 0.64103,
        "recall_at_10": 0.75214,
        "recall_at_20": 0.82906,
        "recall_at_100": 1.0,
        "recall_at_1000": 1.0,
        "precision_at_1": 0.31624,
        "precision_at_3": 0.19658,
        "precision_at_5": 0.12821,
        "precision_at_10": 0.07521,
        "precision_at_20": 0.04145,
        "precision_at_100": 0.01,
        "precision_at_1000": 0.001,
        "mrr_at_1": 0.316239,
        "mrr_at_3": 0.438746,
        "mrr_at_5": 0.450285,
        "mrr_at_10": 0.463126,
        "mrr_at_20": 0.468634,
        "mrr_at_100": 0.474302,
        "mrr_at_1000": 0.474302,
        "nauc_ndcg_at_1_max": 0.28544,
        "nauc_ndcg_at_1_std": -0.041756,
        "nauc_ndcg_at_1_diff1": 0.357012,
        "nauc_ndcg_at_3_max": 0.264192,
        "nauc_ndcg_at_3_std": 0.024857,
        "nauc_ndcg_at_3_diff1": 0.239385,
        "nauc_ndcg_at_5_max": 0.256605,
        "nauc_ndcg_at_5_std": 0.022389,
        "nauc_ndcg_at_5_diff1": 0.255606,
        "nauc_ndcg_at_10_max": 0.252,
        "nauc_ndcg_at_10_std": -0.000141,
        "nauc_ndcg_at_10_diff1": 0.260987,
        "nauc_ndcg_at_20_max": 0.255647,
        "nauc_ndcg_at_20_std": 0.001768,
        "nauc_ndcg_at_20_diff1": 0.290024,
        "nauc_ndcg_at_100_max": 0.268395,
        "nauc_ndcg_at_100_std": 0.003992,
        "nauc_ndcg_at_100_diff1": 0.276534,
        "nauc_ndcg_at_1000_max": 0.268395,
        "nauc_ndcg_at_1000_std": 0.003992,
        "nauc_ndcg_at_1000_diff1": 0.276534,
        "nauc_map_at_1_max": 0.28544,
        "nauc_map_at_1_std": -0.041756,
        "nauc_map_at_1_diff1": 0.357012,
        "nauc_map_at_3_max": 0.272203,
        "nauc_map_at_3_std": 0.007688,
        "nauc_map_at_3_diff1": 0.267622,
        "nauc_map_at_5_max": 0.267976,
        "nauc_map_at_5_std": 0.005349,
        "nauc_map_at_5_diff1": 0.276633,
        "nauc_map_at_10_max": 0.267087,
        "nauc_map_at_10_std": -0.003213,
        "nauc_map_at_10_diff1": 0.278298,
        "nauc_map_at_20_max": 0.268146,
        "nauc_map_at_20_std": -0.002798,
        "nauc_map_at_20_diff1": 0.285204,
        "nauc_map_at_100_max": 0.270778,
        "nauc_map_at_100_std": -0.001652,
        "nauc_map_at_100_diff1": 0.282777,
        "nauc_map_at_1000_max": 0.270778,
        "nauc_map_at_1000_std": -0.001652,
        "nauc_map_at_1000_diff1": 0.282777,
        "nauc_recall_at_1_max": 0.28544,
        "nauc_recall_at_1_std": -0.041756,
        "nauc_recall_at_1_diff1": 0.357012,
        "nauc_recall_at_3_max": 0.238446,
        "nauc_recall_at_3_std": 0.077742,
        "nauc_recall_at_3_diff1": 0.153283,
        "nauc_recall_at_5_max": 0.217078,
        "nauc_recall_at_5_std": 0.079283,
        "nauc_recall_at_5_diff1": 0.189986,
        "nauc_recall_at_10_max": 0.180274,
        "nauc_recall_at_10_std": -0.001277,
        "nauc_recall_at_10_diff1": 0.199139,
        "nauc_recall_at_20_max": 0.179507,
        "nauc_recall_at_20_std": 0.011307,
        "nauc_recall_at_20_diff1": 0.384927,
        "nauc_recall_at_100_max": NaN,
        "nauc_recall_at_100_std": NaN,
        "nauc_recall_at_100_diff1": NaN,
        "nauc_recall_at_1000_max": NaN,
        "nauc_recall_at_1000_std": NaN,
        "nauc_recall_at_1000_diff1": NaN,
        "nauc_precision_at_1_max": 0.28544,
        "nauc_precision_at_1_std": -0.041756,
        "nauc_precision_at_1_diff1": 0.357012,
        "nauc_precision_at_3_max": 0.238446,
        "nauc_precision_at_3_std": 0.077742,
        "nauc_precision_at_3_diff1": 0.153283,
        "nauc_precision_at_5_max": 0.217078,
        "nauc_precision_at_5_std": 0.079283,
        "nauc_precision_at_5_diff1": 0.189986,
        "nauc_precision_at_10_max": 0.180274,
        "nauc_precision_at_10_std": -0.001277,
        "nauc_precision_at_10_diff1": 0.199139,
        "nauc_precision_at_20_max": 0.179507,
        "nauc_precision_at_20_std": 0.011307,
        "nauc_precision_at_20_diff1": 0.384927,
        "nauc_precision_at_100_max": NaN,
        "nauc_precision_at_100_std": NaN,
        "nauc_precision_at_100_diff1": NaN,
        "nauc_precision_at_1000_max": 1.0,
        "nauc_precision_at_1000_std": 1.0,
        "nauc_precision_at_1000_diff1": 1.0,
        "nauc_mrr_at_1_max": 0.28544,
        "nauc_mrr_at_1_std": -0.041756,
        "nauc_mrr_at_1_diff1": 0.357012,
        "nauc_mrr_at_3_max": 0.272203,
        "nauc_mrr_at_3_std": 0.007688,
        "nauc_mrr_at_3_diff1": 0.267622,
        "nauc_mrr_at_5_max": 0.267976,
        "nauc_mrr_at_5_std": 0.005349,
        "nauc_mrr_at_5_diff1": 0.276633,
        "nauc_mrr_at_10_max": 0.267087,
        "nauc_mrr_at_10_std": -0.003213,
        "nauc_mrr_at_10_diff1": 0.278298,
        "nauc_mrr_at_20_max": 0.268146,
        "nauc_mrr_at_20_std": -0.002798,
        "nauc_mrr_at_20_diff1": 0.285204,
        "nauc_mrr_at_100_max": 0.270778,
        "nauc_mrr_at_100_std": -0.001652,
        "nauc_mrr_at_100_diff1": 0.282777,
        "nauc_mrr_at_1000_max": 0.270778,
        "nauc_mrr_at_1000_std": -0.001652,
        "nauc_mrr_at_1000_diff1": 0.282777,
        "main_score": 0.53251,
        "hf_subset": "default",
        "languages": [
          "eng-Latn"
        ]
      }
    ]
  },
  "evaluation_time": 0.7108123302459717,
  "kg_co2_emissions": null
}