{
  "dataset_revision": "2095f248902963b4480ac96b774ba64b2104cbee",
  "task_name": "consumer-contracts-qa",
  "mteb_version": "1.39.7",
  "scores": {
    "test": [
      {
        "ndcg_at_1": 0.71717,
        "ndcg_at_3": 0.82582,
        "ndcg_at_5": 0.84038,
        "ndcg_at_10": 0.85003,
        "ndcg_at_20": 0.85524,
        "ndcg_at_100": 0.85721,
        "ndcg_at_1000": 0.85721,
        "map_at_1": 0.71717,
        "map_at_3": 0.79882,
        "map_at_5": 0.8069,
        "map_at_10": 0.81079,
        "map_at_20": 0.81228,
        "map_at_100": 0.81258,
        "map_at_1000": 0.81258,
        "recall_at_1": 0.71717,
        "recall_at_3": 0.90404,
        "recall_at_5": 0.93939,
        "recall_at_10": 0.9697,
        "recall_at_20": 0.9899,
        "recall_at_100": 1.0,
        "recall_at_1000": 1.0,
        "precision_at_1": 0.71717,
        "precision_at_3": 0.30135,
        "precision_at_5": 0.18788,
        "precision_at_10": 0.09697,
        "precision_at_20": 0.04949,
        "precision_at_100": 0.01,
        "precision_at_1000": 0.001,
        "mrr_at_1": 0.717172,
        "mrr_at_3": 0.798822,
        "mrr_at_5": 0.806902,
        "mrr_at_10": 0.810794,
        "mrr_at_20": 0.812283,
        "mrr_at_100": 0.812578,
        "mrr_at_1000": 0.812578,
        "nauc_ndcg_at_1_max": 0.587804,
        "nauc_ndcg_at_1_std": 0.135219,
        "nauc_ndcg_at_1_diff1": 0.741337,
        "nauc_ndcg_at_3_max": 0.557868,
        "nauc_ndcg_at_3_std": 0.127733,
        "nauc_ndcg_at_3_diff1": 0.640897,
        "nauc_ndcg_at_5_max": 0.609704,
        "nauc_ndcg_at_5_std": 0.170973,
        "nauc_ndcg_at_5_diff1": 0.661648,
        "nauc_ndcg_at_10_max": 0.602035,
        "nauc_ndcg_at_10_std": 0.12954,
        "nauc_ndcg_at_10_diff1": 0.685162,
        "nauc_ndcg_at_20_max": 0.595932,
        "nauc_ndcg_at_20_std": 0.145732,
        "nauc_ndcg_at_20_diff1": 0.68929,
        "nauc_ndcg_at_100_max": 0.590777,
        "nauc_ndcg_at_100_std": 0.134677,
        "nauc_ndcg_at_100_diff1": 0.687646,
        "nauc_ndcg_at_1000_max": 0.590777,
        "nauc_ndcg_at_1000_std": 0.134677,
        "nauc_ndcg_at_1000_diff1": 0.687646,
        "nauc_map_at_1_max": 0.587804,
        "nauc_map_at_1_std": 0.135219,
        "nauc_map_at_1_diff1": 0.741337,
        "nauc_map_at_3_max": 0.568274,
        "nauc_map_at_3_std": 0.12505,
        "nauc_map_at_3_diff1": 0.672678,
        "nauc_map_at_5_max": 0.594038,
        "nauc_map_at_5_std": 0.145278,
        "nauc_map_at_5_diff1": 0.684584,
        "nauc_map_at_10_max": 0.590648,
        "nauc_map_at_10_std": 0.130979,
        "nauc_map_at_10_diff1": 0.69137,
        "nauc_map_at_20_max": 0.589029,
        "nauc_map_at_20_std": 0.133665,
        "nauc_map_at_20_diff1": 0.692629,
        "nauc_map_at_100_max": 0.588433,
        "nauc_map_at_100_std": 0.132377,
        "nauc_map_at_100_diff1": 0.692439,
        "nauc_map_at_1000_max": 0.588433,
        "nauc_map_at_1000_std": 0.132377,
        "nauc_map_at_1000_diff1": 0.692439,
        "nauc_recall_at_1_max": 0.587804,
        "nauc_recall_at_1_std": 0.135219,
        "nauc_recall_at_1_diff1": 0.741337,
        "nauc_recall_at_3_max": 0.500475,
        "nauc_recall_at_3_std": 0.14643,
        "nauc_recall_at_3_diff1": 0.467933,
        "nauc_recall_at_5_max": 0.754138,
        "nauc_recall_at_5_std": 0.405595,
        "nauc_recall_at_5_diff1": 0.478323,
        "nauc_recall_at_10_max": 0.807751,
        "nauc_recall_at_10_std": 0.068688,
        "nauc_recall_at_10_diff1": 0.664956,
        "nauc_recall_at_20_max": 0.934567,
        "nauc_recall_at_20_std": 0.869134,
        "nauc_recall_at_20_diff1": 0.795419,
        "nauc_recall_at_100_max": NaN,
        "nauc_recall_at_100_std": NaN,
        "nauc_recall_at_100_diff1": NaN,
        "nauc_recall_at_1000_max": NaN,
        "nauc_recall_at_1000_std": NaN,
        "nauc_recall_at_1000_diff1": NaN,
        "nauc_precision_at_1_max": 0.587804,
        "nauc_precision_at_1_std": 0.135219,
        "nauc_precision_at_1_diff1": 0.741337,
        "nauc_precision_at_3_max": 0.500475,
        "nauc_precision_at_3_std": 0.14643,
        "nauc_precision_at_3_diff1": 0.467933,
        "nauc_precision_at_5_max": 0.754138,
        "nauc_precision_at_5_std": 0.405595,
        "nauc_precision_at_5_diff1": 0.478323,
        "nauc_precision_at_10_max": 0.807751,
        "nauc_precision_at_10_std": 0.068688,
        "nauc_precision_at_10_diff1": 0.664956,
        "nauc_precision_at_20_max": 0.934567,
        "nauc_precision_at_20_std": 0.869134,
        "nauc_precision_at_20_diff1": 0.795419,
        "nauc_precision_at_100_max": 1.0,
        "nauc_precision_at_100_std": 1.0,
        "nauc_precision_at_100_diff1": 1.0,
        "nauc_precision_at_1000_max": 1.0,
        "nauc_precision_at_1000_std": 1.0,
        "nauc_precision_at_1000_diff1": 1.0,
        "nauc_mrr_at_1_max": 0.587804,
        "nauc_mrr_at_1_std": 0.135219,
        "nauc_mrr_at_1_diff1": 0.741337,
        "nauc_mrr_at_3_max": 0.568274,
        "nauc_mrr_at_3_std": 0.12505,
        "nauc_mrr_at_3_diff1": 0.672678,
        "nauc_mrr_at_5_max": 0.594038,
        "nauc_mrr_at_5_std": 0.145278,
        "nauc_mrr_at_5_diff1": 0.684584,
        "nauc_mrr_at_10_max": 0.590648,
        "nauc_mrr_at_10_std": 0.130979,
        "nauc_mrr_at_10_diff1": 0.69137,
        "nauc_mrr_at_20_max": 0.589029,
        "nauc_mrr_at_20_std": 0.133665,
        "nauc_mrr_at_20_diff1": 0.692629,
        "nauc_mrr_at_100_max": 0.588433,
        "nauc_mrr_at_100_std": 0.132377,
        "nauc_mrr_at_100_diff1": 0.692439,
        "nauc_mrr_at_1000_max": 0.588433,
        "nauc_mrr_at_1000_std": 0.132377,
        "nauc_mrr_at_1000_diff1": 0.692439,
        "main_score": 0.85003,
        "hf_subset": "default",
        "languages": [
          "eng-Latn"
        ]
      }
    ]
  },
  "evaluation_time": 0.8221909999847412,
  "kg_co2_emissions": null
}