{
  "dataset_revision": "48ed7bcb1f50896a0f71461a04b2df0ca84329d9",
  "task_name": "contractual-clause-retrieval",
  "mteb_version": "1.39.7",
  "scores": {
    "test": [
      {
        "ndcg_at_1": 0.68889,
        "ndcg_at_3": 0.65596,
        "ndcg_at_5": 0.68351,
        "ndcg_at_10": 0.73136,
        "ndcg_at_20": 0.75607,
        "ndcg_at_100": 0.7771,
        "ndcg_at_1000": 0.7771,
        "map_at_1": 0.34444,
        "map_at_3": 0.62407,
        "map_at_5": 0.64352,
        "map_at_10": 0.67129,
        "map_at_20": 0.6793,
        "map_at_100": 0.68371,
        "map_at_1000": 0.68371,
        "recall_at_1": 0.34444,
        "recall_at_3": 0.65556,
        "recall_at_5": 0.71111,
        "recall_at_10": 0.83333,
        "recall_at_20": 0.91111,
        "recall_at_100": 1.0,
        "recall_at_1000": 1.0,
        "precision_at_1": 0.68889,
        "precision_at_3": 0.43704,
        "precision_at_5": 0.28444,
        "precision_at_10": 0.16667,
        "precision_at_20": 0.09111,
        "precision_at_100": 0.02,
        "precision_at_1000": 0.002,
        "mrr_at_1": 0.688889,
        "mrr_at_3": 0.722222,
        "mrr_at_5": 0.732222,
        "mrr_at_10": 0.739938,
        "mrr_at_20": 0.747061,
        "mrr_at_100": 0.748409,
        "mrr_at_1000": 0.748409,
        "nauc_ndcg_at_1_max": 0.557872,
        "nauc_ndcg_at_1_std": -0.305659,
        "nauc_ndcg_at_1_diff1": 0.783792,
        "nauc_ndcg_at_3_max": 0.546416,
        "nauc_ndcg_at_3_std": -0.074172,
        "nauc_ndcg_at_3_diff1": 0.580112,
        "nauc_ndcg_at_5_max": 0.514453,
        "nauc_ndcg_at_5_std": -0.103651,
        "nauc_ndcg_at_5_diff1": 0.571446,
        "nauc_ndcg_at_10_max": 0.571619,
        "nauc_ndcg_at_10_std": -0.019217,
        "nauc_ndcg_at_10_diff1": 0.628849,
        "nauc_ndcg_at_20_max": 0.52378,
        "nauc_ndcg_at_20_std": -0.105196,
        "nauc_ndcg_at_20_diff1": 0.620458,
        "nauc_ndcg_at_100_max": 0.54165,
        "nauc_ndcg_at_100_std": -0.108283,
        "nauc_ndcg_at_100_diff1": 0.621955,
        "nauc_ndcg_at_1000_max": 0.54165,
        "nauc_ndcg_at_1000_std": -0.108283,
        "nauc_ndcg_at_1000_diff1": 0.621955,
        "nauc_map_at_1_max": 0.557872,
        "nauc_map_at_1_std": -0.305659,
        "nauc_map_at_1_diff1": 0.783792,
        "nauc_map_at_3_max": 0.545259,
        "nauc_map_at_3_std": -0.068364,
        "nauc_map_at_3_diff1": 0.555417,
        "nauc_map_at_5_max": 0.522366,
        "nauc_map_at_5_std": -0.0953,
        "nauc_map_at_5_diff1": 0.551928,
        "nauc_map_at_10_max": 0.553299,
        "nauc_map_at_10_std": -0.058467,
        "nauc_map_at_10_diff1": 0.586559,
        "nauc_map_at_20_max": 0.539755,
        "nauc_map_at_20_std": -0.082165,
        "nauc_map_at_20_diff1": 0.582859,
        "nauc_map_at_100_max": 0.54118,
        "nauc_map_at_100_std": -0.084709,
        "nauc_map_at_100_diff1": 0.582223,
        "nauc_map_at_1000_max": 0.54118,
        "nauc_map_at_1000_std": -0.084709,
        "nauc_map_at_1000_diff1": 0.582223,
        "nauc_recall_at_1_max": 0.557872,
        "nauc_recall_at_1_std": -0.305659,
        "nauc_recall_at_1_diff1": 0.783792,
        "nauc_recall_at_3_max": 0.523823,
        "nauc_recall_at_3_std": -0.004189,
        "nauc_recall_at_3_diff1": 0.510848,
        "nauc_recall_at_5_max": 0.454023,
        "nauc_recall_at_5_std": -0.063036,
        "nauc_recall_at_5_diff1": 0.484298,
        "nauc_recall_at_10_max": 0.644971,
        "nauc_recall_at_10_std": 0.278731,
        "nauc_recall_at_10_diff1": 0.648733,
        "nauc_recall_at_20_max": 0.358199,
        "nauc_recall_at_20_std": -0.099741,
        "nauc_recall_at_20_diff1": 0.602348,
        "nauc_recall_at_100_max": NaN,
        "nauc_recall_at_100_std": NaN,
        "nauc_recall_at_100_diff1": NaN,
        "nauc_recall_at_1000_max": NaN,
        "nauc_recall_at_1000_std": NaN,
        "nauc_recall_at_1000_diff1": NaN,
        "nauc_precision_at_1_max": 0.557872,
        "nauc_precision_at_1_std": -0.305659,
        "nauc_precision_at_1_diff1": 0.783792,
        "nauc_precision_at_3_max": 0.523823,
        "nauc_precision_at_3_std": -0.004189,
        "nauc_precision_at_3_diff1": 0.510848,
        "nauc_precision_at_5_max": 0.454023,
        "nauc_precision_at_5_std": -0.063036,
        "nauc_precision_at_5_diff1": 0.484298,
        "nauc_precision_at_10_max": 0.644971,
        "nauc_precision_at_10_std": 0.278731,
        "nauc_precision_at_10_diff1": 0.648733,
        "nauc_precision_at_20_max": 0.358199,
        "nauc_precision_at_20_std": -0.099741,
        "nauc_precision_at_20_diff1": 0.602348,
        "nauc_precision_at_100_max": 1.0,
        "nauc_precision_at_100_std": 1.0,
        "nauc_precision_at_100_diff1": 1.0,
        "nauc_precision_at_1000_max": NaN,
        "nauc_precision_at_1000_std": NaN,
        "nauc_precision_at_1000_diff1": NaN,
        "nauc_mrr_at_1_max": 0.557872,
        "nauc_mrr_at_1_std": -0.305659,
        "nauc_mrr_at_1_diff1": 0.783792,
        "nauc_mrr_at_3_max": 0.564802,
        "nauc_mrr_at_3_std": -0.197342,
        "nauc_mrr_at_3_diff1": 0.730112,
        "nauc_mrr_at_5_max": 0.560283,
        "nauc_mrr_at_5_std": -0.189611,
        "nauc_mrr_at_5_diff1": 0.727688,
        "nauc_mrr_at_10_max": 0.565537,
        "nauc_mrr_at_10_std": -0.172225,
        "nauc_mrr_at_10_diff1": 0.731104,
        "nauc_mrr_at_20_max": 0.553465,
        "nauc_mrr_at_20_std": -0.200696,
        "nauc_mrr_at_20_diff1": 0.733144,
        "nauc_mrr_at_100_max": 0.557155,
        "nauc_mrr_at_100_std": -0.198644,
        "nauc_mrr_at_100_diff1": 0.733827,
        "nauc_mrr_at_1000_max": 0.557155,
        "nauc_mrr_at_1000_std": -0.198644,
        "nauc_mrr_at_1000_diff1": 0.733827,
        "main_score": 0.73136,
        "hf_subset": "default",
        "languages": [
          "eng-Latn"
        ]
      }
    ]
  },
  "evaluation_time": 0.4308359622955322,
  "kg_co2_emissions": null
}