{
  "dataset_revision": "f5452494f09a6d51c37b56883a65ef742ac07c99",
  "task_name": "echr-retrieval",
  "mteb_version": "1.39.7",
  "scores": {
    "test": [
      {
        "ndcg_at_1": 0.1,
        "ndcg_at_3": 0.16286,
        "ndcg_at_5": 0.1876,
        "ndcg_at_10": 0.22637,
        "ndcg_at_20": 0.26407,
        "ndcg_at_100": 0.31258,
        "ndcg_at_1000": 0.33945,
        "map_at_1": 0.1,
        "map_at_3": 0.14667,
        "map_at_5": 0.16042,
        "map_at_10": 0.17639,
        "map_at_20": 0.18662,
        "map_at_100": 0.19306,
        "map_at_1000": 0.19435,
        "recall_at_1": 0.1,
        "recall_at_3": 0.21,
        "recall_at_5": 0.27,
        "recall_at_10": 0.39,
        "recall_at_20": 0.54,
        "recall_at_100": 0.805,
        "recall_at_1000": 1.0,
        "precision_at_1": 0.1,
        "precision_at_3": 0.07,
        "precision_at_5": 0.054,
        "precision_at_10": 0.039,
        "precision_at_20": 0.027,
        "precision_at_100": 0.00805,
        "precision_at_1000": 0.001,
        "mrr_at_1": 0.1,
        "mrr_at_3": 0.146667,
        "mrr_at_5": 0.160417,
        "mrr_at_10": 0.176391,
        "mrr_at_20": 0.18662,
        "mrr_at_100": 0.193056,
        "mrr_at_1000": 0.194352,
        "nauc_ndcg_at_1_max": 0.087792,
        "nauc_ndcg_at_1_std": -0.122498,
        "nauc_ndcg_at_1_diff1": 0.274953,
        "nauc_ndcg_at_3_max": 0.174279,
        "nauc_ndcg_at_3_std": -0.054051,
        "nauc_ndcg_at_3_diff1": 0.195496,
        "nauc_ndcg_at_5_max": 0.218092,
        "nauc_ndcg_at_5_std": -0.034612,
        "nauc_ndcg_at_5_diff1": 0.18739,
        "nauc_ndcg_at_10_max": 0.275368,
        "nauc_ndcg_at_10_std": 0.021442,
        "nauc_ndcg_at_10_diff1": 0.18016,
        "nauc_ndcg_at_20_max": 0.318082,
        "nauc_ndcg_at_20_std": 0.042537,
        "nauc_ndcg_at_20_diff1": 0.162124,
        "nauc_ndcg_at_100_max": 0.280506,
        "nauc_ndcg_at_100_std": 0.034368,
        "nauc_ndcg_at_100_diff1": 0.187125,
        "nauc_ndcg_at_1000_max": 0.248723,
        "nauc_ndcg_at_1000_std": 0.000783,
        "nauc_ndcg_at_1000_diff1": 0.190294,
        "nauc_map_at_1_max": 0.087792,
        "nauc_map_at_1_std": -0.122498,
        "nauc_map_at_1_diff1": 0.274953,
        "nauc_map_at_3_max": 0.154508,
        "nauc_map_at_3_std": -0.065093,
        "nauc_map_at_3_diff1": 0.210057,
        "nauc_map_at_5_max": 0.1806,
        "nauc_map_at_5_std": -0.053433,
        "nauc_map_at_5_diff1": 0.205138,
        "nauc_map_at_10_max": 0.205604,
        "nauc_map_at_10_std": -0.027295,
        "nauc_map_at_10_diff1": 0.203251,
        "nauc_map_at_20_max": 0.217941,
        "nauc_map_at_20_std": -0.021821,
        "nauc_map_at_20_diff1": 0.197604,
        "nauc_map_at_100_max": 0.210911,
        "nauc_map_at_100_std": -0.024902,
        "nauc_map_at_100_diff1": 0.201948,
        "nauc_map_at_1000_max": 0.209127,
        "nauc_map_at_1000_std": -0.026781,
        "nauc_map_at_1000_diff1": 0.202229,
        "nauc_recall_at_1_max": 0.087792,
        "nauc_recall_at_1_std": -0.122498,
        "nauc_recall_at_1_diff1": 0.274953,
        "nauc_recall_at_3_max": 0.219147,
        "nauc_recall_at_3_std": -0.030176,
        "nauc_recall_at_3_diff1": 0.163381,
        "nauc_recall_at_5_max": 0.301851,
        "nauc_recall_at_5_std": 0.006088,
        "nauc_recall_at_5_diff1": 0.149732,
        "nauc_recall_at_10_max": 0.433905,
        "nauc_recall_at_10_std": 0.1323,
        "nauc_recall_at_10_diff1": 0.129862,
        "nauc_recall_at_20_max": 0.578784,
        "nauc_recall_at_20_std": 0.208851,
        "nauc_recall_at_20_diff1": 0.071775,
        "nauc_recall_at_100_max": 0.543826,
        "nauc_recall_at_100_std": 0.309622,
        "nauc_recall_at_100_diff1": 0.163517,
        "nauc_recall_at_1000_max": NaN,
        "nauc_recall_at_1000_std": NaN,
        "nauc_recall_at_1000_diff1": NaN,
        "nauc_precision_at_1_max": 0.087792,
        "nauc_precision_at_1_std": -0.122498,
        "nauc_precision_at_1_diff1": 0.274953,
        "nauc_precision_at_3_max": 0.219147,
        "nauc_precision_at_3_std": -0.030176,
        "nauc_precision_at_3_diff1": 0.163381,
        "nauc_precision_at_5_max": 0.301851,
        "nauc_precision_at_5_std": 0.006088,
        "nauc_precision_at_5_diff1": 0.149732,
        "nauc_precision_at_10_max": 0.433905,
        "nauc_precision_at_10_std": 0.1323,
        "nauc_precision_at_10_diff1": 0.129862,
        "nauc_precision_at_20_max": 0.578784,
        "nauc_precision_at_20_std": 0.208851,
        "nauc_precision_at_20_diff1": 0.071775,
        "nauc_precision_at_100_max": 0.543826,
        "nauc_precision_at_100_std": 0.309622,
        "nauc_precision_at_100_diff1": 0.163517,
        "nauc_precision_at_1000_max": 1.0,
        "nauc_precision_at_1000_std": 1.0,
        "nauc_precision_at_1000_diff1": 1.0,
        "nauc_mrr_at_1_max": 0.087792,
        "nauc_mrr_at_1_std": -0.122498,
        "nauc_mrr_at_1_diff1": 0.274953,
        "nauc_mrr_at_3_max": 0.154508,
        "nauc_mrr_at_3_std": -0.065093,
        "nauc_mrr_at_3_diff1": 0.210057,
        "nauc_mrr_at_5_max": 0.1806,
        "nauc_mrr_at_5_std": -0.053433,
        "nauc_mrr_at_5_diff1": 0.205138,
        "nauc_mrr_at_10_max": 0.205604,
        "nauc_mrr_at_10_std": -0.027295,
        "nauc_mrr_at_10_diff1": 0.203251,
        "nauc_mrr_at_20_max": 0.217941,
        "nauc_mrr_at_20_std": -0.021821,
        "nauc_mrr_at_20_diff1": 0.197604,
        "nauc_mrr_at_100_max": 0.210911,
        "nauc_mrr_at_100_std": -0.024902,
        "nauc_mrr_at_100_diff1": 0.201948,
        "nauc_mrr_at_1000_max": 0.209127,
        "nauc_mrr_at_1000_std": -0.026781,
        "nauc_mrr_at_1000_diff1": 0.202229,
        "main_score": 0.22637,
        "hf_subset": "default",
        "languages": [
          "eng-Latn"
        ]
      }
    ]
  },
  "evaluation_time": 8.668330669403076,
  "kg_co2_emissions": null
}