{
  "dataset_revision": "8d41f3d22bb73685b6f42b62ad95940ea3dfbf84",
  "task_name": "gdpr-holdings-retrieval",
  "mteb_version": "1.39.7",
  "scores": {
    "test": [
      {
        "ndcg_at_1": 0.794,
        "ndcg_at_3": 0.85012,
        "ndcg_at_5": 0.86406,
        "ndcg_at_10": 0.87191,
        "ndcg_at_20": 0.8756,
        "ndcg_at_100": 0.88048,
        "ndcg_at_1000": 0.88195,
        "map_at_1": 0.794,
        "map_at_3": 0.83633,
        "map_at_5": 0.84403,
        "map_at_10": 0.84732,
        "map_at_20": 0.84842,
        "map_at_100": 0.84912,
        "map_at_1000": 0.84917,
        "recall_at_1": 0.794,
        "recall_at_3": 0.89,
        "recall_at_5": 0.924,
        "recall_at_10": 0.948,
        "recall_at_20": 0.962,
        "recall_at_100": 0.988,
        "recall_at_1000": 1.0,
        "precision_at_1": 0.794,
        "precision_at_3": 0.29667,
        "precision_at_5": 0.1848,
        "precision_at_10": 0.0948,
        "precision_at_20": 0.0481,
        "precision_at_100": 0.00988,
        "precision_at_1000": 0.001,
        "mrr_at_1": 0.794,
        "mrr_at_3": 0.836333,
        "mrr_at_5": 0.844033,
        "mrr_at_10": 0.847321,
        "mrr_at_20": 0.848418,
        "mrr_at_100": 0.849122,
        "mrr_at_1000": 0.849168,
        "nauc_ndcg_at_1_max": 0.632866,
        "nauc_ndcg_at_1_std": -0.010681,
        "nauc_ndcg_at_1_diff1": 0.842287,
        "nauc_ndcg_at_3_max": 0.698237,
        "nauc_ndcg_at_3_std": -0.005439,
        "nauc_ndcg_at_3_diff1": 0.822228,
        "nauc_ndcg_at_5_max": 0.683522,
        "nauc_ndcg_at_5_std": -0.027417,
        "nauc_ndcg_at_5_diff1": 0.825868,
        "nauc_ndcg_at_10_max": 0.680812,
        "nauc_ndcg_at_10_std": -0.016311,
        "nauc_ndcg_at_10_diff1": 0.826201,
        "nauc_ndcg_at_20_max": 0.677548,
        "nauc_ndcg_at_20_std": -0.005122,
        "nauc_ndcg_at_20_diff1": 0.823148,
        "nauc_ndcg_at_100_max": 0.678516,
        "nauc_ndcg_at_100_std": -0.001063,
        "nauc_ndcg_at_100_diff1": 0.828832,
        "nauc_ndcg_at_1000_max": 0.674621,
        "nauc_ndcg_at_1000_std": -0.008178,
        "nauc_ndcg_at_1000_diff1": 0.828806,
        "nauc_map_at_1_max": 0.632866,
        "nauc_map_at_1_std": -0.010681,
        "nauc_map_at_1_diff1": 0.842287,
        "nauc_map_at_3_max": 0.680021,
        "nauc_map_at_3_std": -0.009598,
        "nauc_map_at_3_diff1": 0.828857,
        "nauc_map_at_5_max": 0.671858,
        "nauc_map_at_5_std": -0.020815,
        "nauc_map_at_5_diff1": 0.830829,
        "nauc_map_at_10_max": 0.670469,
        "nauc_map_at_10_std": -0.017224,
        "nauc_map_at_10_diff1": 0.831016,
        "nauc_map_at_20_max": 0.669607,
        "nauc_map_at_20_std": -0.014324,
        "nauc_map_at_20_diff1": 0.830294,
        "nauc_map_at_100_max": 0.669429,
        "nauc_map_at_100_std": -0.013394,
        "nauc_map_at_100_diff1": 0.830971,
        "nauc_map_at_1000_max": 0.669338,
        "nauc_map_at_1000_std": -0.013531,
        "nauc_map_at_1000_diff1": 0.830998,
        "nauc_recall_at_1_max": 0.632866,
        "nauc_recall_at_1_std": -0.010681,
        "nauc_recall_at_1_diff1": 0.842287,
        "nauc_recall_at_3_max": 0.772416,
        "nauc_recall_at_3_std": 0.013195,
        "nauc_recall_at_3_diff1": 0.79458,
        "nauc_recall_at_5_max": 0.743992,
        "nauc_recall_at_5_std": -0.067485,
        "nauc_recall_at_5_diff1": 0.798848,
        "nauc_recall_at_10_max": 0.75501,
        "nauc_recall_at_10_std": 0.000844,
        "nauc_recall_at_10_diff1": 0.789323,
        "nauc_recall_at_20_max": 0.743501,
        "nauc_recall_at_20_std": 0.134724,
        "nauc_recall_at_20_diff1": 0.740086,
        "nauc_recall_at_100_max": 0.978214,
        "nauc_recall_at_100_std": 0.567071,
        "nauc_recall_at_100_diff1": 0.846716,
        "nauc_recall_at_1000_max": NaN,
        "nauc_recall_at_1000_std": NaN,
        "nauc_recall_at_1000_diff1": NaN,
        "nauc_precision_at_1_max": 0.632866,
        "nauc_precision_at_1_std": -0.010681,
        "nauc_precision_at_1_diff1": 0.842287,
        "nauc_precision_at_3_max": 0.772416,
        "nauc_precision_at_3_std": 0.013195,
        "nauc_precision_at_3_diff1": 0.79458,
        "nauc_precision_at_5_max": 0.743992,
        "nauc_precision_at_5_std": -0.067485,
        "nauc_precision_at_5_diff1": 0.798848,
        "nauc_precision_at_10_max": 0.75501,
        "nauc_precision_at_10_std": 0.000844,
        "nauc_precision_at_10_diff1": 0.789323,
        "nauc_precision_at_20_max": 0.743501,
        "nauc_precision_at_20_std": 0.134724,
        "nauc_precision_at_20_diff1": 0.740086,
        "nauc_precision_at_100_max": 0.978214,
        "nauc_precision_at_100_std": 0.567071,
        "nauc_precision_at_100_diff1": 0.846716,
        "nauc_precision_at_1000_max": 1.0,
        "nauc_precision_at_1000_std": 1.0,
        "nauc_precision_at_1000_diff1": 1.0,
        "nauc_mrr_at_1_max": 0.632866,
        "nauc_mrr_at_1_std": -0.010681,
        "nauc_mrr_at_1_diff1": 0.842287,
        "nauc_mrr_at_3_max": 0.680021,
        "nauc_mrr_at_3_std": -0.009598,
        "nauc_mrr_at_3_diff1": 0.828857,
        "nauc_mrr_at_5_max": 0.671858,
        "nauc_mrr_at_5_std": -0.020815,
        "nauc_mrr_at_5_diff1": 0.830829,
        "nauc_mrr_at_10_max": 0.670469,
        "nauc_mrr_at_10_std": -0.017224,
        "nauc_mrr_at_10_diff1": 0.831016,
        "nauc_mrr_at_20_max": 0.669607,
        "nauc_mrr_at_20_std": -0.014324,
        "nauc_mrr_at_20_diff1": 0.830294,
        "nauc_mrr_at_100_max": 0.669429,
        "nauc_mrr_at_100_std": -0.013394,
        "nauc_mrr_at_100_diff1": 0.830971,
        "nauc_mrr_at_1000_max": 0.669338,
        "nauc_mrr_at_1000_std": -0.013531,
        "nauc_mrr_at_1000_diff1": 0.830998,
        "main_score": 0.87191,
        "hf_subset": "default",
        "languages": [
          "eng-Latn"
        ]
      }
    ]
  },
  "evaluation_time": 2.9196627140045166,
  "kg_co2_emissions": null
}