{
  "dataset_revision": "ca0f1732432ad623ba6172b15e8c726b76e50fad",
  "task_name": "legal-rag-bench",
  "mteb_version": "1.39.7",
  "scores": {
    "test": [
      {
        "ndcg_at_1": 0.23,
        "ndcg_at_3": 0.31547,
        "ndcg_at_5": 0.34044,
        "ndcg_at_10": 0.38569,
        "ndcg_at_20": 0.41365,
        "ndcg_at_100": 0.46613,
        "ndcg_at_1000": 0.47091,
        "map_at_1": 0.23,
        "map_at_3": 0.29333,
        "map_at_5": 0.30733,
        "map_at_10": 0.32601,
        "map_at_20": 0.33378,
        "map_at_100": 0.34188,
        "map_at_1000": 0.34202,
        "recall_at_1": 0.23,
        "recall_at_3": 0.38,
        "recall_at_5": 0.44,
        "recall_at_10": 0.58,
        "recall_at_20": 0.69,
        "recall_at_100": 0.96,
        "recall_at_1000": 1.0,
        "precision_at_1": 0.23,
        "precision_at_3": 0.12667,
        "precision_at_5": 0.088,
        "precision_at_10": 0.058,
        "precision_at_20": 0.0345,
        "precision_at_100": 0.0096,
        "precision_at_1000": 0.001,
        "mrr_at_1": 0.23,
        "mrr_at_3": 0.293333,
        "mrr_at_5": 0.307333,
        "mrr_at_10": 0.326008,
        "mrr_at_20": 0.333778,
        "mrr_at_100": 0.341879,
        "mrr_at_1000": 0.342021,
        "nauc_ndcg_at_1_max": 0.112186,
        "nauc_ndcg_at_1_std": 0.088849,
        "nauc_ndcg_at_1_diff1": 0.424521,
        "nauc_ndcg_at_3_max": 0.213245,
        "nauc_ndcg_at_3_std": 0.076308,
        "nauc_ndcg_at_3_diff1": 0.388809,
        "nauc_ndcg_at_5_max": 0.180618,
        "nauc_ndcg_at_5_std": 0.08062,
        "nauc_ndcg_at_5_diff1": 0.338549,
        "nauc_ndcg_at_10_max": 0.209235,
        "nauc_ndcg_at_10_std": 0.067167,
        "nauc_ndcg_at_10_diff1": 0.344634,
        "nauc_ndcg_at_20_max": 0.201834,
        "nauc_ndcg_at_20_std": 0.041724,
        "nauc_ndcg_at_20_diff1": 0.338086,
        "nauc_ndcg_at_100_max": 0.182903,
        "nauc_ndcg_at_100_std": 0.070313,
        "nauc_ndcg_at_100_diff1": 0.354805,
        "nauc_ndcg_at_1000_max": 0.1915,
        "nauc_ndcg_at_1000_std": 0.071577,
        "nauc_ndcg_at_1000_diff1": 0.365123,
        "nauc_map_at_1_max": 0.112186,
        "nauc_map_at_1_std": 0.088849,
        "nauc_map_at_1_diff1": 0.424521,
        "nauc_map_at_3_max": 0.192869,
        "nauc_map_at_3_std": 0.083205,
        "nauc_map_at_3_diff1": 0.397979,
        "nauc_map_at_5_max": 0.174955,
        "nauc_map_at_5_std": 0.086909,
        "nauc_map_at_5_diff1": 0.369502,
        "nauc_map_at_10_max": 0.185647,
        "nauc_map_at_10_std": 0.079889,
        "nauc_map_at_10_diff1": 0.37084,
        "nauc_map_at_20_max": 0.184735,
        "nauc_map_at_20_std": 0.073495,
        "nauc_map_at_20_diff1": 0.369239,
        "nauc_map_at_100_max": 0.18289,
        "nauc_map_at_100_std": 0.077786,
        "nauc_map_at_100_diff1": 0.374612,
        "nauc_map_at_1000_max": 0.183309,
        "nauc_map_at_1000_std": 0.07792,
        "nauc_map_at_1000_diff1": 0.37508,
        "nauc_recall_at_1_max": 0.112186,
        "nauc_recall_at_1_std": 0.088849,
        "nauc_recall_at_1_diff1": 0.424521,
        "nauc_recall_at_3_max": 0.266538,
        "nauc_recall_at_3_std": 0.056429,
        "nauc_recall_at_3_diff1": 0.363996,
        "nauc_recall_at_5_max": 0.189748,
        "nauc_recall_at_5_std": 0.061427,
        "nauc_recall_at_5_diff1": 0.248747,
        "nauc_recall_at_10_max": 0.286226,
        "nauc_recall_at_10_std": 0.025873,
        "nauc_recall_at_10_diff1": 0.266564,
        "nauc_recall_at_20_max": 0.256257,
        "nauc_recall_at_20_std": -0.10348,
        "nauc_recall_at_20_diff1": 0.220364,
        "nauc_recall_at_100_max": -0.197129,
        "nauc_recall_at_100_std": 0.057773,
        "nauc_recall_at_100_diff1": -0.123599,
        "nauc_recall_at_1000_max": NaN,
        "nauc_recall_at_1000_std": NaN,
        "nauc_recall_at_1000_diff1": NaN,
        "nauc_precision_at_1_max": 0.112186,
        "nauc_precision_at_1_std": 0.088849,
        "nauc_precision_at_1_diff1": 0.424521,
        "nauc_precision_at_3_max": 0.266538,
        "nauc_precision_at_3_std": 0.056429,
        "nauc_precision_at_3_diff1": 0.363996,
        "nauc_precision_at_5_max": 0.189748,
        "nauc_precision_at_5_std": 0.061427,
        "nauc_precision_at_5_diff1": 0.248747,
        "nauc_precision_at_10_max": 0.286226,
        "nauc_precision_at_10_std": 0.025873,
        "nauc_precision_at_10_diff1": 0.266564,
        "nauc_precision_at_20_max": 0.256257,
        "nauc_precision_at_20_std": -0.10348,
        "nauc_precision_at_20_diff1": 0.220364,
        "nauc_precision_at_100_max": -0.197129,
        "nauc_precision_at_100_std": 0.057773,
        "nauc_precision_at_100_diff1": -0.123599,
        "nauc_precision_at_1000_max": NaN,
        "nauc_precision_at_1000_std": NaN,
        "nauc_precision_at_1000_diff1": NaN,
        "nauc_mrr_at_1_max": 0.112186,
        "nauc_mrr_at_1_std": 0.088849,
        "nauc_mrr_at_1_diff1": 0.424521,
        "nauc_mrr_at_3_max": 0.192869,
        "nauc_mrr_at_3_std": 0.083205,
        "nauc_mrr_at_3_diff1": 0.397979,
        "nauc_mrr_at_5_max": 0.174955,
        "nauc_mrr_at_5_std": 0.086909,
        "nauc_mrr_at_5_diff1": 0.369502,
        "nauc_mrr_at_10_max": 0.185647,
        "nauc_mrr_at_10_std": 0.079889,
        "nauc_mrr_at_10_diff1": 0.37084,
        "nauc_mrr_at_20_max": 0.184735,
        "nauc_mrr_at_20_std": 0.073495,
        "nauc_mrr_at_20_diff1": 0.369239,
        "nauc_mrr_at_100_max": 0.18289,
        "nauc_mrr_at_100_std": 0.077786,
        "nauc_mrr_at_100_diff1": 0.374612,
        "nauc_mrr_at_1000_max": 0.183309,
        "nauc_mrr_at_1000_std": 0.07792,
        "nauc_mrr_at_1000_diff1": 0.37508,
        "main_score": 0.38569,
        "hf_subset": "default",
        "languages": [
          "eng-Latn"
        ]
      }
    ]
  },
  "evaluation_time": 11.103020668029785,
  "kg_co2_emissions": null
}