{
  "dataset_revision": "319b6cc4b012d733f126a943a8a66bdf9df5dc40",
  "task_name": "scalr",
  "mteb_version": "1.39.7",
  "scores": {
    "test": [
      {
        "ndcg_at_1": 0.49167,
        "ndcg_at_3": 0.6122,
        "ndcg_at_5": 0.63337,
        "ndcg_at_10": 0.66608,
        "ndcg_at_20": 0.68082,
        "ndcg_at_100": 0.69142,
        "ndcg_at_1000": 0.69571,
        "map_at_1": 0.49167,
        "map_at_3": 0.58194,
        "map_at_5": 0.59403,
        "map_at_10": 0.60774,
        "map_at_20": 0.6118,
        "map_at_100": 0.61316,
        "map_at_1000": 0.61333,
        "recall_at_1": 0.49167,
        "recall_at_3": 0.7,
        "recall_at_5": 0.75,
        "recall_at_10": 0.85,
        "recall_at_20": 0.90833,
        "recall_at_100": 0.96667,
        "recall_at_1000": 1.0,
        "precision_at_1": 0.49167,
        "precision_at_3": 0.23333,
        "precision_at_5": 0.15,
        "precision_at_10": 0.085,
        "precision_at_20": 0.04542,
        "precision_at_100": 0.00967,
        "precision_at_1000": 0.001,
        "mrr_at_1": 0.491667,
        "mrr_at_3": 0.581944,
        "mrr_at_5": 0.594028,
        "mrr_at_10": 0.607741,
        "mrr_at_20": 0.611803,
        "mrr_at_100": 0.61316,
        "mrr_at_1000": 0.613327,
        "nauc_ndcg_at_1_max": 0.366739,
        "nauc_ndcg_at_1_std": -0.000576,
        "nauc_ndcg_at_1_diff1": 0.47887,
        "nauc_ndcg_at_3_max": 0.352619,
        "nauc_ndcg_at_3_std": -0.026195,
        "nauc_ndcg_at_3_diff1": 0.389375,
        "nauc_ndcg_at_5_max": 0.333388,
        "nauc_ndcg_at_5_std": -0.011489,
        "nauc_ndcg_at_5_diff1": 0.369415,
        "nauc_ndcg_at_10_max": 0.352487,
        "nauc_ndcg_at_10_std": 0.019951,
        "nauc_ndcg_at_10_diff1": 0.363809,
        "nauc_ndcg_at_20_max": 0.357231,
        "nauc_ndcg_at_20_std": 0.005901,
        "nauc_ndcg_at_20_diff1": 0.3759,
        "nauc_ndcg_at_100_max": 0.3516,
        "nauc_ndcg_at_100_std": -0.00468,
        "nauc_ndcg_at_100_diff1": 0.381757,
        "nauc_ndcg_at_1000_max": 0.350875,
        "nauc_ndcg_at_1000_std": -0.004473,
        "nauc_ndcg_at_1000_diff1": 0.387194,
        "nauc_map_at_1_max": 0.366739,
        "nauc_map_at_1_std": -0.000576,
        "nauc_map_at_1_diff1": 0.47887,
        "nauc_map_at_3_max": 0.355711,
        "nauc_map_at_3_std": -0.017902,
        "nauc_map_at_3_diff1": 0.410365,
        "nauc_map_at_5_max": 0.345696,
        "nauc_map_at_5_std": -0.010064,
        "nauc_map_at_5_diff1": 0.40045,
        "nauc_map_at_10_max": 0.352867,
        "nauc_map_at_10_std": 0.000769,
        "nauc_map_at_10_diff1": 0.399595,
        "nauc_map_at_20_max": 0.353429,
        "nauc_map_at_20_std": -0.003734,
        "nauc_map_at_20_diff1": 0.402291,
        "nauc_map_at_100_max": 0.352499,
        "nauc_map_at_100_std": -0.005432,
        "nauc_map_at_100_diff1": 0.402945,
        "nauc_map_at_1000_max": 0.352479,
        "nauc_map_at_1000_std": -0.005393,
        "nauc_map_at_1000_diff1": 0.402994,
        "nauc_recall_at_1_max": 0.366739,
        "nauc_recall_at_1_std": -0.000576,
        "nauc_recall_at_1_diff1": 0.47887,
        "nauc_recall_at_3_max": 0.342206,
        "nauc_recall_at_3_std": -0.055771,
        "nauc_recall_at_3_diff1": 0.317841,
        "nauc_recall_at_5_max": 0.281894,
        "nauc_recall_at_5_std": -0.015018,
        "nauc_recall_at_5_diff1": 0.245578,
        "nauc_recall_at_10_max": 0.361265,
        "nauc_recall_at_10_std": 0.163602,
        "nauc_recall_at_10_diff1": 0.145379,
        "nauc_recall_at_20_max": 0.428656,
        "nauc_recall_at_20_std": 0.119769,
        "nauc_recall_at_20_diff1": 0.163102,
        "nauc_recall_at_100_max": 0.390289,
        "nauc_recall_at_100_std": -0.004669,
        "nauc_recall_at_100_diff1": 0.030345,
        "nauc_recall_at_1000_max": NaN,
        "nauc_recall_at_1000_std": NaN,
        "nauc_recall_at_1000_diff1": NaN,
        "nauc_precision_at_1_max": 0.366739,
        "nauc_precision_at_1_std": -0.000576,
        "nauc_precision_at_1_diff1": 0.47887,
        "nauc_precision_at_3_max": 0.342206,
        "nauc_precision_at_3_std": -0.055771,
        "nauc_precision_at_3_diff1": 0.317841,
        "nauc_precision_at_5_max": 0.281894,
        "nauc_precision_at_5_std": -0.015018,
        "nauc_precision_at_5_diff1": 0.245578,
        "nauc_precision_at_10_max": 0.361265,
        "nauc_precision_at_10_std": 0.163602,
        "nauc_precision_at_10_diff1": 0.145379,
        "nauc_precision_at_20_max": 0.428656,
        "nauc_precision_at_20_std": 0.119769,
        "nauc_precision_at_20_diff1": 0.163102,
        "nauc_precision_at_100_max": 0.390289,
        "nauc_precision_at_100_std": -0.004669,
        "nauc_precision_at_100_diff1": 0.030345,
        "nauc_precision_at_1000_max": 1.0,
        "nauc_precision_at_1000_std": 1.0,
        "nauc_precision_at_1000_diff1": 1.0,
        "nauc_mrr_at_1_max": 0.366739,
        "nauc_mrr_at_1_std": -0.000576,
        "nauc_mrr_at_1_diff1": 0.47887,
        "nauc_mrr_at_3_max": 0.355711,
        "nauc_mrr_at_3_std": -0.017902,
        "nauc_mrr_at_3_diff1": 0.410365,
        "nauc_mrr_at_5_max": 0.345696,
        "nauc_mrr_at_5_std": -0.010064,
        "nauc_mrr_at_5_diff1": 0.40045,
        "nauc_mrr_at_10_max": 0.352867,
        "nauc_mrr_at_10_std": 0.000769,
        "nauc_mrr_at_10_diff1": 0.399595,
        "nauc_mrr_at_20_max": 0.353429,
        "nauc_mrr_at_20_std": -0.003734,
        "nauc_mrr_at_20_diff1": 0.402291,
        "nauc_mrr_at_100_max": 0.352499,
        "nauc_mrr_at_100_std": -0.005432,
        "nauc_mrr_at_100_diff1": 0.402945,
        "nauc_mrr_at_1000_max": 0.352479,
        "nauc_mrr_at_1000_std": -0.005393,
        "nauc_mrr_at_1000_diff1": 0.402994,
        "main_score": 0.66608,
        "hf_subset": "default",
        "languages": [
          "eng-Latn"
        ]
      }
    ]
  },
  "evaluation_time": 1.4385461807250977,
  "kg_co2_emissions": null
}