{
  "dataset_revision": "436d6a79d06cac556799e9e0be54a6fb90bf7182",
  "task_name": "uk-legislative-long-titles",
  "mteb_version": "1.39.7",
  "scores": {
    "test": [
      {
        "ndcg_at_1": 0.89744,
        "ndcg_at_3": 0.93284,
        "ndcg_at_5": 0.9378,
        "ndcg_at_10": 0.94208,
        "ndcg_at_20": 0.94208,
        "ndcg_at_100": 0.9446,
        "ndcg_at_1000": 0.9446,
        "map_at_1": 0.89744,
        "map_at_3": 0.92308,
        "map_at_5": 0.92564,
        "map_at_10": 0.92747,
        "map_at_20": 0.92747,
        "map_at_100": 0.92786,
        "map_at_1000": 0.92786,
        "recall_at_1": 0.89744,
        "recall_at_3": 0.96154,
        "recall_at_5": 0.97436,
        "recall_at_10": 0.98718,
        "recall_at_20": 0.98718,
        "recall_at_100": 1.0,
        "recall_at_1000": 1.0,
        "precision_at_1": 0.89744,
        "precision_at_3": 0.32051,
        "precision_at_5": 0.19487,
        "precision_at_10": 0.09872,
        "precision_at_20": 0.04936,
        "precision_at_100": 0.01,
        "precision_at_1000": 0.001,
        "mrr_at_1": 0.897436,
        "mrr_at_3": 0.923077,
        "mrr_at_5": 0.925641,
        "mrr_at_10": 0.927473,
        "mrr_at_20": 0.927473,
        "mrr_at_100": 0.927861,
        "mrr_at_1000": 0.927861,
        "nauc_ndcg_at_1_max": 0.897452,
        "nauc_ndcg_at_1_std": 0.294929,
        "nauc_ndcg_at_1_diff1": 0.983613,
        "nauc_ndcg_at_3_max": 0.902026,
        "nauc_ndcg_at_3_std": 0.517025,
        "nauc_ndcg_at_3_diff1": 0.990763,
        "nauc_ndcg_at_5_max": 0.91647,
        "nauc_ndcg_at_5_std": 0.488965,
        "nauc_ndcg_at_5_diff1": 0.990027,
        "nauc_ndcg_at_10_max": 0.910307,
        "nauc_ndcg_at_10_std": 0.451261,
        "nauc_ndcg_at_10_diff1": 0.989291,
        "nauc_ndcg_at_20_max": 0.910307,
        "nauc_ndcg_at_20_std": 0.451261,
        "nauc_ndcg_at_20_diff1": 0.989291,
        "nauc_ndcg_at_100_max": 0.906227,
        "nauc_ndcg_at_100_std": 0.426301,
        "nauc_ndcg_at_100_diff1": 0.988804,
        "nauc_ndcg_at_1000_max": 0.906227,
        "nauc_ndcg_at_1000_std": 0.426301,
        "nauc_ndcg_at_1000_diff1": 0.988804,
        "nauc_map_at_1_max": 0.897452,
        "nauc_map_at_1_std": 0.294929,
        "nauc_map_at_1_diff1": 0.983613,
        "nauc_map_at_3_max": 0.901093,
        "nauc_map_at_3_std": 0.441502,
        "nauc_map_at_3_diff1": 0.989076,
        "nauc_map_at_5_max": 0.907307,
        "nauc_map_at_5_std": 0.426764,
        "nauc_map_at_5_diff1": 0.988699,
        "nauc_map_at_10_max": 0.904966,
        "nauc_map_at_10_std": 0.412288,
        "nauc_map_at_10_diff1": 0.988414,
        "nauc_map_at_20_max": 0.904966,
        "nauc_map_at_20_std": 0.412288,
        "nauc_map_at_20_diff1": 0.988414,
        "nauc_map_at_100_max": 0.904454,
        "nauc_map_at_100_std": 0.409123,
        "nauc_map_at_100_diff1": 0.988351,
        "nauc_map_at_1000_max": 0.904454,
        "nauc_map_at_1000_std": 0.409123,
        "nauc_map_at_1000_diff1": 0.988351,
        "nauc_recall_at_1_max": 0.897452,
        "nauc_recall_at_1_std": 0.294929,
        "nauc_recall_at_1_diff1": 0.983613,
        "nauc_recall_at_3_max": 0.906967,
        "nauc_recall_at_3_std": 0.956303,
        "nauc_recall_at_3_diff1": 1.0,
        "nauc_recall_at_5_max": 1.0,
        "nauc_recall_at_5_std": 1.0,
        "nauc_recall_at_5_diff1": 1.0,
        "nauc_recall_at_10_max": 1.0,
        "nauc_recall_at_10_std": 1.0,
        "nauc_recall_at_10_diff1": 1.0,
        "nauc_recall_at_20_max": 1.0,
        "nauc_recall_at_20_std": 1.0,
        "nauc_recall_at_20_diff1": 1.0,
        "nauc_recall_at_100_max": NaN,
        "nauc_recall_at_100_std": NaN,
        "nauc_recall_at_100_diff1": NaN,
        "nauc_recall_at_1000_max": NaN,
        "nauc_recall_at_1000_std": NaN,
        "nauc_recall_at_1000_diff1": NaN,
        "nauc_precision_at_1_max": 0.897452,
        "nauc_precision_at_1_std": 0.294929,
        "nauc_precision_at_1_diff1": 0.983613,
        "nauc_precision_at_3_max": 0.906967,
        "nauc_precision_at_3_std": 0.956303,
        "nauc_precision_at_3_diff1": 1.0,
        "nauc_precision_at_5_max": 1.0,
        "nauc_precision_at_5_std": 1.0,
        "nauc_precision_at_5_diff1": 1.0,
        "nauc_precision_at_10_max": 1.0,
        "nauc_precision_at_10_std": 1.0,
        "nauc_precision_at_10_diff1": 1.0,
        "nauc_precision_at_20_max": 1.0,
        "nauc_precision_at_20_std": 1.0,
        "nauc_precision_at_20_diff1": 1.0,
        "nauc_precision_at_100_max": 1.0,
        "nauc_precision_at_100_std": 1.0,
        "nauc_precision_at_100_diff1": 1.0,
        "nauc_precision_at_1000_max": 1.0,
        "nauc_precision_at_1000_std": 1.0,
        "nauc_precision_at_1000_diff1": 1.0,
        "nauc_mrr_at_1_max": 0.897452,
        "nauc_mrr_at_1_std": 0.294929,
        "nauc_mrr_at_1_diff1": 0.983613,
        "nauc_mrr_at_3_max": 0.901093,
        "nauc_mrr_at_3_std": 0.441502,
        "nauc_mrr_at_3_diff1": 0.989076,
        "nauc_mrr_at_5_max": 0.907307,
        "nauc_mrr_at_5_std": 0.426764,
        "nauc_mrr_at_5_diff1": 0.988699,
        "nauc_mrr_at_10_max": 0.904966,
        "nauc_mrr_at_10_std": 0.412288,
        "nauc_mrr_at_10_diff1": 0.988414,
        "nauc_mrr_at_20_max": 0.904966,
        "nauc_mrr_at_20_std": 0.412288,
        "nauc_mrr_at_20_diff1": 0.988414,
        "nauc_mrr_at_100_max": 0.904454,
        "nauc_mrr_at_100_std": 0.409123,
        "nauc_mrr_at_100_diff1": 0.988351,
        "nauc_mrr_at_1000_max": 0.904454,
        "nauc_mrr_at_1000_std": 0.409123,
        "nauc_mrr_at_1000_diff1": 0.988351,
        "main_score": 0.94208,
        "hf_subset": "default",
        "languages": [
          "eng-Latn"
        ]
      }
    ]
  },
  "evaluation_time": 3.148585081100464,
  "kg_co2_emissions": null
}