{
  "dataset_revision": "c64c3baac6bfd5f934d2df6e5d42dcb7d87c8ba8",
  "task_name": "australian-tax-guidance-retrieval",
  "mteb_version": "1.39.7",
  "scores": {
    "test": [
      {
        "ndcg_at_1": 0.58036,
        "ndcg_at_3": 0.7196,
        "ndcg_at_5": 0.73804,
        "ndcg_at_10": 0.76754,
        "ndcg_at_20": 0.77213,
        "ndcg_at_100": 0.77724,
        "ndcg_at_1000": 0.77724,
        "map_at_1": 0.58036,
        "map_at_3": 0.68452,
        "map_at_5": 0.69479,
        "map_at_10": 0.70735,
        "map_at_20": 0.70866,
        "map_at_100": 0.7094,
        "map_at_1000": 0.7094,
        "recall_at_1": 0.58036,
        "recall_at_3": 0.82143,
        "recall_at_5": 0.86607,
        "recall_at_10": 0.95536,
        "recall_at_20": 0.97321,
        "recall_at_100": 1.0,
        "recall_at_1000": 1.0,
        "precision_at_1": 0.58036,
        "precision_at_3": 0.27381,
        "precision_at_5": 0.17321,
        "precision_at_10": 0.09554,
        "precision_at_20": 0.04866,
        "precision_at_100": 0.01,
        "precision_at_1000": 0.001,
        "mrr_at_1": 0.580357,
        "mrr_at_3": 0.684524,
        "mrr_at_5": 0.694792,
        "mrr_at_10": 0.707348,
        "mrr_at_20": 0.708656,
        "mrr_at_100": 0.709398,
        "mrr_at_1000": 0.709398,
        "nauc_ndcg_at_1_max": 0.303486,
        "nauc_ndcg_at_1_std": -0.077454,
        "nauc_ndcg_at_1_diff1": 0.499258,
        "nauc_ndcg_at_3_max": 0.308165,
        "nauc_ndcg_at_3_std": -0.059696,
        "nauc_ndcg_at_3_diff1": 0.360752,
        "nauc_ndcg_at_5_max": 0.274113,
        "nauc_ndcg_at_5_std": -0.109683,
        "nauc_ndcg_at_5_diff1": 0.384567,
        "nauc_ndcg_at_10_max": 0.301601,
        "nauc_ndcg_at_10_std": -0.058932,
        "nauc_ndcg_at_10_diff1": 0.376904,
        "nauc_ndcg_at_20_max": 0.316366,
        "nauc_ndcg_at_20_std": -0.038259,
        "nauc_ndcg_at_20_diff1": 0.370528,
        "nauc_ndcg_at_100_max": 0.308425,
        "nauc_ndcg_at_100_std": -0.057829,
        "nauc_ndcg_at_100_diff1": 0.393716,
        "nauc_ndcg_at_1000_max": 0.308425,
        "nauc_ndcg_at_1000_std": -0.057829,
        "nauc_ndcg_at_1000_diff1": 0.393716,
        "nauc_map_at_1_max": 0.303486,
        "nauc_map_at_1_std": -0.077454,
        "nauc_map_at_1_diff1": 0.499258,
        "nauc_map_at_3_max": 0.310849,
        "nauc_map_at_3_std": -0.059585,
        "nauc_map_at_3_diff1": 0.396709,
        "nauc_map_at_5_max": 0.294283,
        "nauc_map_at_5_std": -0.084268,
        "nauc_map_at_5_diff1": 0.409999,
        "nauc_map_at_10_max": 0.305286,
        "nauc_map_at_10_std": -0.064344,
        "nauc_map_at_10_diff1": 0.406322,
        "nauc_map_at_20_max": 0.309451,
        "nauc_map_at_20_std": -0.058901,
        "nauc_map_at_20_diff1": 0.404827,
        "nauc_map_at_100_max": 0.308336,
        "nauc_map_at_100_std": -0.061304,
        "nauc_map_at_100_diff1": 0.407536,
        "nauc_map_at_1000_max": 0.308336,
        "nauc_map_at_1000_std": -0.061304,
        "nauc_map_at_1000_diff1": 0.407536,
        "nauc_recall_at_1_max": 0.303486,
        "nauc_recall_at_1_std": -0.077454,
        "nauc_recall_at_1_diff1": 0.499258,
        "nauc_recall_at_3_max": 0.293719,
        "nauc_recall_at_3_std": -0.063645,
        "nauc_recall_at_3_diff1": 0.205625,
        "nauc_recall_at_5_max": 0.149985,
        "nauc_recall_at_5_std": -0.267652,
        "nauc_recall_at_5_diff1": 0.253793,
        "nauc_recall_at_10_max": 0.256204,
        "nauc_recall_at_10_std": 0.055606,
        "nauc_recall_at_10_diff1": -0.026104,
        "nauc_recall_at_20_max": 0.571641,
        "nauc_recall_at_20_std": 0.637249,
        "nauc_recall_at_20_diff1": -0.452534,
        "nauc_recall_at_100_max": NaN,
        "nauc_recall_at_100_std": NaN,
        "nauc_recall_at_100_diff1": NaN,
        "nauc_recall_at_1000_max": NaN,
        "nauc_recall_at_1000_std": NaN,
        "nauc_recall_at_1000_diff1": NaN,
        "nauc_precision_at_1_max": 0.303486,
        "nauc_precision_at_1_std": -0.077454,
        "nauc_precision_at_1_diff1": 0.499258,
        "nauc_precision_at_3_max": 0.293719,
        "nauc_precision_at_3_std": -0.063645,
        "nauc_precision_at_3_diff1": 0.205625,
        "nauc_precision_at_5_max": 0.149985,
        "nauc_precision_at_5_std": -0.267652,
        "nauc_precision_at_5_diff1": 0.253793,
        "nauc_precision_at_10_max": 0.256204,
        "nauc_precision_at_10_std": 0.055606,
        "nauc_precision_at_10_diff1": -0.026104,
        "nauc_precision_at_20_max": 0.571641,
        "nauc_precision_at_20_std": 0.637249,
        "nauc_precision_at_20_diff1": -0.452534,
        "nauc_precision_at_100_max": NaN,
        "nauc_precision_at_100_std": NaN,
        "nauc_precision_at_100_diff1": NaN,
        "nauc_precision_at_1000_max": 1.0,
        "nauc_precision_at_1000_std": 1.0,
        "nauc_precision_at_1000_diff1": 1.0,
        "nauc_mrr_at_1_max": 0.303486,
        "nauc_mrr_at_1_std": -0.077454,
        "nauc_mrr_at_1_diff1": 0.499258,
        "nauc_mrr_at_3_max": 0.310849,
        "nauc_mrr_at_3_std": -0.059585,
        "nauc_mrr_at_3_diff1": 0.396709,
        "nauc_mrr_at_5_max": 0.294283,
        "nauc_mrr_at_5_std": -0.084268,
        "nauc_mrr_at_5_diff1": 0.409999,
        "nauc_mrr_at_10_max": 0.305286,
        "nauc_mrr_at_10_std": -0.064344,
        "nauc_mrr_at_10_diff1": 0.406322,
        "nauc_mrr_at_20_max": 0.309451,
        "nauc_mrr_at_20_std": -0.058901,
        "nauc_mrr_at_20_diff1": 0.404827,
        "nauc_mrr_at_100_max": 0.308336,
        "nauc_mrr_at_100_std": -0.061304,
        "nauc_mrr_at_100_diff1": 0.407536,
        "nauc_mrr_at_1000_max": 0.308336,
        "nauc_mrr_at_1000_std": -0.061304,
        "nauc_mrr_at_1000_diff1": 0.407536,
        "main_score": 0.76754,
        "hf_subset": "default",
        "languages": [
          "eng-Latn"
        ]
      }
    ]
  },
  "evaluation_time": 7.932974576950073,
  "kg_co2_emissions": null
}