{
  "dataset_revision": "dd157bbfa479359488c656981e3999da6f42e4e9",
  "task_name": "bar-exam-qa",
  "mteb_version": "1.39.7",
  "scores": {
    "test": [
      {
        "ndcg_at_1": 0.32479,
        "ndcg_at_3": 0.47761,
        "ndcg_at_5": 0.50225,
        "ndcg_at_10": 0.54346,
        "ndcg_at_20": 0.56945,
        "ndcg_at_100": 0.59415,
        "ndcg_at_1000": 0.59415,
        "map_at_1": 0.32479,
        "map_at_3": 0.4416,
        "map_at_5": 0.45527,
        "map_at_10": 0.47211,
        "map_at_20": 0.47929,
        "map_at_100": 0.48306,
        "map_at_1000": 0.48306,
        "recall_at_1": 0.32479,
        "recall_at_3": 0.5812,
        "recall_at_5": 0.64103,
        "recall_at_10": 0.76923,
        "recall_at_20": 0.87179,
        "recall_at_100": 1.0,
        "recall_at_1000": 1.0,
        "precision_at_1": 0.32479,
        "precision_at_3": 0.19373,
        "precision_at_5": 0.12821,
        "precision_at_10": 0.07692,
        "precision_at_20": 0.04359,
        "precision_at_100": 0.01,
        "precision_at_1000": 0.001,
        "mrr_at_1": 0.324786,
        "mrr_at_3": 0.441595,
        "mrr_at_5": 0.455271,
        "mrr_at_10": 0.472107,
        "mrr_at_20": 0.479289,
        "mrr_at_100": 0.483058,
        "mrr_at_1000": 0.483058,
        "nauc_ndcg_at_1_max": 0.196019,
        "nauc_ndcg_at_1_std": -0.017861,
        "nauc_ndcg_at_1_diff1": 0.437635,
        "nauc_ndcg_at_3_max": 0.288359,
        "nauc_ndcg_at_3_std": 0.031598,
        "nauc_ndcg_at_3_diff1": 0.305422,
        "nauc_ndcg_at_5_max": 0.260685,
        "nauc_ndcg_at_5_std": -0.003515,
        "nauc_ndcg_at_5_diff1": 0.301432,
        "nauc_ndcg_at_10_max": 0.23556,
        "nauc_ndcg_at_10_std": 0.007113,
        "nauc_ndcg_at_10_diff1": 0.299394,
        "nauc_ndcg_at_20_max": 0.271991,
        "nauc_ndcg_at_20_std": 0.041793,
        "nauc_ndcg_at_20_diff1": 0.326723,
        "nauc_ndcg_at_100_max": 0.255426,
        "nauc_ndcg_at_100_std": 0.014075,
        "nauc_ndcg_at_100_diff1": 0.330945,
        "nauc_ndcg_at_1000_max": 0.255426,
        "nauc_ndcg_at_1000_std": 0.014075,
        "nauc_ndcg_at_1000_diff1": 0.330945,
        "nauc_map_at_1_max": 0.196019,
        "nauc_map_at_1_std": -0.017861,
        "nauc_map_at_1_diff1": 0.437635,
        "nauc_map_at_3_max": 0.267384,
        "nauc_map_at_3_std": 0.018035,
        "nauc_map_at_3_diff1": 0.337714,
        "nauc_map_at_5_max": 0.252155,
        "nauc_map_at_5_std": -0.000609,
        "nauc_map_at_5_diff1": 0.33647,
        "nauc_map_at_10_max": 0.242176,
        "nauc_map_at_10_std": 0.004612,
        "nauc_map_at_10_diff1": 0.336213,
        "nauc_map_at_20_max": 0.251358,
        "nauc_map_at_20_std": 0.013002,
        "nauc_map_at_20_diff1": 0.343402,
        "nauc_map_at_100_max": 0.249452,
        "nauc_map_at_100_std": 0.008883,
        "nauc_map_at_100_diff1": 0.343529,
        "nauc_map_at_1000_max": 0.249452,
        "nauc_map_at_1000_std": 0.008883,
        "nauc_map_at_1000_diff1": 0.343529,
        "nauc_recall_at_1_max": 0.196019,
        "nauc_recall_at_1_std": -0.017861,
        "nauc_recall_at_1_diff1": 0.437635,
        "nauc_recall_at_3_max": 0.351398,
        "nauc_recall_at_3_std": 0.073471,
        "nauc_recall_at_3_diff1": 0.207298,
        "nauc_recall_at_5_max": 0.283087,
        "nauc_recall_at_5_std": -0.019059,
        "nauc_recall_at_5_diff1": 0.18537,
        "nauc_recall_at_10_max": 0.183088,
        "nauc_recall_at_10_std": 0.012302,
        "nauc_recall_at_10_diff1": 0.136128,
        "nauc_recall_at_20_max": 0.459869,
        "nauc_recall_at_20_std": 0.316808,
        "nauc_recall_at_20_diff1": 0.265075,
        "nauc_recall_at_100_max": NaN,
        "nauc_recall_at_100_std": NaN,
        "nauc_recall_at_100_diff1": NaN,
        "nauc_recall_at_1000_max": NaN,
        "nauc_recall_at_1000_std": NaN,
        "nauc_recall_at_1000_diff1": NaN,
        "nauc_precision_at_1_max": 0.196019,
        "nauc_precision_at_1_std": -0.017861,
        "nauc_precision_at_1_diff1": 0.437635,
        "nauc_precision_at_3_max": 0.351398,
        "nauc_precision_at_3_std": 0.073471,
        "nauc_precision_at_3_diff1": 0.207298,
        "nauc_precision_at_5_max": 0.283087,
        "nauc_precision_at_5_std": -0.019059,
        "nauc_precision_at_5_diff1": 0.18537,
        "nauc_precision_at_10_max": 0.183088,
        "nauc_precision_at_10_std": 0.012302,
        "nauc_precision_at_10_diff1": 0.136128,
        "nauc_precision_at_20_max": 0.459869,
        "nauc_precision_at_20_std": 0.316808,
        "nauc_precision_at_20_diff1": 0.265075,
        "nauc_precision_at_100_max": NaN,
        "nauc_precision_at_100_std": NaN,
        "nauc_precision_at_100_diff1": NaN,
        "nauc_precision_at_1000_max": 1.0,
        "nauc_precision_at_1000_std": 1.0,
        "nauc_precision_at_1000_diff1": 1.0,
        "nauc_mrr_at_1_max": 0.196019,
        "nauc_mrr_at_1_std": -0.017861,
        "nauc_mrr_at_1_diff1": 0.437635,
        "nauc_mrr_at_3_max": 0.267384,
        "nauc_mrr_at_3_std": 0.018035,
        "nauc_mrr_at_3_diff1": 0.337714,
        "nauc_mrr_at_5_max": 0.252155,
        "nauc_mrr_at_5_std": -0.000609,
        "nauc_mrr_at_5_diff1": 0.33647,
        "nauc_mrr_at_10_max": 0.242176,
        "nauc_mrr_at_10_std": 0.004612,
        "nauc_mrr_at_10_diff1": 0.336213,
        "nauc_mrr_at_20_max": 0.251358,
        "nauc_mrr_at_20_std": 0.013002,
        "nauc_mrr_at_20_diff1": 0.343402,
        "nauc_mrr_at_100_max": 0.249452,
        "nauc_mrr_at_100_std": 0.008883,
        "nauc_mrr_at_100_diff1": 0.343529,
        "nauc_mrr_at_1000_max": 0.249452,
        "nauc_mrr_at_1000_std": 0.008883,
        "nauc_mrr_at_1000_diff1": 0.343529,
        "main_score": 0.54346,
        "hf_subset": "default",
        "languages": [
          "eng-Latn"
        ]
      }
    ]
  },
  "evaluation_time": 1.3627963066101074,
  "kg_co2_emissions": null
}