{
  "dataset_revision": "2095f248902963b4480ac96b774ba64b2104cbee",
  "task_name": "consumer-contracts-qa",
  "mteb_version": "1.39.7",
  "scores": {
    "test": [
      {
        "ndcg_at_1": 0.74242,
        "ndcg_at_3": 0.83592,
        "ndcg_at_5": 0.85287,
        "ndcg_at_10": 0.86638,
        "ndcg_at_20": 0.869,
        "ndcg_at_100": 0.87107,
        "ndcg_at_1000": 0.87107,
        "map_at_1": 0.74242,
        "map_at_3": 0.81397,
        "map_at_5": 0.82357,
        "map_at_10": 0.8294,
        "map_at_20": 0.83015,
        "map_at_100": 0.8305,
        "map_at_1000": 0.8305,
        "recall_at_1": 0.74242,
        "recall_at_3": 0.89899,
        "recall_at_5": 0.93939,
        "recall_at_10": 0.9798,
        "recall_at_20": 0.9899,
        "recall_at_100": 1.0,
        "recall_at_1000": 1.0,
        "precision_at_1": 0.74242,
        "precision_at_3": 0.29966,
        "precision_at_5": 0.18788,
        "precision_at_10": 0.09798,
        "precision_at_20": 0.04949,
        "precision_at_100": 0.01,
        "precision_at_1000": 0.001,
        "mrr_at_1": 0.742424,
        "mrr_at_3": 0.813973,
        "mrr_at_5": 0.823569,
        "mrr_at_10": 0.829395,
        "mrr_at_20": 0.830153,
        "mrr_at_100": 0.830505,
        "mrr_at_1000": 0.830505,
        "nauc_ndcg_at_1_max": 0.56054,
        "nauc_ndcg_at_1_std": 0.104594,
        "nauc_ndcg_at_1_diff1": 0.734483,
        "nauc_ndcg_at_3_max": 0.56042,
        "nauc_ndcg_at_3_std": 0.125436,
        "nauc_ndcg_at_3_diff1": 0.60826,
        "nauc_ndcg_at_5_max": 0.597807,
        "nauc_ndcg_at_5_std": 0.158325,
        "nauc_ndcg_at_5_diff1": 0.618119,
        "nauc_ndcg_at_10_max": 0.588501,
        "nauc_ndcg_at_10_std": 0.120876,
        "nauc_ndcg_at_10_diff1": 0.663086,
        "nauc_ndcg_at_20_max": 0.582342,
        "nauc_ndcg_at_20_std": 0.148744,
        "nauc_ndcg_at_20_diff1": 0.657072,
        "nauc_ndcg_at_100_max": 0.578567,
        "nauc_ndcg_at_100_std": 0.136111,
        "nauc_ndcg_at_100_diff1": 0.664313,
        "nauc_ndcg_at_1000_max": 0.578567,
        "nauc_ndcg_at_1000_std": 0.136111,
        "nauc_ndcg_at_1000_diff1": 0.664313,
        "nauc_map_at_1_max": 0.56054,
        "nauc_map_at_1_std": 0.104594,
        "nauc_map_at_1_diff1": 0.734483,
        "nauc_map_at_3_max": 0.563307,
        "nauc_map_at_3_std": 0.123664,
        "nauc_map_at_3_diff1": 0.649889,
        "nauc_map_at_5_max": 0.581607,
        "nauc_map_at_5_std": 0.140306,
        "nauc_map_at_5_diff1": 0.656624,
        "nauc_map_at_10_max": 0.577655,
        "nauc_map_at_10_std": 0.127872,
        "nauc_map_at_10_diff1": 0.672528,
        "nauc_map_at_20_max": 0.576227,
        "nauc_map_at_20_std": 0.134127,
        "nauc_map_at_20_diff1": 0.671209,
        "nauc_map_at_100_max": 0.575709,
        "nauc_map_at_100_std": 0.13245,
        "nauc_map_at_100_diff1": 0.672163,
        "nauc_map_at_1000_max": 0.575709,
        "nauc_map_at_1000_std": 0.13245,
        "nauc_map_at_1000_diff1": 0.672163,
        "nauc_recall_at_1_max": 0.56054,
        "nauc_recall_at_1_std": 0.104594,
        "nauc_recall_at_1_diff1": 0.734483,
        "nauc_recall_at_3_max": 0.544344,
        "nauc_recall_at_3_std": 0.130617,
        "nauc_recall_at_3_diff1": 0.404535,
        "nauc_recall_at_5_max": 0.72998,
        "nauc_recall_at_5_std": 0.297976,
        "nauc_recall_at_5_diff1": 0.326261,
        "nauc_recall_at_10_max": 0.832276,
        "nauc_recall_at_10_std": -0.13991,
        "nauc_recall_at_10_diff1": 0.587645,
        "nauc_recall_at_20_max": 0.795419,
        "nauc_recall_at_20_std": 0.869134,
        "nauc_recall_at_20_diff1": 0.240724,
        "nauc_recall_at_100_max": NaN,
        "nauc_recall_at_100_std": NaN,
        "nauc_recall_at_100_diff1": NaN,
        "nauc_recall_at_1000_max": NaN,
        "nauc_recall_at_1000_std": NaN,
        "nauc_recall_at_1000_diff1": NaN,
        "nauc_precision_at_1_max": 0.56054,
        "nauc_precision_at_1_std": 0.104594,
        "nauc_precision_at_1_diff1": 0.734483,
        "nauc_precision_at_3_max": 0.544344,
        "nauc_precision_at_3_std": 0.130617,
        "nauc_precision_at_3_diff1": 0.404535,
        "nauc_precision_at_5_max": 0.72998,
        "nauc_precision_at_5_std": 0.297976,
        "nauc_precision_at_5_diff1": 0.326261,
        "nauc_precision_at_10_max": 0.832276,
        "nauc_precision_at_10_std": -0.13991,
        "nauc_precision_at_10_diff1": 0.587645,
        "nauc_precision_at_20_max": 0.795419,
        "nauc_precision_at_20_std": 0.869134,
        "nauc_precision_at_20_diff1": 0.240724,
        "nauc_precision_at_100_max": 1.0,
        "nauc_precision_at_100_std": 1.0,
        "nauc_precision_at_100_diff1": 1.0,
        "nauc_precision_at_1000_max": 1.0,
        "nauc_precision_at_1000_std": 1.0,
        "nauc_precision_at_1000_diff1": 1.0,
        "nauc_mrr_at_1_max": 0.56054,
        "nauc_mrr_at_1_std": 0.104594,
        "nauc_mrr_at_1_diff1": 0.734483,
        "nauc_mrr_at_3_max": 0.563307,
        "nauc_mrr_at_3_std": 0.123664,
        "nauc_mrr_at_3_diff1": 0.649889,
        "nauc_mrr_at_5_max": 0.581607,
        "nauc_mrr_at_5_std": 0.140306,
        "nauc_mrr_at_5_diff1": 0.656624,
        "nauc_mrr_at_10_max": 0.577655,
        "nauc_mrr_at_10_std": 0.127872,
        "nauc_mrr_at_10_diff1": 0.672528,
        "nauc_mrr_at_20_max": 0.576227,
        "nauc_mrr_at_20_std": 0.134127,
        "nauc_mrr_at_20_diff1": 0.671209,
        "nauc_mrr_at_100_max": 0.575709,
        "nauc_mrr_at_100_std": 0.13245,
        "nauc_mrr_at_100_diff1": 0.672163,
        "nauc_mrr_at_1000_max": 0.575709,
        "nauc_mrr_at_1000_std": 0.13245,
        "nauc_mrr_at_1000_diff1": 0.672163,
        "main_score": 0.86638,
        "hf_subset": "default",
        "languages": [
          "eng-Latn"
        ]
      }
    ]
  },
  "evaluation_time": 1.999502182006836,
  "kg_co2_emissions": null
}