{
  "dataset_revision": "48ed7bcb1f50896a0f71461a04b2df0ca84329d9",
  "task_name": "contractual-clause-retrieval",
  "mteb_version": "1.39.7",
  "scores": {
    "test": [
      {
        "ndcg_at_1": 0.73333,
        "ndcg_at_3": 0.70868,
        "ndcg_at_5": 0.73215,
        "ndcg_at_10": 0.76289,
        "ndcg_at_20": 0.78022,
        "ndcg_at_100": 0.80438,
        "ndcg_at_1000": 0.80438,
        "map_at_1": 0.36667,
        "map_at_3": 0.67222,
        "map_at_5": 0.69444,
        "map_at_10": 0.71032,
        "map_at_20": 0.71594,
        "map_at_100": 0.72134,
        "map_at_1000": 0.72134,
        "recall_at_1": 0.36667,
        "recall_at_3": 0.72222,
        "recall_at_5": 0.76667,
        "recall_at_10": 0.84444,
        "recall_at_20": 0.9,
        "recall_at_100": 1.0,
        "recall_at_1000": 1.0,
        "precision_at_1": 0.73333,
        "precision_at_3": 0.48148,
        "precision_at_5": 0.30667,
        "precision_at_10": 0.16889,
        "precision_at_20": 0.09,
        "precision_at_100": 0.02,
        "precision_at_1000": 0.002,
        "mrr_at_1": 0.733333,
        "mrr_at_3": 0.766667,
        "mrr_at_5": 0.766667,
        "mrr_at_10": 0.776014,
        "mrr_at_20": 0.780422,
        "mrr_at_100": 0.782067,
        "mrr_at_1000": 0.782067,
        "nauc_ndcg_at_1_max": 0.525176,
        "nauc_ndcg_at_1_std": -0.3462,
        "nauc_ndcg_at_1_diff1": 0.752943,
        "nauc_ndcg_at_3_max": 0.536624,
        "nauc_ndcg_at_3_std": -0.168364,
        "nauc_ndcg_at_3_diff1": 0.544324,
        "nauc_ndcg_at_5_max": 0.543521,
        "nauc_ndcg_at_5_std": -0.150661,
        "nauc_ndcg_at_5_diff1": 0.554433,
        "nauc_ndcg_at_10_max": 0.53579,
        "nauc_ndcg_at_10_std": -0.097428,
        "nauc_ndcg_at_10_diff1": 0.538659,
        "nauc_ndcg_at_20_max": 0.544732,
        "nauc_ndcg_at_20_std": -0.137887,
        "nauc_ndcg_at_20_diff1": 0.564754,
        "nauc_ndcg_at_100_max": 0.535721,
        "nauc_ndcg_at_100_std": -0.167562,
        "nauc_ndcg_at_100_diff1": 0.57246,
        "nauc_ndcg_at_1000_max": 0.535721,
        "nauc_ndcg_at_1000_std": -0.167562,
        "nauc_ndcg_at_1000_diff1": 0.57246,
        "nauc_map_at_1_max": 0.525176,
        "nauc_map_at_1_std": -0.3462,
        "nauc_map_at_1_diff1": 0.752943,
        "nauc_map_at_3_max": 0.515297,
        "nauc_map_at_3_std": -0.182632,
        "nauc_map_at_3_diff1": 0.522957,
        "nauc_map_at_5_max": 0.520031,
        "nauc_map_at_5_std": -0.168169,
        "nauc_map_at_5_diff1": 0.530461,
        "nauc_map_at_10_max": 0.51928,
        "nauc_map_at_10_std": -0.138086,
        "nauc_map_at_10_diff1": 0.522596,
        "nauc_map_at_20_max": 0.527469,
        "nauc_map_at_20_std": -0.143524,
        "nauc_map_at_20_diff1": 0.534293,
        "nauc_map_at_100_max": 0.523148,
        "nauc_map_at_100_std": -0.152661,
        "nauc_map_at_100_diff1": 0.533451,
        "nauc_map_at_1000_max": 0.523148,
        "nauc_map_at_1000_std": -0.152661,
        "nauc_map_at_1000_diff1": 0.533451,
        "nauc_recall_at_1_max": 0.525176,
        "nauc_recall_at_1_std": -0.3462,
        "nauc_recall_at_1_diff1": 0.752943,
        "nauc_recall_at_3_max": 0.541336,
        "nauc_recall_at_3_std": -0.102167,
        "nauc_recall_at_3_diff1": 0.469383,
        "nauc_recall_at_5_max": 0.551254,
        "nauc_recall_at_5_std": -0.055734,
        "nauc_recall_at_5_diff1": 0.475718,
        "nauc_recall_at_10_max": 0.526314,
        "nauc_recall_at_10_std": 0.168358,
        "nauc_recall_at_10_diff1": 0.394405,
        "nauc_recall_at_20_max": 0.587296,
        "nauc_recall_at_20_std": 0.043402,
        "nauc_recall_at_20_diff1": 0.496308,
        "nauc_recall_at_100_max": NaN,
        "nauc_recall_at_100_std": NaN,
        "nauc_recall_at_100_diff1": NaN,
        "nauc_recall_at_1000_max": NaN,
        "nauc_recall_at_1000_std": NaN,
        "nauc_recall_at_1000_diff1": NaN,
        "nauc_precision_at_1_max": 0.525176,
        "nauc_precision_at_1_std": -0.3462,
        "nauc_precision_at_1_diff1": 0.752943,
        "nauc_precision_at_3_max": 0.541336,
        "nauc_precision_at_3_std": -0.102167,
        "nauc_precision_at_3_diff1": 0.469383,
        "nauc_precision_at_5_max": 0.551254,
        "nauc_precision_at_5_std": -0.055734,
        "nauc_precision_at_5_diff1": 0.475718,
        "nauc_precision_at_10_max": 0.526314,
        "nauc_precision_at_10_std": 0.168358,
        "nauc_precision_at_10_diff1": 0.394405,
        "nauc_precision_at_20_max": 0.587296,
        "nauc_precision_at_20_std": 0.043402,
        "nauc_precision_at_20_diff1": 0.496308,
        "nauc_precision_at_100_max": 1.0,
        "nauc_precision_at_100_std": 1.0,
        "nauc_precision_at_100_diff1": 1.0,
        "nauc_precision_at_1000_max": NaN,
        "nauc_precision_at_1000_std": NaN,
        "nauc_precision_at_1000_diff1": NaN,
        "nauc_mrr_at_1_max": 0.525176,
        "nauc_mrr_at_1_std": -0.3462,
        "nauc_mrr_at_1_diff1": 0.752943,
        "nauc_mrr_at_3_max": 0.578823,
        "nauc_mrr_at_3_std": -0.233379,
        "nauc_mrr_at_3_diff1": 0.710041,
        "nauc_mrr_at_5_max": 0.578823,
        "nauc_mrr_at_5_std": -0.233379,
        "nauc_mrr_at_5_diff1": 0.710041,
        "nauc_mrr_at_10_max": 0.569475,
        "nauc_mrr_at_10_std": -0.237846,
        "nauc_mrr_at_10_diff1": 0.707315,
        "nauc_mrr_at_20_max": 0.559901,
        "nauc_mrr_at_20_std": -0.26223,
        "nauc_mrr_at_20_diff1": 0.705821,
        "nauc_mrr_at_100_max": 0.561987,
        "nauc_mrr_at_100_std": -0.259586,
        "nauc_mrr_at_100_diff1": 0.708575,
        "nauc_mrr_at_1000_max": 0.561987,
        "nauc_mrr_at_1000_std": -0.259586,
        "nauc_mrr_at_1000_diff1": 0.708575,
        "main_score": 0.76289,
        "hf_subset": "default",
        "languages": [
          "eng-Latn"
        ]
      }
    ]
  },
  "evaluation_time": 1.1266863346099854,
  "kg_co2_emissions": null
}