{
  "dataset_revision": "f5452494f09a6d51c37b56883a65ef742ac07c99",
  "task_name": "echr-retrieval",
  "mteb_version": "1.39.7",
  "scores": {
    "test": [
      {
        "ndcg_at_1": 0.08,
        "ndcg_at_3": 0.15363,
        "ndcg_at_5": 0.17794,
        "ndcg_at_10": 0.21581,
        "ndcg_at_20": 0.24979,
        "ndcg_at_100": 0.3081,
        "ndcg_at_1000": 0.32909,
        "map_at_1": 0.08,
        "map_at_3": 0.13583,
        "map_at_5": 0.14908,
        "map_at_10": 0.16418,
        "map_at_20": 0.17342,
        "map_at_100": 0.1804,
        "map_at_1000": 0.18148,
        "recall_at_1": 0.08,
        "recall_at_3": 0.205,
        "recall_at_5": 0.265,
        "recall_at_10": 0.385,
        "recall_at_20": 0.52,
        "recall_at_100": 0.85,
        "recall_at_1000": 1.0,
        "precision_at_1": 0.08,
        "precision_at_3": 0.06833,
        "precision_at_5": 0.053,
        "precision_at_10": 0.0385,
        "precision_at_20": 0.026,
        "precision_at_100": 0.0085,
        "precision_at_1000": 0.001,
        "mrr_at_1": 0.08,
        "mrr_at_3": 0.135833,
        "mrr_at_5": 0.149083,
        "mrr_at_10": 0.164185,
        "mrr_at_20": 0.173417,
        "mrr_at_100": 0.180398,
        "mrr_at_1000": 0.181477,
        "nauc_ndcg_at_1_max": 0.208898,
        "nauc_ndcg_at_1_std": -0.025389,
        "nauc_ndcg_at_1_diff1": 0.436091,
        "nauc_ndcg_at_3_max": 0.2218,
        "nauc_ndcg_at_3_std": 0.02844,
        "nauc_ndcg_at_3_diff1": 0.311426,
        "nauc_ndcg_at_5_max": 0.25038,
        "nauc_ndcg_at_5_std": 0.05861,
        "nauc_ndcg_at_5_diff1": 0.296532,
        "nauc_ndcg_at_10_max": 0.297419,
        "nauc_ndcg_at_10_std": 0.086154,
        "nauc_ndcg_at_10_diff1": 0.274645,
        "nauc_ndcg_at_20_max": 0.36205,
        "nauc_ndcg_at_20_std": 0.164926,
        "nauc_ndcg_at_20_diff1": 0.24671,
        "nauc_ndcg_at_100_max": 0.325388,
        "nauc_ndcg_at_100_std": 0.128559,
        "nauc_ndcg_at_100_diff1": 0.263849,
        "nauc_ndcg_at_1000_max": 0.305016,
        "nauc_ndcg_at_1000_std": 0.10347,
        "nauc_ndcg_at_1000_diff1": 0.281623,
        "nauc_map_at_1_max": 0.208898,
        "nauc_map_at_1_std": -0.025389,
        "nauc_map_at_1_diff1": 0.436091,
        "nauc_map_at_3_max": 0.221025,
        "nauc_map_at_3_std": 0.022011,
        "nauc_map_at_3_diff1": 0.32895,
        "nauc_map_at_5_max": 0.237551,
        "nauc_map_at_5_std": 0.039453,
        "nauc_map_at_5_diff1": 0.318856,
        "nauc_map_at_10_max": 0.260663,
        "nauc_map_at_10_std": 0.052652,
        "nauc_map_at_10_diff1": 0.307455,
        "nauc_map_at_20_max": 0.280835,
        "nauc_map_at_20_std": 0.077098,
        "nauc_map_at_20_diff1": 0.299266,
        "nauc_map_at_100_max": 0.276014,
        "nauc_map_at_100_std": 0.072146,
        "nauc_map_at_100_diff1": 0.30268,
        "nauc_map_at_1000_max": 0.274781,
        "nauc_map_at_1000_std": 0.070664,
        "nauc_map_at_1000_diff1": 0.303766,
        "nauc_recall_at_1_max": 0.208898,
        "nauc_recall_at_1_std": -0.025389,
        "nauc_recall_at_1_diff1": 0.436091,
        "nauc_recall_at_3_max": 0.223013,
        "nauc_recall_at_3_std": 0.041019,
        "nauc_recall_at_3_diff1": 0.276088,
        "nauc_recall_at_5_max": 0.278625,
        "nauc_recall_at_5_std": 0.099097,
        "nauc_recall_at_5_diff1": 0.253147,
        "nauc_recall_at_10_max": 0.377865,
        "nauc_recall_at_10_std": 0.156879,
        "nauc_recall_at_10_diff1": 0.210976,
        "nauc_recall_at_20_max": 0.567747,
        "nauc_recall_at_20_std": 0.388072,
        "nauc_recall_at_20_diff1": 0.12519,
        "nauc_recall_at_100_max": 0.523072,
        "nauc_recall_at_100_std": 0.372763,
        "nauc_recall_at_100_diff1": 0.092678,
        "nauc_recall_at_1000_max": NaN,
        "nauc_recall_at_1000_std": NaN,
        "nauc_recall_at_1000_diff1": NaN,
        "nauc_precision_at_1_max": 0.208898,
        "nauc_precision_at_1_std": -0.025389,
        "nauc_precision_at_1_diff1": 0.436091,
        "nauc_precision_at_3_max": 0.223013,
        "nauc_precision_at_3_std": 0.041019,
        "nauc_precision_at_3_diff1": 0.276088,
        "nauc_precision_at_5_max": 0.278625,
        "nauc_precision_at_5_std": 0.099097,
        "nauc_precision_at_5_diff1": 0.253147,
        "nauc_precision_at_10_max": 0.377865,
        "nauc_precision_at_10_std": 0.156879,
        "nauc_precision_at_10_diff1": 0.210976,
        "nauc_precision_at_20_max": 0.567747,
        "nauc_precision_at_20_std": 0.388072,
        "nauc_precision_at_20_diff1": 0.12519,
        "nauc_precision_at_100_max": 0.523072,
        "nauc_precision_at_100_std": 0.372763,
        "nauc_precision_at_100_diff1": 0.092678,
        "nauc_precision_at_1000_max": 1.0,
        "nauc_precision_at_1000_std": 1.0,
        "nauc_precision_at_1000_diff1": 1.0,
        "nauc_mrr_at_1_max": 0.208898,
        "nauc_mrr_at_1_std": -0.025389,
        "nauc_mrr_at_1_diff1": 0.436091,
        "nauc_mrr_at_3_max": 0.221025,
        "nauc_mrr_at_3_std": 0.022011,
        "nauc_mrr_at_3_diff1": 0.32895,
        "nauc_mrr_at_5_max": 0.237551,
        "nauc_mrr_at_5_std": 0.039453,
        "nauc_mrr_at_5_diff1": 0.318856,
        "nauc_mrr_at_10_max": 0.260663,
        "nauc_mrr_at_10_std": 0.052652,
        "nauc_mrr_at_10_diff1": 0.307455,
        "nauc_mrr_at_20_max": 0.280835,
        "nauc_mrr_at_20_std": 0.077098,
        "nauc_mrr_at_20_diff1": 0.299266,
        "nauc_mrr_at_100_max": 0.276014,
        "nauc_mrr_at_100_std": 0.072146,
        "nauc_mrr_at_100_diff1": 0.30268,
        "nauc_mrr_at_1000_max": 0.274781,
        "nauc_mrr_at_1000_std": 0.070664,
        "nauc_mrr_at_1000_diff1": 0.303766,
        "main_score": 0.21581,
        "hf_subset": "default",
        "languages": [
          "eng-Latn"
        ]
      }
    ]
  },
  "evaluation_time": 132.23162603378296,
  "kg_co2_emissions": null
}