{
  "dataset_revision": "8d41f3d22bb73685b6f42b62ad95940ea3dfbf84",
  "task_name": "gdpr-holdings-retrieval",
  "mteb_version": "1.39.7",
  "scores": {
    "test": [
      {
        "ndcg_at_1": 0.788,
        "ndcg_at_3": 0.84969,
        "ndcg_at_5": 0.86027,
        "ndcg_at_10": 0.86997,
        "ndcg_at_20": 0.87459,
        "ndcg_at_100": 0.87853,
        "ndcg_at_1000": 0.87997,
        "map_at_1": 0.788,
        "map_at_3": 0.835,
        "map_at_5": 0.8408,
        "map_at_10": 0.8448,
        "map_at_20": 0.84611,
        "map_at_100": 0.8466,
        "map_at_1000": 0.84664,
        "recall_at_1": 0.788,
        "recall_at_3": 0.892,
        "recall_at_5": 0.918,
        "recall_at_10": 0.948,
        "recall_at_20": 0.966,
        "recall_at_100": 0.988,
        "recall_at_1000": 1.0,
        "precision_at_1": 0.788,
        "precision_at_3": 0.29733,
        "precision_at_5": 0.1836,
        "precision_at_10": 0.0948,
        "precision_at_20": 0.0483,
        "precision_at_100": 0.00988,
        "precision_at_1000": 0.001,
        "mrr_at_1": 0.788,
        "mrr_at_3": 0.835,
        "mrr_at_5": 0.8408,
        "mrr_at_10": 0.844798,
        "mrr_at_20": 0.846112,
        "mrr_at_100": 0.846599,
        "mrr_at_1000": 0.846639,
        "nauc_ndcg_at_1_max": 0.597402,
        "nauc_ndcg_at_1_std": -0.154071,
        "nauc_ndcg_at_1_diff1": 0.870523,
        "nauc_ndcg_at_3_max": 0.687249,
        "nauc_ndcg_at_3_std": -0.090361,
        "nauc_ndcg_at_3_diff1": 0.845331,
        "nauc_ndcg_at_5_max": 0.672244,
        "nauc_ndcg_at_5_std": -0.12952,
        "nauc_ndcg_at_5_diff1": 0.845486,
        "nauc_ndcg_at_10_max": 0.66627,
        "nauc_ndcg_at_10_std": -0.119525,
        "nauc_ndcg_at_10_diff1": 0.844591,
        "nauc_ndcg_at_20_max": 0.667834,
        "nauc_ndcg_at_20_std": -0.101168,
        "nauc_ndcg_at_20_diff1": 0.84911,
        "nauc_ndcg_at_100_max": 0.660815,
        "nauc_ndcg_at_100_std": -0.110407,
        "nauc_ndcg_at_100_diff1": 0.849096,
        "nauc_ndcg_at_1000_max": 0.659288,
        "nauc_ndcg_at_1000_std": -0.114975,
        "nauc_ndcg_at_1000_diff1": 0.850994,
        "nauc_map_at_1_max": 0.597402,
        "nauc_map_at_1_std": -0.154071,
        "nauc_map_at_1_diff1": 0.870523,
        "nauc_map_at_3_max": 0.662811,
        "nauc_map_at_3_std": -0.111328,
        "nauc_map_at_3_diff1": 0.853502,
        "nauc_map_at_5_max": 0.654587,
        "nauc_map_at_5_std": -0.13086,
        "nauc_map_at_5_diff1": 0.853538,
        "nauc_map_at_10_max": 0.651922,
        "nauc_map_at_10_std": -0.127436,
        "nauc_map_at_10_diff1": 0.853539,
        "nauc_map_at_20_max": 0.652186,
        "nauc_map_at_20_std": -0.122905,
        "nauc_map_at_20_diff1": 0.854651,
        "nauc_map_at_100_max": 0.651447,
        "nauc_map_at_100_std": -0.123917,
        "nauc_map_at_100_diff1": 0.854666,
        "nauc_map_at_1000_max": 0.651411,
        "nauc_map_at_1000_std": -0.123963,
        "nauc_map_at_1000_diff1": 0.854696,
        "nauc_recall_at_1_max": 0.597402,
        "nauc_recall_at_1_std": -0.154071,
        "nauc_recall_at_1_diff1": 0.870523,
        "nauc_recall_at_3_max": 0.788185,
        "nauc_recall_at_3_std": -0.001327,
        "nauc_recall_at_3_diff1": 0.810699,
        "nauc_recall_at_5_max": 0.759422,
        "nauc_recall_at_5_std": -0.132097,
        "nauc_recall_at_5_diff1": 0.803364,
        "nauc_recall_at_10_max": 0.767597,
        "nauc_recall_at_10_std": -0.059596,
        "nauc_recall_at_10_diff1": 0.77117,
        "nauc_recall_at_20_max": 0.841435,
        "nauc_recall_at_20_std": 0.210633,
        "nauc_recall_at_20_diff1": 0.794337,
        "nauc_recall_at_100_max": 0.782991,
        "nauc_recall_at_100_std": 0.288204,
        "nauc_recall_at_100_diff1": 0.693122,
        "nauc_recall_at_1000_max": NaN,
        "nauc_recall_at_1000_std": NaN,
        "nauc_recall_at_1000_diff1": NaN,
        "nauc_precision_at_1_max": 0.597402,
        "nauc_precision_at_1_std": -0.154071,
        "nauc_precision_at_1_diff1": 0.870523,
        "nauc_precision_at_3_max": 0.788185,
        "nauc_precision_at_3_std": -0.001327,
        "nauc_precision_at_3_diff1": 0.810699,
        "nauc_precision_at_5_max": 0.759422,
        "nauc_precision_at_5_std": -0.132097,
        "nauc_precision_at_5_diff1": 0.803364,
        "nauc_precision_at_10_max": 0.767597,
        "nauc_precision_at_10_std": -0.059596,
        "nauc_precision_at_10_diff1": 0.77117,
        "nauc_precision_at_20_max": 0.841435,
        "nauc_precision_at_20_std": 0.210633,
        "nauc_precision_at_20_diff1": 0.794337,
        "nauc_precision_at_100_max": 0.782991,
        "nauc_precision_at_100_std": 0.288204,
        "nauc_precision_at_100_diff1": 0.693122,
        "nauc_precision_at_1000_max": 1.0,
        "nauc_precision_at_1000_std": 1.0,
        "nauc_precision_at_1000_diff1": 1.0,
        "nauc_mrr_at_1_max": 0.597402,
        "nauc_mrr_at_1_std": -0.154071,
        "nauc_mrr_at_1_diff1": 0.870523,
        "nauc_mrr_at_3_max": 0.662811,
        "nauc_mrr_at_3_std": -0.111328,
        "nauc_mrr_at_3_diff1": 0.853502,
        "nauc_mrr_at_5_max": 0.654587,
        "nauc_mrr_at_5_std": -0.13086,
        "nauc_mrr_at_5_diff1": 0.853538,
        "nauc_mrr_at_10_max": 0.651922,
        "nauc_mrr_at_10_std": -0.127436,
        "nauc_mrr_at_10_diff1": 0.853539,
        "nauc_mrr_at_20_max": 0.652186,
        "nauc_mrr_at_20_std": -0.122905,
        "nauc_mrr_at_20_diff1": 0.854651,
        "nauc_mrr_at_100_max": 0.651447,
        "nauc_mrr_at_100_std": -0.123917,
        "nauc_mrr_at_100_diff1": 0.854666,
        "nauc_mrr_at_1000_max": 0.651411,
        "nauc_mrr_at_1000_std": -0.123963,
        "nauc_mrr_at_1000_diff1": 0.854696,
        "main_score": 0.86997,
        "hf_subset": "default",
        "languages": [
          "eng-Latn"
        ]
      }
    ]
  },
  "evaluation_time": 8.247889041900635,
  "kg_co2_emissions": null
}