{
  "dataset_revision": "bbf8b2d84b7de5970b2ba4ea843c791285fdb1df",
  "task_name": "irish-legislative-summaries",
  "mteb_version": "1.39.7",
  "scores": {
    "test": [
      {
        "ndcg_at_1": 0.738,
        "ndcg_at_3": 0.81652,
        "ndcg_at_5": 0.83572,
        "ndcg_at_10": 0.84345,
        "ndcg_at_20": 0.85023,
        "ndcg_at_100": 0.85592,
        "ndcg_at_1000": 0.85615,
        "map_at_1": 0.738,
        "map_at_3": 0.79733,
        "map_at_5": 0.80813,
        "map_at_10": 0.8113,
        "map_at_20": 0.81326,
        "map_at_100": 0.8141,
        "map_at_1000": 0.8141,
        "recall_at_1": 0.738,
        "recall_at_3": 0.872,
        "recall_at_5": 0.918,
        "recall_at_10": 0.942,
        "recall_at_20": 0.968,
        "recall_at_100": 0.998,
        "recall_at_1000": 1.0,
        "precision_at_1": 0.738,
        "precision_at_3": 0.29067,
        "precision_at_5": 0.1836,
        "precision_at_10": 0.0942,
        "precision_at_20": 0.0484,
        "precision_at_100": 0.00998,
        "precision_at_1000": 0.001,
        "mrr_at_1": 0.738,
        "mrr_at_3": 0.797333,
        "mrr_at_5": 0.808133,
        "mrr_at_10": 0.811298,
        "mrr_at_20": 0.813264,
        "mrr_at_100": 0.814095,
        "mrr_at_1000": 0.8141,
        "nauc_ndcg_at_1_max": 0.619692,
        "nauc_ndcg_at_1_std": -0.319076,
        "nauc_ndcg_at_1_diff1": 0.83336,
        "nauc_ndcg_at_3_max": 0.62953,
        "nauc_ndcg_at_3_std": -0.380099,
        "nauc_ndcg_at_3_diff1": 0.803381,
        "nauc_ndcg_at_5_max": 0.626941,
        "nauc_ndcg_at_5_std": -0.411131,
        "nauc_ndcg_at_5_diff1": 0.806096,
        "nauc_ndcg_at_10_max": 0.632042,
        "nauc_ndcg_at_10_std": -0.397747,
        "nauc_ndcg_at_10_diff1": 0.810014,
        "nauc_ndcg_at_20_max": 0.627013,
        "nauc_ndcg_at_20_std": -0.381493,
        "nauc_ndcg_at_20_diff1": 0.810884,
        "nauc_ndcg_at_100_max": 0.626905,
        "nauc_ndcg_at_100_std": -0.364512,
        "nauc_ndcg_at_100_diff1": 0.811094,
        "nauc_ndcg_at_1000_max": 0.627032,
        "nauc_ndcg_at_1000_std": -0.366406,
        "nauc_ndcg_at_1000_diff1": 0.812293,
        "nauc_map_at_1_max": 0.619692,
        "nauc_map_at_1_std": -0.319076,
        "nauc_map_at_1_diff1": 0.83336,
        "nauc_map_at_3_max": 0.626279,
        "nauc_map_at_3_std": -0.359605,
        "nauc_map_at_3_diff1": 0.811395,
        "nauc_map_at_5_max": 0.625077,
        "nauc_map_at_5_std": -0.373256,
        "nauc_map_at_5_diff1": 0.813133,
        "nauc_map_at_10_max": 0.62687,
        "nauc_map_at_10_std": -0.367544,
        "nauc_map_at_10_diff1": 0.814743,
        "nauc_map_at_20_max": 0.625701,
        "nauc_map_at_20_std": -0.362791,
        "nauc_map_at_20_diff1": 0.814936,
        "nauc_map_at_100_max": 0.625791,
        "nauc_map_at_100_std": -0.360138,
        "nauc_map_at_100_diff1": 0.814977,
        "nauc_map_at_1000_max": 0.625793,
        "nauc_map_at_1000_std": -0.360168,
        "nauc_map_at_1000_diff1": 0.814996,
        "nauc_recall_at_1_max": 0.619692,
        "nauc_recall_at_1_std": -0.319076,
        "nauc_recall_at_1_diff1": 0.83336,
        "nauc_recall_at_3_max": 0.643638,
        "nauc_recall_at_3_std": -0.469189,
        "nauc_recall_at_3_diff1": 0.769682,
        "nauc_recall_at_5_max": 0.637289,
        "nauc_recall_at_5_std": -0.655542,
        "nauc_recall_at_5_diff1": 0.764649,
        "nauc_recall_at_10_max": 0.67961,
        "nauc_recall_at_10_std": -0.660501,
        "nauc_recall_at_10_diff1": 0.775524,
        "nauc_recall_at_20_max": 0.632878,
        "nauc_recall_at_20_std": -0.629727,
        "nauc_recall_at_20_diff1": 0.764268,
        "nauc_recall_at_100_max": 0.554155,
        "nauc_recall_at_100_std": 0.722222,
        "nauc_recall_at_100_diff1": 0.122782,
        "nauc_recall_at_1000_max": NaN,
        "nauc_recall_at_1000_std": NaN,
        "nauc_recall_at_1000_diff1": NaN,
        "nauc_precision_at_1_max": 0.619692,
        "nauc_precision_at_1_std": -0.319076,
        "nauc_precision_at_1_diff1": 0.83336,
        "nauc_precision_at_3_max": 0.643638,
        "nauc_precision_at_3_std": -0.469189,
        "nauc_precision_at_3_diff1": 0.769682,
        "nauc_precision_at_5_max": 0.637289,
        "nauc_precision_at_5_std": -0.655542,
        "nauc_precision_at_5_diff1": 0.764649,
        "nauc_precision_at_10_max": 0.67961,
        "nauc_precision_at_10_std": -0.660501,
        "nauc_precision_at_10_diff1": 0.775524,
        "nauc_precision_at_20_max": 0.632878,
        "nauc_precision_at_20_std": -0.629727,
        "nauc_precision_at_20_diff1": 0.764268,
        "nauc_precision_at_100_max": 0.554155,
        "nauc_precision_at_100_std": 0.722222,
        "nauc_precision_at_100_diff1": 0.122782,
        "nauc_precision_at_1000_max": 1.0,
        "nauc_precision_at_1000_std": 1.0,
        "nauc_precision_at_1000_diff1": 1.0,
        "nauc_mrr_at_1_max": 0.619692,
        "nauc_mrr_at_1_std": -0.319076,
        "nauc_mrr_at_1_diff1": 0.83336,
        "nauc_mrr_at_3_max": 0.626279,
        "nauc_mrr_at_3_std": -0.359605,
        "nauc_mrr_at_3_diff1": 0.811395,
        "nauc_mrr_at_5_max": 0.625077,
        "nauc_mrr_at_5_std": -0.373256,
        "nauc_mrr_at_5_diff1": 0.813133,
        "nauc_mrr_at_10_max": 0.62687,
        "nauc_mrr_at_10_std": -0.367544,
        "nauc_mrr_at_10_diff1": 0.814743,
        "nauc_mrr_at_20_max": 0.625701,
        "nauc_mrr_at_20_std": -0.362791,
        "nauc_mrr_at_20_diff1": 0.814936,
        "nauc_mrr_at_100_max": 0.625791,
        "nauc_mrr_at_100_std": -0.360138,
        "nauc_mrr_at_100_diff1": 0.814977,
        "nauc_mrr_at_1000_max": 0.625793,
        "nauc_mrr_at_1000_std": -0.360168,
        "nauc_mrr_at_1000_diff1": 0.814996,
        "main_score": 0.84345,
        "hf_subset": "default",
        "languages": [
          "eng-Latn"
        ]
      }
    ]
  },
  "evaluation_time": 187.23298239707947,
  "kg_co2_emissions": null
}