{
  "dataset_revision": "ca0f1732432ad623ba6172b15e8c726b76e50fad",
  "task_name": "legal-rag-bench",
  "mteb_version": "1.39.7",
  "scores": {
    "test": [
      {
        "ndcg_at_1": 0.23,
        "ndcg_at_3": 0.35202,
        "ndcg_at_5": 0.37998,
        "ndcg_at_10": 0.42274,
        "ndcg_at_20": 0.45853,
        "ndcg_at_100": 0.4827,
        "ndcg_at_1000": 0.49466,
        "map_at_1": 0.23,
        "map_at_3": 0.32167,
        "map_at_5": 0.33667,
        "map_at_10": 0.35476,
        "map_at_20": 0.36476,
        "map_at_100": 0.36809,
        "map_at_1000": 0.36865,
        "recall_at_1": 0.23,
        "recall_at_3": 0.44,
        "recall_at_5": 0.51,
        "recall_at_10": 0.64,
        "recall_at_20": 0.78,
        "recall_at_100": 0.91,
        "recall_at_1000": 1.0,
        "precision_at_1": 0.23,
        "precision_at_3": 0.14667,
        "precision_at_5": 0.102,
        "precision_at_10": 0.064,
        "precision_at_20": 0.039,
        "precision_at_100": 0.0091,
        "precision_at_1000": 0.001,
        "mrr_at_1": 0.23,
        "mrr_at_3": 0.321667,
        "mrr_at_5": 0.336667,
        "mrr_at_10": 0.354758,
        "mrr_at_20": 0.364757,
        "mrr_at_100": 0.368105,
        "mrr_at_1000": 0.368662,
        "nauc_ndcg_at_1_max": -0.013529,
        "nauc_ndcg_at_1_std": -0.191471,
        "nauc_ndcg_at_1_diff1": 0.34638,
        "nauc_ndcg_at_3_max": 0.126421,
        "nauc_ndcg_at_3_std": -0.070734,
        "nauc_ndcg_at_3_diff1": 0.27699,
        "nauc_ndcg_at_5_max": 0.132962,
        "nauc_ndcg_at_5_std": -0.031933,
        "nauc_ndcg_at_5_diff1": 0.307991,
        "nauc_ndcg_at_10_max": 0.12647,
        "nauc_ndcg_at_10_std": -0.016135,
        "nauc_ndcg_at_10_diff1": 0.312696,
        "nauc_ndcg_at_20_max": 0.099099,
        "nauc_ndcg_at_20_std": -0.080206,
        "nauc_ndcg_at_20_diff1": 0.348349,
        "nauc_ndcg_at_100_max": 0.11843,
        "nauc_ndcg_at_100_std": -0.055545,
        "nauc_ndcg_at_100_diff1": 0.331514,
        "nauc_ndcg_at_1000_max": 0.109088,
        "nauc_ndcg_at_1000_std": -0.071432,
        "nauc_ndcg_at_1000_diff1": 0.324675,
        "nauc_map_at_1_max": -0.013529,
        "nauc_map_at_1_std": -0.191471,
        "nauc_map_at_1_diff1": 0.34638,
        "nauc_map_at_3_max": 0.095971,
        "nauc_map_at_3_std": -0.099474,
        "nauc_map_at_3_diff1": 0.292518,
        "nauc_map_at_5_max": 0.098525,
        "nauc_map_at_5_std": -0.079469,
        "nauc_map_at_5_diff1": 0.308813,
        "nauc_map_at_10_max": 0.096374,
        "nauc_map_at_10_std": -0.072415,
        "nauc_map_at_10_diff1": 0.310219,
        "nauc_map_at_20_max": 0.088787,
        "nauc_map_at_20_std": -0.090449,
        "nauc_map_at_20_diff1": 0.319727,
        "nauc_map_at_100_max": 0.09215,
        "nauc_map_at_100_std": -0.088961,
        "nauc_map_at_100_diff1": 0.317385,
        "nauc_map_at_1000_max": 0.091962,
        "nauc_map_at_1000_std": -0.089365,
        "nauc_map_at_1000_diff1": 0.317254,
        "nauc_recall_at_1_max": -0.013529,
        "nauc_recall_at_1_std": -0.191471,
        "nauc_recall_at_1_diff1": 0.34638,
        "nauc_recall_at_3_max": 0.2076,
        "nauc_recall_at_3_std": 0.006851,
        "nauc_recall_at_3_diff1": 0.235423,
        "nauc_recall_at_5_max": 0.229056,
        "nauc_recall_at_5_std": 0.106498,
        "nauc_recall_at_5_diff1": 0.311606,
        "nauc_recall_at_10_max": 0.217828,
        "nauc_recall_at_10_std": 0.17507,
        "nauc_recall_at_10_diff1": 0.330981,
        "nauc_recall_at_20_max": 0.102216,
        "nauc_recall_at_20_std": -0.100292,
        "nauc_recall_at_20_diff1": 0.53874,
        "nauc_recall_at_100_max": 0.356676,
        "nauc_recall_at_100_std": 0.340336,
        "nauc_recall_at_100_diff1": 0.503164,
        "nauc_recall_at_1000_max": NaN,
        "nauc_recall_at_1000_std": NaN,
        "nauc_recall_at_1000_diff1": NaN,
        "nauc_precision_at_1_max": -0.013529,
        "nauc_precision_at_1_std": -0.191471,
        "nauc_precision_at_1_diff1": 0.34638,
        "nauc_precision_at_3_max": 0.2076,
        "nauc_precision_at_3_std": 0.006851,
        "nauc_precision_at_3_diff1": 0.235423,
        "nauc_precision_at_5_max": 0.229056,
        "nauc_precision_at_5_std": 0.106498,
        "nauc_precision_at_5_diff1": 0.311606,
        "nauc_precision_at_10_max": 0.217828,
        "nauc_precision_at_10_std": 0.17507,
        "nauc_precision_at_10_diff1": 0.330981,
        "nauc_precision_at_20_max": 0.102216,
        "nauc_precision_at_20_std": -0.100292,
        "nauc_precision_at_20_diff1": 0.53874,
        "nauc_precision_at_100_max": 0.356676,
        "nauc_precision_at_100_std": 0.340336,
        "nauc_precision_at_100_diff1": 0.503164,
        "nauc_precision_at_1000_max": NaN,
        "nauc_precision_at_1000_std": NaN,
        "nauc_precision_at_1000_diff1": NaN,
        "nauc_mrr_at_1_max": -0.013529,
        "nauc_mrr_at_1_std": -0.191471,
        "nauc_mrr_at_1_diff1": 0.34638,
        "nauc_mrr_at_3_max": 0.095971,
        "nauc_mrr_at_3_std": -0.099474,
        "nauc_mrr_at_3_diff1": 0.292518,
        "nauc_mrr_at_5_max": 0.098525,
        "nauc_mrr_at_5_std": -0.079469,
        "nauc_mrr_at_5_diff1": 0.308813,
        "nauc_mrr_at_10_max": 0.096374,
        "nauc_mrr_at_10_std": -0.072415,
        "nauc_mrr_at_10_diff1": 0.310219,
        "nauc_mrr_at_20_max": 0.088787,
        "nauc_mrr_at_20_std": -0.090449,
        "nauc_mrr_at_20_diff1": 0.319727,
        "nauc_mrr_at_100_max": 0.092175,
        "nauc_mrr_at_100_std": -0.088978,
        "nauc_mrr_at_100_diff1": 0.317361,
        "nauc_mrr_at_1000_max": 0.091987,
        "nauc_mrr_at_1000_std": -0.089382,
        "nauc_mrr_at_1000_diff1": 0.317231,
        "main_score": 0.42274,
        "hf_subset": "default",
        "languages": [
          "eng-Latn"
        ]
      }
    ]
  },
  "evaluation_time": 28.314316749572754,
  "kg_co2_emissions": null
}