{
  "dataset_revision": "ec00129f88e9476e582131dc3a5db9220dfefa48",
  "task_name": "license-tldr-retrieval",
  "mteb_version": "1.39.7",
  "scores": {
    "test": [
      {
        "ndcg_at_1": 0.56923,
        "ndcg_at_3": 0.65055,
        "ndcg_at_5": 0.68828,
        "ndcg_at_10": 0.70985,
        "ndcg_at_20": 0.71777,
        "ndcg_at_100": 0.73855,
        "ndcg_at_1000": 0.73855,
        "map_at_1": 0.56923,
        "map_at_3": 0.63077,
        "map_at_5": 0.65154,
        "map_at_10": 0.66143,
        "map_at_20": 0.66367,
        "map_at_100": 0.66682,
        "map_at_1000": 0.66682,
        "recall_at_1": 0.56923,
        "recall_at_3": 0.70769,
        "recall_at_5": 0.8,
        "recall_at_10": 0.86154,
        "recall_at_20": 0.89231,
        "recall_at_100": 1.0,
        "recall_at_1000": 1.0,
        "precision_at_1": 0.56923,
        "precision_at_3": 0.2359,
        "precision_at_5": 0.16,
        "precision_at_10": 0.08615,
        "precision_at_20": 0.04462,
        "precision_at_100": 0.01,
        "precision_at_1000": 0.001,
        "mrr_at_1": 0.569231,
        "mrr_at_3": 0.630769,
        "mrr_at_5": 0.651538,
        "mrr_at_10": 0.661429,
        "mrr_at_20": 0.663672,
        "mrr_at_100": 0.666822,
        "mrr_at_1000": 0.666822,
        "nauc_ndcg_at_1_max": 0.444342,
        "nauc_ndcg_at_1_std": 0.141029,
        "nauc_ndcg_at_1_diff1": 0.76785,
        "nauc_ndcg_at_3_max": 0.531975,
        "nauc_ndcg_at_3_std": 0.256869,
        "nauc_ndcg_at_3_diff1": 0.695902,
        "nauc_ndcg_at_5_max": 0.505829,
        "nauc_ndcg_at_5_std": 0.283341,
        "nauc_ndcg_at_5_diff1": 0.646513,
        "nauc_ndcg_at_10_max": 0.500701,
        "nauc_ndcg_at_10_std": 0.304816,
        "nauc_ndcg_at_10_diff1": 0.650817,
        "nauc_ndcg_at_20_max": 0.500196,
        "nauc_ndcg_at_20_std": 0.307903,
        "nauc_ndcg_at_20_diff1": 0.652027,
        "nauc_ndcg_at_100_max": 0.499442,
        "nauc_ndcg_at_100_std": 0.262611,
        "nauc_ndcg_at_100_diff1": 0.685279,
        "nauc_ndcg_at_1000_max": 0.499442,
        "nauc_ndcg_at_1000_std": 0.262611,
        "nauc_ndcg_at_1000_diff1": 0.685279,
        "nauc_map_at_1_max": 0.444342,
        "nauc_map_at_1_std": 0.141029,
        "nauc_map_at_1_diff1": 0.76785,
        "nauc_map_at_3_max": 0.51427,
        "nauc_map_at_3_std": 0.225481,
        "nauc_map_at_3_diff1": 0.717281,
        "nauc_map_at_5_max": 0.499767,
        "nauc_map_at_5_std": 0.236763,
        "nauc_map_at_5_diff1": 0.693577,
        "nauc_map_at_10_max": 0.497679,
        "nauc_map_at_10_std": 0.244567,
        "nauc_map_at_10_diff1": 0.696517,
        "nauc_map_at_20_max": 0.49761,
        "nauc_map_at_20_std": 0.245491,
        "nauc_map_at_20_diff1": 0.697287,
        "nauc_map_at_100_max": 0.497171,
        "nauc_map_at_100_std": 0.239833,
        "nauc_map_at_100_diff1": 0.70166,
        "nauc_map_at_1000_max": 0.497171,
        "nauc_map_at_1000_std": 0.239833,
        "nauc_map_at_1000_diff1": 0.70166,
        "nauc_recall_at_1_max": 0.444342,
        "nauc_recall_at_1_std": 0.141029,
        "nauc_recall_at_1_diff1": 0.76785,
        "nauc_recall_at_3_max": 0.588663,
        "nauc_recall_at_3_std": 0.362444,
        "nauc_recall_at_3_diff1": 0.6231,
        "nauc_recall_at_5_max": 0.523012,
        "nauc_recall_at_5_std": 0.492048,
        "nauc_recall_at_5_diff1": 0.429914,
        "nauc_recall_at_10_max": 0.502044,
        "nauc_recall_at_10_std": 0.679836,
        "nauc_recall_at_10_diff1": 0.36726,
        "nauc_recall_at_20_max": 0.496692,
        "nauc_recall_at_20_std": 0.789648,
        "nauc_recall_at_20_diff1": 0.303023,
        "nauc_recall_at_100_max": NaN,
        "nauc_recall_at_100_std": NaN,
        "nauc_recall_at_100_diff1": NaN,
        "nauc_recall_at_1000_max": NaN,
        "nauc_recall_at_1000_std": NaN,
        "nauc_recall_at_1000_diff1": NaN,
        "nauc_precision_at_1_max": 0.444342,
        "nauc_precision_at_1_std": 0.141029,
        "nauc_precision_at_1_diff1": 0.76785,
        "nauc_precision_at_3_max": 0.588663,
        "nauc_precision_at_3_std": 0.362444,
        "nauc_precision_at_3_diff1": 0.6231,
        "nauc_precision_at_5_max": 0.523012,
        "nauc_precision_at_5_std": 0.492048,
        "nauc_precision_at_5_diff1": 0.429914,
        "nauc_precision_at_10_max": 0.502044,
        "nauc_precision_at_10_std": 0.679836,
        "nauc_precision_at_10_diff1": 0.36726,
        "nauc_precision_at_20_max": 0.496692,
        "nauc_precision_at_20_std": 0.789648,
        "nauc_precision_at_20_diff1": 0.303023,
        "nauc_precision_at_100_max": NaN,
        "nauc_precision_at_100_std": NaN,
        "nauc_precision_at_100_diff1": NaN,
        "nauc_precision_at_1000_max": 1.0,
        "nauc_precision_at_1000_std": 1.0,
        "nauc_precision_at_1000_diff1": 1.0,
        "nauc_mrr_at_1_max": 0.444342,
        "nauc_mrr_at_1_std": 0.141029,
        "nauc_mrr_at_1_diff1": 0.76785,
        "nauc_mrr_at_3_max": 0.51427,
        "nauc_mrr_at_3_std": 0.225481,
        "nauc_mrr_at_3_diff1": 0.717281,
        "nauc_mrr_at_5_max": 0.499767,
        "nauc_mrr_at_5_std": 0.236763,
        "nauc_mrr_at_5_diff1": 0.693577,
        "nauc_mrr_at_10_max": 0.497679,
        "nauc_mrr_at_10_std": 0.244567,
        "nauc_mrr_at_10_diff1": 0.696517,
        "nauc_mrr_at_20_max": 0.49761,
        "nauc_mrr_at_20_std": 0.245491,
        "nauc_mrr_at_20_diff1": 0.697287,
        "nauc_mrr_at_100_max": 0.497171,
        "nauc_mrr_at_100_std": 0.239833,
        "nauc_mrr_at_100_diff1": 0.70166,
        "nauc_mrr_at_1000_max": 0.497171,
        "nauc_mrr_at_1000_std": 0.239833,
        "nauc_mrr_at_1000_diff1": 0.70166,
        "main_score": 0.70985,
        "hf_subset": "default",
        "languages": [
          "eng-Latn"
        ]
      }
    ]
  },
  "evaluation_time": 4.583423376083374,
  "kg_co2_emissions": null
}