{
  "dataset_revision": "319b6cc4b012d733f126a943a8a66bdf9df5dc40",
  "task_name": "scalr",
  "mteb_version": "1.39.7",
  "scores": {
    "test": [
      {
        "ndcg_at_1": 0.55,
        "ndcg_at_3": 0.62321,
        "ndcg_at_5": 0.65083,
        "ndcg_at_10": 0.67809,
        "ndcg_at_20": 0.6954,
        "ndcg_at_100": 0.70873,
        "ndcg_at_1000": 0.71324,
        "map_at_1": 0.55,
        "map_at_3": 0.60278,
        "map_at_5": 0.61819,
        "map_at_10": 0.62963,
        "map_at_20": 0.63462,
        "map_at_100": 0.63684,
        "map_at_1000": 0.63705,
        "recall_at_1": 0.55,
        "recall_at_3": 0.68333,
        "recall_at_5": 0.75,
        "recall_at_10": 0.83333,
        "recall_at_20": 0.9,
        "recall_at_100": 0.96667,
        "recall_at_1000": 1.0,
        "precision_at_1": 0.55,
        "precision_at_3": 0.22778,
        "precision_at_5": 0.15,
        "precision_at_10": 0.08333,
        "precision_at_20": 0.045,
        "precision_at_100": 0.00967,
        "precision_at_1000": 0.001,
        "mrr_at_1": 0.55,
        "mrr_at_3": 0.602778,
        "mrr_at_5": 0.618194,
        "mrr_at_10": 0.629626,
        "mrr_at_20": 0.63462,
        "mrr_at_100": 0.63684,
        "mrr_at_1000": 0.63705,
        "nauc_ndcg_at_1_max": 0.345983,
        "nauc_ndcg_at_1_std": -0.010473,
        "nauc_ndcg_at_1_diff1": 0.470149,
        "nauc_ndcg_at_3_max": 0.312361,
        "nauc_ndcg_at_3_std": -0.045836,
        "nauc_ndcg_at_3_diff1": 0.419748,
        "nauc_ndcg_at_5_max": 0.33244,
        "nauc_ndcg_at_5_std": -0.021514,
        "nauc_ndcg_at_5_diff1": 0.427144,
        "nauc_ndcg_at_10_max": 0.339013,
        "nauc_ndcg_at_10_std": -0.006157,
        "nauc_ndcg_at_10_diff1": 0.404921,
        "nauc_ndcg_at_20_max": 0.358174,
        "nauc_ndcg_at_20_std": -0.018607,
        "nauc_ndcg_at_20_diff1": 0.436769,
        "nauc_ndcg_at_100_max": 0.329471,
        "nauc_ndcg_at_100_std": -0.034794,
        "nauc_ndcg_at_100_diff1": 0.421828,
        "nauc_ndcg_at_1000_max": 0.335997,
        "nauc_ndcg_at_1000_std": -0.029535,
        "nauc_ndcg_at_1000_diff1": 0.429709,
        "nauc_map_at_1_max": 0.345983,
        "nauc_map_at_1_std": -0.010473,
        "nauc_map_at_1_diff1": 0.470149,
        "nauc_map_at_3_max": 0.31874,
        "nauc_map_at_3_std": -0.04158,
        "nauc_map_at_3_diff1": 0.434215,
        "nauc_map_at_5_max": 0.330364,
        "nauc_map_at_5_std": -0.028337,
        "nauc_map_at_5_diff1": 0.439304,
        "nauc_map_at_10_max": 0.332055,
        "nauc_map_at_10_std": -0.025554,
        "nauc_map_at_10_diff1": 0.431712,
        "nauc_map_at_20_max": 0.337947,
        "nauc_map_at_20_std": -0.028425,
        "nauc_map_at_20_diff1": 0.439968,
        "nauc_map_at_100_max": 0.333666,
        "nauc_map_at_100_std": -0.030839,
        "nauc_map_at_100_diff1": 0.438058,
        "nauc_map_at_1000_max": 0.333987,
        "nauc_map_at_1000_std": -0.03055,
        "nauc_map_at_1000_diff1": 0.438195,
        "nauc_recall_at_1_max": 0.345983,
        "nauc_recall_at_1_std": -0.010473,
        "nauc_recall_at_1_diff1": 0.470149,
        "nauc_recall_at_3_max": 0.292349,
        "nauc_recall_at_3_std": -0.057591,
        "nauc_recall_at_3_diff1": 0.371177,
        "nauc_recall_at_5_max": 0.344113,
        "nauc_recall_at_5_std": 0.0116,
        "nauc_recall_at_5_diff1": 0.379749,
        "nauc_recall_at_10_max": 0.388153,
        "nauc_recall_at_10_std": 0.128103,
        "nauc_recall_at_10_diff1": 0.245665,
        "nauc_recall_at_20_max": 0.569561,
        "nauc_recall_at_20_std": 0.079404,
        "nauc_recall_at_20_diff1": 0.451369,
        "nauc_recall_at_100_max": 0.029645,
        "nauc_recall_at_100_std": -0.266573,
        "nauc_recall_at_100_diff1": -0.043184,
        "nauc_recall_at_1000_max": NaN,
        "nauc_recall_at_1000_std": NaN,
        "nauc_recall_at_1000_diff1": NaN,
        "nauc_precision_at_1_max": 0.345983,
        "nauc_precision_at_1_std": -0.010473,
        "nauc_precision_at_1_diff1": 0.470149,
        "nauc_precision_at_3_max": 0.292349,
        "nauc_precision_at_3_std": -0.057591,
        "nauc_precision_at_3_diff1": 0.371177,
        "nauc_precision_at_5_max": 0.344113,
        "nauc_precision_at_5_std": 0.0116,
        "nauc_precision_at_5_diff1": 0.379749,
        "nauc_precision_at_10_max": 0.388153,
        "nauc_precision_at_10_std": 0.128103,
        "nauc_precision_at_10_diff1": 0.245665,
        "nauc_precision_at_20_max": 0.569561,
        "nauc_precision_at_20_std": 0.079404,
        "nauc_precision_at_20_diff1": 0.451369,
        "nauc_precision_at_100_max": 0.029645,
        "nauc_precision_at_100_std": -0.266573,
        "nauc_precision_at_100_diff1": -0.043184,
        "nauc_precision_at_1000_max": 1.0,
        "nauc_precision_at_1000_std": 1.0,
        "nauc_precision_at_1000_diff1": 1.0,
        "nauc_mrr_at_1_max": 0.345983,
        "nauc_mrr_at_1_std": -0.010473,
        "nauc_mrr_at_1_diff1": 0.470149,
        "nauc_mrr_at_3_max": 0.31874,
        "nauc_mrr_at_3_std": -0.04158,
        "nauc_mrr_at_3_diff1": 0.434215,
        "nauc_mrr_at_5_max": 0.330364,
        "nauc_mrr_at_5_std": -0.028337,
        "nauc_mrr_at_5_diff1": 0.439304,
        "nauc_mrr_at_10_max": 0.332055,
        "nauc_mrr_at_10_std": -0.025554,
        "nauc_mrr_at_10_diff1": 0.431712,
        "nauc_mrr_at_20_max": 0.337947,
        "nauc_mrr_at_20_std": -0.028425,
        "nauc_mrr_at_20_diff1": 0.439968,
        "nauc_mrr_at_100_max": 0.333666,
        "nauc_mrr_at_100_std": -0.030839,
        "nauc_mrr_at_100_diff1": 0.438058,
        "nauc_mrr_at_1000_max": 0.333987,
        "nauc_mrr_at_1000_std": -0.03055,
        "nauc_mrr_at_1000_diff1": 0.438195,
        "main_score": 0.67809,
        "hf_subset": "default",
        "languages": [
          "eng-Latn"
        ]
      }
    ]
  },
  "evaluation_time": 1.294250249862671,
  "kg_co2_emissions": null
}