{
  "dataset_revision": "427e2ae4b22cd9ad990ef8dd4647c16d79c89198",
  "task_name": "singaporean-judicial-keywords",
  "mteb_version": "1.39.7",
  "scores": {
    "test": [
      {
        "ndcg_at_1": 0.794,
        "ndcg_at_3": 0.86295,
        "ndcg_at_5": 0.87784,
        "ndcg_at_10": 0.88502,
        "ndcg_at_20": 0.88802,
        "ndcg_at_100": 0.89056,
        "ndcg_at_1000": 0.8914,
        "map_at_1": 0.794,
        "map_at_3": 0.846,
        "map_at_5": 0.8543,
        "map_at_10": 0.8573,
        "map_at_20": 0.85811,
        "map_at_100": 0.85858,
        "map_at_1000": 0.85862,
        "recall_at_1": 0.794,
        "recall_at_3": 0.912,
        "recall_at_5": 0.948,
        "recall_at_10": 0.97,
        "recall_at_20": 0.982,
        "recall_at_100": 0.994,
        "recall_at_1000": 1.0,
        "precision_at_1": 0.794,
        "precision_at_3": 0.304,
        "precision_at_5": 0.1896,
        "precision_at_10": 0.097,
        "precision_at_20": 0.0491,
        "precision_at_100": 0.00994,
        "precision_at_1000": 0.001,
        "mrr_at_1": 0.794,
        "mrr_at_3": 0.846,
        "mrr_at_5": 0.8543,
        "mrr_at_10": 0.857299,
        "mrr_at_20": 0.858105,
        "mrr_at_100": 0.858579,
        "mrr_at_1000": 0.858622,
        "nauc_ndcg_at_1_max": 0.591337,
        "nauc_ndcg_at_1_std": -0.069019,
        "nauc_ndcg_at_1_diff1": 0.853784,
        "nauc_ndcg_at_3_max": 0.634791,
        "nauc_ndcg_at_3_std": 0.026722,
        "nauc_ndcg_at_3_diff1": 0.837691,
        "nauc_ndcg_at_5_max": 0.666258,
        "nauc_ndcg_at_5_std": 0.031815,
        "nauc_ndcg_at_5_diff1": 0.836985,
        "nauc_ndcg_at_10_max": 0.65602,
        "nauc_ndcg_at_10_std": 0.020168,
        "nauc_ndcg_at_10_diff1": 0.841667,
        "nauc_ndcg_at_20_max": 0.646877,
        "nauc_ndcg_at_20_std": 0.012553,
        "nauc_ndcg_at_20_diff1": 0.842321,
        "nauc_ndcg_at_100_max": 0.640148,
        "nauc_ndcg_at_100_std": 0.008677,
        "nauc_ndcg_at_100_diff1": 0.84504,
        "nauc_ndcg_at_1000_max": 0.63721,
        "nauc_ndcg_at_1000_std": 0.001716,
        "nauc_ndcg_at_1000_diff1": 0.844126,
        "nauc_map_at_1_max": 0.591337,
        "nauc_map_at_1_std": -0.069019,
        "nauc_map_at_1_diff1": 0.853784,
        "nauc_map_at_3_max": 0.622553,
        "nauc_map_at_3_std": -0.002366,
        "nauc_map_at_3_diff1": 0.842511,
        "nauc_map_at_5_max": 0.636461,
        "nauc_map_at_5_std": -0.002221,
        "nauc_map_at_5_diff1": 0.842364,
        "nauc_map_at_10_max": 0.63245,
        "nauc_map_at_10_std": -0.006826,
        "nauc_map_at_10_diff1": 0.84433,
        "nauc_map_at_20_max": 0.630359,
        "nauc_map_at_20_std": -0.008739,
        "nauc_map_at_20_diff1": 0.844475,
        "nauc_map_at_100_max": 0.629363,
        "nauc_map_at_100_std": -0.009321,
        "nauc_map_at_100_diff1": 0.844907,
        "nauc_map_at_1000_max": 0.629245,
        "nauc_map_at_1000_std": -0.009595,
        "nauc_map_at_1000_diff1": 0.84487,
        "nauc_recall_at_1_max": 0.591337,
        "nauc_recall_at_1_std": -0.069019,
        "nauc_recall_at_1_diff1": 0.853784,
        "nauc_recall_at_3_max": 0.692354,
        "nauc_recall_at_3_std": 0.165171,
        "nauc_recall_at_3_diff1": 0.814797,
        "nauc_recall_at_5_max": 0.903936,
        "nauc_recall_at_5_std": 0.293992,
        "nauc_recall_at_5_diff1": 0.79629,
        "nauc_recall_at_10_max": 0.961562,
        "nauc_recall_at_10_std": 0.354684,
        "nauc_recall_at_10_diff1": 0.812325,
        "nauc_recall_at_20_max": 0.950462,
        "nauc_recall_at_20_std": 0.405696,
        "nauc_recall_at_20_diff1": 0.808849,
        "nauc_recall_at_100_max": 1.0,
        "nauc_recall_at_100_std": 0.863834,
        "nauc_recall_at_100_diff1": 0.956427,
        "nauc_recall_at_1000_max": NaN,
        "nauc_recall_at_1000_std": NaN,
        "nauc_recall_at_1000_diff1": NaN,
        "nauc_precision_at_1_max": 0.591337,
        "nauc_precision_at_1_std": -0.069019,
        "nauc_precision_at_1_diff1": 0.853784,
        "nauc_precision_at_3_max": 0.692354,
        "nauc_precision_at_3_std": 0.165171,
        "nauc_precision_at_3_diff1": 0.814797,
        "nauc_precision_at_5_max": 0.903936,
        "nauc_precision_at_5_std": 0.293992,
        "nauc_precision_at_5_diff1": 0.79629,
        "nauc_precision_at_10_max": 0.961562,
        "nauc_precision_at_10_std": 0.354684,
        "nauc_precision_at_10_diff1": 0.812325,
        "nauc_precision_at_20_max": 0.950462,
        "nauc_precision_at_20_std": 0.405696,
        "nauc_precision_at_20_diff1": 0.808849,
        "nauc_precision_at_100_max": 1.0,
        "nauc_precision_at_100_std": 0.863834,
        "nauc_precision_at_100_diff1": 0.956427,
        "nauc_precision_at_1000_max": 1.0,
        "nauc_precision_at_1000_std": 1.0,
        "nauc_precision_at_1000_diff1": 1.0,
        "nauc_mrr_at_1_max": 0.591337,
        "nauc_mrr_at_1_std": -0.069019,
        "nauc_mrr_at_1_diff1": 0.853784,
        "nauc_mrr_at_3_max": 0.622553,
        "nauc_mrr_at_3_std": -0.002366,
        "nauc_mrr_at_3_diff1": 0.842511,
        "nauc_mrr_at_5_max": 0.636461,
        "nauc_mrr_at_5_std": -0.002221,
        "nauc_mrr_at_5_diff1": 0.842364,
        "nauc_mrr_at_10_max": 0.63245,
        "nauc_mrr_at_10_std": -0.006826,
        "nauc_mrr_at_10_diff1": 0.84433,
        "nauc_mrr_at_20_max": 0.630359,
        "nauc_mrr_at_20_std": -0.008739,
        "nauc_mrr_at_20_diff1": 0.844475,
        "nauc_mrr_at_100_max": 0.629363,
        "nauc_mrr_at_100_std": -0.009321,
        "nauc_mrr_at_100_diff1": 0.844907,
        "nauc_mrr_at_1000_max": 0.629245,
        "nauc_mrr_at_1000_std": -0.009595,
        "nauc_mrr_at_1000_diff1": 0.84487,
        "main_score": 0.88502,
        "hf_subset": "default",
        "languages": [
          "eng-Latn"
        ]
      }
    ]
  },
  "evaluation_time": 254.28248047828674,
  "kg_co2_emissions": null
}