{
  "dataset_revision": "436d6a79d06cac556799e9e0be54a6fb90bf7182",
  "task_name": "uk-legislative-long-titles",
  "mteb_version": "1.39.7",
  "scores": {
    "test": [
      {
        "ndcg_at_1": 0.92308,
        "ndcg_at_3": 0.95375,
        "ndcg_at_5": 0.95871,
        "ndcg_at_10": 0.95871,
        "ndcg_at_20": 0.95871,
        "ndcg_at_100": 0.96125,
        "ndcg_at_1000": 0.96125,
        "map_at_1": 0.92308,
        "map_at_3": 0.94658,
        "map_at_5": 0.94915,
        "map_at_10": 0.94915,
        "map_at_20": 0.94915,
        "map_at_100": 0.94955,
        "map_at_1000": 0.94955,
        "recall_at_1": 0.92308,
        "recall_at_3": 0.97436,
        "recall_at_5": 0.98718,
        "recall_at_10": 0.98718,
        "recall_at_20": 0.98718,
        "recall_at_100": 1.0,
        "recall_at_1000": 1.0,
        "precision_at_1": 0.92308,
        "precision_at_3": 0.32479,
        "precision_at_5": 0.19744,
        "precision_at_10": 0.09872,
        "precision_at_20": 0.04936,
        "precision_at_100": 0.01,
        "precision_at_1000": 0.001,
        "mrr_at_1": 0.923077,
        "mrr_at_3": 0.946581,
        "mrr_at_5": 0.949145,
        "mrr_at_10": 0.949145,
        "mrr_at_20": 0.949145,
        "mrr_at_100": 0.949546,
        "mrr_at_1000": 0.949546,
        "nauc_ndcg_at_1_max": 0.760886,
        "nauc_ndcg_at_1_std": 0.330094,
        "nauc_ndcg_at_1_diff1": 0.978151,
        "nauc_ndcg_at_3_max": 0.699907,
        "nauc_ndcg_at_3_std": 0.435449,
        "nauc_ndcg_at_3_diff1": 0.963658,
        "nauc_ndcg_at_5_max": 0.769147,
        "nauc_ndcg_at_5_std": 0.472921,
        "nauc_ndcg_at_5_diff1": 0.97504,
        "nauc_ndcg_at_10_max": 0.769147,
        "nauc_ndcg_at_10_std": 0.472921,
        "nauc_ndcg_at_10_diff1": 0.97504,
        "nauc_ndcg_at_20_max": 0.769147,
        "nauc_ndcg_at_20_std": 0.472921,
        "nauc_ndcg_at_20_diff1": 0.97504,
        "nauc_ndcg_at_100_max": 0.754004,
        "nauc_ndcg_at_100_std": 0.438347,
        "nauc_ndcg_at_100_diff1": 0.973403,
        "nauc_ndcg_at_1000_max": 0.754004,
        "nauc_ndcg_at_1000_std": 0.438347,
        "nauc_ndcg_at_1000_diff1": 0.973403,
        "nauc_map_at_1_max": 0.760886,
        "nauc_map_at_1_std": 0.330094,
        "nauc_map_at_1_diff1": 0.978151,
        "nauc_map_at_3_max": 0.72266,
        "nauc_map_at_3_std": 0.41249,
        "nauc_map_at_3_diff1": 0.968538,
        "nauc_map_at_5_max": 0.752869,
        "nauc_map_at_5_std": 0.42706,
        "nauc_map_at_5_diff1": 0.973561,
        "nauc_map_at_10_max": 0.752869,
        "nauc_map_at_10_std": 0.42706,
        "nauc_map_at_10_diff1": 0.973561,
        "nauc_map_at_20_max": 0.752869,
        "nauc_map_at_20_std": 0.42706,
        "nauc_map_at_20_diff1": 0.973561,
        "nauc_map_at_100_max": 0.750907,
        "nauc_map_at_100_std": 0.422511,
        "nauc_map_at_100_diff1": 0.973351,
        "nauc_map_at_1000_max": 0.750907,
        "nauc_map_at_1000_std": 0.422511,
        "nauc_map_at_1000_diff1": 0.973351,
        "nauc_recall_at_1_max": 0.760886,
        "nauc_recall_at_1_std": 0.330094,
        "nauc_recall_at_1_diff1": 0.978151,
        "nauc_recall_at_3_max": 0.561758,
        "nauc_recall_at_3_std": 0.561758,
        "nauc_recall_at_3_diff1": 0.934454,
        "nauc_recall_at_5_max": 1.0,
        "nauc_recall_at_5_std": 1.0,
        "nauc_recall_at_5_diff1": 1.0,
        "nauc_recall_at_10_max": 1.0,
        "nauc_recall_at_10_std": 1.0,
        "nauc_recall_at_10_diff1": 1.0,
        "nauc_recall_at_20_max": 1.0,
        "nauc_recall_at_20_std": 1.0,
        "nauc_recall_at_20_diff1": 1.0,
        "nauc_recall_at_100_max": NaN,
        "nauc_recall_at_100_std": NaN,
        "nauc_recall_at_100_diff1": NaN,
        "nauc_recall_at_1000_max": NaN,
        "nauc_recall_at_1000_std": NaN,
        "nauc_recall_at_1000_diff1": NaN,
        "nauc_precision_at_1_max": 0.760886,
        "nauc_precision_at_1_std": 0.330094,
        "nauc_precision_at_1_diff1": 0.978151,
        "nauc_precision_at_3_max": 0.561758,
        "nauc_precision_at_3_std": 0.561758,
        "nauc_precision_at_3_diff1": 0.934454,
        "nauc_precision_at_5_max": 1.0,
        "nauc_precision_at_5_std": 1.0,
        "nauc_precision_at_5_diff1": 1.0,
        "nauc_precision_at_10_max": 1.0,
        "nauc_precision_at_10_std": 1.0,
        "nauc_precision_at_10_diff1": 1.0,
        "nauc_precision_at_20_max": 1.0,
        "nauc_precision_at_20_std": 1.0,
        "nauc_precision_at_20_diff1": 1.0,
        "nauc_precision_at_100_max": 1.0,
        "nauc_precision_at_100_std": 1.0,
        "nauc_precision_at_100_diff1": 1.0,
        "nauc_precision_at_1000_max": 1.0,
        "nauc_precision_at_1000_std": 1.0,
        "nauc_precision_at_1000_diff1": 1.0,
        "nauc_mrr_at_1_max": 0.760886,
        "nauc_mrr_at_1_std": 0.330094,
        "nauc_mrr_at_1_diff1": 0.978151,
        "nauc_mrr_at_3_max": 0.72266,
        "nauc_mrr_at_3_std": 0.41249,
        "nauc_mrr_at_3_diff1": 0.968538,
        "nauc_mrr_at_5_max": 0.752869,
        "nauc_mrr_at_5_std": 0.42706,
        "nauc_mrr_at_5_diff1": 0.973561,
        "nauc_mrr_at_10_max": 0.752869,
        "nauc_mrr_at_10_std": 0.42706,
        "nauc_mrr_at_10_diff1": 0.973561,
        "nauc_mrr_at_20_max": 0.752869,
        "nauc_mrr_at_20_std": 0.42706,
        "nauc_mrr_at_20_diff1": 0.973561,
        "nauc_mrr_at_100_max": 0.750907,
        "nauc_mrr_at_100_std": 0.422511,
        "nauc_mrr_at_100_diff1": 0.973351,
        "nauc_mrr_at_1000_max": 0.750907,
        "nauc_mrr_at_1000_std": 0.422511,
        "nauc_mrr_at_1000_diff1": 0.973351,
        "main_score": 0.95871,
        "hf_subset": "default",
        "languages": [
          "eng-Latn"
        ]
      }
    ]
  },
  "evaluation_time": 61.2698872089386,
  "kg_co2_emissions": null
}