{
  "dataset_revision": "c64c3baac6bfd5f934d2df6e5d42dcb7d87c8ba8",
  "task_name": "australian-tax-guidance-retrieval",
  "mteb_version": "1.39.7",
  "scores": {
    "test": [
      {
        "ndcg_at_1": 0.54464,
        "ndcg_at_3": 0.67942,
        "ndcg_at_5": 0.71285,
        "ndcg_at_10": 0.72839,
        "ndcg_at_20": 0.74196,
        "ndcg_at_100": 0.75033,
        "ndcg_at_1000": 0.75033,
        "map_at_1": 0.54464,
        "map_at_3": 0.64583,
        "map_at_5": 0.66458,
        "map_at_10": 0.67165,
        "map_at_20": 0.67539,
        "map_at_100": 0.67657,
        "map_at_1000": 0.67657,
        "recall_at_1": 0.54464,
        "recall_at_3": 0.77679,
        "recall_at_5": 0.85714,
        "recall_at_10": 0.90179,
        "recall_at_20": 0.95536,
        "recall_at_100": 1.0,
        "recall_at_1000": 1.0,
        "precision_at_1": 0.54464,
        "precision_at_3": 0.25893,
        "precision_at_5": 0.17143,
        "precision_at_10": 0.09018,
        "precision_at_20": 0.04777,
        "precision_at_100": 0.01,
        "precision_at_1000": 0.001,
        "mrr_at_1": 0.544643,
        "mrr_at_3": 0.645833,
        "mrr_at_5": 0.664583,
        "mrr_at_10": 0.671652,
        "mrr_at_20": 0.675392,
        "mrr_at_100": 0.676567,
        "mrr_at_1000": 0.676567,
        "nauc_ndcg_at_1_max": 0.241659,
        "nauc_ndcg_at_1_std": -0.038922,
        "nauc_ndcg_at_1_diff1": 0.589872,
        "nauc_ndcg_at_3_max": 0.26928,
        "nauc_ndcg_at_3_std": -0.036973,
        "nauc_ndcg_at_3_diff1": 0.522673,
        "nauc_ndcg_at_5_max": 0.309466,
        "nauc_ndcg_at_5_std": 0.000223,
        "nauc_ndcg_at_5_diff1": 0.574974,
        "nauc_ndcg_at_10_max": 0.318209,
        "nauc_ndcg_at_10_std": 0.046707,
        "nauc_ndcg_at_10_diff1": 0.548735,
        "nauc_ndcg_at_20_max": 0.318837,
        "nauc_ndcg_at_20_std": 0.041913,
        "nauc_ndcg_at_20_diff1": 0.549832,
        "nauc_ndcg_at_100_max": 0.293279,
        "nauc_ndcg_at_100_std": 0.009951,
        "nauc_ndcg_at_100_diff1": 0.553518,
        "nauc_ndcg_at_1000_max": 0.293279,
        "nauc_ndcg_at_1000_std": 0.009951,
        "nauc_ndcg_at_1000_diff1": 0.553518,
        "nauc_map_at_1_max": 0.241659,
        "nauc_map_at_1_std": -0.038922,
        "nauc_map_at_1_diff1": 0.589872,
        "nauc_map_at_3_max": 0.262249,
        "nauc_map_at_3_std": -0.034172,
        "nauc_map_at_3_diff1": 0.541767,
        "nauc_map_at_5_max": 0.280973,
        "nauc_map_at_5_std": -0.016982,
        "nauc_map_at_5_diff1": 0.568338,
        "nauc_map_at_10_max": 0.283991,
        "nauc_map_at_10_std": 0.001354,
        "nauc_map_at_10_diff1": 0.557931,
        "nauc_map_at_20_max": 0.284306,
        "nauc_map_at_20_std": 0.000104,
        "nauc_map_at_20_diff1": 0.558014,
        "nauc_map_at_100_max": 0.281346,
        "nauc_map_at_100_std": -0.003576,
        "nauc_map_at_100_diff1": 0.558073,
        "nauc_map_at_1000_max": 0.281346,
        "nauc_map_at_1000_std": -0.003576,
        "nauc_map_at_1000_diff1": 0.558073,
        "nauc_recall_at_1_max": 0.241659,
        "nauc_recall_at_1_std": -0.038922,
        "nauc_recall_at_1_diff1": 0.589872,
        "nauc_recall_at_3_max": 0.296659,
        "nauc_recall_at_3_std": -0.050007,
        "nauc_recall_at_3_diff1": 0.447027,
        "nauc_recall_at_5_max": 0.47936,
        "nauc_recall_at_5_std": 0.106064,
        "nauc_recall_at_5_diff1": 0.626751,
        "nauc_recall_at_10_max": 0.598262,
        "nauc_recall_at_10_std": 0.435102,
        "nauc_recall_at_10_diff1": 0.480676,
        "nauc_recall_at_20_max": 0.918535,
        "nauc_recall_at_20_std": 0.79559,
        "nauc_recall_at_20_diff1": 0.431363,
        "nauc_recall_at_100_max": NaN,
        "nauc_recall_at_100_std": NaN,
        "nauc_recall_at_100_diff1": NaN,
        "nauc_recall_at_1000_max": NaN,
        "nauc_recall_at_1000_std": NaN,
        "nauc_recall_at_1000_diff1": NaN,
        "nauc_precision_at_1_max": 0.241659,
        "nauc_precision_at_1_std": -0.038922,
        "nauc_precision_at_1_diff1": 0.589872,
        "nauc_precision_at_3_max": 0.296659,
        "nauc_precision_at_3_std": -0.050007,
        "nauc_precision_at_3_diff1": 0.447027,
        "nauc_precision_at_5_max": 0.47936,
        "nauc_precision_at_5_std": 0.106064,
        "nauc_precision_at_5_diff1": 0.626751,
        "nauc_precision_at_10_max": 0.598262,
        "nauc_precision_at_10_std": 0.435102,
        "nauc_precision_at_10_diff1": 0.480676,
        "nauc_precision_at_20_max": 0.918535,
        "nauc_precision_at_20_std": 0.79559,
        "nauc_precision_at_20_diff1": 0.431363,
        "nauc_precision_at_100_max": NaN,
        "nauc_precision_at_100_std": NaN,
        "nauc_precision_at_100_diff1": NaN,
        "nauc_precision_at_1000_max": 1.0,
        "nauc_precision_at_1000_std": 1.0,
        "nauc_precision_at_1000_diff1": 1.0,
        "nauc_mrr_at_1_max": 0.241659,
        "nauc_mrr_at_1_std": -0.038922,
        "nauc_mrr_at_1_diff1": 0.589872,
        "nauc_mrr_at_3_max": 0.262249,
        "nauc_mrr_at_3_std": -0.034172,
        "nauc_mrr_at_3_diff1": 0.541767,
        "nauc_mrr_at_5_max": 0.280973,
        "nauc_mrr_at_5_std": -0.016982,
        "nauc_mrr_at_5_diff1": 0.568338,
        "nauc_mrr_at_10_max": 0.283991,
        "nauc_mrr_at_10_std": 0.001354,
        "nauc_mrr_at_10_diff1": 0.557931,
        "nauc_mrr_at_20_max": 0.284306,
        "nauc_mrr_at_20_std": 0.000104,
        "nauc_mrr_at_20_diff1": 0.558014,
        "nauc_mrr_at_100_max": 0.281346,
        "nauc_mrr_at_100_std": -0.003576,
        "nauc_mrr_at_100_diff1": 0.558073,
        "nauc_mrr_at_1000_max": 0.281346,
        "nauc_mrr_at_1000_std": -0.003576,
        "nauc_mrr_at_1000_diff1": 0.558073,
        "main_score": 0.72839,
        "hf_subset": "default",
        "languages": [
          "eng-Latn"
        ]
      }
    ]
  },
  "evaluation_time": 7.055305480957031,
  "kg_co2_emissions": null
}