{
  "dataset_revision": "dd157bbfa479359488c656981e3999da6f42e4e9",
  "task_name": "bar-exam-qa",
  "mteb_version": "1.39.7",
  "scores": {
    "test": [
      {
        "ndcg_at_1": 0.25641,
        "ndcg_at_3": 0.40069,
        "ndcg_at_5": 0.41872,
        "ndcg_at_10": 0.4715,
        "ndcg_at_20": 0.50334,
        "ndcg_at_100": 0.53607,
        "ndcg_at_1000": 0.53607,
        "map_at_1": 0.25641,
        "map_at_3": 0.36752,
        "map_at_5": 0.37778,
        "map_at_10": 0.39973,
        "map_at_20": 0.40816,
        "map_at_100": 0.41304,
        "map_at_1000": 0.41304,
        "recall_at_1": 0.25641,
        "recall_at_3": 0.49573,
        "recall_at_5": 0.53846,
        "recall_at_10": 0.70085,
        "recall_at_20": 0.82906,
        "recall_at_100": 1.0,
        "recall_at_1000": 1.0,
        "precision_at_1": 0.25641,
        "precision_at_3": 0.16524,
        "precision_at_5": 0.10769,
        "precision_at_10": 0.07009,
        "precision_at_20": 0.04145,
        "precision_at_100": 0.01,
        "precision_at_1000": 0.001,
        "mrr_at_1": 0.25641,
        "mrr_at_3": 0.367521,
        "mrr_at_5": 0.377778,
        "mrr_at_10": 0.399732,
        "mrr_at_20": 0.408156,
        "mrr_at_100": 0.413044,
        "mrr_at_1000": 0.413044,
        "nauc_ndcg_at_1_max": 0.258867,
        "nauc_ndcg_at_1_std": -0.024461,
        "nauc_ndcg_at_1_diff1": 0.332103,
        "nauc_ndcg_at_3_max": 0.291917,
        "nauc_ndcg_at_3_std": -0.01763,
        "nauc_ndcg_at_3_diff1": 0.251193,
        "nauc_ndcg_at_5_max": 0.293631,
        "nauc_ndcg_at_5_std": 0.010807,
        "nauc_ndcg_at_5_diff1": 0.236446,
        "nauc_ndcg_at_10_max": 0.31102,
        "nauc_ndcg_at_10_std": 0.023764,
        "nauc_ndcg_at_10_diff1": 0.270587,
        "nauc_ndcg_at_20_max": 0.329436,
        "nauc_ndcg_at_20_std": 0.007603,
        "nauc_ndcg_at_20_diff1": 0.303104,
        "nauc_ndcg_at_100_max": 0.303174,
        "nauc_ndcg_at_100_std": 0.002877,
        "nauc_ndcg_at_100_diff1": 0.279759,
        "nauc_ndcg_at_1000_max": 0.303174,
        "nauc_ndcg_at_1000_std": 0.002877,
        "nauc_ndcg_at_1000_diff1": 0.279759,
        "nauc_map_at_1_max": 0.258867,
        "nauc_map_at_1_std": -0.024461,
        "nauc_map_at_1_diff1": 0.332103,
        "nauc_map_at_3_max": 0.285436,
        "nauc_map_at_3_std": -0.017658,
        "nauc_map_at_3_diff1": 0.26627,
        "nauc_map_at_5_max": 0.286201,
        "nauc_map_at_5_std": -0.00144,
        "nauc_map_at_5_diff1": 0.258313,
        "nauc_map_at_10_max": 0.293229,
        "nauc_map_at_10_std": 0.002862,
        "nauc_map_at_10_diff1": 0.272515,
        "nauc_map_at_20_max": 0.298049,
        "nauc_map_at_20_std": -0.000728,
        "nauc_map_at_20_diff1": 0.281126,
        "nauc_map_at_100_max": 0.294381,
        "nauc_map_at_100_std": -0.001708,
        "nauc_map_at_100_diff1": 0.278339,
        "nauc_map_at_1000_max": 0.294381,
        "nauc_map_at_1000_std": -0.001708,
        "nauc_map_at_1000_diff1": 0.278339,
        "nauc_recall_at_1_max": 0.258867,
        "nauc_recall_at_1_std": -0.024461,
        "nauc_recall_at_1_diff1": 0.332103,
        "nauc_recall_at_3_max": 0.309446,
        "nauc_recall_at_3_std": -0.018166,
        "nauc_recall_at_3_diff1": 0.210782,
        "nauc_recall_at_5_max": 0.314796,
        "nauc_recall_at_5_std": 0.048816,
        "nauc_recall_at_5_diff1": 0.17317,
        "nauc_recall_at_10_max": 0.383032,
        "nauc_recall_at_10_std": 0.110875,
        "nauc_recall_at_10_diff1": 0.280617,
        "nauc_recall_at_20_max": 0.545481,
        "nauc_recall_at_20_std": 0.03842,
        "nauc_recall_at_20_diff1": 0.505102,
        "nauc_recall_at_100_max": NaN,
        "nauc_recall_at_100_std": NaN,
        "nauc_recall_at_100_diff1": NaN,
        "nauc_recall_at_1000_max": NaN,
        "nauc_recall_at_1000_std": NaN,
        "nauc_recall_at_1000_diff1": NaN,
        "nauc_precision_at_1_max": 0.258867,
        "nauc_precision_at_1_std": -0.024461,
        "nauc_precision_at_1_diff1": 0.332103,
        "nauc_precision_at_3_max": 0.309446,
        "nauc_precision_at_3_std": -0.018166,
        "nauc_precision_at_3_diff1": 0.210782,
        "nauc_precision_at_5_max": 0.314796,
        "nauc_precision_at_5_std": 0.048816,
        "nauc_precision_at_5_diff1": 0.17317,
        "nauc_precision_at_10_max": 0.383032,
        "nauc_precision_at_10_std": 0.110875,
        "nauc_precision_at_10_diff1": 0.280617,
        "nauc_precision_at_20_max": 0.545481,
        "nauc_precision_at_20_std": 0.03842,
        "nauc_precision_at_20_diff1": 0.505102,
        "nauc_precision_at_100_max": NaN,
        "nauc_precision_at_100_std": NaN,
        "nauc_precision_at_100_diff1": NaN,
        "nauc_precision_at_1000_max": 1.0,
        "nauc_precision_at_1000_std": 1.0,
        "nauc_precision_at_1000_diff1": 1.0,
        "nauc_mrr_at_1_max": 0.258867,
        "nauc_mrr_at_1_std": -0.024461,
        "nauc_mrr_at_1_diff1": 0.332103,
        "nauc_mrr_at_3_max": 0.285436,
        "nauc_mrr_at_3_std": -0.017658,
        "nauc_mrr_at_3_diff1": 0.26627,
        "nauc_mrr_at_5_max": 0.286201,
        "nauc_mrr_at_5_std": -0.00144,
        "nauc_mrr_at_5_diff1": 0.258313,
        "nauc_mrr_at_10_max": 0.293229,
        "nauc_mrr_at_10_std": 0.002862,
        "nauc_mrr_at_10_diff1": 0.272515,
        "nauc_mrr_at_20_max": 0.298049,
        "nauc_mrr_at_20_std": -0.000728,
        "nauc_mrr_at_20_diff1": 0.281126,
        "nauc_mrr_at_100_max": 0.294381,
        "nauc_mrr_at_100_std": -0.001708,
        "nauc_mrr_at_100_diff1": 0.278339,
        "nauc_mrr_at_1000_max": 0.294381,
        "nauc_mrr_at_1000_std": -0.001708,
        "nauc_mrr_at_1000_diff1": 0.278339,
        "main_score": 0.4715,
        "hf_subset": "default",
        "languages": [
          "eng-Latn"
        ]
      }
    ]
  },
  "evaluation_time": 8.008693933486938,
  "kg_co2_emissions": null
}