{
  "dataset_revision": "2095f248902963b4480ac96b774ba64b2104cbee",
  "task_name": "consumer-contracts-qa",
  "mteb_version": "1.39.7",
  "scores": {
    "test": [
      {
        "ndcg_at_1": 0.67677,
        "ndcg_at_3": 0.81078,
        "ndcg_at_5": 0.81904,
        "ndcg_at_10": 0.83081,
        "ndcg_at_20": 0.83464,
        "ndcg_at_100": 0.8385,
        "ndcg_at_1000": 0.8385,
        "map_at_1": 0.67677,
        "map_at_3": 0.77694,
        "map_at_5": 0.78148,
        "map_at_10": 0.78653,
        "map_at_20": 0.78759,
        "map_at_100": 0.78814,
        "map_at_1000": 0.78814,
        "recall_at_1": 0.67677,
        "recall_at_3": 0.90909,
        "recall_at_5": 0.92929,
        "recall_at_10": 0.96465,
        "recall_at_20": 0.9798,
        "recall_at_100": 1.0,
        "recall_at_1000": 1.0,
        "precision_at_1": 0.67677,
        "precision_at_3": 0.30303,
        "precision_at_5": 0.18586,
        "precision_at_10": 0.09646,
        "precision_at_20": 0.04899,
        "precision_at_100": 0.01,
        "precision_at_1000": 0.001,
        "mrr_at_1": 0.676768,
        "mrr_at_3": 0.776936,
        "mrr_at_5": 0.781481,
        "mrr_at_10": 0.786532,
        "mrr_at_20": 0.787585,
        "mrr_at_100": 0.788142,
        "mrr_at_1000": 0.788142,
        "nauc_ndcg_at_1_max": 0.524689,
        "nauc_ndcg_at_1_std": 0.265488,
        "nauc_ndcg_at_1_diff1": 0.611085,
        "nauc_ndcg_at_3_max": 0.506137,
        "nauc_ndcg_at_3_std": 0.234197,
        "nauc_ndcg_at_3_diff1": 0.559708,
        "nauc_ndcg_at_5_max": 0.482335,
        "nauc_ndcg_at_5_std": 0.196592,
        "nauc_ndcg_at_5_diff1": 0.543818,
        "nauc_ndcg_at_10_max": 0.499626,
        "nauc_ndcg_at_10_std": 0.227087,
        "nauc_ndcg_at_10_diff1": 0.573364,
        "nauc_ndcg_at_20_max": 0.501856,
        "nauc_ndcg_at_20_std": 0.245495,
        "nauc_ndcg_at_20_diff1": 0.576741,
        "nauc_ndcg_at_100_max": 0.505674,
        "nauc_ndcg_at_100_std": 0.234037,
        "nauc_ndcg_at_100_diff1": 0.57414,
        "nauc_ndcg_at_1000_max": 0.505674,
        "nauc_ndcg_at_1000_std": 0.234037,
        "nauc_ndcg_at_1000_diff1": 0.57414,
        "nauc_map_at_1_max": 0.524689,
        "nauc_map_at_1_std": 0.265488,
        "nauc_map_at_1_diff1": 0.611085,
        "nauc_map_at_3_max": 0.513036,
        "nauc_map_at_3_std": 0.238036,
        "nauc_map_at_3_diff1": 0.574705,
        "nauc_map_at_5_max": 0.502142,
        "nauc_map_at_5_std": 0.220772,
        "nauc_map_at_5_diff1": 0.567614,
        "nauc_map_at_10_max": 0.508002,
        "nauc_map_at_10_std": 0.231513,
        "nauc_map_at_10_diff1": 0.577684,
        "nauc_map_at_20_max": 0.508252,
        "nauc_map_at_20_std": 0.235923,
        "nauc_map_at_20_diff1": 0.578096,
        "nauc_map_at_100_max": 0.508908,
        "nauc_map_at_100_std": 0.23475,
        "nauc_map_at_100_diff1": 0.577779,
        "nauc_map_at_1000_max": 0.508908,
        "nauc_map_at_1000_std": 0.23475,
        "nauc_map_at_1000_diff1": 0.577779,
        "nauc_recall_at_1_max": 0.524689,
        "nauc_recall_at_1_std": 0.265488,
        "nauc_recall_at_1_diff1": 0.611085,
        "nauc_recall_at_3_max": 0.462704,
        "nauc_recall_at_3_std": 0.216275,
        "nauc_recall_at_3_diff1": 0.468579,
        "nauc_recall_at_5_max": 0.318538,
        "nauc_recall_at_5_std": 0.001701,
        "nauc_recall_at_5_diff1": 0.355318,
        "nauc_recall_at_10_max": 0.389735,
        "nauc_recall_at_10_std": 0.20269,
        "nauc_recall_at_10_diff1": 0.559581,
        "nauc_recall_at_20_max": 0.389119,
        "nauc_recall_at_20_std": 0.679185,
        "nauc_recall_at_20_diff1": 0.667728,
        "nauc_recall_at_100_max": NaN,
        "nauc_recall_at_100_std": NaN,
        "nauc_recall_at_100_diff1": NaN,
        "nauc_recall_at_1000_max": NaN,
        "nauc_recall_at_1000_std": NaN,
        "nauc_recall_at_1000_diff1": NaN,
        "nauc_precision_at_1_max": 0.524689,
        "nauc_precision_at_1_std": 0.265488,
        "nauc_precision_at_1_diff1": 0.611085,
        "nauc_precision_at_3_max": 0.462704,
        "nauc_precision_at_3_std": 0.216275,
        "nauc_precision_at_3_diff1": 0.468579,
        "nauc_precision_at_5_max": 0.318538,
        "nauc_precision_at_5_std": 0.001701,
        "nauc_precision_at_5_diff1": 0.355318,
        "nauc_precision_at_10_max": 0.389735,
        "nauc_precision_at_10_std": 0.20269,
        "nauc_precision_at_10_diff1": 0.559581,
        "nauc_precision_at_20_max": 0.389119,
        "nauc_precision_at_20_std": 0.679185,
        "nauc_precision_at_20_diff1": 0.667728,
        "nauc_precision_at_100_max": 1.0,
        "nauc_precision_at_100_std": 1.0,
        "nauc_precision_at_100_diff1": 1.0,
        "nauc_precision_at_1000_max": 1.0,
        "nauc_precision_at_1000_std": 1.0,
        "nauc_precision_at_1000_diff1": 1.0,
        "nauc_mrr_at_1_max": 0.524689,
        "nauc_mrr_at_1_std": 0.265488,
        "nauc_mrr_at_1_diff1": 0.611085,
        "nauc_mrr_at_3_max": 0.513036,
        "nauc_mrr_at_3_std": 0.238036,
        "nauc_mrr_at_3_diff1": 0.574705,
        "nauc_mrr_at_5_max": 0.502142,
        "nauc_mrr_at_5_std": 0.220772,
        "nauc_mrr_at_5_diff1": 0.567614,
        "nauc_mrr_at_10_max": 0.508002,
        "nauc_mrr_at_10_std": 0.231513,
        "nauc_mrr_at_10_diff1": 0.577684,
        "nauc_mrr_at_20_max": 0.508252,
        "nauc_mrr_at_20_std": 0.235923,
        "nauc_mrr_at_20_diff1": 0.578096,
        "nauc_mrr_at_100_max": 0.508908,
        "nauc_mrr_at_100_std": 0.23475,
        "nauc_mrr_at_100_diff1": 0.577779,
        "nauc_mrr_at_1000_max": 0.508908,
        "nauc_mrr_at_1000_std": 0.23475,
        "nauc_mrr_at_1000_diff1": 0.577779,
        "main_score": 0.83081,
        "hf_subset": "default",
        "languages": [
          "eng-Latn"
        ]
      }
    ]
  },
  "evaluation_time": 5.74263334274292,
  "kg_co2_emissions": null
}