{
  "dataset_revision": "48ed7bcb1f50896a0f71461a04b2df0ca84329d9",
  "task_name": "contractual-clause-retrieval",
  "mteb_version": "1.39.7",
  "scores": {
    "test": [
      {
        "ndcg_at_1": 0.68889,
        "ndcg_at_3": 0.66634,
        "ndcg_at_5": 0.72791,
        "ndcg_at_10": 0.7642,
        "ndcg_at_20": 0.79843,
        "ndcg_at_100": 0.80113,
        "ndcg_at_1000": 0.80113,
        "map_at_1": 0.34444,
        "map_at_3": 0.62963,
        "map_at_5": 0.67796,
        "map_at_10": 0.69933,
        "map_at_20": 0.71209,
        "map_at_100": 0.71278,
        "map_at_1000": 0.71278,
        "recall_at_1": 0.34444,
        "recall_at_3": 0.66667,
        "recall_at_5": 0.78889,
        "recall_at_10": 0.87778,
        "recall_at_20": 0.98889,
        "recall_at_100": 1.0,
        "recall_at_1000": 1.0,
        "precision_at_1": 0.68889,
        "precision_at_3": 0.44444,
        "precision_at_5": 0.31556,
        "precision_at_10": 0.17556,
        "precision_at_20": 0.09889,
        "precision_at_100": 0.02,
        "precision_at_1000": 0.002,
        "mrr_at_1": 0.688889,
        "mrr_at_3": 0.740741,
        "mrr_at_5": 0.755185,
        "mrr_at_10": 0.76336,
        "mrr_at_20": 0.768158,
        "mrr_at_100": 0.768158,
        "mrr_at_1000": 0.768158,
        "nauc_ndcg_at_1_max": 0.303532,
        "nauc_ndcg_at_1_std": -0.210131,
        "nauc_ndcg_at_1_diff1": 0.377959,
        "nauc_ndcg_at_3_max": 0.221643,
        "nauc_ndcg_at_3_std": -0.132011,
        "nauc_ndcg_at_3_diff1": 0.132785,
        "nauc_ndcg_at_5_max": 0.282758,
        "nauc_ndcg_at_5_std": -0.021667,
        "nauc_ndcg_at_5_diff1": 0.218429,
        "nauc_ndcg_at_10_max": 0.272163,
        "nauc_ndcg_at_10_std": -0.045953,
        "nauc_ndcg_at_10_diff1": 0.240514,
        "nauc_ndcg_at_20_max": 0.271433,
        "nauc_ndcg_at_20_std": -0.072998,
        "nauc_ndcg_at_20_diff1": 0.234997,
        "nauc_ndcg_at_100_max": 0.261532,
        "nauc_ndcg_at_100_std": -0.086159,
        "nauc_ndcg_at_100_diff1": 0.224495,
        "nauc_ndcg_at_1000_max": 0.261532,
        "nauc_ndcg_at_1000_std": -0.086159,
        "nauc_ndcg_at_1000_diff1": 0.224495,
        "nauc_map_at_1_max": 0.303532,
        "nauc_map_at_1_std": -0.210131,
        "nauc_map_at_1_diff1": 0.377959,
        "nauc_map_at_3_max": 0.217474,
        "nauc_map_at_3_std": -0.128194,
        "nauc_map_at_3_diff1": 0.119248,
        "nauc_map_at_5_max": 0.261234,
        "nauc_map_at_5_std": -0.051203,
        "nauc_map_at_5_diff1": 0.185056,
        "nauc_map_at_10_max": 0.253482,
        "nauc_map_at_10_std": -0.066395,
        "nauc_map_at_10_diff1": 0.198184,
        "nauc_map_at_20_max": 0.252155,
        "nauc_map_at_20_std": -0.073073,
        "nauc_map_at_20_diff1": 0.190749,
        "nauc_map_at_100_max": 0.250277,
        "nauc_map_at_100_std": -0.075493,
        "nauc_map_at_100_diff1": 0.188684,
        "nauc_map_at_1000_max": 0.250277,
        "nauc_map_at_1000_std": -0.075493,
        "nauc_map_at_1000_diff1": 0.188684,
        "nauc_recall_at_1_max": 0.303532,
        "nauc_recall_at_1_std": -0.210131,
        "nauc_recall_at_1_diff1": 0.377959,
        "nauc_recall_at_3_max": 0.204673,
        "nauc_recall_at_3_std": -0.115092,
        "nauc_recall_at_3_diff1": 0.048919,
        "nauc_recall_at_5_max": 0.340392,
        "nauc_recall_at_5_std": 0.159557,
        "nauc_recall_at_5_diff1": 0.212068,
        "nauc_recall_at_10_max": 0.328392,
        "nauc_recall_at_10_std": 0.152515,
        "nauc_recall_at_10_diff1": 0.299497,
        "nauc_recall_at_20_max": 0.870875,
        "nauc_recall_at_20_std": 0.723816,
        "nauc_recall_at_20_diff1": 0.870875,
        "nauc_recall_at_100_max": NaN,
        "nauc_recall_at_100_std": NaN,
        "nauc_recall_at_100_diff1": NaN,
        "nauc_recall_at_1000_max": NaN,
        "nauc_recall_at_1000_std": NaN,
        "nauc_recall_at_1000_diff1": NaN,
        "nauc_precision_at_1_max": 0.303532,
        "nauc_precision_at_1_std": -0.210131,
        "nauc_precision_at_1_diff1": 0.377959,
        "nauc_precision_at_3_max": 0.204673,
        "nauc_precision_at_3_std": -0.115092,
        "nauc_precision_at_3_diff1": 0.048919,
        "nauc_precision_at_5_max": 0.340392,
        "nauc_precision_at_5_std": 0.159557,
        "nauc_precision_at_5_diff1": 0.212068,
        "nauc_precision_at_10_max": 0.328392,
        "nauc_precision_at_10_std": 0.152515,
        "nauc_precision_at_10_diff1": 0.299497,
        "nauc_precision_at_20_max": 0.870875,
        "nauc_precision_at_20_std": 0.723816,
        "nauc_precision_at_20_diff1": 0.870875,
        "nauc_precision_at_100_max": 1.0,
        "nauc_precision_at_100_std": 1.0,
        "nauc_precision_at_100_diff1": 1.0,
        "nauc_precision_at_1000_max": NaN,
        "nauc_precision_at_1000_std": NaN,
        "nauc_precision_at_1000_diff1": NaN,
        "nauc_mrr_at_1_max": 0.303532,
        "nauc_mrr_at_1_std": -0.210131,
        "nauc_mrr_at_1_diff1": 0.377959,
        "nauc_mrr_at_3_max": 0.261438,
        "nauc_mrr_at_3_std": -0.170591,
        "nauc_mrr_at_3_diff1": 0.300583,
        "nauc_mrr_at_5_max": 0.271103,
        "nauc_mrr_at_5_std": -0.148449,
        "nauc_mrr_at_5_diff1": 0.315185,
        "nauc_mrr_at_10_max": 0.277398,
        "nauc_mrr_at_10_std": -0.147273,
        "nauc_mrr_at_10_diff1": 0.317251,
        "nauc_mrr_at_20_max": 0.277286,
        "nauc_mrr_at_20_std": -0.156383,
        "nauc_mrr_at_20_diff1": 0.319535,
        "nauc_mrr_at_100_max": 0.277286,
        "nauc_mrr_at_100_std": -0.156383,
        "nauc_mrr_at_100_diff1": 0.319535,
        "nauc_mrr_at_1000_max": 0.277286,
        "nauc_mrr_at_1000_std": -0.156383,
        "nauc_mrr_at_1000_diff1": 0.319535,
        "main_score": 0.7642,
        "hf_subset": "default",
        "languages": [
          "eng-Latn"
        ]
      }
    ]
  },
  "evaluation_time": 2.505845069885254,
  "kg_co2_emissions": null
}