{
  "dataset_revision": "f5452494f09a6d51c37b56883a65ef742ac07c99",
  "task_name": "echr-retrieval",
  "mteb_version": "1.39.7",
  "scores": {
    "test": [
      {
        "ndcg_at_1": 0.1,
        "ndcg_at_3": 0.16417,
        "ndcg_at_5": 0.19256,
        "ndcg_at_10": 0.2266,
        "ndcg_at_20": 0.26184,
        "ndcg_at_100": 0.31394,
        "ndcg_at_1000": 0.33964,
        "map_at_1": 0.1,
        "map_at_3": 0.14833,
        "map_at_5": 0.16383,
        "map_at_10": 0.17791,
        "map_at_20": 0.18751,
        "map_at_100": 0.19409,
        "map_at_1000": 0.19537,
        "recall_at_1": 0.1,
        "recall_at_3": 0.21,
        "recall_at_5": 0.28,
        "recall_at_10": 0.385,
        "recall_at_20": 0.525,
        "recall_at_100": 0.815,
        "recall_at_1000": 1.0,
        "precision_at_1": 0.1,
        "precision_at_3": 0.07,
        "precision_at_5": 0.056,
        "precision_at_10": 0.0385,
        "precision_at_20": 0.02625,
        "precision_at_100": 0.00815,
        "precision_at_1000": 0.001,
        "mrr_at_1": 0.1,
        "mrr_at_3": 0.148333,
        "mrr_at_5": 0.163833,
        "mrr_at_10": 0.177909,
        "mrr_at_20": 0.187513,
        "mrr_at_100": 0.194086,
        "mrr_at_1000": 0.195371,
        "nauc_ndcg_at_1_max": 0.140233,
        "nauc_ndcg_at_1_std": -0.006708,
        "nauc_ndcg_at_1_diff1": 0.326456,
        "nauc_ndcg_at_3_max": 0.116129,
        "nauc_ndcg_at_3_std": -0.048314,
        "nauc_ndcg_at_3_diff1": 0.2484,
        "nauc_ndcg_at_5_max": 0.135377,
        "nauc_ndcg_at_5_std": -0.064952,
        "nauc_ndcg_at_5_diff1": 0.224955,
        "nauc_ndcg_at_10_max": 0.172513,
        "nauc_ndcg_at_10_std": -0.038775,
        "nauc_ndcg_at_10_diff1": 0.237964,
        "nauc_ndcg_at_20_max": 0.266476,
        "nauc_ndcg_at_20_std": 0.002727,
        "nauc_ndcg_at_20_diff1": 0.219792,
        "nauc_ndcg_at_100_max": 0.228739,
        "nauc_ndcg_at_100_std": 0.009059,
        "nauc_ndcg_at_100_diff1": 0.204469,
        "nauc_ndcg_at_1000_max": 0.201736,
        "nauc_ndcg_at_1000_std": -0.01811,
        "nauc_ndcg_at_1000_diff1": 0.233297,
        "nauc_map_at_1_max": 0.140233,
        "nauc_map_at_1_std": -0.006708,
        "nauc_map_at_1_diff1": 0.326456,
        "nauc_map_at_3_max": 0.119374,
        "nauc_map_at_3_std": -0.040712,
        "nauc_map_at_3_diff1": 0.259967,
        "nauc_map_at_5_max": 0.132079,
        "nauc_map_at_5_std": -0.051393,
        "nauc_map_at_5_diff1": 0.244643,
        "nauc_map_at_10_max": 0.148314,
        "nauc_map_at_10_std": -0.040677,
        "nauc_map_at_10_diff1": 0.249533,
        "nauc_map_at_20_max": 0.176831,
        "nauc_map_at_20_std": -0.028184,
        "nauc_map_at_20_diff1": 0.244027,
        "nauc_map_at_100_max": 0.171573,
        "nauc_map_at_100_std": -0.028349,
        "nauc_map_at_100_diff1": 0.244244,
        "nauc_map_at_1000_max": 0.170195,
        "nauc_map_at_1000_std": -0.029562,
        "nauc_map_at_1000_diff1": 0.24579,
        "nauc_recall_at_1_max": 0.140233,
        "nauc_recall_at_1_std": -0.006708,
        "nauc_recall_at_1_diff1": 0.326456,
        "nauc_recall_at_3_max": 0.109277,
        "nauc_recall_at_3_std": -0.065237,
        "nauc_recall_at_3_diff1": 0.223518,
        "nauc_recall_at_5_max": 0.143535,
        "nauc_recall_at_5_std": -0.09416,
        "nauc_recall_at_5_diff1": 0.183586,
        "nauc_recall_at_10_max": 0.232576,
        "nauc_recall_at_10_std": -0.027175,
        "nauc_recall_at_10_diff1": 0.219436,
        "nauc_recall_at_20_max": 0.523994,
        "nauc_recall_at_20_std": 0.101549,
        "nauc_recall_at_20_diff1": 0.162465,
        "nauc_recall_at_100_max": 0.471931,
        "nauc_recall_at_100_std": 0.257027,
        "nauc_recall_at_100_diff1": -0.046245,
        "nauc_recall_at_1000_max": NaN,
        "nauc_recall_at_1000_std": NaN,
        "nauc_recall_at_1000_diff1": NaN,
        "nauc_precision_at_1_max": 0.140233,
        "nauc_precision_at_1_std": -0.006708,
        "nauc_precision_at_1_diff1": 0.326456,
        "nauc_precision_at_3_max": 0.109277,
        "nauc_precision_at_3_std": -0.065237,
        "nauc_precision_at_3_diff1": 0.223518,
        "nauc_precision_at_5_max": 0.143535,
        "nauc_precision_at_5_std": -0.09416,
        "nauc_precision_at_5_diff1": 0.183586,
        "nauc_precision_at_10_max": 0.232576,
        "nauc_precision_at_10_std": -0.027175,
        "nauc_precision_at_10_diff1": 0.219436,
        "nauc_precision_at_20_max": 0.523994,
        "nauc_precision_at_20_std": 0.101549,
        "nauc_precision_at_20_diff1": 0.162465,
        "nauc_precision_at_100_max": 0.471931,
        "nauc_precision_at_100_std": 0.257027,
        "nauc_precision_at_100_diff1": -0.046245,
        "nauc_precision_at_1000_max": 1.0,
        "nauc_precision_at_1000_std": 1.0,
        "nauc_precision_at_1000_diff1": 1.0,
        "nauc_mrr_at_1_max": 0.140233,
        "nauc_mrr_at_1_std": -0.006708,
        "nauc_mrr_at_1_diff1": 0.326456,
        "nauc_mrr_at_3_max": 0.119374,
        "nauc_mrr_at_3_std": -0.040712,
        "nauc_mrr_at_3_diff1": 0.259967,
        "nauc_mrr_at_5_max": 0.132079,
        "nauc_mrr_at_5_std": -0.051393,
        "nauc_mrr_at_5_diff1": 0.244643,
        "nauc_mrr_at_10_max": 0.148314,
        "nauc_mrr_at_10_std": -0.040677,
        "nauc_mrr_at_10_diff1": 0.249533,
        "nauc_mrr_at_20_max": 0.176831,
        "nauc_mrr_at_20_std": -0.028184,
        "nauc_mrr_at_20_diff1": 0.244027,
        "nauc_mrr_at_100_max": 0.171573,
        "nauc_mrr_at_100_std": -0.028349,
        "nauc_mrr_at_100_diff1": 0.244244,
        "nauc_mrr_at_1000_max": 0.170195,
        "nauc_mrr_at_1000_std": -0.029562,
        "nauc_mrr_at_1000_diff1": 0.24579,
        "main_score": 0.2266,
        "hf_subset": "default",
        "languages": [
          "eng-Latn"
        ]
      }
    ]
  },
  "evaluation_time": 24.006985664367676,
  "kg_co2_emissions": null
}