{
  "dataset_revision": "8d41f3d22bb73685b6f42b62ad95940ea3dfbf84",
  "task_name": "gdpr-holdings-retrieval",
  "mteb_version": "1.39.7",
  "scores": {
    "test": [
      {
        "ndcg_at_1": 0.69,
        "ndcg_at_3": 0.763,
        "ndcg_at_5": 0.78279,
        "ndcg_at_10": 0.799,
        "ndcg_at_20": 0.80795,
        "ndcg_at_100": 0.8158,
        "ndcg_at_1000": 0.81764,
        "map_at_1": 0.69,
        "map_at_3": 0.74533,
        "map_at_5": 0.75633,
        "map_at_10": 0.76343,
        "map_at_20": 0.76608,
        "map_at_100": 0.76718,
        "map_at_1000": 0.76726,
        "recall_at_1": 0.69,
        "recall_at_3": 0.814,
        "recall_at_5": 0.862,
        "recall_at_10": 0.91,
        "recall_at_20": 0.944,
        "recall_at_100": 0.986,
        "recall_at_1000": 1.0,
        "precision_at_1": 0.69,
        "precision_at_3": 0.27133,
        "precision_at_5": 0.1724,
        "precision_at_10": 0.091,
        "precision_at_20": 0.0472,
        "precision_at_100": 0.00986,
        "precision_at_1000": 0.001,
        "mrr_at_1": 0.69,
        "mrr_at_3": 0.745333,
        "mrr_at_5": 0.756333,
        "mrr_at_10": 0.763432,
        "mrr_at_20": 0.766077,
        "mrr_at_100": 0.767182,
        "mrr_at_1000": 0.767258,
        "nauc_ndcg_at_1_max": 0.569127,
        "nauc_ndcg_at_1_std": 0.021631,
        "nauc_ndcg_at_1_diff1": 0.763772,
        "nauc_ndcg_at_3_max": 0.590703,
        "nauc_ndcg_at_3_std": 0.036597,
        "nauc_ndcg_at_3_diff1": 0.739924,
        "nauc_ndcg_at_5_max": 0.586772,
        "nauc_ndcg_at_5_std": 0.02315,
        "nauc_ndcg_at_5_diff1": 0.72895,
        "nauc_ndcg_at_10_max": 0.580277,
        "nauc_ndcg_at_10_std": 0.034375,
        "nauc_ndcg_at_10_diff1": 0.722529,
        "nauc_ndcg_at_20_max": 0.578298,
        "nauc_ndcg_at_20_std": 0.037633,
        "nauc_ndcg_at_20_diff1": 0.728561,
        "nauc_ndcg_at_100_max": 0.57708,
        "nauc_ndcg_at_100_std": 0.030814,
        "nauc_ndcg_at_100_diff1": 0.735914,
        "nauc_ndcg_at_1000_max": 0.578975,
        "nauc_ndcg_at_1000_std": 0.033114,
        "nauc_ndcg_at_1000_diff1": 0.736554,
        "nauc_map_at_1_max": 0.569127,
        "nauc_map_at_1_std": 0.021631,
        "nauc_map_at_1_diff1": 0.763772,
        "nauc_map_at_3_max": 0.5835,
        "nauc_map_at_3_std": 0.031653,
        "nauc_map_at_3_diff1": 0.746177,
        "nauc_map_at_5_max": 0.581004,
        "nauc_map_at_5_std": 0.024499,
        "nauc_map_at_5_diff1": 0.740976,
        "nauc_map_at_10_max": 0.57827,
        "nauc_map_at_10_std": 0.029125,
        "nauc_map_at_10_diff1": 0.738518,
        "nauc_map_at_20_max": 0.577843,
        "nauc_map_at_20_std": 0.029871,
        "nauc_map_at_20_diff1": 0.740223,
        "nauc_map_at_100_max": 0.577819,
        "nauc_map_at_100_std": 0.029607,
        "nauc_map_at_100_diff1": 0.741231,
        "nauc_map_at_1000_max": 0.57794,
        "nauc_map_at_1000_std": 0.029766,
        "nauc_map_at_1000_diff1": 0.741269,
        "nauc_recall_at_1_max": 0.569127,
        "nauc_recall_at_1_std": 0.021631,
        "nauc_recall_at_1_diff1": 0.763772,
        "nauc_recall_at_3_max": 0.618024,
        "nauc_recall_at_3_std": 0.055325,
        "nauc_recall_at_3_diff1": 0.716979,
        "nauc_recall_at_5_max": 0.613983,
        "nauc_recall_at_5_std": 0.014627,
        "nauc_recall_at_5_diff1": 0.67056,
        "nauc_recall_at_10_max": 0.589771,
        "nauc_recall_at_10_std": 0.072653,
        "nauc_recall_at_10_diff1": 0.609399,
        "nauc_recall_at_20_max": 0.570478,
        "nauc_recall_at_20_std": 0.13322,
        "nauc_recall_at_20_diff1": 0.610327,
        "nauc_recall_at_100_max": 0.445245,
        "nauc_recall_at_100_std": -0.120515,
        "nauc_recall_at_100_diff1": 0.691943,
        "nauc_recall_at_1000_max": NaN,
        "nauc_recall_at_1000_std": NaN,
        "nauc_recall_at_1000_diff1": NaN,
        "nauc_precision_at_1_max": 0.569127,
        "nauc_precision_at_1_std": 0.021631,
        "nauc_precision_at_1_diff1": 0.763772,
        "nauc_precision_at_3_max": 0.618024,
        "nauc_precision_at_3_std": 0.055325,
        "nauc_precision_at_3_diff1": 0.716979,
        "nauc_precision_at_5_max": 0.613983,
        "nauc_precision_at_5_std": 0.014627,
        "nauc_precision_at_5_diff1": 0.67056,
        "nauc_precision_at_10_max": 0.589771,
        "nauc_precision_at_10_std": 0.072653,
        "nauc_precision_at_10_diff1": 0.609399,
        "nauc_precision_at_20_max": 0.570478,
        "nauc_precision_at_20_std": 0.13322,
        "nauc_precision_at_20_diff1": 0.610327,
        "nauc_precision_at_100_max": 0.445245,
        "nauc_precision_at_100_std": -0.120515,
        "nauc_precision_at_100_diff1": 0.691943,
        "nauc_precision_at_1000_max": 1.0,
        "nauc_precision_at_1000_std": 1.0,
        "nauc_precision_at_1000_diff1": 1.0,
        "nauc_mrr_at_1_max": 0.569127,
        "nauc_mrr_at_1_std": 0.021631,
        "nauc_mrr_at_1_diff1": 0.763772,
        "nauc_mrr_at_3_max": 0.5835,
        "nauc_mrr_at_3_std": 0.031653,
        "nauc_mrr_at_3_diff1": 0.746177,
        "nauc_mrr_at_5_max": 0.581004,
        "nauc_mrr_at_5_std": 0.024499,
        "nauc_mrr_at_5_diff1": 0.740976,
        "nauc_mrr_at_10_max": 0.57827,
        "nauc_mrr_at_10_std": 0.029125,
        "nauc_mrr_at_10_diff1": 0.738518,
        "nauc_mrr_at_20_max": 0.577843,
        "nauc_mrr_at_20_std": 0.029871,
        "nauc_mrr_at_20_diff1": 0.740223,
        "nauc_mrr_at_100_max": 0.577819,
        "nauc_mrr_at_100_std": 0.029607,
        "nauc_mrr_at_100_diff1": 0.741231,
        "nauc_mrr_at_1000_max": 0.57794,
        "nauc_mrr_at_1000_std": 0.029766,
        "nauc_mrr_at_1000_diff1": 0.741269,
        "main_score": 0.799,
        "hf_subset": "default",
        "languages": [
          "eng-Latn"
        ]
      }
    ]
  },
  "evaluation_time": 19.79407811164856,
  "kg_co2_emissions": null
}