{
  "dataset_revision": "bbf8b2d84b7de5970b2ba4ea843c791285fdb1df",
  "task_name": "irish-legislative-summaries",
  "mteb_version": "1.39.7",
  "scores": {
    "test": [
      {
        "ndcg_at_1": 0.64,
        "ndcg_at_3": 0.73814,
        "ndcg_at_5": 0.76207,
        "ndcg_at_10": 0.77819,
        "ndcg_at_20": 0.78959,
        "ndcg_at_100": 0.79578,
        "ndcg_at_1000": 0.79686,
        "map_at_1": 0.64,
        "map_at_3": 0.714,
        "map_at_5": 0.7273,
        "map_at_10": 0.73392,
        "map_at_20": 0.73693,
        "map_at_100": 0.73802,
        "map_at_1000": 0.73807,
        "recall_at_1": 0.64,
        "recall_at_3": 0.808,
        "recall_at_5": 0.866,
        "recall_at_10": 0.916,
        "recall_at_20": 0.962,
        "recall_at_100": 0.992,
        "recall_at_1000": 1.0,
        "precision_at_1": 0.64,
        "precision_at_3": 0.26933,
        "precision_at_5": 0.1732,
        "precision_at_10": 0.0916,
        "precision_at_20": 0.0481,
        "precision_at_100": 0.00992,
        "precision_at_1000": 0.001,
        "mrr_at_1": 0.64,
        "mrr_at_3": 0.714,
        "mrr_at_5": 0.7273,
        "mrr_at_10": 0.733916,
        "mrr_at_20": 0.736931,
        "mrr_at_100": 0.738023,
        "mrr_at_1000": 0.738072,
        "nauc_ndcg_at_1_max": 0.359107,
        "nauc_ndcg_at_1_std": -0.289031,
        "nauc_ndcg_at_1_diff1": 0.749556,
        "nauc_ndcg_at_3_max": 0.324219,
        "nauc_ndcg_at_3_std": -0.335341,
        "nauc_ndcg_at_3_diff1": 0.672344,
        "nauc_ndcg_at_5_max": 0.336875,
        "nauc_ndcg_at_5_std": -0.35138,
        "nauc_ndcg_at_5_diff1": 0.686036,
        "nauc_ndcg_at_10_max": 0.337694,
        "nauc_ndcg_at_10_std": -0.352847,
        "nauc_ndcg_at_10_diff1": 0.694614,
        "nauc_ndcg_at_20_max": 0.342101,
        "nauc_ndcg_at_20_std": -0.337998,
        "nauc_ndcg_at_20_diff1": 0.700803,
        "nauc_ndcg_at_100_max": 0.343122,
        "nauc_ndcg_at_100_std": -0.327718,
        "nauc_ndcg_at_100_diff1": 0.704274,
        "nauc_ndcg_at_1000_max": 0.341629,
        "nauc_ndcg_at_1000_std": -0.330237,
        "nauc_ndcg_at_1000_diff1": 0.70485,
        "nauc_map_at_1_max": 0.359107,
        "nauc_map_at_1_std": -0.289031,
        "nauc_map_at_1_diff1": 0.749556,
        "nauc_map_at_3_max": 0.334354,
        "nauc_map_at_3_std": -0.320654,
        "nauc_map_at_3_diff1": 0.694835,
        "nauc_map_at_5_max": 0.341179,
        "nauc_map_at_5_std": -0.328372,
        "nauc_map_at_5_diff1": 0.703058,
        "nauc_map_at_10_max": 0.341244,
        "nauc_map_at_10_std": -0.329237,
        "nauc_map_at_10_diff1": 0.706945,
        "nauc_map_at_20_max": 0.342138,
        "nauc_map_at_20_std": -0.325677,
        "nauc_map_at_20_diff1": 0.708565,
        "nauc_map_at_100_max": 0.342405,
        "nauc_map_at_100_std": -0.324237,
        "nauc_map_at_100_diff1": 0.70924,
        "nauc_map_at_1000_max": 0.342362,
        "nauc_map_at_1000_std": -0.324328,
        "nauc_map_at_1000_diff1": 0.709273,
        "nauc_recall_at_1_max": 0.359107,
        "nauc_recall_at_1_std": -0.289031,
        "nauc_recall_at_1_diff1": 0.749556,
        "nauc_recall_at_3_max": 0.284609,
        "nauc_recall_at_3_std": -0.393428,
        "nauc_recall_at_3_diff1": 0.584414,
        "nauc_recall_at_5_max": 0.317649,
        "nauc_recall_at_5_std": -0.47417,
        "nauc_recall_at_5_diff1": 0.600646,
        "nauc_recall_at_10_max": 0.317527,
        "nauc_recall_at_10_std": -0.537748,
        "nauc_recall_at_10_diff1": 0.608766,
        "nauc_recall_at_20_max": 0.381984,
        "nauc_recall_at_20_std": -0.479286,
        "nauc_recall_at_20_diff1": 0.617819,
        "nauc_recall_at_100_max": 0.59979,
        "nauc_recall_at_100_std": 0.089169,
        "nauc_recall_at_100_diff1": 0.625934,
        "nauc_recall_at_1000_max": NaN,
        "nauc_recall_at_1000_std": NaN,
        "nauc_recall_at_1000_diff1": NaN,
        "nauc_precision_at_1_max": 0.359107,
        "nauc_precision_at_1_std": -0.289031,
        "nauc_precision_at_1_diff1": 0.749556,
        "nauc_precision_at_3_max": 0.284609,
        "nauc_precision_at_3_std": -0.393428,
        "nauc_precision_at_3_diff1": 0.584414,
        "nauc_precision_at_5_max": 0.317649,
        "nauc_precision_at_5_std": -0.47417,
        "nauc_precision_at_5_diff1": 0.600646,
        "nauc_precision_at_10_max": 0.317527,
        "nauc_precision_at_10_std": -0.537748,
        "nauc_precision_at_10_diff1": 0.608766,
        "nauc_precision_at_20_max": 0.381984,
        "nauc_precision_at_20_std": -0.479286,
        "nauc_precision_at_20_diff1": 0.617819,
        "nauc_precision_at_100_max": 0.59979,
        "nauc_precision_at_100_std": 0.089169,
        "nauc_precision_at_100_diff1": 0.625934,
        "nauc_precision_at_1000_max": 1.0,
        "nauc_precision_at_1000_std": 1.0,
        "nauc_precision_at_1000_diff1": 1.0,
        "nauc_mrr_at_1_max": 0.359107,
        "nauc_mrr_at_1_std": -0.289031,
        "nauc_mrr_at_1_diff1": 0.749556,
        "nauc_mrr_at_3_max": 0.334354,
        "nauc_mrr_at_3_std": -0.320654,
        "nauc_mrr_at_3_diff1": 0.694835,
        "nauc_mrr_at_5_max": 0.341179,
        "nauc_mrr_at_5_std": -0.328372,
        "nauc_mrr_at_5_diff1": 0.703058,
        "nauc_mrr_at_10_max": 0.341244,
        "nauc_mrr_at_10_std": -0.329237,
        "nauc_mrr_at_10_diff1": 0.706945,
        "nauc_mrr_at_20_max": 0.342138,
        "nauc_mrr_at_20_std": -0.325677,
        "nauc_mrr_at_20_diff1": 0.708565,
        "nauc_mrr_at_100_max": 0.342405,
        "nauc_mrr_at_100_std": -0.324237,
        "nauc_mrr_at_100_diff1": 0.70924,
        "nauc_mrr_at_1000_max": 0.342362,
        "nauc_mrr_at_1000_std": -0.324328,
        "nauc_mrr_at_1000_diff1": 0.709273,
        "main_score": 0.77819,
        "hf_subset": "default",
        "languages": [
          "eng-Latn"
        ]
      }
    ]
  },
  "evaluation_time": 63.22857093811035,
  "kg_co2_emissions": null
}