{
  "dataset_revision": "ca0f1732432ad623ba6172b15e8c726b76e50fad",
  "task_name": "legal-rag-bench",
  "mteb_version": "1.39.7",
  "scores": {
    "test": [
      {
        "ndcg_at_1": 0.14,
        "ndcg_at_3": 0.26202,
        "ndcg_at_5": 0.29129,
        "ndcg_at_10": 0.30409,
        "ndcg_at_20": 0.33187,
        "ndcg_at_100": 0.37933,
        "ndcg_at_1000": 0.40289,
        "map_at_1": 0.14,
        "map_at_3": 0.23167,
        "map_at_5": 0.24817,
        "map_at_10": 0.25337,
        "map_at_20": 0.26096,
        "map_at_100": 0.26783,
        "map_at_1000": 0.26883,
        "recall_at_1": 0.14,
        "recall_at_3": 0.35,
        "recall_at_5": 0.42,
        "recall_at_10": 0.46,
        "recall_at_20": 0.57,
        "recall_at_100": 0.82,
        "recall_at_1000": 1.0,
        "precision_at_1": 0.14,
        "precision_at_3": 0.11667,
        "precision_at_5": 0.084,
        "precision_at_10": 0.046,
        "precision_at_20": 0.0285,
        "precision_at_100": 0.0082,
        "precision_at_1000": 0.001,
        "mrr_at_1": 0.14,
        "mrr_at_3": 0.231667,
        "mrr_at_5": 0.248167,
        "mrr_at_10": 0.253373,
        "mrr_at_20": 0.260964,
        "mrr_at_100": 0.267833,
        "mrr_at_1000": 0.268832,
        "nauc_ndcg_at_1_max": 0.219441,
        "nauc_ndcg_at_1_std": -0.011541,
        "nauc_ndcg_at_1_diff1": 0.234354,
        "nauc_ndcg_at_3_max": 0.240245,
        "nauc_ndcg_at_3_std": 0.057133,
        "nauc_ndcg_at_3_diff1": 0.033953,
        "nauc_ndcg_at_5_max": 0.277711,
        "nauc_ndcg_at_5_std": 0.066148,
        "nauc_ndcg_at_5_diff1": 0.042482,
        "nauc_ndcg_at_10_max": 0.273235,
        "nauc_ndcg_at_10_std": 0.066284,
        "nauc_ndcg_at_10_diff1": 0.055004,
        "nauc_ndcg_at_20_max": 0.262758,
        "nauc_ndcg_at_20_std": 0.07928,
        "nauc_ndcg_at_20_diff1": 0.033962,
        "nauc_ndcg_at_100_max": 0.260322,
        "nauc_ndcg_at_100_std": 0.088359,
        "nauc_ndcg_at_100_diff1": 0.045266,
        "nauc_ndcg_at_1000_max": 0.264318,
        "nauc_ndcg_at_1000_std": 0.074903,
        "nauc_ndcg_at_1000_diff1": 0.055532,
        "nauc_map_at_1_max": 0.219441,
        "nauc_map_at_1_std": -0.011541,
        "nauc_map_at_1_diff1": 0.234354,
        "nauc_map_at_3_max": 0.241034,
        "nauc_map_at_3_std": 0.044017,
        "nauc_map_at_3_diff1": 0.073272,
        "nauc_map_at_5_max": 0.264485,
        "nauc_map_at_5_std": 0.049293,
        "nauc_map_at_5_diff1": 0.07832,
        "nauc_map_at_10_max": 0.263114,
        "nauc_map_at_10_std": 0.050835,
        "nauc_map_at_10_diff1": 0.083715,
        "nauc_map_at_20_max": 0.25968,
        "nauc_map_at_20_std": 0.054122,
        "nauc_map_at_20_diff1": 0.076573,
        "nauc_map_at_100_max": 0.259566,
        "nauc_map_at_100_std": 0.055863,
        "nauc_map_at_100_diff1": 0.079805,
        "nauc_map_at_1000_max": 0.259967,
        "nauc_map_at_1000_std": 0.055751,
        "nauc_map_at_1000_diff1": 0.079705,
        "nauc_recall_at_1_max": 0.219441,
        "nauc_recall_at_1_std": -0.011541,
        "nauc_recall_at_1_diff1": 0.234354,
        "nauc_recall_at_3_max": 0.236878,
        "nauc_recall_at_3_std": 0.087441,
        "nauc_recall_at_3_diff1": -0.057248,
        "nauc_recall_at_5_max": 0.309666,
        "nauc_recall_at_5_std": 0.105879,
        "nauc_recall_at_5_diff1": -0.038935,
        "nauc_recall_at_10_max": 0.295669,
        "nauc_recall_at_10_std": 0.100378,
        "nauc_recall_at_10_diff1": -0.006242,
        "nauc_recall_at_20_max": 0.262597,
        "nauc_recall_at_20_std": 0.152567,
        "nauc_recall_at_20_diff1": -0.078644,
        "nauc_recall_at_100_max": 0.236645,
        "nauc_recall_at_100_std": 0.272965,
        "nauc_recall_at_100_diff1": -0.111246,
        "nauc_recall_at_1000_max": NaN,
        "nauc_recall_at_1000_std": NaN,
        "nauc_recall_at_1000_diff1": NaN,
        "nauc_precision_at_1_max": 0.219441,
        "nauc_precision_at_1_std": -0.011541,
        "nauc_precision_at_1_diff1": 0.234354,
        "nauc_precision_at_3_max": 0.236878,
        "nauc_precision_at_3_std": 0.087441,
        "nauc_precision_at_3_diff1": -0.057248,
        "nauc_precision_at_5_max": 0.309666,
        "nauc_precision_at_5_std": 0.105879,
        "nauc_precision_at_5_diff1": -0.038935,
        "nauc_precision_at_10_max": 0.295669,
        "nauc_precision_at_10_std": 0.100378,
        "nauc_precision_at_10_diff1": -0.006242,
        "nauc_precision_at_20_max": 0.262597,
        "nauc_precision_at_20_std": 0.152567,
        "nauc_precision_at_20_diff1": -0.078644,
        "nauc_precision_at_100_max": 0.236645,
        "nauc_precision_at_100_std": 0.272965,
        "nauc_precision_at_100_diff1": -0.111246,
        "nauc_precision_at_1000_max": NaN,
        "nauc_precision_at_1000_std": NaN,
        "nauc_precision_at_1000_diff1": NaN,
        "nauc_mrr_at_1_max": 0.219441,
        "nauc_mrr_at_1_std": -0.011541,
        "nauc_mrr_at_1_diff1": 0.234354,
        "nauc_mrr_at_3_max": 0.241034,
        "nauc_mrr_at_3_std": 0.044017,
        "nauc_mrr_at_3_diff1": 0.073272,
        "nauc_mrr_at_5_max": 0.264485,
        "nauc_mrr_at_5_std": 0.049293,
        "nauc_mrr_at_5_diff1": 0.07832,
        "nauc_mrr_at_10_max": 0.263114,
        "nauc_mrr_at_10_std": 0.050835,
        "nauc_mrr_at_10_diff1": 0.083715,
        "nauc_mrr_at_20_max": 0.25968,
        "nauc_mrr_at_20_std": 0.054122,
        "nauc_mrr_at_20_diff1": 0.076573,
        "nauc_mrr_at_100_max": 0.259566,
        "nauc_mrr_at_100_std": 0.055863,
        "nauc_mrr_at_100_diff1": 0.079805,
        "nauc_mrr_at_1000_max": 0.259967,
        "nauc_mrr_at_1000_std": 0.055751,
        "nauc_mrr_at_1000_diff1": 0.079705,
        "main_score": 0.30409,
        "hf_subset": "default",
        "languages": [
          "eng-Latn"
        ]
      }
    ]
  },
  "evaluation_time": 51.31933903694153,
  "kg_co2_emissions": null
}