{
  "dataset_revision": "427e2ae4b22cd9ad990ef8dd4647c16d79c89198",
  "task_name": "singaporean-judicial-keywords",
  "mteb_version": "1.39.7",
  "scores": {
    "test": [
      {
        "ndcg_at_1": 0.782,
        "ndcg_at_3": 0.84847,
        "ndcg_at_5": 0.86319,
        "ndcg_at_10": 0.87248,
        "ndcg_at_20": 0.87821,
        "ndcg_at_100": 0.88179,
        "ndcg_at_1000": 0.88203,
        "map_at_1": 0.782,
        "map_at_3": 0.83267,
        "map_at_5": 0.84077,
        "map_at_10": 0.84474,
        "map_at_20": 0.84641,
        "map_at_100": 0.84699,
        "map_at_1000": 0.847,
        "recall_at_1": 0.782,
        "recall_at_3": 0.894,
        "recall_at_5": 0.93,
        "recall_at_10": 0.958,
        "recall_at_20": 0.98,
        "recall_at_100": 0.998,
        "recall_at_1000": 1.0,
        "precision_at_1": 0.782,
        "precision_at_3": 0.298,
        "precision_at_5": 0.186,
        "precision_at_10": 0.0958,
        "precision_at_20": 0.049,
        "precision_at_100": 0.00998,
        "precision_at_1000": 0.001,
        "mrr_at_1": 0.782,
        "mrr_at_3": 0.832667,
        "mrr_at_5": 0.840767,
        "mrr_at_10": 0.84474,
        "mrr_at_20": 0.846406,
        "mrr_at_100": 0.84699,
        "mrr_at_1000": 0.846996,
        "nauc_ndcg_at_1_max": 0.43652,
        "nauc_ndcg_at_1_std": 0.004656,
        "nauc_ndcg_at_1_diff1": 0.828715,
        "nauc_ndcg_at_3_max": 0.503971,
        "nauc_ndcg_at_3_std": -0.003394,
        "nauc_ndcg_at_3_diff1": 0.796104,
        "nauc_ndcg_at_5_max": 0.522416,
        "nauc_ndcg_at_5_std": -0.01066,
        "nauc_ndcg_at_5_diff1": 0.800631,
        "nauc_ndcg_at_10_max": 0.510297,
        "nauc_ndcg_at_10_std": -0.043933,
        "nauc_ndcg_at_10_diff1": 0.801723,
        "nauc_ndcg_at_20_max": 0.505516,
        "nauc_ndcg_at_20_std": -0.01101,
        "nauc_ndcg_at_20_diff1": 0.805305,
        "nauc_ndcg_at_100_max": 0.493958,
        "nauc_ndcg_at_100_std": -0.008079,
        "nauc_ndcg_at_100_diff1": 0.809304,
        "nauc_ndcg_at_1000_max": 0.492893,
        "nauc_ndcg_at_1000_std": -0.010201,
        "nauc_ndcg_at_1000_diff1": 0.808903,
        "nauc_map_at_1_max": 0.43652,
        "nauc_map_at_1_std": 0.004656,
        "nauc_map_at_1_diff1": 0.828715,
        "nauc_map_at_3_max": 0.484305,
        "nauc_map_at_3_std": -0.0009,
        "nauc_map_at_3_diff1": 0.806802,
        "nauc_map_at_5_max": 0.491642,
        "nauc_map_at_5_std": -0.004634,
        "nauc_map_at_5_diff1": 0.809237,
        "nauc_map_at_10_max": 0.486525,
        "nauc_map_at_10_std": -0.017255,
        "nauc_map_at_10_diff1": 0.80989,
        "nauc_map_at_20_max": 0.485383,
        "nauc_map_at_20_std": -0.00905,
        "nauc_map_at_20_diff1": 0.810715,
        "nauc_map_at_100_max": 0.483884,
        "nauc_map_at_100_std": -0.008389,
        "nauc_map_at_100_diff1": 0.811326,
        "nauc_map_at_1000_max": 0.483865,
        "nauc_map_at_1000_std": -0.008426,
        "nauc_map_at_1000_diff1": 0.811319,
        "nauc_recall_at_1_max": 0.43652,
        "nauc_recall_at_1_std": 0.004656,
        "nauc_recall_at_1_diff1": 0.828715,
        "nauc_recall_at_3_max": 0.588139,
        "nauc_recall_at_3_std": -0.014163,
        "nauc_recall_at_3_diff1": 0.749543,
        "nauc_recall_at_5_max": 0.71766,
        "nauc_recall_at_5_std": -0.048926,
        "nauc_recall_at_5_diff1": 0.74918,
        "nauc_recall_at_10_max": 0.743053,
        "nauc_recall_at_10_std": -0.342115,
        "nauc_recall_at_10_diff1": 0.723778,
        "nauc_recall_at_20_max": 0.881886,
        "nauc_recall_at_20_std": 0.037535,
        "nauc_recall_at_20_diff1": 0.721989,
        "nauc_recall_at_100_max": 1.0,
        "nauc_recall_at_100_std": 1.0,
        "nauc_recall_at_100_diff1": 1.0,
        "nauc_recall_at_1000_max": NaN,
        "nauc_recall_at_1000_std": NaN,
        "nauc_recall_at_1000_diff1": NaN,
        "nauc_precision_at_1_max": 0.43652,
        "nauc_precision_at_1_std": 0.004656,
        "nauc_precision_at_1_diff1": 0.828715,
        "nauc_precision_at_3_max": 0.588139,
        "nauc_precision_at_3_std": -0.014163,
        "nauc_precision_at_3_diff1": 0.749543,
        "nauc_precision_at_5_max": 0.71766,
        "nauc_precision_at_5_std": -0.048926,
        "nauc_precision_at_5_diff1": 0.74918,
        "nauc_precision_at_10_max": 0.743053,
        "nauc_precision_at_10_std": -0.342115,
        "nauc_precision_at_10_diff1": 0.723778,
        "nauc_precision_at_20_max": 0.881886,
        "nauc_precision_at_20_std": 0.037535,
        "nauc_precision_at_20_diff1": 0.721989,
        "nauc_precision_at_100_max": 1.0,
        "nauc_precision_at_100_std": 1.0,
        "nauc_precision_at_100_diff1": 1.0,
        "nauc_precision_at_1000_max": 1.0,
        "nauc_precision_at_1000_std": 1.0,
        "nauc_precision_at_1000_diff1": 1.0,
        "nauc_mrr_at_1_max": 0.43652,
        "nauc_mrr_at_1_std": 0.004656,
        "nauc_mrr_at_1_diff1": 0.828715,
        "nauc_mrr_at_3_max": 0.484305,
        "nauc_mrr_at_3_std": -0.0009,
        "nauc_mrr_at_3_diff1": 0.806802,
        "nauc_mrr_at_5_max": 0.491642,
        "nauc_mrr_at_5_std": -0.004634,
        "nauc_mrr_at_5_diff1": 0.809237,
        "nauc_mrr_at_10_max": 0.486525,
        "nauc_mrr_at_10_std": -0.017255,
        "nauc_mrr_at_10_diff1": 0.80989,
        "nauc_mrr_at_20_max": 0.485383,
        "nauc_mrr_at_20_std": -0.00905,
        "nauc_mrr_at_20_diff1": 0.810715,
        "nauc_mrr_at_100_max": 0.483884,
        "nauc_mrr_at_100_std": -0.008389,
        "nauc_mrr_at_100_diff1": 0.811326,
        "nauc_mrr_at_1000_max": 0.483865,
        "nauc_mrr_at_1000_std": -0.008426,
        "nauc_mrr_at_1000_diff1": 0.811319,
        "main_score": 0.87248,
        "hf_subset": "default",
        "languages": [
          "eng-Latn"
        ]
      }
    ]
  },
  "evaluation_time": 96.41349697113037,
  "kg_co2_emissions": null
}