{
  "dataset_revision": "c64c3baac6bfd5f934d2df6e5d42dcb7d87c8ba8",
  "task_name": "australian-tax-guidance-retrieval",
  "mteb_version": "1.38.49",
  "scores": {
    "test": [
      {
        "ndcg_at_1": 0.58929,
        "ndcg_at_3": 0.73979,
        "ndcg_at_5": 0.75094,
        "ndcg_at_10": 0.77058,
        "ndcg_at_20": 0.77758,
        "ndcg_at_100": 0.78465,
        "ndcg_at_1000": 0.78465,
        "map_at_1": 0.58929,
        "map_at_3": 0.70238,
        "map_at_5": 0.70863,
        "map_at_10": 0.7164,
        "map_at_20": 0.71846,
        "map_at_100": 0.71958,
        "map_at_1000": 0.71958,
        "recall_at_1": 0.58929,
        "recall_at_3": 0.84821,
        "recall_at_5": 0.875,
        "recall_at_10": 0.9375,
        "recall_at_20": 0.96429,
        "recall_at_100": 1.0,
        "recall_at_1000": 1.0,
        "precision_at_1": 0.58929,
        "precision_at_3": 0.28274,
        "precision_at_5": 0.175,
        "precision_at_10": 0.09375,
        "precision_at_20": 0.04821,
        "precision_at_100": 0.01,
        "precision_at_1000": 0.001,
        "mrr_at_1": 0.589286,
        "mrr_at_3": 0.702381,
        "mrr_at_5": 0.708631,
        "mrr_at_10": 0.716404,
        "mrr_at_20": 0.718456,
        "mrr_at_100": 0.719578,
        "mrr_at_1000": 0.719578,
        "nauc_ndcg_at_1_max": 0.261241,
        "nauc_ndcg_at_1_std": -0.080382,
        "nauc_ndcg_at_1_diff1": 0.637164,
        "nauc_ndcg_at_3_max": 0.297808,
        "nauc_ndcg_at_3_std": -0.065566,
        "nauc_ndcg_at_3_diff1": 0.547801,
        "nauc_ndcg_at_5_max": 0.338669,
        "nauc_ndcg_at_5_std": -0.055534,
        "nauc_ndcg_at_5_diff1": 0.556212,
        "nauc_ndcg_at_10_max": 0.315238,
        "nauc_ndcg_at_10_std": -0.057905,
        "nauc_ndcg_at_10_diff1": 0.558281,
        "nauc_ndcg_at_20_max": 0.300074,
        "nauc_ndcg_at_20_std": -0.053541,
        "nauc_ndcg_at_20_diff1": 0.556137,
        "nauc_ndcg_at_100_max": 0.300616,
        "nauc_ndcg_at_100_std": -0.063229,
        "nauc_ndcg_at_100_diff1": 0.572373,
        "nauc_ndcg_at_1000_max": 0.300616,
        "nauc_ndcg_at_1000_std": -0.063229,
        "nauc_ndcg_at_1000_diff1": 0.572373,
        "nauc_map_at_1_max": 0.261241,
        "nauc_map_at_1_std": -0.080382,
        "nauc_map_at_1_diff1": 0.637164,
        "nauc_map_at_3_max": 0.28939,
        "nauc_map_at_3_std": -0.070943,
        "nauc_map_at_3_diff1": 0.573753,
        "nauc_map_at_5_max": 0.308666,
        "nauc_map_at_5_std": -0.065587,
        "nauc_map_at_5_diff1": 0.577668,
        "nauc_map_at_10_max": 0.299454,
        "nauc_map_at_10_std": -0.067684,
        "nauc_map_at_10_diff1": 0.578436,
        "nauc_map_at_20_max": 0.295796,
        "nauc_map_at_20_std": -0.065759,
        "nauc_map_at_20_diff1": 0.578112,
        "nauc_map_at_100_max": 0.295874,
        "nauc_map_at_100_std": -0.067113,
        "nauc_map_at_100_diff1": 0.580459,
        "nauc_map_at_1000_max": 0.295874,
        "nauc_map_at_1000_std": -0.067113,
        "nauc_map_at_1000_diff1": 0.580459,
        "nauc_recall_at_1_max": 0.261241,
        "nauc_recall_at_1_std": -0.080382,
        "nauc_recall_at_1_diff1": 0.637164,
        "nauc_recall_at_3_max": 0.336717,
        "nauc_recall_at_3_std": -0.03884,
        "nauc_recall_at_3_diff1": 0.422728,
        "nauc_recall_at_5_max": 0.518312,
        "nauc_recall_at_5_std": 0.003337,
        "nauc_recall_at_5_diff1": 0.44015,
        "nauc_recall_at_10_max": 0.47198,
        "nauc_recall_at_10_std": 0.055054,
        "nauc_recall_at_10_diff1": 0.361961,
        "nauc_recall_at_20_max": 0.289244,
        "nauc_recall_at_20_std": 0.1794,
        "nauc_recall_at_20_diff1": 0.172086,
        "nauc_recall_at_100_max": NaN,
        "nauc_recall_at_100_std": NaN,
        "nauc_recall_at_100_diff1": NaN,
        "nauc_recall_at_1000_max": NaN,
        "nauc_recall_at_1000_std": NaN,
        "nauc_recall_at_1000_diff1": NaN,
        "nauc_precision_at_1_max": 0.261241,
        "nauc_precision_at_1_std": -0.080382,
        "nauc_precision_at_1_diff1": 0.637164,
        "nauc_precision_at_3_max": 0.336717,
        "nauc_precision_at_3_std": -0.03884,
        "nauc_precision_at_3_diff1": 0.422728,
        "nauc_precision_at_5_max": 0.518312,
        "nauc_precision_at_5_std": 0.003337,
        "nauc_precision_at_5_diff1": 0.44015,
        "nauc_precision_at_10_max": 0.47198,
        "nauc_precision_at_10_std": 0.055054,
        "nauc_precision_at_10_diff1": 0.361961,
        "nauc_precision_at_20_max": 0.289244,
        "nauc_precision_at_20_std": 0.1794,
        "nauc_precision_at_20_diff1": 0.172086,
        "nauc_precision_at_100_max": NaN,
        "nauc_precision_at_100_std": NaN,
        "nauc_precision_at_100_diff1": NaN,
        "nauc_precision_at_1000_max": 1.0,
        "nauc_precision_at_1000_std": 1.0,
        "nauc_precision_at_1000_diff1": 1.0,
        "nauc_mrr_at_1_max": 0.261241,
        "nauc_mrr_at_1_std": -0.080382,
        "nauc_mrr_at_1_diff1": 0.637164,
        "nauc_mrr_at_3_max": 0.28939,
        "nauc_mrr_at_3_std": -0.070943,
        "nauc_mrr_at_3_diff1": 0.573753,
        "nauc_mrr_at_5_max": 0.308666,
        "nauc_mrr_at_5_std": -0.065587,
        "nauc_mrr_at_5_diff1": 0.577668,
        "nauc_mrr_at_10_max": 0.299454,
        "nauc_mrr_at_10_std": -0.067684,
        "nauc_mrr_at_10_diff1": 0.578436,
        "nauc_mrr_at_20_max": 0.295796,
        "nauc_mrr_at_20_std": -0.065759,
        "nauc_mrr_at_20_diff1": 0.578112,
        "nauc_mrr_at_100_max": 0.295874,
        "nauc_mrr_at_100_std": -0.067113,
        "nauc_mrr_at_100_diff1": 0.580459,
        "nauc_mrr_at_1000_max": 0.295874,
        "nauc_mrr_at_1000_std": -0.067113,
        "nauc_mrr_at_1000_diff1": 0.580459,
        "main_score": 0.77058,
        "hf_subset": "default",
        "languages": [
          "eng-Latn"
        ]
      }
    ]
  },
  "evaluation_time": 80.86194467544556,
  "kg_co2_emissions": null
}