{
  "dataset_revision": "dd157bbfa479359488c656981e3999da6f42e4e9",
  "task_name": "bar-exam-qa",
  "mteb_version": "1.38.49",
  "scores": {
    "test": [
      {
        "ndcg_at_1": 0.4188,
        "ndcg_at_3": 0.56807,
        "ndcg_at_5": 0.59895,
        "ndcg_at_10": 0.62372,
        "ndcg_at_20": 0.64338,
        "ndcg_at_100": 0.65897,
        "ndcg_at_1000": 0.65897,
        "map_at_1": 0.4188,
        "map_at_3": 0.52849,
        "map_at_5": 0.54516,
        "map_at_10": 0.55533,
        "map_at_20": 0.56083,
        "map_at_100": 0.56286,
        "map_at_1000": 0.56286,
        "recall_at_1": 0.4188,
        "recall_at_3": 0.68376,
        "recall_at_5": 0.76068,
        "recall_at_10": 0.83761,
        "recall_at_20": 0.91453,
        "recall_at_100": 1.0,
        "recall_at_1000": 1.0,
        "precision_at_1": 0.4188,
        "precision_at_3": 0.22792,
        "precision_at_5": 0.15214,
        "precision_at_10": 0.08376,
        "precision_at_20": 0.04573,
        "precision_at_100": 0.01,
        "precision_at_1000": 0.001,
        "mrr_at_1": 0.418803,
        "mrr_at_3": 0.52849,
        "mrr_at_5": 0.545157,
        "mrr_at_10": 0.555328,
        "mrr_at_20": 0.560832,
        "mrr_at_100": 0.562858,
        "mrr_at_1000": 0.562858,
        "nauc_ndcg_at_1_max": 0.254119,
        "nauc_ndcg_at_1_std": -0.087778,
        "nauc_ndcg_at_1_diff1": 0.354374,
        "nauc_ndcg_at_3_max": 0.343518,
        "nauc_ndcg_at_3_std": 0.025743,
        "nauc_ndcg_at_3_diff1": 0.304167,
        "nauc_ndcg_at_5_max": 0.346012,
        "nauc_ndcg_at_5_std": 0.017366,
        "nauc_ndcg_at_5_diff1": 0.306606,
        "nauc_ndcg_at_10_max": 0.327514,
        "nauc_ndcg_at_10_std": -0.002688,
        "nauc_ndcg_at_10_diff1": 0.287367,
        "nauc_ndcg_at_20_max": 0.326374,
        "nauc_ndcg_at_20_std": 0.008153,
        "nauc_ndcg_at_20_diff1": 0.279241,
        "nauc_ndcg_at_100_max": 0.324491,
        "nauc_ndcg_at_100_std": -0.002956,
        "nauc_ndcg_at_100_diff1": 0.302524,
        "nauc_ndcg_at_1000_max": 0.324491,
        "nauc_ndcg_at_1000_std": -0.002956,
        "nauc_ndcg_at_1000_diff1": 0.302524,
        "nauc_map_at_1_max": 0.254119,
        "nauc_map_at_1_std": -0.087778,
        "nauc_map_at_1_diff1": 0.354374,
        "nauc_map_at_3_max": 0.326111,
        "nauc_map_at_3_std": -0.002395,
        "nauc_map_at_3_diff1": 0.315528,
        "nauc_map_at_5_max": 0.325813,
        "nauc_map_at_5_std": -0.008435,
        "nauc_map_at_5_diff1": 0.316129,
        "nauc_map_at_10_max": 0.31777,
        "nauc_map_at_10_std": -0.017223,
        "nauc_map_at_10_diff1": 0.30913,
        "nauc_map_at_20_max": 0.317615,
        "nauc_map_at_20_std": -0.014079,
        "nauc_map_at_20_diff1": 0.308164,
        "nauc_map_at_100_max": 0.317848,
        "nauc_map_at_100_std": -0.014451,
        "nauc_map_at_100_diff1": 0.310896,
        "nauc_map_at_1000_max": 0.317848,
        "nauc_map_at_1000_std": -0.014451,
        "nauc_map_at_1000_diff1": 0.310896,
        "nauc_recall_at_1_max": 0.254119,
        "nauc_recall_at_1_std": -0.087778,
        "nauc_recall_at_1_diff1": 0.354374,
        "nauc_recall_at_3_max": 0.40117,
        "nauc_recall_at_3_std": 0.123073,
        "nauc_recall_at_3_diff1": 0.265449,
        "nauc_recall_at_5_max": 0.429147,
        "nauc_recall_at_5_std": 0.124001,
        "nauc_recall_at_5_diff1": 0.270314,
        "nauc_recall_at_10_max": 0.370057,
        "nauc_recall_at_10_std": 0.066244,
        "nauc_recall_at_10_diff1": 0.154585,
        "nauc_recall_at_20_max": 0.384169,
        "nauc_recall_at_20_std": 0.225689,
        "nauc_recall_at_20_diff1": -0.06229,
        "nauc_recall_at_100_max": NaN,
        "nauc_recall_at_100_std": NaN,
        "nauc_recall_at_100_diff1": NaN,
        "nauc_recall_at_1000_max": NaN,
        "nauc_recall_at_1000_std": NaN,
        "nauc_recall_at_1000_diff1": NaN,
        "nauc_precision_at_1_max": 0.254119,
        "nauc_precision_at_1_std": -0.087778,
        "nauc_precision_at_1_diff1": 0.354374,
        "nauc_precision_at_3_max": 0.40117,
        "nauc_precision_at_3_std": 0.123073,
        "nauc_precision_at_3_diff1": 0.265449,
        "nauc_precision_at_5_max": 0.429147,
        "nauc_precision_at_5_std": 0.124001,
        "nauc_precision_at_5_diff1": 0.270314,
        "nauc_precision_at_10_max": 0.370057,
        "nauc_precision_at_10_std": 0.066244,
        "nauc_precision_at_10_diff1": 0.154585,
        "nauc_precision_at_20_max": 0.384169,
        "nauc_precision_at_20_std": 0.225689,
        "nauc_precision_at_20_diff1": -0.06229,
        "nauc_precision_at_100_max": NaN,
        "nauc_precision_at_100_std": NaN,
        "nauc_precision_at_100_diff1": NaN,
        "nauc_precision_at_1000_max": 1.0,
        "nauc_precision_at_1000_std": 1.0,
        "nauc_precision_at_1000_diff1": 1.0,
        "nauc_mrr_at_1_max": 0.254119,
        "nauc_mrr_at_1_std": -0.087778,
        "nauc_mrr_at_1_diff1": 0.354374,
        "nauc_mrr_at_3_max": 0.326111,
        "nauc_mrr_at_3_std": -0.002395,
        "nauc_mrr_at_3_diff1": 0.315528,
        "nauc_mrr_at_5_max": 0.325813,
        "nauc_mrr_at_5_std": -0.008435,
        "nauc_mrr_at_5_diff1": 0.316129,
        "nauc_mrr_at_10_max": 0.31777,
        "nauc_mrr_at_10_std": -0.017223,
        "nauc_mrr_at_10_diff1": 0.30913,
        "nauc_mrr_at_20_max": 0.317615,
        "nauc_mrr_at_20_std": -0.014079,
        "nauc_mrr_at_20_diff1": 0.308164,
        "nauc_mrr_at_100_max": 0.317848,
        "nauc_mrr_at_100_std": -0.014451,
        "nauc_mrr_at_100_diff1": 0.310896,
        "nauc_mrr_at_1000_max": 0.317848,
        "nauc_mrr_at_1000_std": -0.014451,
        "nauc_mrr_at_1000_diff1": 0.310896,
        "main_score": 0.62372,
        "hf_subset": "default",
        "languages": [
          "eng-Latn"
        ]
      }
    ]
  },
  "evaluation_time": 40.69118595123291,
  "kg_co2_emissions": null
}