{
  "dataset_revision": "2095f248902963b4480ac96b774ba64b2104cbee",
  "task_name": "consumer-contracts-qa",
  "mteb_version": "1.38.49",
  "scores": {
    "test": [
      {
        "ndcg_at_1": 0.77778,
        "ndcg_at_3": 0.875,
        "ndcg_at_5": 0.87913,
        "ndcg_at_10": 0.88926,
        "ndcg_at_20": 0.89052,
        "ndcg_at_100": 0.89268,
        "ndcg_at_1000": 0.89268,
        "map_at_1": 0.77778,
        "map_at_3": 0.85101,
        "map_at_5": 0.85328,
        "map_at_10": 0.85767,
        "map_at_20": 0.858,
        "map_at_100": 0.85841,
        "map_at_1000": 0.85841,
        "recall_at_1": 0.77778,
        "recall_at_3": 0.94444,
        "recall_at_5": 0.95455,
        "recall_at_10": 0.98485,
        "recall_at_20": 0.9899,
        "recall_at_100": 1.0,
        "recall_at_1000": 1.0,
        "precision_at_1": 0.77778,
        "precision_at_3": 0.31481,
        "precision_at_5": 0.19091,
        "precision_at_10": 0.09848,
        "precision_at_20": 0.04949,
        "precision_at_100": 0.01,
        "precision_at_1000": 0.001,
        "mrr_at_1": 0.777778,
        "mrr_at_3": 0.85101,
        "mrr_at_5": 0.853283,
        "mrr_at_10": 0.857666,
        "mrr_at_20": 0.858003,
        "mrr_at_100": 0.858413,
        "mrr_at_1000": 0.858413,
        "nauc_ndcg_at_1_max": 0.599567,
        "nauc_ndcg_at_1_std": 0.022989,
        "nauc_ndcg_at_1_diff1": 0.782673,
        "nauc_ndcg_at_3_max": 0.627693,
        "nauc_ndcg_at_3_std": 0.073682,
        "nauc_ndcg_at_3_diff1": 0.734086,
        "nauc_ndcg_at_5_max": 0.618952,
        "nauc_ndcg_at_5_std": 0.050142,
        "nauc_ndcg_at_5_diff1": 0.748873,
        "nauc_ndcg_at_10_max": 0.595302,
        "nauc_ndcg_at_10_std": 0.026842,
        "nauc_ndcg_at_10_diff1": 0.743573,
        "nauc_ndcg_at_20_max": 0.591922,
        "nauc_ndcg_at_20_std": 0.041359,
        "nauc_ndcg_at_20_diff1": 0.740407,
        "nauc_ndcg_at_100_max": 0.597212,
        "nauc_ndcg_at_100_std": 0.028446,
        "nauc_ndcg_at_100_diff1": 0.748635,
        "nauc_ndcg_at_1000_max": 0.597212,
        "nauc_ndcg_at_1000_std": 0.028446,
        "nauc_ndcg_at_1000_diff1": 0.748635,
        "nauc_map_at_1_max": 0.599567,
        "nauc_map_at_1_std": 0.022989,
        "nauc_map_at_1_diff1": 0.782673,
        "nauc_map_at_3_max": 0.609463,
        "nauc_map_at_3_std": 0.047592,
        "nauc_map_at_3_diff1": 0.745587,
        "nauc_map_at_5_max": 0.605035,
        "nauc_map_at_5_std": 0.036406,
        "nauc_map_at_5_diff1": 0.752737,
        "nauc_map_at_10_max": 0.596713,
        "nauc_map_at_10_std": 0.025781,
        "nauc_map_at_10_diff1": 0.751145,
        "nauc_map_at_20_max": 0.59602,
        "nauc_map_at_20_std": 0.028772,
        "nauc_map_at_20_diff1": 0.750512,
        "nauc_map_at_100_max": 0.59674,
        "nauc_map_at_100_std": 0.026846,
        "nauc_map_at_100_diff1": 0.751731,
        "nauc_map_at_1000_max": 0.59674,
        "nauc_map_at_1000_std": 0.026846,
        "nauc_map_at_1000_diff1": 0.751731,
        "nauc_recall_at_1_max": 0.599567,
        "nauc_recall_at_1_std": 0.022989,
        "nauc_recall_at_1_diff1": 0.782673,
        "nauc_recall_at_3_max": 0.768155,
        "nauc_recall_at_3_std": 0.27091,
        "nauc_recall_at_3_diff1": 0.656716,
        "nauc_recall_at_5_max": 0.747556,
        "nauc_recall_at_5_std": 0.170734,
        "nauc_recall_at_5_diff1": 0.727409,
        "nauc_recall_at_10_max": 0.515443,
        "nauc_recall_at_10_std": 0.042289,
        "nauc_recall_at_10_diff1": 0.572247,
        "nauc_recall_at_20_max": 0.338598,
        "nauc_recall_at_20_std": 0.637911,
        "nauc_recall_at_20_diff1": 0.358371,
        "nauc_recall_at_100_max": NaN,
        "nauc_recall_at_100_std": NaN,
        "nauc_recall_at_100_diff1": NaN,
        "nauc_recall_at_1000_max": NaN,
        "nauc_recall_at_1000_std": NaN,
        "nauc_recall_at_1000_diff1": NaN,
        "nauc_precision_at_1_max": 0.599567,
        "nauc_precision_at_1_std": 0.022989,
        "nauc_precision_at_1_diff1": 0.782673,
        "nauc_precision_at_3_max": 0.768155,
        "nauc_precision_at_3_std": 0.27091,
        "nauc_precision_at_3_diff1": 0.656716,
        "nauc_precision_at_5_max": 0.747556,
        "nauc_precision_at_5_std": 0.170734,
        "nauc_precision_at_5_diff1": 0.727409,
        "nauc_precision_at_10_max": 0.515443,
        "nauc_precision_at_10_std": 0.042289,
        "nauc_precision_at_10_diff1": 0.572247,
        "nauc_precision_at_20_max": 0.338598,
        "nauc_precision_at_20_std": 0.637911,
        "nauc_precision_at_20_diff1": 0.358371,
        "nauc_precision_at_100_max": 1.0,
        "nauc_precision_at_100_std": 1.0,
        "nauc_precision_at_100_diff1": 1.0,
        "nauc_precision_at_1000_max": 1.0,
        "nauc_precision_at_1000_std": 1.0,
        "nauc_precision_at_1000_diff1": 1.0,
        "nauc_mrr_at_1_max": 0.599567,
        "nauc_mrr_at_1_std": 0.022989,
        "nauc_mrr_at_1_diff1": 0.782673,
        "nauc_mrr_at_3_max": 0.609463,
        "nauc_mrr_at_3_std": 0.047592,
        "nauc_mrr_at_3_diff1": 0.745587,
        "nauc_mrr_at_5_max": 0.605035,
        "nauc_mrr_at_5_std": 0.036406,
        "nauc_mrr_at_5_diff1": 0.752737,
        "nauc_mrr_at_10_max": 0.596713,
        "nauc_mrr_at_10_std": 0.025781,
        "nauc_mrr_at_10_diff1": 0.751145,
        "nauc_mrr_at_20_max": 0.59602,
        "nauc_mrr_at_20_std": 0.028772,
        "nauc_mrr_at_20_diff1": 0.750512,
        "nauc_mrr_at_100_max": 0.59674,
        "nauc_mrr_at_100_std": 0.026846,
        "nauc_mrr_at_100_diff1": 0.751731,
        "nauc_mrr_at_1000_max": 0.59674,
        "nauc_mrr_at_1000_std": 0.026846,
        "nauc_mrr_at_1000_diff1": 0.751731,
        "main_score": 0.88926,
        "hf_subset": "default",
        "languages": [
          "eng-Latn"
        ]
      }
    ]
  },
  "evaluation_time": 62.0170533657074,
  "kg_co2_emissions": null
}