{
  "dataset_revision": "48ed7bcb1f50896a0f71461a04b2df0ca84329d9",
  "task_name": "contractual-clause-retrieval",
  "mteb_version": "1.38.49",
  "scores": {
    "test": [
      {
        "ndcg_at_1": 0.71111,
        "ndcg_at_3": 0.75377,
        "ndcg_at_5": 0.79306,
        "ndcg_at_10": 0.83318,
        "ndcg_at_20": 0.83651,
        "ndcg_at_100": 0.84428,
        "ndcg_at_1000": 0.84428,
        "map_at_1": 0.35556,
        "map_at_3": 0.72778,
        "map_at_5": 0.75333,
        "map_at_10": 0.77968,
        "map_at_20": 0.78107,
        "map_at_100": 0.78253,
        "map_at_1000": 0.78253,
        "recall_at_1": 0.35556,
        "recall_at_3": 0.77778,
        "recall_at_5": 0.85556,
        "recall_at_10": 0.95556,
        "recall_at_20": 0.96667,
        "recall_at_100": 1.0,
        "recall_at_1000": 1.0,
        "precision_at_1": 0.71111,
        "precision_at_3": 0.51852,
        "precision_at_5": 0.34222,
        "precision_at_10": 0.19111,
        "precision_at_20": 0.09667,
        "precision_at_100": 0.02,
        "precision_at_1000": 0.002,
        "mrr_at_1": 0.711111,
        "mrr_at_3": 0.774074,
        "mrr_at_5": 0.794074,
        "mrr_at_10": 0.796296,
        "mrr_at_20": 0.796296,
        "mrr_at_100": 0.79697,
        "mrr_at_1000": 0.79697,
        "nauc_ndcg_at_1_max": 0.766559,
        "nauc_ndcg_at_1_std": -0.185865,
        "nauc_ndcg_at_1_diff1": 0.673503,
        "nauc_ndcg_at_3_max": 0.75952,
        "nauc_ndcg_at_3_std": -0.152724,
        "nauc_ndcg_at_3_diff1": 0.571564,
        "nauc_ndcg_at_5_max": 0.776671,
        "nauc_ndcg_at_5_std": -0.107517,
        "nauc_ndcg_at_5_diff1": 0.589022,
        "nauc_ndcg_at_10_max": 0.76177,
        "nauc_ndcg_at_10_std": -0.172759,
        "nauc_ndcg_at_10_diff1": 0.63209,
        "nauc_ndcg_at_20_max": 0.756036,
        "nauc_ndcg_at_20_std": -0.193417,
        "nauc_ndcg_at_20_diff1": 0.633724,
        "nauc_ndcg_at_100_max": 0.768816,
        "nauc_ndcg_at_100_std": -0.154797,
        "nauc_ndcg_at_100_diff1": 0.618221,
        "nauc_ndcg_at_1000_max": 0.768816,
        "nauc_ndcg_at_1000_std": -0.154797,
        "nauc_ndcg_at_1000_diff1": 0.618221,
        "nauc_map_at_1_max": 0.766559,
        "nauc_map_at_1_std": -0.185865,
        "nauc_map_at_1_diff1": 0.673503,
        "nauc_map_at_3_max": 0.760981,
        "nauc_map_at_3_std": -0.143221,
        "nauc_map_at_3_diff1": 0.561762,
        "nauc_map_at_5_max": 0.780453,
        "nauc_map_at_5_std": -0.095777,
        "nauc_map_at_5_diff1": 0.573401,
        "nauc_map_at_10_max": 0.774339,
        "nauc_map_at_10_std": -0.117463,
        "nauc_map_at_10_diff1": 0.593922,
        "nauc_map_at_20_max": 0.772645,
        "nauc_map_at_20_std": -0.123589,
        "nauc_map_at_20_diff1": 0.594183,
        "nauc_map_at_100_max": 0.774118,
        "nauc_map_at_100_std": -0.119633,
        "nauc_map_at_100_diff1": 0.591988,
        "nauc_map_at_1000_max": 0.774118,
        "nauc_map_at_1000_std": -0.119633,
        "nauc_map_at_1000_diff1": 0.591988,
        "nauc_recall_at_1_max": 0.766559,
        "nauc_recall_at_1_std": -0.185865,
        "nauc_recall_at_1_diff1": 0.673503,
        "nauc_recall_at_3_max": 0.740937,
        "nauc_recall_at_3_std": -0.143642,
        "nauc_recall_at_3_diff1": 0.523325,
        "nauc_recall_at_5_max": 0.779168,
        "nauc_recall_at_5_std": -0.02825,
        "nauc_recall_at_5_diff1": 0.54386,
        "nauc_recall_at_10_max": 0.646199,
        "nauc_recall_at_10_std": -0.484204,
        "nauc_recall_at_10_diff1": 0.819214,
        "nauc_recall_at_20_max": 0.528265,
        "nauc_recall_at_20_std": -0.886877,
        "nauc_recall_at_20_diff1": 0.907939,
        "nauc_recall_at_100_max": NaN,
        "nauc_recall_at_100_std": NaN,
        "nauc_recall_at_100_diff1": NaN,
        "nauc_recall_at_1000_max": NaN,
        "nauc_recall_at_1000_std": NaN,
        "nauc_recall_at_1000_diff1": NaN,
        "nauc_precision_at_1_max": 0.766559,
        "nauc_precision_at_1_std": -0.185865,
        "nauc_precision_at_1_diff1": 0.673503,
        "nauc_precision_at_3_max": 0.740937,
        "nauc_precision_at_3_std": -0.143642,
        "nauc_precision_at_3_diff1": 0.523325,
        "nauc_precision_at_5_max": 0.779168,
        "nauc_precision_at_5_std": -0.02825,
        "nauc_precision_at_5_diff1": 0.54386,
        "nauc_precision_at_10_max": 0.646199,
        "nauc_precision_at_10_std": -0.484204,
        "nauc_precision_at_10_diff1": 0.819214,
        "nauc_precision_at_20_max": 0.528265,
        "nauc_precision_at_20_std": -0.886877,
        "nauc_precision_at_20_diff1": 0.907939,
        "nauc_precision_at_100_max": 1.0,
        "nauc_precision_at_100_std": 1.0,
        "nauc_precision_at_100_diff1": 1.0,
        "nauc_precision_at_1000_max": NaN,
        "nauc_precision_at_1000_std": NaN,
        "nauc_precision_at_1000_diff1": NaN,
        "nauc_mrr_at_1_max": 0.766559,
        "nauc_mrr_at_1_std": -0.185865,
        "nauc_mrr_at_1_diff1": 0.673503,
        "nauc_mrr_at_3_max": 0.772388,
        "nauc_mrr_at_3_std": -0.186898,
        "nauc_mrr_at_3_diff1": 0.654587,
        "nauc_mrr_at_5_max": 0.764599,
        "nauc_mrr_at_5_std": -0.209654,
        "nauc_mrr_at_5_diff1": 0.671606,
        "nauc_mrr_at_10_max": 0.76329,
        "nauc_mrr_at_10_std": -0.221155,
        "nauc_mrr_at_10_diff1": 0.670962,
        "nauc_mrr_at_20_max": 0.76329,
        "nauc_mrr_at_20_std": -0.221155,
        "nauc_mrr_at_20_diff1": 0.670962,
        "nauc_mrr_at_100_max": 0.764813,
        "nauc_mrr_at_100_std": -0.215642,
        "nauc_mrr_at_100_diff1": 0.669729,
        "nauc_mrr_at_1000_max": 0.764813,
        "nauc_mrr_at_1000_std": -0.215642,
        "nauc_mrr_at_1000_diff1": 0.669729,
        "main_score": 0.83318,
        "hf_subset": "default",
        "languages": [
          "eng-Latn"
        ]
      }
    ]
  },
  "evaluation_time": 18.635587215423584,
  "kg_co2_emissions": null
}