{
  "dataset_revision": "f5452494f09a6d51c37b56883a65ef742ac07c99",
  "task_name": "echr-retrieval",
  "mteb_version": "1.39.7",
  "scores": {
    "test": [
      {
        "ndcg_at_1": 0.175,
        "ndcg_at_3": 0.23036,
        "ndcg_at_5": 0.26328,
        "ndcg_at_10": 0.29837,
        "ndcg_at_20": 0.31969,
        "ndcg_at_100": 0.36748,
        "ndcg_at_1000": 0.39465,
        "map_at_1": 0.175,
        "map_at_3": 0.21667,
        "map_at_5": 0.23492,
        "map_at_10": 0.24914,
        "map_at_20": 0.25491,
        "map_at_100": 0.26165,
        "map_at_1000": 0.26289,
        "recall_at_1": 0.175,
        "recall_at_3": 0.27,
        "recall_at_5": 0.35,
        "recall_at_10": 0.46,
        "recall_at_20": 0.545,
        "recall_at_100": 0.8,
        "recall_at_1000": 1.0,
        "precision_at_1": 0.175,
        "precision_at_3": 0.09,
        "precision_at_5": 0.07,
        "precision_at_10": 0.046,
        "precision_at_20": 0.02725,
        "precision_at_100": 0.008,
        "precision_at_1000": 0.001,
        "mrr_at_1": 0.175,
        "mrr_at_3": 0.216667,
        "mrr_at_5": 0.234917,
        "mrr_at_10": 0.249143,
        "mrr_at_20": 0.254911,
        "mrr_at_100": 0.261653,
        "mrr_at_1000": 0.26289,
        "nauc_ndcg_at_1_max": 0.262369,
        "nauc_ndcg_at_1_std": -0.01758,
        "nauc_ndcg_at_1_diff1": 0.325707,
        "nauc_ndcg_at_3_max": 0.327098,
        "nauc_ndcg_at_3_std": 0.03287,
        "nauc_ndcg_at_3_diff1": 0.228768,
        "nauc_ndcg_at_5_max": 0.328224,
        "nauc_ndcg_at_5_std": 0.032585,
        "nauc_ndcg_at_5_diff1": 0.219426,
        "nauc_ndcg_at_10_max": 0.347561,
        "nauc_ndcg_at_10_std": 0.078807,
        "nauc_ndcg_at_10_diff1": 0.19541,
        "nauc_ndcg_at_20_max": 0.333062,
        "nauc_ndcg_at_20_std": 0.076858,
        "nauc_ndcg_at_20_diff1": 0.204963,
        "nauc_ndcg_at_100_max": 0.295174,
        "nauc_ndcg_at_100_std": 0.070847,
        "nauc_ndcg_at_100_diff1": 0.182643,
        "nauc_ndcg_at_1000_max": 0.31705,
        "nauc_ndcg_at_1000_std": 0.060504,
        "nauc_ndcg_at_1000_diff1": 0.214999,
        "nauc_map_at_1_max": 0.262369,
        "nauc_map_at_1_std": -0.01758,
        "nauc_map_at_1_diff1": 0.325707,
        "nauc_map_at_3_max": 0.311345,
        "nauc_map_at_3_std": 0.022173,
        "nauc_map_at_3_diff1": 0.251621,
        "nauc_map_at_5_max": 0.313422,
        "nauc_map_at_5_std": 0.02253,
        "nauc_map_at_5_diff1": 0.245814,
        "nauc_map_at_10_max": 0.321926,
        "nauc_map_at_10_std": 0.043245,
        "nauc_map_at_10_diff1": 0.236506,
        "nauc_map_at_20_max": 0.317973,
        "nauc_map_at_20_std": 0.04335,
        "nauc_map_at_20_diff1": 0.239309,
        "nauc_map_at_100_max": 0.313756,
        "nauc_map_at_100_std": 0.043657,
        "nauc_map_at_100_diff1": 0.23698,
        "nauc_map_at_1000_max": 0.314472,
        "nauc_map_at_1000_std": 0.042945,
        "nauc_map_at_1000_diff1": 0.238439,
        "nauc_recall_at_1_max": 0.262369,
        "nauc_recall_at_1_std": -0.01758,
        "nauc_recall_at_1_diff1": 0.325707,
        "nauc_recall_at_3_max": 0.36804,
        "nauc_recall_at_3_std": 0.060159,
        "nauc_recall_at_3_diff1": 0.169615,
        "nauc_recall_at_5_max": 0.363676,
        "nauc_recall_at_5_std": 0.05653,
        "nauc_recall_at_5_diff1": 0.15359,
        "nauc_recall_at_10_max": 0.415528,
        "nauc_recall_at_10_std": 0.179056,
        "nauc_recall_at_10_diff1": 0.083414,
        "nauc_recall_at_20_max": 0.36505,
        "nauc_recall_at_20_std": 0.172699,
        "nauc_recall_at_20_diff1": 0.111839,
        "nauc_recall_at_100_max": 0.0629,
        "nauc_recall_at_100_std": 0.163661,
        "nauc_recall_at_100_diff1": -0.144793,
        "nauc_recall_at_1000_max": NaN,
        "nauc_recall_at_1000_std": NaN,
        "nauc_recall_at_1000_diff1": NaN,
        "nauc_precision_at_1_max": 0.262369,
        "nauc_precision_at_1_std": -0.01758,
        "nauc_precision_at_1_diff1": 0.325707,
        "nauc_precision_at_3_max": 0.36804,
        "nauc_precision_at_3_std": 0.060159,
        "nauc_precision_at_3_diff1": 0.169615,
        "nauc_precision_at_5_max": 0.363676,
        "nauc_precision_at_5_std": 0.05653,
        "nauc_precision_at_5_diff1": 0.15359,
        "nauc_precision_at_10_max": 0.415528,
        "nauc_precision_at_10_std": 0.179056,
        "nauc_precision_at_10_diff1": 0.083414,
        "nauc_precision_at_20_max": 0.36505,
        "nauc_precision_at_20_std": 0.172699,
        "nauc_precision_at_20_diff1": 0.111839,
        "nauc_precision_at_100_max": 0.0629,
        "nauc_precision_at_100_std": 0.163661,
        "nauc_precision_at_100_diff1": -0.144793,
        "nauc_precision_at_1000_max": 1.0,
        "nauc_precision_at_1000_std": 1.0,
        "nauc_precision_at_1000_diff1": 1.0,
        "nauc_mrr_at_1_max": 0.262369,
        "nauc_mrr_at_1_std": -0.01758,
        "nauc_mrr_at_1_diff1": 0.325707,
        "nauc_mrr_at_3_max": 0.311345,
        "nauc_mrr_at_3_std": 0.022173,
        "nauc_mrr_at_3_diff1": 0.251621,
        "nauc_mrr_at_5_max": 0.313422,
        "nauc_mrr_at_5_std": 0.02253,
        "nauc_mrr_at_5_diff1": 0.245814,
        "nauc_mrr_at_10_max": 0.321926,
        "nauc_mrr_at_10_std": 0.043245,
        "nauc_mrr_at_10_diff1": 0.236506,
        "nauc_mrr_at_20_max": 0.317973,
        "nauc_mrr_at_20_std": 0.04335,
        "nauc_mrr_at_20_diff1": 0.239309,
        "nauc_mrr_at_100_max": 0.313756,
        "nauc_mrr_at_100_std": 0.043657,
        "nauc_mrr_at_100_diff1": 0.23698,
        "nauc_mrr_at_1000_max": 0.314472,
        "nauc_mrr_at_1000_std": 0.042945,
        "nauc_mrr_at_1000_diff1": 0.238439,
        "main_score": 0.29837,
        "hf_subset": "default",
        "languages": [
          "eng-Latn"
        ]
      }
    ]
  },
  "evaluation_time": 450.6266174316406,
  "kg_co2_emissions": null
}