{
  "dataset_revision": "8d41f3d22bb73685b6f42b62ad95940ea3dfbf84",
  "task_name": "gdpr-holdings-retrieval",
  "mteb_version": "1.38.49",
  "scores": {
    "test": [
      {
        "ndcg_at_1": 0.886,
        "ndcg_at_3": 0.92402,
        "ndcg_at_5": 0.93065,
        "ndcg_at_10": 0.93594,
        "ndcg_at_20": 0.9365,
        "ndcg_at_100": 0.93811,
        "ndcg_at_1000": 0.93914,
        "map_at_1": 0.886,
        "map_at_3": 0.915,
        "map_at_5": 0.9187,
        "map_at_10": 0.92095,
        "map_at_20": 0.92113,
        "map_at_100": 0.9214,
        "map_at_1000": 0.92144,
        "recall_at_1": 0.886,
        "recall_at_3": 0.95,
        "recall_at_5": 0.966,
        "recall_at_10": 0.982,
        "recall_at_20": 0.984,
        "recall_at_100": 0.992,
        "recall_at_1000": 1.0,
        "precision_at_1": 0.886,
        "precision_at_3": 0.31667,
        "precision_at_5": 0.1932,
        "precision_at_10": 0.0982,
        "precision_at_20": 0.0492,
        "precision_at_100": 0.00992,
        "precision_at_1000": 0.001,
        "mrr_at_1": 0.886,
        "mrr_at_3": 0.915,
        "mrr_at_5": 0.9187,
        "mrr_at_10": 0.920946,
        "mrr_at_20": 0.921128,
        "mrr_at_100": 0.921397,
        "mrr_at_1000": 0.921438,
        "nauc_ndcg_at_1_max": 0.654569,
        "nauc_ndcg_at_1_std": -0.050843,
        "nauc_ndcg_at_1_diff1": 0.880142,
        "nauc_ndcg_at_3_max": 0.756169,
        "nauc_ndcg_at_3_std": 0.002858,
        "nauc_ndcg_at_3_diff1": 0.878037,
        "nauc_ndcg_at_5_max": 0.735916,
        "nauc_ndcg_at_5_std": 0.021249,
        "nauc_ndcg_at_5_diff1": 0.874804,
        "nauc_ndcg_at_10_max": 0.716725,
        "nauc_ndcg_at_10_std": 0.027993,
        "nauc_ndcg_at_10_diff1": 0.87767,
        "nauc_ndcg_at_20_max": 0.71421,
        "nauc_ndcg_at_20_std": 0.023321,
        "nauc_ndcg_at_20_diff1": 0.876583,
        "nauc_ndcg_at_100_max": 0.717061,
        "nauc_ndcg_at_100_std": 0.031498,
        "nauc_ndcg_at_100_diff1": 0.878009,
        "nauc_ndcg_at_1000_max": 0.712209,
        "nauc_ndcg_at_1000_std": 0.015939,
        "nauc_ndcg_at_1000_diff1": 0.876537,
        "nauc_map_at_1_max": 0.654569,
        "nauc_map_at_1_std": -0.050843,
        "nauc_map_at_1_diff1": 0.880142,
        "nauc_map_at_3_max": 0.722953,
        "nauc_map_at_3_std": -0.011315,
        "nauc_map_at_3_diff1": 0.87655,
        "nauc_map_at_5_max": 0.711827,
        "nauc_map_at_5_std": -0.001451,
        "nauc_map_at_5_diff1": 0.874941,
        "nauc_map_at_10_max": 0.704579,
        "nauc_map_at_10_std": 0.00069,
        "nauc_map_at_10_diff1": 0.875962,
        "nauc_map_at_20_max": 0.70389,
        "nauc_map_at_20_std": -0.000601,
        "nauc_map_at_20_diff1": 0.875672,
        "nauc_map_at_100_max": 0.704331,
        "nauc_map_at_100_std": 0.000827,
        "nauc_map_at_100_diff1": 0.875837,
        "nauc_map_at_1000_max": 0.704176,
        "nauc_map_at_1000_std": 0.000319,
        "nauc_map_at_1000_diff1": 0.875798,
        "nauc_recall_at_1_max": 0.654569,
        "nauc_recall_at_1_std": -0.050843,
        "nauc_recall_at_1_diff1": 0.880142,
        "nauc_recall_at_3_max": 0.91774,
        "nauc_recall_at_3_std": 0.069486,
        "nauc_recall_at_3_diff1": 0.88676,
        "nauc_recall_at_5_max": 0.894409,
        "nauc_recall_at_5_std": 0.173422,
        "nauc_recall_at_5_diff1": 0.875076,
        "nauc_recall_at_10_max": 0.829599,
        "nauc_recall_at_10_std": 0.370111,
        "nauc_recall_at_10_diff1": 0.905073,
        "nauc_recall_at_20_max": 0.808298,
        "nauc_recall_at_20_std": 0.347106,
        "nauc_recall_at_20_diff1": 0.893207,
        "nauc_recall_at_100_max": 1.0,
        "nauc_recall_at_100_std": 0.930556,
        "nauc_recall_at_100_diff1": 0.96732,
        "nauc_recall_at_1000_max": NaN,
        "nauc_recall_at_1000_std": NaN,
        "nauc_recall_at_1000_diff1": NaN,
        "nauc_precision_at_1_max": 0.654569,
        "nauc_precision_at_1_std": -0.050843,
        "nauc_precision_at_1_diff1": 0.880142,
        "nauc_precision_at_3_max": 0.91774,
        "nauc_precision_at_3_std": 0.069486,
        "nauc_precision_at_3_diff1": 0.88676,
        "nauc_precision_at_5_max": 0.894409,
        "nauc_precision_at_5_std": 0.173422,
        "nauc_precision_at_5_diff1": 0.875076,
        "nauc_precision_at_10_max": 0.829599,
        "nauc_precision_at_10_std": 0.370111,
        "nauc_precision_at_10_diff1": 0.905073,
        "nauc_precision_at_20_max": 0.808298,
        "nauc_precision_at_20_std": 0.347106,
        "nauc_precision_at_20_diff1": 0.893207,
        "nauc_precision_at_100_max": 1.0,
        "nauc_precision_at_100_std": 0.930556,
        "nauc_precision_at_100_diff1": 0.96732,
        "nauc_precision_at_1000_max": 1.0,
        "nauc_precision_at_1000_std": 1.0,
        "nauc_precision_at_1000_diff1": 1.0,
        "nauc_mrr_at_1_max": 0.654569,
        "nauc_mrr_at_1_std": -0.050843,
        "nauc_mrr_at_1_diff1": 0.880142,
        "nauc_mrr_at_3_max": 0.722953,
        "nauc_mrr_at_3_std": -0.011315,
        "nauc_mrr_at_3_diff1": 0.87655,
        "nauc_mrr_at_5_max": 0.711827,
        "nauc_mrr_at_5_std": -0.001451,
        "nauc_mrr_at_5_diff1": 0.874941,
        "nauc_mrr_at_10_max": 0.704579,
        "nauc_mrr_at_10_std": 0.00069,
        "nauc_mrr_at_10_diff1": 0.875962,
        "nauc_mrr_at_20_max": 0.70389,
        "nauc_mrr_at_20_std": -0.000601,
        "nauc_mrr_at_20_diff1": 0.875672,
        "nauc_mrr_at_100_max": 0.704331,
        "nauc_mrr_at_100_std": 0.000827,
        "nauc_mrr_at_100_diff1": 0.875837,
        "nauc_mrr_at_1000_max": 0.704176,
        "nauc_mrr_at_1000_std": 0.000319,
        "nauc_mrr_at_1000_diff1": 0.875798,
        "main_score": 0.93594,
        "hf_subset": "default",
        "languages": [
          "eng-Latn"
        ]
      }
    ]
  },
  "evaluation_time": 203.6886055469513,
  "kg_co2_emissions": null
}