{
  "dataset_revision": "66d23b0ce609450ce24d0fc85e9bac69aba90b84",
  "task_name": "housing-qa",
  "mteb_version": "1.38.49",
  "scores": {
    "test": [
      {
        "ndcg_at_1": 0.17757,
        "ndcg_at_3": 0.18501,
        "ndcg_at_5": 0.20144,
        "ndcg_at_10": 0.24891,
        "ndcg_at_20": 0.29628,
        "ndcg_at_100": 0.40682,
        "ndcg_at_1000": 0.44399,
        "map_at_1": 0.05982,
        "map_at_3": 0.10391,
        "map_at_5": 0.12217,
        "map_at_10": 0.15512,
        "map_at_20": 0.17497,
        "map_at_100": 0.2019,
        "map_at_1000": 0.20717,
        "recall_at_1": 0.05982,
        "recall_at_3": 0.14923,
        "recall_at_5": 0.20295,
        "recall_at_10": 0.34903,
        "recall_at_20": 0.47672,
        "recall_at_100": 0.84767,
        "recall_at_1000": 1.0,
        "precision_at_1": 0.17757,
        "precision_at_3": 0.14642,
        "precision_at_5": 0.14019,
        "precision_at_10": 0.12056,
        "precision_at_20": 0.08925,
        "precision_at_100": 0.03682,
        "precision_at_1000": 0.00467,
        "mrr_at_1": 0.17757,
        "mrr_at_3": 0.249221,
        "mrr_at_5": 0.27866,
        "mrr_at_10": 0.305737,
        "mrr_at_20": 0.314585,
        "mrr_at_100": 0.319894,
        "mrr_at_1000": 0.319963,
        "nauc_ndcg_at_1_max": 0.029107,
        "nauc_ndcg_at_1_std": 0.140005,
        "nauc_ndcg_at_1_diff1": 0.010925,
        "nauc_ndcg_at_3_max": 0.180411,
        "nauc_ndcg_at_3_std": 0.089883,
        "nauc_ndcg_at_3_diff1": 0.097444,
        "nauc_ndcg_at_5_max": 0.144212,
        "nauc_ndcg_at_5_std": 0.051834,
        "nauc_ndcg_at_5_diff1": 0.081952,
        "nauc_ndcg_at_10_max": 0.139773,
        "nauc_ndcg_at_10_std": -0.012068,
        "nauc_ndcg_at_10_diff1": 0.074766,
        "nauc_ndcg_at_20_max": 0.139216,
        "nauc_ndcg_at_20_std": 0.023997,
        "nauc_ndcg_at_20_diff1": 0.088236,
        "nauc_ndcg_at_100_max": 0.163009,
        "nauc_ndcg_at_100_std": 0.09182,
        "nauc_ndcg_at_100_diff1": 0.104864,
        "nauc_ndcg_at_1000_max": 0.152529,
        "nauc_ndcg_at_1000_std": 0.109185,
        "nauc_ndcg_at_1000_diff1": 0.106486,
        "nauc_map_at_1_max": -0.059815,
        "nauc_map_at_1_std": -0.107726,
        "nauc_map_at_1_diff1": 0.040567,
        "nauc_map_at_3_max": 0.127705,
        "nauc_map_at_3_std": -0.059025,
        "nauc_map_at_3_diff1": 0.056005,
        "nauc_map_at_5_max": 0.120315,
        "nauc_map_at_5_std": -0.052518,
        "nauc_map_at_5_diff1": 0.064649,
        "nauc_map_at_10_max": 0.120491,
        "nauc_map_at_10_std": -0.058004,
        "nauc_map_at_10_diff1": 0.070327,
        "nauc_map_at_20_max": 0.113679,
        "nauc_map_at_20_std": -0.032561,
        "nauc_map_at_20_diff1": 0.070521,
        "nauc_map_at_100_max": 0.126647,
        "nauc_map_at_100_std": -0.004365,
        "nauc_map_at_100_diff1": 0.081776,
        "nauc_map_at_1000_max": 0.127203,
        "nauc_map_at_1000_std": 0.000696,
        "nauc_map_at_1000_diff1": 0.084242,
        "nauc_recall_at_1_max": -0.059815,
        "nauc_recall_at_1_std": -0.107726,
        "nauc_recall_at_1_diff1": 0.040567,
        "nauc_recall_at_3_max": 0.252827,
        "nauc_recall_at_3_std": -0.035338,
        "nauc_recall_at_3_diff1": 0.058051,
        "nauc_recall_at_5_max": 0.183823,
        "nauc_recall_at_5_std": -0.064979,
        "nauc_recall_at_5_diff1": 0.046135,
        "nauc_recall_at_10_max": 0.120836,
        "nauc_recall_at_10_std": -0.122447,
        "nauc_recall_at_10_diff1": 0.042367,
        "nauc_recall_at_20_max": 0.137747,
        "nauc_recall_at_20_std": -0.041552,
        "nauc_recall_at_20_diff1": 0.094512,
        "nauc_recall_at_100_max": 0.160643,
        "nauc_recall_at_100_std": 0.014992,
        "nauc_recall_at_100_diff1": 0.059385,
        "nauc_recall_at_1000_max": NaN,
        "nauc_recall_at_1000_std": NaN,
        "nauc_recall_at_1000_diff1": NaN,
        "nauc_precision_at_1_max": 0.029107,
        "nauc_precision_at_1_std": 0.140005,
        "nauc_precision_at_1_diff1": 0.010925,
        "nauc_precision_at_3_max": 0.247434,
        "nauc_precision_at_3_std": 0.160715,
        "nauc_precision_at_3_diff1": 0.159445,
        "nauc_precision_at_5_max": 0.151604,
        "nauc_precision_at_5_std": 0.155682,
        "nauc_precision_at_5_diff1": 0.115085,
        "nauc_precision_at_10_max": 0.127968,
        "nauc_precision_at_10_std": 0.157157,
        "nauc_precision_at_10_diff1": 0.089745,
        "nauc_precision_at_20_max": 0.092926,
        "nauc_precision_at_20_std": 0.243526,
        "nauc_precision_at_20_diff1": 0.082597,
        "nauc_precision_at_100_max": 0.092985,
        "nauc_precision_at_100_std": 0.312636,
        "nauc_precision_at_100_diff1": 0.07977,
        "nauc_precision_at_1000_max": 0.049672,
        "nauc_precision_at_1000_std": 0.279696,
        "nauc_precision_at_1000_diff1": 0.057558,
        "nauc_mrr_at_1_max": 0.029107,
        "nauc_mrr_at_1_std": 0.140005,
        "nauc_mrr_at_1_diff1": 0.010925,
        "nauc_mrr_at_3_max": 0.162507,
        "nauc_mrr_at_3_std": 0.159198,
        "nauc_mrr_at_3_diff1": 0.089566,
        "nauc_mrr_at_5_max": 0.129428,
        "nauc_mrr_at_5_std": 0.142977,
        "nauc_mrr_at_5_diff1": 0.06711,
        "nauc_mrr_at_10_max": 0.133003,
        "nauc_mrr_at_10_std": 0.143997,
        "nauc_mrr_at_10_diff1": 0.076275,
        "nauc_mrr_at_20_max": 0.134227,
        "nauc_mrr_at_20_std": 0.154001,
        "nauc_mrr_at_20_diff1": 0.079876,
        "nauc_mrr_at_100_max": 0.132059,
        "nauc_mrr_at_100_std": 0.152463,
        "nauc_mrr_at_100_diff1": 0.079649,
        "nauc_mrr_at_1000_max": 0.131848,
        "nauc_mrr_at_1000_std": 0.152257,
        "nauc_mrr_at_1000_diff1": 0.079492,
        "main_score": 0.24891,
        "hf_subset": "default",
        "languages": [
          "eng-Latn"
        ]
      }
    ]
  },
  "evaluation_time": 62.484639406204224,
  "kg_co2_emissions": null
}