{
  "dataset_revision": "bbf8b2d84b7de5970b2ba4ea843c791285fdb1df",
  "task_name": "irish-legislative-summaries",
  "mteb_version": "1.38.49",
  "scores": {
    "test": [
      {
        "ndcg_at_1": 0.766,
        "ndcg_at_3": 0.81112,
        "ndcg_at_5": 0.81602,
        "ndcg_at_10": 0.81863,
        "ndcg_at_20": 0.81967,
        "ndcg_at_100": 0.82003,
        "ndcg_at_1000": 0.83535,
        "map_at_1": 0.766,
        "map_at_3": 0.801,
        "map_at_5": 0.8037,
        "map_at_10": 0.80478,
        "map_at_20": 0.80508,
        "map_at_100": 0.80513,
        "map_at_1000": 0.80544,
        "recall_at_1": 0.766,
        "recall_at_3": 0.84,
        "recall_at_5": 0.852,
        "recall_at_10": 0.86,
        "recall_at_20": 0.864,
        "recall_at_100": 0.866,
        "recall_at_1000": 1.0,
        "precision_at_1": 0.766,
        "precision_at_3": 0.28,
        "precision_at_5": 0.1704,
        "precision_at_10": 0.086,
        "precision_at_20": 0.0432,
        "precision_at_100": 0.00866,
        "precision_at_1000": 0.001,
        "mrr_at_1": 0.766,
        "mrr_at_3": 0.801,
        "mrr_at_5": 0.8037,
        "mrr_at_10": 0.804783,
        "mrr_at_20": 0.805083,
        "mrr_at_100": 0.805129,
        "mrr_at_1000": 0.805444,
        "nauc_ndcg_at_1_max": 0.765972,
        "nauc_ndcg_at_1_std": -0.282505,
        "nauc_ndcg_at_1_diff1": 0.825597,
        "nauc_ndcg_at_3_max": 0.793814,
        "nauc_ndcg_at_3_std": -0.293704,
        "nauc_ndcg_at_3_diff1": 0.780927,
        "nauc_ndcg_at_5_max": 0.792495,
        "nauc_ndcg_at_5_std": -0.266945,
        "nauc_ndcg_at_5_diff1": 0.774234,
        "nauc_ndcg_at_10_max": 0.791731,
        "nauc_ndcg_at_10_std": -0.266559,
        "nauc_ndcg_at_10_diff1": 0.774785,
        "nauc_ndcg_at_20_max": 0.79022,
        "nauc_ndcg_at_20_std": -0.262611,
        "nauc_ndcg_at_20_diff1": 0.77409,
        "nauc_ndcg_at_100_max": 0.789824,
        "nauc_ndcg_at_100_std": -0.263885,
        "nauc_ndcg_at_100_diff1": 0.774774,
        "nauc_ndcg_at_1000_max": 0.788226,
        "nauc_ndcg_at_1000_std": -0.270848,
        "nauc_ndcg_at_1000_diff1": 0.780427,
        "nauc_map_at_1_max": 0.765972,
        "nauc_map_at_1_std": -0.282505,
        "nauc_map_at_1_diff1": 0.825597,
        "nauc_map_at_3_max": 0.786596,
        "nauc_map_at_3_std": -0.29326,
        "nauc_map_at_3_diff1": 0.792368,
        "nauc_map_at_5_max": 0.785701,
        "nauc_map_at_5_std": -0.279632,
        "nauc_map_at_5_diff1": 0.788957,
        "nauc_map_at_10_max": 0.78542,
        "nauc_map_at_10_std": -0.279655,
        "nauc_map_at_10_diff1": 0.789328,
        "nauc_map_at_20_max": 0.785012,
        "nauc_map_at_20_std": -0.278576,
        "nauc_map_at_20_diff1": 0.789135,
        "nauc_map_at_100_max": 0.784965,
        "nauc_map_at_100_std": -0.278728,
        "nauc_map_at_100_diff1": 0.789218,
        "nauc_map_at_1000_max": 0.784923,
        "nauc_map_at_1000_std": -0.278914,
        "nauc_map_at_1000_diff1": 0.789353,
        "nauc_recall_at_1_max": 0.765972,
        "nauc_recall_at_1_std": -0.282505,
        "nauc_recall_at_1_diff1": 0.825597,
        "nauc_recall_at_3_max": 0.818686,
        "nauc_recall_at_3_std": -0.293919,
        "nauc_recall_at_3_diff1": 0.741581,
        "nauc_recall_at_5_max": 0.817232,
        "nauc_recall_at_5_std": -0.21335,
        "nauc_recall_at_5_diff1": 0.719332,
        "nauc_recall_at_10_max": 0.815214,
        "nauc_recall_at_10_std": -0.208369,
        "nauc_recall_at_10_diff1": 0.718082,
        "nauc_recall_at_20_max": 0.808329,
        "nauc_recall_at_20_std": -0.18776,
        "nauc_recall_at_20_diff1": 0.713425,
        "nauc_recall_at_100_max": 0.805757,
        "nauc_recall_at_100_std": -0.195807,
        "nauc_recall_at_100_diff1": 0.717471,
        "nauc_recall_at_1000_max": NaN,
        "nauc_recall_at_1000_std": NaN,
        "nauc_recall_at_1000_diff1": NaN,
        "nauc_precision_at_1_max": 0.765972,
        "nauc_precision_at_1_std": -0.282505,
        "nauc_precision_at_1_diff1": 0.825597,
        "nauc_precision_at_3_max": 0.818686,
        "nauc_precision_at_3_std": -0.293919,
        "nauc_precision_at_3_diff1": 0.741581,
        "nauc_precision_at_5_max": 0.817232,
        "nauc_precision_at_5_std": -0.21335,
        "nauc_precision_at_5_diff1": 0.719332,
        "nauc_precision_at_10_max": 0.815214,
        "nauc_precision_at_10_std": -0.208369,
        "nauc_precision_at_10_diff1": 0.718082,
        "nauc_precision_at_20_max": 0.808329,
        "nauc_precision_at_20_std": -0.18776,
        "nauc_precision_at_20_diff1": 0.713425,
        "nauc_precision_at_100_max": 0.805757,
        "nauc_precision_at_100_std": -0.195807,
        "nauc_precision_at_100_diff1": 0.717471,
        "nauc_precision_at_1000_max": 1.0,
        "nauc_precision_at_1000_std": 1.0,
        "nauc_precision_at_1000_diff1": 1.0,
        "nauc_mrr_at_1_max": 0.765972,
        "nauc_mrr_at_1_std": -0.282505,
        "nauc_mrr_at_1_diff1": 0.825597,
        "nauc_mrr_at_3_max": 0.786596,
        "nauc_mrr_at_3_std": -0.29326,
        "nauc_mrr_at_3_diff1": 0.792368,
        "nauc_mrr_at_5_max": 0.785701,
        "nauc_mrr_at_5_std": -0.279632,
        "nauc_mrr_at_5_diff1": 0.788957,
        "nauc_mrr_at_10_max": 0.78542,
        "nauc_mrr_at_10_std": -0.279655,
        "nauc_mrr_at_10_diff1": 0.789328,
        "nauc_mrr_at_20_max": 0.785012,
        "nauc_mrr_at_20_std": -0.278576,
        "nauc_mrr_at_20_diff1": 0.789135,
        "nauc_mrr_at_100_max": 0.784965,
        "nauc_mrr_at_100_std": -0.278728,
        "nauc_mrr_at_100_diff1": 0.789218,
        "nauc_mrr_at_1000_max": 0.784923,
        "nauc_mrr_at_1000_std": -0.278914,
        "nauc_mrr_at_1000_diff1": 0.789353,
        "main_score": 0.81863,
        "hf_subset": "default",
        "languages": [
          "eng-Latn"
        ]
      }
    ]
  },
  "evaluation_time": 1358.8992183208466,
  "kg_co2_emissions": null
}