{
  "dataset_revision": "ca0f1732432ad623ba6172b15e8c726b76e50fad",
  "task_name": "legal-rag-bench",
  "mteb_version": "1.39.7",
  "scores": {
    "test": [
      {
        "ndcg_at_1": 0.23,
        "ndcg_at_3": 0.30917,
        "ndcg_at_5": 0.39004,
        "ndcg_at_10": 0.4489,
        "ndcg_at_20": 0.47155,
        "ndcg_at_100": 0.49718,
        "ndcg_at_1000": 0.50132,
        "map_at_1": 0.23,
        "map_at_3": 0.28833,
        "map_at_5": 0.33233,
        "map_at_10": 0.35698,
        "map_at_20": 0.36313,
        "map_at_100": 0.36722,
        "map_at_1000": 0.36743,
        "recall_at_1": 0.23,
        "recall_at_3": 0.37,
        "recall_at_5": 0.57,
        "recall_at_10": 0.75,
        "recall_at_20": 0.84,
        "recall_at_100": 0.97,
        "recall_at_1000": 1.0,
        "precision_at_1": 0.23,
        "precision_at_3": 0.12333,
        "precision_at_5": 0.114,
        "precision_at_10": 0.075,
        "precision_at_20": 0.042,
        "precision_at_100": 0.0097,
        "precision_at_1000": 0.001,
        "mrr_at_1": 0.23,
        "mrr_at_3": 0.288333,
        "mrr_at_5": 0.332333,
        "mrr_at_10": 0.356984,
        "mrr_at_20": 0.363127,
        "mrr_at_100": 0.367223,
        "mrr_at_1000": 0.367427,
        "nauc_ndcg_at_1_max": 0.144751,
        "nauc_ndcg_at_1_std": 0.081375,
        "nauc_ndcg_at_1_diff1": 0.420418,
        "nauc_ndcg_at_3_max": 0.070236,
        "nauc_ndcg_at_3_std": 0.058161,
        "nauc_ndcg_at_3_diff1": 0.371395,
        "nauc_ndcg_at_5_max": 0.109966,
        "nauc_ndcg_at_5_std": 0.053291,
        "nauc_ndcg_at_5_diff1": 0.357359,
        "nauc_ndcg_at_10_max": 0.113607,
        "nauc_ndcg_at_10_std": 0.060156,
        "nauc_ndcg_at_10_diff1": 0.385226,
        "nauc_ndcg_at_20_max": 0.109773,
        "nauc_ndcg_at_20_std": 0.050473,
        "nauc_ndcg_at_20_diff1": 0.400287,
        "nauc_ndcg_at_100_max": 0.103636,
        "nauc_ndcg_at_100_std": 0.052783,
        "nauc_ndcg_at_100_diff1": 0.392722,
        "nauc_ndcg_at_1000_max": 0.109017,
        "nauc_ndcg_at_1000_std": 0.055548,
        "nauc_ndcg_at_1000_diff1": 0.386275,
        "nauc_map_at_1_max": 0.144751,
        "nauc_map_at_1_std": 0.081375,
        "nauc_map_at_1_diff1": 0.420418,
        "nauc_map_at_3_max": 0.089392,
        "nauc_map_at_3_std": 0.060429,
        "nauc_map_at_3_diff1": 0.378768,
        "nauc_map_at_5_max": 0.110941,
        "nauc_map_at_5_std": 0.060244,
        "nauc_map_at_5_diff1": 0.368676,
        "nauc_map_at_10_max": 0.110251,
        "nauc_map_at_10_std": 0.060085,
        "nauc_map_at_10_diff1": 0.380379,
        "nauc_map_at_20_max": 0.109675,
        "nauc_map_at_20_std": 0.05797,
        "nauc_map_at_20_diff1": 0.384114,
        "nauc_map_at_100_max": 0.109483,
        "nauc_map_at_100_std": 0.057988,
        "nauc_map_at_100_diff1": 0.3832,
        "nauc_map_at_1000_max": 0.109875,
        "nauc_map_at_1000_std": 0.058278,
        "nauc_map_at_1000_diff1": 0.382924,
        "nauc_recall_at_1_max": 0.144751,
        "nauc_recall_at_1_std": 0.081375,
        "nauc_recall_at_1_diff1": 0.420418,
        "nauc_recall_at_3_max": 0.018295,
        "nauc_recall_at_3_std": 0.053239,
        "nauc_recall_at_3_diff1": 0.353139,
        "nauc_recall_at_5_max": 0.113316,
        "nauc_recall_at_5_std": 0.03074,
        "nauc_recall_at_5_diff1": 0.32732,
        "nauc_recall_at_10_max": 0.145076,
        "nauc_recall_at_10_std": 0.070497,
        "nauc_recall_at_10_diff1": 0.423276,
        "nauc_recall_at_20_max": 0.125583,
        "nauc_recall_at_20_std": 0.001872,
        "nauc_recall_at_20_diff1": 0.545839,
        "nauc_recall_at_100_max": -0.154528,
        "nauc_recall_at_100_std": -0.049486,
        "nauc_recall_at_100_diff1": 0.771242,
        "nauc_recall_at_1000_max": NaN,
        "nauc_recall_at_1000_std": NaN,
        "nauc_recall_at_1000_diff1": NaN,
        "nauc_precision_at_1_max": 0.144751,
        "nauc_precision_at_1_std": 0.081375,
        "nauc_precision_at_1_diff1": 0.420418,
        "nauc_precision_at_3_max": 0.018295,
        "nauc_precision_at_3_std": 0.053239,
        "nauc_precision_at_3_diff1": 0.353139,
        "nauc_precision_at_5_max": 0.113316,
        "nauc_precision_at_5_std": 0.03074,
        "nauc_precision_at_5_diff1": 0.32732,
        "nauc_precision_at_10_max": 0.145076,
        "nauc_precision_at_10_std": 0.070497,
        "nauc_precision_at_10_diff1": 0.423276,
        "nauc_precision_at_20_max": 0.125583,
        "nauc_precision_at_20_std": 0.001872,
        "nauc_precision_at_20_diff1": 0.545839,
        "nauc_precision_at_100_max": -0.154528,
        "nauc_precision_at_100_std": -0.049486,
        "nauc_precision_at_100_diff1": 0.771242,
        "nauc_precision_at_1000_max": NaN,
        "nauc_precision_at_1000_std": NaN,
        "nauc_precision_at_1000_diff1": NaN,
        "nauc_mrr_at_1_max": 0.144751,
        "nauc_mrr_at_1_std": 0.081375,
        "nauc_mrr_at_1_diff1": 0.420418,
        "nauc_mrr_at_3_max": 0.089392,
        "nauc_mrr_at_3_std": 0.060429,
        "nauc_mrr_at_3_diff1": 0.378768,
        "nauc_mrr_at_5_max": 0.110941,
        "nauc_mrr_at_5_std": 0.060244,
        "nauc_mrr_at_5_diff1": 0.368676,
        "nauc_mrr_at_10_max": 0.110251,
        "nauc_mrr_at_10_std": 0.060085,
        "nauc_mrr_at_10_diff1": 0.380379,
        "nauc_mrr_at_20_max": 0.109675,
        "nauc_mrr_at_20_std": 0.05797,
        "nauc_mrr_at_20_diff1": 0.384114,
        "nauc_mrr_at_100_max": 0.109483,
        "nauc_mrr_at_100_std": 0.057988,
        "nauc_mrr_at_100_diff1": 0.3832,
        "nauc_mrr_at_1000_max": 0.109875,
        "nauc_mrr_at_1000_std": 0.058278,
        "nauc_mrr_at_1000_diff1": 0.382924,
        "main_score": 0.4489,
        "hf_subset": "default",
        "languages": [
          "eng-Latn"
        ]
      }
    ]
  },
  "evaluation_time": 1375.217467546463,
  "kg_co2_emissions": null
}