{
  "dataset_revision": "ec00129f88e9476e582131dc3a5db9220dfefa48",
  "task_name": "license-tldr-retrieval",
  "mteb_version": "1.38.49",
  "scores": {
    "test": [
      {
        "ndcg_at_1": 0.55385,
        "ndcg_at_3": 0.68571,
        "ndcg_at_5": 0.71086,
        "ndcg_at_10": 0.72695,
        "ndcg_at_20": 0.73461,
        "ndcg_at_100": 0.75294,
        "ndcg_at_1000": 0.75294,
        "map_at_1": 0.55385,
        "map_at_3": 0.65641,
        "map_at_5": 0.67026,
        "map_at_10": 0.67758,
        "map_at_20": 0.67963,
        "map_at_100": 0.6826,
        "map_at_1000": 0.6826,
        "recall_at_1": 0.55385,
        "recall_at_3": 0.76923,
        "recall_at_5": 0.83077,
        "recall_at_10": 0.87692,
        "recall_at_20": 0.90769,
        "recall_at_100": 1.0,
        "recall_at_1000": 1.0,
        "precision_at_1": 0.55385,
        "precision_at_3": 0.25641,
        "precision_at_5": 0.16615,
        "precision_at_10": 0.08769,
        "precision_at_20": 0.04538,
        "precision_at_100": 0.01,
        "precision_at_1000": 0.001,
        "mrr_at_1": 0.553846,
        "mrr_at_3": 0.65641,
        "mrr_at_5": 0.670256,
        "mrr_at_10": 0.677582,
        "mrr_at_20": 0.679634,
        "mrr_at_100": 0.682596,
        "mrr_at_1000": 0.682596,
        "nauc_ndcg_at_1_max": 0.74477,
        "nauc_ndcg_at_1_std": 0.195746,
        "nauc_ndcg_at_1_diff1": 0.82905,
        "nauc_ndcg_at_3_max": 0.795346,
        "nauc_ndcg_at_3_std": 0.247787,
        "nauc_ndcg_at_3_diff1": 0.750433,
        "nauc_ndcg_at_5_max": 0.7968,
        "nauc_ndcg_at_5_std": 0.343334,
        "nauc_ndcg_at_5_diff1": 0.748433,
        "nauc_ndcg_at_10_max": 0.785651,
        "nauc_ndcg_at_10_std": 0.344295,
        "nauc_ndcg_at_10_diff1": 0.751333,
        "nauc_ndcg_at_20_max": 0.778927,
        "nauc_ndcg_at_20_std": 0.326446,
        "nauc_ndcg_at_20_diff1": 0.751628,
        "nauc_ndcg_at_100_max": 0.778386,
        "nauc_ndcg_at_100_std": 0.290716,
        "nauc_ndcg_at_100_diff1": 0.767416,
        "nauc_ndcg_at_1000_max": 0.778386,
        "nauc_ndcg_at_1000_std": 0.290716,
        "nauc_ndcg_at_1000_diff1": 0.767416,
        "nauc_map_at_1_max": 0.74477,
        "nauc_map_at_1_std": 0.195746,
        "nauc_map_at_1_diff1": 0.82905,
        "nauc_map_at_3_max": 0.781042,
        "nauc_map_at_3_std": 0.236957,
        "nauc_map_at_3_diff1": 0.771161,
        "nauc_map_at_5_max": 0.781509,
        "nauc_map_at_5_std": 0.285244,
        "nauc_map_at_5_diff1": 0.770863,
        "nauc_map_at_10_max": 0.776837,
        "nauc_map_at_10_std": 0.283821,
        "nauc_map_at_10_diff1": 0.772523,
        "nauc_map_at_20_max": 0.775063,
        "nauc_map_at_20_std": 0.279242,
        "nauc_map_at_20_diff1": 0.772626,
        "nauc_map_at_100_max": 0.775004,
        "nauc_map_at_100_std": 0.273598,
        "nauc_map_at_100_diff1": 0.775268,
        "nauc_map_at_1000_max": 0.775004,
        "nauc_map_at_1000_std": 0.273598,
        "nauc_map_at_1000_diff1": 0.775268,
        "nauc_recall_at_1_max": 0.74477,
        "nauc_recall_at_1_std": 0.195746,
        "nauc_recall_at_1_diff1": 0.82905,
        "nauc_recall_at_3_max": 0.849309,
        "nauc_recall_at_3_std": 0.286465,
        "nauc_recall_at_3_diff1": 0.673076,
        "nauc_recall_at_5_max": 0.868888,
        "nauc_recall_at_5_std": 0.636686,
        "nauc_recall_at_5_diff1": 0.643128,
        "nauc_recall_at_10_max": 0.832124,
        "nauc_recall_at_10_std": 0.744562,
        "nauc_recall_at_10_diff1": 0.623646,
        "nauc_recall_at_20_max": 0.786326,
        "nauc_recall_at_20_std": 0.694962,
        "nauc_recall_at_20_diff1": 0.591796,
        "nauc_recall_at_100_max": NaN,
        "nauc_recall_at_100_std": NaN,
        "nauc_recall_at_100_diff1": NaN,
        "nauc_recall_at_1000_max": NaN,
        "nauc_recall_at_1000_std": NaN,
        "nauc_recall_at_1000_diff1": NaN,
        "nauc_precision_at_1_max": 0.74477,
        "nauc_precision_at_1_std": 0.195746,
        "nauc_precision_at_1_diff1": 0.82905,
        "nauc_precision_at_3_max": 0.849309,
        "nauc_precision_at_3_std": 0.286465,
        "nauc_precision_at_3_diff1": 0.673076,
        "nauc_precision_at_5_max": 0.868888,
        "nauc_precision_at_5_std": 0.636686,
        "nauc_precision_at_5_diff1": 0.643128,
        "nauc_precision_at_10_max": 0.832124,
        "nauc_precision_at_10_std": 0.744562,
        "nauc_precision_at_10_diff1": 0.623646,
        "nauc_precision_at_20_max": 0.786326,
        "nauc_precision_at_20_std": 0.694962,
        "nauc_precision_at_20_diff1": 0.591796,
        "nauc_precision_at_100_max": NaN,
        "nauc_precision_at_100_std": NaN,
        "nauc_precision_at_100_diff1": NaN,
        "nauc_precision_at_1000_max": 1.0,
        "nauc_precision_at_1000_std": 1.0,
        "nauc_precision_at_1000_diff1": 1.0,
        "nauc_mrr_at_1_max": 0.74477,
        "nauc_mrr_at_1_std": 0.195746,
        "nauc_mrr_at_1_diff1": 0.82905,
        "nauc_mrr_at_3_max": 0.781042,
        "nauc_mrr_at_3_std": 0.236957,
        "nauc_mrr_at_3_diff1": 0.771161,
        "nauc_mrr_at_5_max": 0.781509,
        "nauc_mrr_at_5_std": 0.285244,
        "nauc_mrr_at_5_diff1": 0.770863,
        "nauc_mrr_at_10_max": 0.776837,
        "nauc_mrr_at_10_std": 0.283821,
        "nauc_mrr_at_10_diff1": 0.772523,
        "nauc_mrr_at_20_max": 0.775063,
        "nauc_mrr_at_20_std": 0.279242,
        "nauc_mrr_at_20_diff1": 0.772626,
        "nauc_mrr_at_100_max": 0.775004,
        "nauc_mrr_at_100_std": 0.273598,
        "nauc_mrr_at_100_diff1": 0.775268,
        "nauc_mrr_at_1000_max": 0.775004,
        "nauc_mrr_at_1000_std": 0.273598,
        "nauc_mrr_at_1000_diff1": 0.775268,
        "main_score": 0.72695,
        "hf_subset": "default",
        "languages": [
          "eng-Latn"
        ]
      }
    ]
  },
  "evaluation_time": 49.49658417701721,
  "kg_co2_emissions": null
}