{
  "dataset_revision": "319b6cc4b012d733f126a943a8a66bdf9df5dc40",
  "task_name": "scalr",
  "mteb_version": "1.38.49",
  "scores": {
    "test": [
      {
        "ndcg_at_1": 0.6,
        "ndcg_at_3": 0.71002,
        "ndcg_at_5": 0.73441,
        "ndcg_at_10": 0.75569,
        "ndcg_at_20": 0.76181,
        "ndcg_at_100": 0.76858,
        "ndcg_at_1000": 0.77191,
        "map_at_1": 0.6,
        "map_at_3": 0.68194,
        "map_at_5": 0.69569,
        "map_at_10": 0.70432,
        "map_at_20": 0.70588,
        "map_at_100": 0.70704,
        "map_at_1000": 0.70718,
        "recall_at_1": 0.6,
        "recall_at_3": 0.79167,
        "recall_at_5": 0.85,
        "recall_at_10": 0.91667,
        "recall_at_20": 0.94167,
        "recall_at_100": 0.975,
        "recall_at_1000": 1.0,
        "precision_at_1": 0.6,
        "precision_at_3": 0.26389,
        "precision_at_5": 0.17,
        "precision_at_10": 0.09167,
        "precision_at_20": 0.04708,
        "precision_at_100": 0.00975,
        "precision_at_1000": 0.001,
        "mrr_at_1": 0.6,
        "mrr_at_3": 0.681944,
        "mrr_at_5": 0.695694,
        "mrr_at_10": 0.704315,
        "mrr_at_20": 0.705882,
        "mrr_at_100": 0.707038,
        "mrr_at_1000": 0.707182,
        "nauc_ndcg_at_1_max": 0.507742,
        "nauc_ndcg_at_1_std": -0.010018,
        "nauc_ndcg_at_1_diff1": 0.686789,
        "nauc_ndcg_at_3_max": 0.492742,
        "nauc_ndcg_at_3_std": 0.015443,
        "nauc_ndcg_at_3_diff1": 0.598361,
        "nauc_ndcg_at_5_max": 0.480643,
        "nauc_ndcg_at_5_std": 0.031438,
        "nauc_ndcg_at_5_diff1": 0.587433,
        "nauc_ndcg_at_10_max": 0.505353,
        "nauc_ndcg_at_10_std": 0.042958,
        "nauc_ndcg_at_10_diff1": 0.61549,
        "nauc_ndcg_at_20_max": 0.49434,
        "nauc_ndcg_at_20_std": 0.025109,
        "nauc_ndcg_at_20_diff1": 0.607941,
        "nauc_ndcg_at_100_max": 0.501814,
        "nauc_ndcg_at_100_std": 0.030815,
        "nauc_ndcg_at_100_diff1": 0.620784,
        "nauc_ndcg_at_1000_max": 0.498171,
        "nauc_ndcg_at_1000_std": 0.02536,
        "nauc_ndcg_at_1000_diff1": 0.620258,
        "nauc_map_at_1_max": 0.507742,
        "nauc_map_at_1_std": -0.010018,
        "nauc_map_at_1_diff1": 0.686789,
        "nauc_map_at_3_max": 0.501068,
        "nauc_map_at_3_std": 0.014343,
        "nauc_map_at_3_diff1": 0.623205,
        "nauc_map_at_5_max": 0.494618,
        "nauc_map_at_5_std": 0.022805,
        "nauc_map_at_5_diff1": 0.618843,
        "nauc_map_at_10_max": 0.501459,
        "nauc_map_at_10_std": 0.024461,
        "nauc_map_at_10_diff1": 0.628011,
        "nauc_map_at_20_max": 0.499103,
        "nauc_map_at_20_std": 0.020518,
        "nauc_map_at_20_diff1": 0.626527,
        "nauc_map_at_100_max": 0.499976,
        "nauc_map_at_100_std": 0.020913,
        "nauc_map_at_100_diff1": 0.628674,
        "nauc_map_at_1000_max": 0.499818,
        "nauc_map_at_1000_std": 0.02073,
        "nauc_map_at_1000_diff1": 0.628573,
        "nauc_recall_at_1_max": 0.507742,
        "nauc_recall_at_1_std": -0.010018,
        "nauc_recall_at_1_diff1": 0.686789,
        "nauc_recall_at_3_max": 0.457627,
        "nauc_recall_at_3_std": 0.016272,
        "nauc_recall_at_3_diff1": 0.500675,
        "nauc_recall_at_5_max": 0.405575,
        "nauc_recall_at_5_std": 0.073164,
        "nauc_recall_at_5_diff1": 0.426077,
        "nauc_recall_at_10_max": 0.574276,
        "nauc_recall_at_10_std": 0.223063,
        "nauc_recall_at_10_diff1": 0.549113,
        "nauc_recall_at_20_max": 0.45018,
        "nauc_recall_at_20_std": 0.052754,
        "nauc_recall_at_20_diff1": 0.414232,
        "nauc_recall_at_100_max": 0.693433,
        "nauc_recall_at_100_std": 0.345005,
        "nauc_recall_at_100_diff1": 0.609555,
        "nauc_recall_at_1000_max": NaN,
        "nauc_recall_at_1000_std": NaN,
        "nauc_recall_at_1000_diff1": NaN,
        "nauc_precision_at_1_max": 0.507742,
        "nauc_precision_at_1_std": -0.010018,
        "nauc_precision_at_1_diff1": 0.686789,
        "nauc_precision_at_3_max": 0.457627,
        "nauc_precision_at_3_std": 0.016272,
        "nauc_precision_at_3_diff1": 0.500675,
        "nauc_precision_at_5_max": 0.405575,
        "nauc_precision_at_5_std": 0.073164,
        "nauc_precision_at_5_diff1": 0.426077,
        "nauc_precision_at_10_max": 0.574276,
        "nauc_precision_at_10_std": 0.223063,
        "nauc_precision_at_10_diff1": 0.549113,
        "nauc_precision_at_20_max": 0.45018,
        "nauc_precision_at_20_std": 0.052754,
        "nauc_precision_at_20_diff1": 0.414232,
        "nauc_precision_at_100_max": 0.693433,
        "nauc_precision_at_100_std": 0.345005,
        "nauc_precision_at_100_diff1": 0.609555,
        "nauc_precision_at_1000_max": 1.0,
        "nauc_precision_at_1000_std": 1.0,
        "nauc_precision_at_1000_diff1": 1.0,
        "nauc_mrr_at_1_max": 0.507742,
        "nauc_mrr_at_1_std": -0.010018,
        "nauc_mrr_at_1_diff1": 0.686789,
        "nauc_mrr_at_3_max": 0.501068,
        "nauc_mrr_at_3_std": 0.014343,
        "nauc_mrr_at_3_diff1": 0.623205,
        "nauc_mrr_at_5_max": 0.494618,
        "nauc_mrr_at_5_std": 0.022805,
        "nauc_mrr_at_5_diff1": 0.618843,
        "nauc_mrr_at_10_max": 0.501459,
        "nauc_mrr_at_10_std": 0.024461,
        "nauc_mrr_at_10_diff1": 0.628011,
        "nauc_mrr_at_20_max": 0.499103,
        "nauc_mrr_at_20_std": 0.020518,
        "nauc_mrr_at_20_diff1": 0.626527,
        "nauc_mrr_at_100_max": 0.499976,
        "nauc_mrr_at_100_std": 0.020913,
        "nauc_mrr_at_100_diff1": 0.628674,
        "nauc_mrr_at_1000_max": 0.499818,
        "nauc_mrr_at_1000_std": 0.02073,
        "nauc_mrr_at_1000_diff1": 0.628573,
        "main_score": 0.75569,
        "hf_subset": "default",
        "languages": [
          "eng-Latn"
        ]
      }
    ]
  },
  "evaluation_time": 64.91094493865967,
  "kg_co2_emissions": null
}