{
  "dataset_revision": "427e2ae4b22cd9ad990ef8dd4647c16d79c89198",
  "task_name": "singaporean-judicial-keywords",
  "mteb_version": "1.38.49",
  "scores": {
    "test": [
      {
        "ndcg_at_1": 0.798,
        "ndcg_at_3": 0.81914,
        "ndcg_at_5": 0.8225,
        "ndcg_at_10": 0.8266,
        "ndcg_at_20": 0.82765,
        "ndcg_at_100": 0.829,
        "ndcg_at_1000": 0.84513,
        "map_at_1": 0.798,
        "map_at_3": 0.814,
        "map_at_5": 0.8159,
        "map_at_10": 0.81772,
        "map_at_20": 0.81803,
        "map_at_100": 0.81817,
        "map_at_1000": 0.81862,
        "recall_at_1": 0.798,
        "recall_at_3": 0.834,
        "recall_at_5": 0.842,
        "recall_at_10": 0.854,
        "recall_at_20": 0.858,
        "recall_at_100": 0.866,
        "recall_at_1000": 1.0,
        "precision_at_1": 0.798,
        "precision_at_3": 0.278,
        "precision_at_5": 0.1684,
        "precision_at_10": 0.0854,
        "precision_at_20": 0.0429,
        "precision_at_100": 0.00866,
        "precision_at_1000": 0.001,
        "mrr_at_1": 0.798,
        "mrr_at_3": 0.814,
        "mrr_at_5": 0.8159,
        "mrr_at_10": 0.817721,
        "mrr_at_20": 0.818029,
        "mrr_at_100": 0.818172,
        "mrr_at_1000": 0.818617,
        "nauc_ndcg_at_1_max": 0.829618,
        "nauc_ndcg_at_1_std": -0.001774,
        "nauc_ndcg_at_1_diff1": 0.887002,
        "nauc_ndcg_at_3_max": 0.845656,
        "nauc_ndcg_at_3_std": -0.050957,
        "nauc_ndcg_at_3_diff1": 0.87658,
        "nauc_ndcg_at_5_max": 0.84786,
        "nauc_ndcg_at_5_std": -0.048389,
        "nauc_ndcg_at_5_diff1": 0.871802,
        "nauc_ndcg_at_10_max": 0.843781,
        "nauc_ndcg_at_10_std": -0.053916,
        "nauc_ndcg_at_10_diff1": 0.868721,
        "nauc_ndcg_at_20_max": 0.842904,
        "nauc_ndcg_at_20_std": -0.059776,
        "nauc_ndcg_at_20_diff1": 0.867563,
        "nauc_ndcg_at_100_max": 0.841264,
        "nauc_ndcg_at_100_std": -0.052269,
        "nauc_ndcg_at_100_diff1": 0.866548,
        "nauc_ndcg_at_1000_max": 0.841475,
        "nauc_ndcg_at_1000_std": -0.049086,
        "nauc_ndcg_at_1000_diff1": 0.870552,
        "nauc_map_at_1_max": 0.829618,
        "nauc_map_at_1_std": -0.001774,
        "nauc_map_at_1_diff1": 0.887002,
        "nauc_map_at_3_max": 0.841323,
        "nauc_map_at_3_std": -0.039207,
        "nauc_map_at_3_diff1": 0.879554,
        "nauc_map_at_5_max": 0.842261,
        "nauc_map_at_5_std": -0.037539,
        "nauc_map_at_5_diff1": 0.876967,
        "nauc_map_at_10_max": 0.840536,
        "nauc_map_at_10_std": -0.039778,
        "nauc_map_at_10_diff1": 0.875776,
        "nauc_map_at_20_max": 0.840287,
        "nauc_map_at_20_std": -0.041389,
        "nauc_map_at_20_diff1": 0.875465,
        "nauc_map_at_100_max": 0.840134,
        "nauc_map_at_100_std": -0.040463,
        "nauc_map_at_100_diff1": 0.875336,
        "nauc_map_at_1000_max": 0.84013,
        "nauc_map_at_1000_std": -0.040364,
        "nauc_map_at_1000_diff1": 0.875423,
        "nauc_recall_at_1_max": 0.829618,
        "nauc_recall_at_1_std": -0.001774,
        "nauc_recall_at_1_diff1": 0.887002,
        "nauc_recall_at_3_max": 0.859605,
        "nauc_recall_at_3_std": -0.088101,
        "nauc_recall_at_3_diff1": 0.866938,
        "nauc_recall_at_5_max": 0.867168,
        "nauc_recall_at_5_std": -0.083732,
        "nauc_recall_at_5_diff1": 0.853834,
        "nauc_recall_at_10_max": 0.854301,
        "nauc_recall_at_10_std": -0.105345,
        "nauc_recall_at_10_diff1": 0.841542,
        "nauc_recall_at_20_max": 0.85059,
        "nauc_recall_at_20_std": -0.133261,
        "nauc_recall_at_20_diff1": 0.83559,
        "nauc_recall_at_100_max": 0.838534,
        "nauc_recall_at_100_std": -0.084351,
        "nauc_recall_at_100_diff1": 0.827018,
        "nauc_recall_at_1000_max": NaN,
        "nauc_recall_at_1000_std": NaN,
        "nauc_recall_at_1000_diff1": NaN,
        "nauc_precision_at_1_max": 0.829618,
        "nauc_precision_at_1_std": -0.001774,
        "nauc_precision_at_1_diff1": 0.887002,
        "nauc_precision_at_3_max": 0.859605,
        "nauc_precision_at_3_std": -0.088101,
        "nauc_precision_at_3_diff1": 0.866938,
        "nauc_precision_at_5_max": 0.867168,
        "nauc_precision_at_5_std": -0.083732,
        "nauc_precision_at_5_diff1": 0.853834,
        "nauc_precision_at_10_max": 0.854301,
        "nauc_precision_at_10_std": -0.105345,
        "nauc_precision_at_10_diff1": 0.841542,
        "nauc_precision_at_20_max": 0.85059,
        "nauc_precision_at_20_std": -0.133261,
        "nauc_precision_at_20_diff1": 0.83559,
        "nauc_precision_at_100_max": 0.838534,
        "nauc_precision_at_100_std": -0.084351,
        "nauc_precision_at_100_diff1": 0.827018,
        "nauc_precision_at_1000_max": 1.0,
        "nauc_precision_at_1000_std": 1.0,
        "nauc_precision_at_1000_diff1": 1.0,
        "nauc_mrr_at_1_max": 0.829618,
        "nauc_mrr_at_1_std": -0.001774,
        "nauc_mrr_at_1_diff1": 0.887002,
        "nauc_mrr_at_3_max": 0.841323,
        "nauc_mrr_at_3_std": -0.039207,
        "nauc_mrr_at_3_diff1": 0.879554,
        "nauc_mrr_at_5_max": 0.842261,
        "nauc_mrr_at_5_std": -0.037539,
        "nauc_mrr_at_5_diff1": 0.876967,
        "nauc_mrr_at_10_max": 0.840536,
        "nauc_mrr_at_10_std": -0.039778,
        "nauc_mrr_at_10_diff1": 0.875776,
        "nauc_mrr_at_20_max": 0.840287,
        "nauc_mrr_at_20_std": -0.041389,
        "nauc_mrr_at_20_diff1": 0.875465,
        "nauc_mrr_at_100_max": 0.840134,
        "nauc_mrr_at_100_std": -0.040463,
        "nauc_mrr_at_100_diff1": 0.875336,
        "nauc_mrr_at_1000_max": 0.84013,
        "nauc_mrr_at_1000_std": -0.040364,
        "nauc_mrr_at_1000_diff1": 0.875423,
        "main_score": 0.8266,
        "hf_subset": "default",
        "languages": [
          "eng-Latn"
        ]
      }
    ]
  },
  "evaluation_time": 3196.119715452194,
  "kg_co2_emissions": null
}