{
  "dataset_revision": "436d6a79d06cac556799e9e0be54a6fb90bf7182",
  "task_name": "uk-legislative-long-titles",
  "mteb_version": "1.38.49",
  "scores": {
    "test": [
      {
        "ndcg_at_1": 0.76923,
        "ndcg_at_3": 0.77732,
        "ndcg_at_5": 0.78284,
        "ndcg_at_10": 0.78284,
        "ndcg_at_20": 0.78284,
        "ndcg_at_100": 0.81861,
        "ndcg_at_1000": 0.81861,
        "map_at_1": 0.76923,
        "map_at_3": 0.77564,
        "map_at_5": 0.77885,
        "map_at_10": 0.77885,
        "map_at_20": 0.77885,
        "map_at_100": 0.78292,
        "map_at_1000": 0.78292,
        "recall_at_1": 0.76923,
        "recall_at_3": 0.78205,
        "recall_at_5": 0.79487,
        "recall_at_10": 0.79487,
        "recall_at_20": 0.79487,
        "recall_at_100": 1.0,
        "recall_at_1000": 1.0,
        "precision_at_1": 0.76923,
        "precision_at_3": 0.26068,
        "precision_at_5": 0.15897,
        "precision_at_10": 0.07949,
        "precision_at_20": 0.03974,
        "precision_at_100": 0.01,
        "precision_at_1000": 0.001,
        "mrr_at_1": 0.769231,
        "mrr_at_3": 0.775641,
        "mrr_at_5": 0.778846,
        "mrr_at_10": 0.778846,
        "mrr_at_20": 0.778846,
        "mrr_at_100": 0.782922,
        "mrr_at_1000": 0.782922,
        "nauc_ndcg_at_1_max": 0.982975,
        "nauc_ndcg_at_1_std": 0.701598,
        "nauc_ndcg_at_1_diff1": 0.973946,
        "nauc_ndcg_at_3_max": 0.97663,
        "nauc_ndcg_at_3_std": 0.699687,
        "nauc_ndcg_at_3_diff1": 0.967343,
        "nauc_ndcg_at_5_max": 0.976165,
        "nauc_ndcg_at_5_std": 0.710184,
        "nauc_ndcg_at_5_diff1": 0.962616,
        "nauc_ndcg_at_10_max": 0.976165,
        "nauc_ndcg_at_10_std": 0.710184,
        "nauc_ndcg_at_10_diff1": 0.962616,
        "nauc_ndcg_at_20_max": 0.976165,
        "nauc_ndcg_at_20_std": 0.710184,
        "nauc_ndcg_at_20_diff1": 0.962616,
        "nauc_ndcg_at_100_max": 0.975367,
        "nauc_ndcg_at_100_std": 0.70321,
        "nauc_ndcg_at_100_diff1": 0.963009,
        "nauc_ndcg_at_1000_max": 0.975367,
        "nauc_ndcg_at_1000_std": 0.70321,
        "nauc_ndcg_at_1000_diff1": 0.963009,
        "nauc_map_at_1_max": 0.982975,
        "nauc_map_at_1_std": 0.701598,
        "nauc_map_at_1_diff1": 0.973946,
        "nauc_map_at_3_max": 0.977976,
        "nauc_map_at_3_std": 0.700092,
        "nauc_map_at_3_diff1": 0.968744,
        "nauc_map_at_5_max": 0.977726,
        "nauc_map_at_5_std": 0.706104,
        "nauc_map_at_5_diff1": 0.966055,
        "nauc_map_at_10_max": 0.977726,
        "nauc_map_at_10_std": 0.706104,
        "nauc_map_at_10_diff1": 0.966055,
        "nauc_map_at_20_max": 0.977726,
        "nauc_map_at_20_std": 0.706104,
        "nauc_map_at_20_diff1": 0.966055,
        "nauc_map_at_100_max": 0.977122,
        "nauc_map_at_100_std": 0.704019,
        "nauc_map_at_100_diff1": 0.965571,
        "nauc_map_at_1000_max": 0.977122,
        "nauc_map_at_1000_std": 0.704019,
        "nauc_map_at_1000_diff1": 0.965571,
        "nauc_recall_at_1_max": 0.982975,
        "nauc_recall_at_1_std": 0.701598,
        "nauc_recall_at_1_diff1": 0.973946,
        "nauc_recall_at_3_max": 0.972747,
        "nauc_recall_at_3_std": 0.698518,
        "nauc_recall_at_3_diff1": 0.963303,
        "nauc_recall_at_5_max": 0.971433,
        "nauc_recall_at_5_std": 0.723937,
        "nauc_recall_at_5_diff1": 0.951635,
        "nauc_recall_at_10_max": 0.971433,
        "nauc_recall_at_10_std": 0.723937,
        "nauc_recall_at_10_diff1": 0.951635,
        "nauc_recall_at_20_max": 0.971433,
        "nauc_recall_at_20_std": 0.723937,
        "nauc_recall_at_20_diff1": 0.951635,
        "nauc_recall_at_100_max": NaN,
        "nauc_recall_at_100_std": NaN,
        "nauc_recall_at_100_diff1": NaN,
        "nauc_recall_at_1000_max": NaN,
        "nauc_recall_at_1000_std": NaN,
        "nauc_recall_at_1000_diff1": NaN,
        "nauc_precision_at_1_max": 0.982975,
        "nauc_precision_at_1_std": 0.701598,
        "nauc_precision_at_1_diff1": 0.973946,
        "nauc_precision_at_3_max": 0.972747,
        "nauc_precision_at_3_std": 0.698518,
        "nauc_precision_at_3_diff1": 0.963303,
        "nauc_precision_at_5_max": 0.971433,
        "nauc_precision_at_5_std": 0.723937,
        "nauc_precision_at_5_diff1": 0.951635,
        "nauc_precision_at_10_max": 0.971433,
        "nauc_precision_at_10_std": 0.723937,
        "nauc_precision_at_10_diff1": 0.951635,
        "nauc_precision_at_20_max": 0.971433,
        "nauc_precision_at_20_std": 0.723937,
        "nauc_precision_at_20_diff1": 0.951635,
        "nauc_precision_at_100_max": 1.0,
        "nauc_precision_at_100_std": 1.0,
        "nauc_precision_at_100_diff1": 1.0,
        "nauc_precision_at_1000_max": 1.0,
        "nauc_precision_at_1000_std": 1.0,
        "nauc_precision_at_1000_diff1": 1.0,
        "nauc_mrr_at_1_max": 0.982975,
        "nauc_mrr_at_1_std": 0.701598,
        "nauc_mrr_at_1_diff1": 0.973946,
        "nauc_mrr_at_3_max": 0.977976,
        "nauc_mrr_at_3_std": 0.700092,
        "nauc_mrr_at_3_diff1": 0.968744,
        "nauc_mrr_at_5_max": 0.977726,
        "nauc_mrr_at_5_std": 0.706104,
        "nauc_mrr_at_5_diff1": 0.966055,
        "nauc_mrr_at_10_max": 0.977726,
        "nauc_mrr_at_10_std": 0.706104,
        "nauc_mrr_at_10_diff1": 0.966055,
        "nauc_mrr_at_20_max": 0.977726,
        "nauc_mrr_at_20_std": 0.706104,
        "nauc_mrr_at_20_diff1": 0.966055,
        "nauc_mrr_at_100_max": 0.977122,
        "nauc_mrr_at_100_std": 0.704019,
        "nauc_mrr_at_100_diff1": 0.965571,
        "nauc_mrr_at_1000_max": 0.977122,
        "nauc_mrr_at_1000_std": 0.704019,
        "nauc_mrr_at_1000_diff1": 0.965571,
        "main_score": 0.78284,
        "hf_subset": "default",
        "languages": [
          "eng-Latn"
        ]
      }
    ]
  },
  "evaluation_time": 153.48600792884827,
  "kg_co2_emissions": null
}