{
  "dataset_revision": "c64c3baac6bfd5f934d2df6e5d42dcb7d87c8ba8",
  "task_name": "australian-tax-guidance-retrieval",
  "mteb_version": "1.38.49",
  "scores": {
    "test": [
      {
        "ndcg_at_1": 0.58929,
        "ndcg_at_3": 0.7196,
        "ndcg_at_5": 0.74919,
        "ndcg_at_10": 0.77639,
        "ndcg_at_20": 0.78308,
        "ndcg_at_100": 0.78509,
        "ndcg_at_1000": 0.78509,
        "map_at_1": 0.58929,
        "map_at_3": 0.6875,
        "map_at_5": 0.70402,
        "map_at_10": 0.71596,
        "map_at_20": 0.71776,
        "map_at_100": 0.71818,
        "map_at_1000": 0.71818,
        "recall_at_1": 0.58929,
        "recall_at_3": 0.8125,
        "recall_at_5": 0.88393,
        "recall_at_10": 0.96429,
        "recall_at_20": 0.99107,
        "recall_at_100": 1.0,
        "recall_at_1000": 1.0,
        "precision_at_1": 0.58929,
        "precision_at_3": 0.27083,
        "precision_at_5": 0.17679,
        "precision_at_10": 0.09643,
        "precision_at_20": 0.04955,
        "precision_at_100": 0.01,
        "precision_at_1000": 0.001,
        "mrr_at_1": 0.589286,
        "mrr_at_3": 0.6875,
        "mrr_at_5": 0.704018,
        "mrr_at_10": 0.715958,
        "mrr_at_20": 0.717756,
        "mrr_at_100": 0.718181,
        "mrr_at_1000": 0.718181,
        "nauc_ndcg_at_1_max": 0.287275,
        "nauc_ndcg_at_1_std": 0.038735,
        "nauc_ndcg_at_1_diff1": 0.566887,
        "nauc_ndcg_at_3_max": 0.238833,
        "nauc_ndcg_at_3_std": 0.03579,
        "nauc_ndcg_at_3_diff1": 0.451247,
        "nauc_ndcg_at_5_max": 0.205426,
        "nauc_ndcg_at_5_std": 0.015124,
        "nauc_ndcg_at_5_diff1": 0.438269,
        "nauc_ndcg_at_10_max": 0.216039,
        "nauc_ndcg_at_10_std": 0.043352,
        "nauc_ndcg_at_10_diff1": 0.442714,
        "nauc_ndcg_at_20_max": 0.242315,
        "nauc_ndcg_at_20_std": 0.052613,
        "nauc_ndcg_at_20_diff1": 0.468163,
        "nauc_ndcg_at_100_max": 0.247024,
        "nauc_ndcg_at_100_std": 0.046892,
        "nauc_ndcg_at_100_diff1": 0.479867,
        "nauc_ndcg_at_1000_max": 0.247024,
        "nauc_ndcg_at_1000_std": 0.046892,
        "nauc_ndcg_at_1000_diff1": 0.479867,
        "nauc_map_at_1_max": 0.287275,
        "nauc_map_at_1_std": 0.038735,
        "nauc_map_at_1_diff1": 0.566887,
        "nauc_map_at_3_max": 0.254416,
        "nauc_map_at_3_std": 0.039839,
        "nauc_map_at_3_diff1": 0.487412,
        "nauc_map_at_5_max": 0.240025,
        "nauc_map_at_5_std": 0.031548,
        "nauc_map_at_5_diff1": 0.482695,
        "nauc_map_at_10_max": 0.245698,
        "nauc_map_at_10_std": 0.043527,
        "nauc_map_at_10_diff1": 0.485665,
        "nauc_map_at_20_max": 0.252246,
        "nauc_map_at_20_std": 0.04653,
        "nauc_map_at_20_diff1": 0.49051,
        "nauc_map_at_100_max": 0.253031,
        "nauc_map_at_100_std": 0.045588,
        "nauc_map_at_100_diff1": 0.492456,
        "nauc_map_at_1000_max": 0.253031,
        "nauc_map_at_1000_std": 0.045588,
        "nauc_map_at_1000_diff1": 0.492456,
        "nauc_recall_at_1_max": 0.287275,
        "nauc_recall_at_1_std": 0.038735,
        "nauc_recall_at_1_diff1": 0.566887,
        "nauc_recall_at_3_max": 0.172397,
        "nauc_recall_at_3_std": 0.016784,
        "nauc_recall_at_3_diff1": 0.29764,
        "nauc_recall_at_5_max": -0.020865,
        "nauc_recall_at_5_std": -0.099037,
        "nauc_recall_at_5_diff1": 0.160804,
        "nauc_recall_at_10_max": -0.361685,
        "nauc_recall_at_10_std": 0.038945,
        "nauc_recall_at_10_diff1": -0.350927,
        "nauc_recall_at_20_max": -0.170563,
        "nauc_recall_at_20_std": 0.554206,
        "nauc_recall_at_20_diff1": -0.558106,
        "nauc_recall_at_100_max": NaN,
        "nauc_recall_at_100_std": NaN,
        "nauc_recall_at_100_diff1": NaN,
        "nauc_recall_at_1000_max": NaN,
        "nauc_recall_at_1000_std": NaN,
        "nauc_recall_at_1000_diff1": NaN,
        "nauc_precision_at_1_max": 0.287275,
        "nauc_precision_at_1_std": 0.038735,
        "nauc_precision_at_1_diff1": 0.566887,
        "nauc_precision_at_3_max": 0.172397,
        "nauc_precision_at_3_std": 0.016784,
        "nauc_precision_at_3_diff1": 0.29764,
        "nauc_precision_at_5_max": -0.020865,
        "nauc_precision_at_5_std": -0.099037,
        "nauc_precision_at_5_diff1": 0.160804,
        "nauc_precision_at_10_max": -0.361685,
        "nauc_precision_at_10_std": 0.038945,
        "nauc_precision_at_10_diff1": -0.350927,
        "nauc_precision_at_20_max": -0.170563,
        "nauc_precision_at_20_std": 0.554206,
        "nauc_precision_at_20_diff1": -0.558106,
        "nauc_precision_at_100_max": NaN,
        "nauc_precision_at_100_std": NaN,
        "nauc_precision_at_100_diff1": NaN,
        "nauc_precision_at_1000_max": 1.0,
        "nauc_precision_at_1000_std": 1.0,
        "nauc_precision_at_1000_diff1": 1.0,
        "nauc_mrr_at_1_max": 0.287275,
        "nauc_mrr_at_1_std": 0.038735,
        "nauc_mrr_at_1_diff1": 0.566887,
        "nauc_mrr_at_3_max": 0.254416,
        "nauc_mrr_at_3_std": 0.039839,
        "nauc_mrr_at_3_diff1": 0.487412,
        "nauc_mrr_at_5_max": 0.240025,
        "nauc_mrr_at_5_std": 0.031548,
        "nauc_mrr_at_5_diff1": 0.482695,
        "nauc_mrr_at_10_max": 0.245698,
        "nauc_mrr_at_10_std": 0.043527,
        "nauc_mrr_at_10_diff1": 0.485665,
        "nauc_mrr_at_20_max": 0.252246,
        "nauc_mrr_at_20_std": 0.04653,
        "nauc_mrr_at_20_diff1": 0.49051,
        "nauc_mrr_at_100_max": 0.253031,
        "nauc_mrr_at_100_std": 0.045588,
        "nauc_mrr_at_100_diff1": 0.492456,
        "nauc_mrr_at_1000_max": 0.253031,
        "nauc_mrr_at_1000_std": 0.045588,
        "nauc_mrr_at_1000_diff1": 0.492456,
        "main_score": 0.77639,
        "hf_subset": "default",
        "languages": [
          "eng-Latn"
        ]
      }
    ]
  },
  "evaluation_time": 24.977717399597168,
  "kg_co2_emissions": null
}