{
  "dataset_revision": "dd157bbfa479359488c656981e3999da6f42e4e9",
  "task_name": "bar-exam-qa",
  "mteb_version": "1.38.49",
  "scores": {
    "test": [
      {
        "ndcg_at_1": 0.23932,
        "ndcg_at_3": 0.378,
        "ndcg_at_5": 0.41955,
        "ndcg_at_10": 0.46849,
        "ndcg_at_20": 0.50097,
        "ndcg_at_100": 0.52764,
        "ndcg_at_1000": 0.52764,
        "map_at_1": 0.23932,
        "map_at_3": 0.3433,
        "map_at_5": 0.36595,
        "map_at_10": 0.38566,
        "map_at_20": 0.39461,
        "map_at_100": 0.39875,
        "map_at_1000": 0.39875,
        "recall_at_1": 0.23932,
        "recall_at_3": 0.47863,
        "recall_at_5": 0.5812,
        "recall_at_10": 0.73504,
        "recall_at_20": 0.86325,
        "recall_at_100": 1.0,
        "recall_at_1000": 1.0,
        "precision_at_1": 0.23932,
        "precision_at_3": 0.15954,
        "precision_at_5": 0.11624,
        "precision_at_10": 0.0735,
        "precision_at_20": 0.04316,
        "precision_at_100": 0.01,
        "precision_at_1000": 0.001,
        "mrr_at_1": 0.239316,
        "mrr_at_3": 0.343305,
        "mrr_at_5": 0.365954,
        "mrr_at_10": 0.385657,
        "mrr_at_20": 0.394611,
        "mrr_at_100": 0.398751,
        "mrr_at_1000": 0.398751,
        "nauc_ndcg_at_1_max": 0.197949,
        "nauc_ndcg_at_1_std": -0.024201,
        "nauc_ndcg_at_1_diff1": 0.420714,
        "nauc_ndcg_at_3_max": 0.202815,
        "nauc_ndcg_at_3_std": 0.019611,
        "nauc_ndcg_at_3_diff1": 0.37452,
        "nauc_ndcg_at_5_max": 0.220041,
        "nauc_ndcg_at_5_std": 0.036529,
        "nauc_ndcg_at_5_diff1": 0.341577,
        "nauc_ndcg_at_10_max": 0.200532,
        "nauc_ndcg_at_10_std": 0.028557,
        "nauc_ndcg_at_10_diff1": 0.333029,
        "nauc_ndcg_at_20_max": 0.229937,
        "nauc_ndcg_at_20_std": 0.048574,
        "nauc_ndcg_at_20_diff1": 0.345897,
        "nauc_ndcg_at_100_max": 0.208912,
        "nauc_ndcg_at_100_std": 0.024835,
        "nauc_ndcg_at_100_diff1": 0.361144,
        "nauc_ndcg_at_1000_max": 0.208912,
        "nauc_ndcg_at_1000_std": 0.024835,
        "nauc_ndcg_at_1000_diff1": 0.361144,
        "nauc_map_at_1_max": 0.197949,
        "nauc_map_at_1_std": -0.024201,
        "nauc_map_at_1_diff1": 0.420714,
        "nauc_map_at_3_max": 0.198131,
        "nauc_map_at_3_std": 0.011193,
        "nauc_map_at_3_diff1": 0.380366,
        "nauc_map_at_5_max": 0.207172,
        "nauc_map_at_5_std": 0.019642,
        "nauc_map_at_5_diff1": 0.362114,
        "nauc_map_at_10_max": 0.200002,
        "nauc_map_at_10_std": 0.016929,
        "nauc_map_at_10_diff1": 0.361196,
        "nauc_map_at_20_max": 0.207099,
        "nauc_map_at_20_std": 0.021635,
        "nauc_map_at_20_diff1": 0.365608,
        "nauc_map_at_100_max": 0.204128,
        "nauc_map_at_100_std": 0.017782,
        "nauc_map_at_100_diff1": 0.368066,
        "nauc_map_at_1000_max": 0.204128,
        "nauc_map_at_1000_std": 0.017782,
        "nauc_map_at_1000_diff1": 0.368066,
        "nauc_recall_at_1_max": 0.197949,
        "nauc_recall_at_1_std": -0.024201,
        "nauc_recall_at_1_diff1": 0.420714,
        "nauc_recall_at_3_max": 0.216981,
        "nauc_recall_at_3_std": 0.041988,
        "nauc_recall_at_3_diff1": 0.360366,
        "nauc_recall_at_5_max": 0.262404,
        "nauc_recall_at_5_std": 0.088892,
        "nauc_recall_at_5_diff1": 0.278515,
        "nauc_recall_at_10_max": 0.194908,
        "nauc_recall_at_10_std": 0.069643,
        "nauc_recall_at_10_diff1": 0.209254,
        "nauc_recall_at_20_max": 0.430185,
        "nauc_recall_at_20_std": 0.263756,
        "nauc_recall_at_20_diff1": 0.207211,
        "nauc_recall_at_100_max": NaN,
        "nauc_recall_at_100_std": NaN,
        "nauc_recall_at_100_diff1": NaN,
        "nauc_recall_at_1000_max": NaN,
        "nauc_recall_at_1000_std": NaN,
        "nauc_recall_at_1000_diff1": NaN,
        "nauc_precision_at_1_max": 0.197949,
        "nauc_precision_at_1_std": -0.024201,
        "nauc_precision_at_1_diff1": 0.420714,
        "nauc_precision_at_3_max": 0.216981,
        "nauc_precision_at_3_std": 0.041988,
        "nauc_precision_at_3_diff1": 0.360366,
        "nauc_precision_at_5_max": 0.262404,
        "nauc_precision_at_5_std": 0.088892,
        "nauc_precision_at_5_diff1": 0.278515,
        "nauc_precision_at_10_max": 0.194908,
        "nauc_precision_at_10_std": 0.069643,
        "nauc_precision_at_10_diff1": 0.209254,
        "nauc_precision_at_20_max": 0.430185,
        "nauc_precision_at_20_std": 0.263756,
        "nauc_precision_at_20_diff1": 0.207211,
        "nauc_precision_at_100_max": NaN,
        "nauc_precision_at_100_std": NaN,
        "nauc_precision_at_100_diff1": NaN,
        "nauc_precision_at_1000_max": 1.0,
        "nauc_precision_at_1000_std": 1.0,
        "nauc_precision_at_1000_diff1": 1.0,
        "nauc_mrr_at_1_max": 0.197949,
        "nauc_mrr_at_1_std": -0.024201,
        "nauc_mrr_at_1_diff1": 0.420714,
        "nauc_mrr_at_3_max": 0.198131,
        "nauc_mrr_at_3_std": 0.011193,
        "nauc_mrr_at_3_diff1": 0.380366,
        "nauc_mrr_at_5_max": 0.207172,
        "nauc_mrr_at_5_std": 0.019642,
        "nauc_mrr_at_5_diff1": 0.362114,
        "nauc_mrr_at_10_max": 0.200002,
        "nauc_mrr_at_10_std": 0.016929,
        "nauc_mrr_at_10_diff1": 0.361196,
        "nauc_mrr_at_20_max": 0.207099,
        "nauc_mrr_at_20_std": 0.021635,
        "nauc_mrr_at_20_diff1": 0.365608,
        "nauc_mrr_at_100_max": 0.204128,
        "nauc_mrr_at_100_std": 0.017782,
        "nauc_mrr_at_100_diff1": 0.368066,
        "nauc_mrr_at_1000_max": 0.204128,
        "nauc_mrr_at_1000_std": 0.017782,
        "nauc_mrr_at_1000_diff1": 0.368066,
        "main_score": 0.46849,
        "hf_subset": "default",
        "languages": [
          "eng-Latn"
        ]
      }
    ]
  },
  "evaluation_time": 17.37799596786499,
  "kg_co2_emissions": null
}