{
  "dataset_revision": "2095f248902963b4480ac96b774ba64b2104cbee",
  "task_name": "consumer-contracts-qa",
  "mteb_version": "1.38.49",
  "scores": {
    "test": [
      {
        "ndcg_at_1": 0.73737,
        "ndcg_at_3": 0.83075,
        "ndcg_at_5": 0.84509,
        "ndcg_at_10": 0.85205,
        "ndcg_at_20": 0.85439,
        "ndcg_at_100": 0.86155,
        "ndcg_at_1000": 0.86155,
        "map_at_1": 0.73737,
        "map_at_3": 0.80724,
        "map_at_5": 0.81507,
        "map_at_10": 0.81819,
        "map_at_20": 0.81873,
        "map_at_100": 0.81994,
        "map_at_1000": 0.81994,
        "recall_at_1": 0.73737,
        "recall_at_3": 0.89899,
        "recall_at_5": 0.93434,
        "recall_at_10": 0.95455,
        "recall_at_20": 0.96465,
        "recall_at_100": 1.0,
        "recall_at_1000": 1.0,
        "precision_at_1": 0.73737,
        "precision_at_3": 0.29966,
        "precision_at_5": 0.18687,
        "precision_at_10": 0.09545,
        "precision_at_20": 0.04823,
        "precision_at_100": 0.01,
        "precision_at_1000": 0.001,
        "mrr_at_1": 0.737374,
        "mrr_at_3": 0.807239,
        "mrr_at_5": 0.815067,
        "mrr_at_10": 0.818194,
        "mrr_at_20": 0.818727,
        "mrr_at_100": 0.81994,
        "mrr_at_1000": 0.81994,
        "nauc_ndcg_at_1_max": 0.396863,
        "nauc_ndcg_at_1_std": 0.091617,
        "nauc_ndcg_at_1_diff1": 0.661255,
        "nauc_ndcg_at_3_max": 0.458981,
        "nauc_ndcg_at_3_std": 0.1738,
        "nauc_ndcg_at_3_diff1": 0.595651,
        "nauc_ndcg_at_5_max": 0.485305,
        "nauc_ndcg_at_5_std": 0.192285,
        "nauc_ndcg_at_5_diff1": 0.608429,
        "nauc_ndcg_at_10_max": 0.470755,
        "nauc_ndcg_at_10_std": 0.17131,
        "nauc_ndcg_at_10_diff1": 0.609511,
        "nauc_ndcg_at_20_max": 0.472743,
        "nauc_ndcg_at_20_std": 0.176275,
        "nauc_ndcg_at_20_diff1": 0.612704,
        "nauc_ndcg_at_100_max": 0.450888,
        "nauc_ndcg_at_100_std": 0.154481,
        "nauc_ndcg_at_100_diff1": 0.621274,
        "nauc_ndcg_at_1000_max": 0.450888,
        "nauc_ndcg_at_1000_std": 0.154481,
        "nauc_ndcg_at_1000_diff1": 0.621274,
        "nauc_map_at_1_max": 0.396863,
        "nauc_map_at_1_std": 0.091617,
        "nauc_map_at_1_diff1": 0.661255,
        "nauc_map_at_3_max": 0.439456,
        "nauc_map_at_3_std": 0.147666,
        "nauc_map_at_3_diff1": 0.617642,
        "nauc_map_at_5_max": 0.450556,
        "nauc_map_at_5_std": 0.155285,
        "nauc_map_at_5_diff1": 0.624157,
        "nauc_map_at_10_max": 0.44467,
        "nauc_map_at_10_std": 0.146825,
        "nauc_map_at_10_diff1": 0.624893,
        "nauc_map_at_20_max": 0.444892,
        "nauc_map_at_20_std": 0.147715,
        "nauc_map_at_20_diff1": 0.625497,
        "nauc_map_at_100_max": 0.44177,
        "nauc_map_at_100_std": 0.144721,
        "nauc_map_at_100_diff1": 0.626768,
        "nauc_map_at_1000_max": 0.44177,
        "nauc_map_at_1000_std": 0.144721,
        "nauc_map_at_1000_diff1": 0.626768,
        "nauc_recall_at_1_max": 0.396863,
        "nauc_recall_at_1_std": 0.091617,
        "nauc_recall_at_1_diff1": 0.661255,
        "nauc_recall_at_3_max": 0.557146,
        "nauc_recall_at_3_std": 0.305412,
        "nauc_recall_at_3_diff1": 0.484085,
        "nauc_recall_at_5_max": 0.752784,
        "nauc_recall_at_5_std": 0.472268,
        "nauc_recall_at_5_diff1": 0.496888,
        "nauc_recall_at_10_max": 0.743284,
        "nauc_recall_at_10_std": 0.415621,
        "nauc_recall_at_10_diff1": 0.455961,
        "nauc_recall_at_20_max": 0.85603,
        "nauc_recall_at_20_std": 0.564117,
        "nauc_recall_at_20_diff1": 0.465553,
        "nauc_recall_at_100_max": NaN,
        "nauc_recall_at_100_std": NaN,
        "nauc_recall_at_100_diff1": NaN,
        "nauc_recall_at_1000_max": NaN,
        "nauc_recall_at_1000_std": NaN,
        "nauc_recall_at_1000_diff1": NaN,
        "nauc_precision_at_1_max": 0.396863,
        "nauc_precision_at_1_std": 0.091617,
        "nauc_precision_at_1_diff1": 0.661255,
        "nauc_precision_at_3_max": 0.557146,
        "nauc_precision_at_3_std": 0.305412,
        "nauc_precision_at_3_diff1": 0.484085,
        "nauc_precision_at_5_max": 0.752784,
        "nauc_precision_at_5_std": 0.472268,
        "nauc_precision_at_5_diff1": 0.496888,
        "nauc_precision_at_10_max": 0.743284,
        "nauc_precision_at_10_std": 0.415621,
        "nauc_precision_at_10_diff1": 0.455961,
        "nauc_precision_at_20_max": 0.85603,
        "nauc_precision_at_20_std": 0.564117,
        "nauc_precision_at_20_diff1": 0.465553,
        "nauc_precision_at_100_max": 1.0,
        "nauc_precision_at_100_std": 1.0,
        "nauc_precision_at_100_diff1": 1.0,
        "nauc_precision_at_1000_max": 1.0,
        "nauc_precision_at_1000_std": 1.0,
        "nauc_precision_at_1000_diff1": 1.0,
        "nauc_mrr_at_1_max": 0.396863,
        "nauc_mrr_at_1_std": 0.091617,
        "nauc_mrr_at_1_diff1": 0.661255,
        "nauc_mrr_at_3_max": 0.439456,
        "nauc_mrr_at_3_std": 0.147666,
        "nauc_mrr_at_3_diff1": 0.617642,
        "nauc_mrr_at_5_max": 0.450556,
        "nauc_mrr_at_5_std": 0.155285,
        "nauc_mrr_at_5_diff1": 0.624157,
        "nauc_mrr_at_10_max": 0.44467,
        "nauc_mrr_at_10_std": 0.146825,
        "nauc_mrr_at_10_diff1": 0.624893,
        "nauc_mrr_at_20_max": 0.444892,
        "nauc_mrr_at_20_std": 0.147715,
        "nauc_mrr_at_20_diff1": 0.625497,
        "nauc_mrr_at_100_max": 0.44177,
        "nauc_mrr_at_100_std": 0.144721,
        "nauc_mrr_at_100_diff1": 0.626768,
        "nauc_mrr_at_1000_max": 0.44177,
        "nauc_mrr_at_1000_std": 0.144721,
        "nauc_mrr_at_1000_diff1": 0.626768,
        "main_score": 0.85205,
        "hf_subset": "default",
        "languages": [
          "eng-Latn"
        ]
      }
    ]
  },
  "evaluation_time": 22.351659536361694,
  "kg_co2_emissions": null
}