{
  "dataset_revision": "48ed7bcb1f50896a0f71461a04b2df0ca84329d9",
  "task_name": "contractual-clause-retrieval",
  "mteb_version": "1.38.49",
  "scores": {
    "test": [
      {
        "ndcg_at_1": 0.75556,
        "ndcg_at_3": 0.72263,
        "ndcg_at_5": 0.77952,
        "ndcg_at_10": 0.80054,
        "ndcg_at_20": 0.80732,
        "ndcg_at_100": 0.82826,
        "ndcg_at_1000": 0.82826,
        "map_at_1": 0.37778,
        "map_at_3": 0.68889,
        "map_at_5": 0.73333,
        "map_at_10": 0.74429,
        "map_at_20": 0.74669,
        "map_at_100": 0.75121,
        "map_at_1000": 0.75121,
        "recall_at_1": 0.37778,
        "recall_at_3": 0.72222,
        "recall_at_5": 0.83333,
        "recall_at_10": 0.88889,
        "recall_at_20": 0.91111,
        "recall_at_100": 1.0,
        "recall_at_1000": 1.0,
        "precision_at_1": 0.75556,
        "precision_at_3": 0.48148,
        "precision_at_5": 0.33333,
        "precision_at_10": 0.17778,
        "precision_at_20": 0.09111,
        "precision_at_100": 0.02,
        "precision_at_1000": 0.002,
        "mrr_at_1": 0.755556,
        "mrr_at_3": 0.792593,
        "mrr_at_5": 0.808148,
        "mrr_at_10": 0.812593,
        "mrr_at_20": 0.813704,
        "mrr_at_100": 0.814714,
        "mrr_at_1000": 0.814714,
        "nauc_ndcg_at_1_max": 0.402787,
        "nauc_ndcg_at_1_std": -0.174949,
        "nauc_ndcg_at_1_diff1": 0.576335,
        "nauc_ndcg_at_3_max": 0.358308,
        "nauc_ndcg_at_3_std": -0.063749,
        "nauc_ndcg_at_3_diff1": 0.300403,
        "nauc_ndcg_at_5_max": 0.450477,
        "nauc_ndcg_at_5_std": 0.003491,
        "nauc_ndcg_at_5_diff1": 0.47543,
        "nauc_ndcg_at_10_max": 0.414814,
        "nauc_ndcg_at_10_std": -0.038976,
        "nauc_ndcg_at_10_diff1": 0.445258,
        "nauc_ndcg_at_20_max": 0.433284,
        "nauc_ndcg_at_20_std": 0.028288,
        "nauc_ndcg_at_20_diff1": 0.429434,
        "nauc_ndcg_at_100_max": 0.402361,
        "nauc_ndcg_at_100_std": -0.026162,
        "nauc_ndcg_at_100_diff1": 0.42164,
        "nauc_ndcg_at_1000_max": 0.402361,
        "nauc_ndcg_at_1000_std": -0.026162,
        "nauc_ndcg_at_1000_diff1": 0.42164,
        "nauc_map_at_1_max": 0.402787,
        "nauc_map_at_1_std": -0.174949,
        "nauc_map_at_1_diff1": 0.576335,
        "nauc_map_at_3_max": 0.317326,
        "nauc_map_at_3_std": -0.053688,
        "nauc_map_at_3_diff1": 0.240174,
        "nauc_map_at_5_max": 0.392999,
        "nauc_map_at_5_std": -0.014059,
        "nauc_map_at_5_diff1": 0.373738,
        "nauc_map_at_10_max": 0.375625,
        "nauc_map_at_10_std": -0.02433,
        "nauc_map_at_10_diff1": 0.358354,
        "nauc_map_at_20_max": 0.377853,
        "nauc_map_at_20_std": -0.005372,
        "nauc_map_at_20_diff1": 0.352518,
        "nauc_map_at_100_max": 0.372208,
        "nauc_map_at_100_std": -0.014097,
        "nauc_map_at_100_diff1": 0.349553,
        "nauc_map_at_1000_max": 0.372208,
        "nauc_map_at_1000_std": -0.014097,
        "nauc_map_at_1000_diff1": 0.349553,
        "nauc_recall_at_1_max": 0.402787,
        "nauc_recall_at_1_std": -0.174949,
        "nauc_recall_at_1_diff1": 0.576335,
        "nauc_recall_at_3_max": 0.358439,
        "nauc_recall_at_3_std": -0.04209,
        "nauc_recall_at_3_diff1": 0.231961,
        "nauc_recall_at_5_max": 0.589339,
        "nauc_recall_at_5_std": 0.129771,
        "nauc_recall_at_5_diff1": 0.624881,
        "nauc_recall_at_10_max": 0.498806,
        "nauc_recall_at_10_std": -0.010762,
        "nauc_recall_at_10_diff1": 0.560553,
        "nauc_recall_at_20_max": 0.649979,
        "nauc_recall_at_20_std": 0.431176,
        "nauc_recall_at_20_diff1": 0.488834,
        "nauc_recall_at_100_max": NaN,
        "nauc_recall_at_100_std": NaN,
        "nauc_recall_at_100_diff1": NaN,
        "nauc_recall_at_1000_max": NaN,
        "nauc_recall_at_1000_std": NaN,
        "nauc_recall_at_1000_diff1": NaN,
        "nauc_precision_at_1_max": 0.402787,
        "nauc_precision_at_1_std": -0.174949,
        "nauc_precision_at_1_diff1": 0.576335,
        "nauc_precision_at_3_max": 0.358439,
        "nauc_precision_at_3_std": -0.04209,
        "nauc_precision_at_3_diff1": 0.231961,
        "nauc_precision_at_5_max": 0.589339,
        "nauc_precision_at_5_std": 0.129771,
        "nauc_precision_at_5_diff1": 0.624881,
        "nauc_precision_at_10_max": 0.498806,
        "nauc_precision_at_10_std": -0.010762,
        "nauc_precision_at_10_diff1": 0.560553,
        "nauc_precision_at_20_max": 0.649979,
        "nauc_precision_at_20_std": 0.431176,
        "nauc_precision_at_20_diff1": 0.488834,
        "nauc_precision_at_100_max": 1.0,
        "nauc_precision_at_100_std": 1.0,
        "nauc_precision_at_100_diff1": 1.0,
        "nauc_precision_at_1000_max": NaN,
        "nauc_precision_at_1000_std": NaN,
        "nauc_precision_at_1000_diff1": NaN,
        "nauc_mrr_at_1_max": 0.402787,
        "nauc_mrr_at_1_std": -0.174949,
        "nauc_mrr_at_1_diff1": 0.576335,
        "nauc_mrr_at_3_max": 0.46407,
        "nauc_mrr_at_3_std": -0.129346,
        "nauc_mrr_at_3_diff1": 0.576639,
        "nauc_mrr_at_5_max": 0.447877,
        "nauc_mrr_at_5_std": -0.095151,
        "nauc_mrr_at_5_diff1": 0.589732,
        "nauc_mrr_at_10_max": 0.439328,
        "nauc_mrr_at_10_std": -0.121961,
        "nauc_mrr_at_10_diff1": 0.582651,
        "nauc_mrr_at_20_max": 0.445965,
        "nauc_mrr_at_20_std": -0.111682,
        "nauc_mrr_at_20_diff1": 0.581727,
        "nauc_mrr_at_100_max": 0.443421,
        "nauc_mrr_at_100_std": -0.115661,
        "nauc_mrr_at_100_diff1": 0.584451,
        "nauc_mrr_at_1000_max": 0.443421,
        "nauc_mrr_at_1000_std": -0.115661,
        "nauc_mrr_at_1000_diff1": 0.584451,
        "main_score": 0.80054,
        "hf_subset": "default",
        "languages": [
          "eng-Latn"
        ]
      }
    ]
  },
  "evaluation_time": 10.90314269065857,
  "kg_co2_emissions": null
}