{
  "dataset_revision": "f5452494f09a6d51c37b56883a65ef742ac07c99",
  "task_name": "echr-retrieval",
  "mteb_version": "1.39.7",
  "scores": {
    "test": [
      {
        "ndcg_at_1": 0.115,
        "ndcg_at_3": 0.17101,
        "ndcg_at_5": 0.19962,
        "ndcg_at_10": 0.24481,
        "ndcg_at_20": 0.27932,
        "ndcg_at_100": 0.34614,
        "ndcg_at_1000": 0.35744,
        "map_at_1": 0.115,
        "map_at_3": 0.1575,
        "map_at_5": 0.17325,
        "map_at_10": 0.19184,
        "map_at_20": 0.2015,
        "map_at_100": 0.21048,
        "map_at_1000": 0.21108,
        "recall_at_1": 0.115,
        "recall_at_3": 0.21,
        "recall_at_5": 0.28,
        "recall_at_10": 0.42,
        "recall_at_20": 0.555,
        "recall_at_100": 0.92,
        "recall_at_1000": 1.0,
        "precision_at_1": 0.115,
        "precision_at_3": 0.07,
        "precision_at_5": 0.056,
        "precision_at_10": 0.042,
        "precision_at_20": 0.02775,
        "precision_at_100": 0.0092,
        "precision_at_1000": 0.001,
        "mrr_at_1": 0.115,
        "mrr_at_3": 0.1575,
        "mrr_at_5": 0.17325,
        "mrr_at_10": 0.191837,
        "mrr_at_20": 0.201501,
        "mrr_at_100": 0.21048,
        "mrr_at_1000": 0.211082,
        "nauc_ndcg_at_1_max": 0.069306,
        "nauc_ndcg_at_1_std": 0.02381,
        "nauc_ndcg_at_1_diff1": 0.115473,
        "nauc_ndcg_at_3_max": 0.028015,
        "nauc_ndcg_at_3_std": 0.056938,
        "nauc_ndcg_at_3_diff1": 0.113553,
        "nauc_ndcg_at_5_max": 0.072994,
        "nauc_ndcg_at_5_std": 0.077469,
        "nauc_ndcg_at_5_diff1": 0.093898,
        "nauc_ndcg_at_10_max": 0.068184,
        "nauc_ndcg_at_10_std": 0.05965,
        "nauc_ndcg_at_10_diff1": 0.095424,
        "nauc_ndcg_at_20_max": 0.115164,
        "nauc_ndcg_at_20_std": 0.118401,
        "nauc_ndcg_at_20_diff1": 0.115381,
        "nauc_ndcg_at_100_max": 0.107603,
        "nauc_ndcg_at_100_std": 0.120922,
        "nauc_ndcg_at_100_diff1": 0.129614,
        "nauc_ndcg_at_1000_max": 0.081108,
        "nauc_ndcg_at_1000_std": 0.087931,
        "nauc_ndcg_at_1000_diff1": 0.114407,
        "nauc_map_at_1_max": 0.069306,
        "nauc_map_at_1_std": 0.02381,
        "nauc_map_at_1_diff1": 0.115473,
        "nauc_map_at_3_max": 0.034902,
        "nauc_map_at_3_std": 0.050338,
        "nauc_map_at_3_diff1": 0.114803,
        "nauc_map_at_5_max": 0.060912,
        "nauc_map_at_5_std": 0.061966,
        "nauc_map_at_5_diff1": 0.103535,
        "nauc_map_at_10_max": 0.05767,
        "nauc_map_at_10_std": 0.053972,
        "nauc_map_at_10_diff1": 0.102428,
        "nauc_map_at_20_max": 0.070097,
        "nauc_map_at_20_std": 0.070025,
        "nauc_map_at_20_diff1": 0.108771,
        "nauc_map_at_100_max": 0.067681,
        "nauc_map_at_100_std": 0.06986,
        "nauc_map_at_100_diff1": 0.111356,
        "nauc_map_at_1000_max": 0.066333,
        "nauc_map_at_1000_std": 0.068161,
        "nauc_map_at_1000_diff1": 0.110552,
        "nauc_recall_at_1_max": 0.069306,
        "nauc_recall_at_1_std": 0.02381,
        "nauc_recall_at_1_diff1": 0.115473,
        "nauc_recall_at_3_max": 0.01232,
        "nauc_recall_at_3_std": 0.072395,
        "nauc_recall_at_3_diff1": 0.110346,
        "nauc_recall_at_5_max": 0.104824,
        "nauc_recall_at_5_std": 0.11377,
        "nauc_recall_at_5_diff1": 0.070339,
        "nauc_recall_at_10_max": 0.09553,
        "nauc_recall_at_10_std": 0.068908,
        "nauc_recall_at_10_diff1": 0.081564,
        "nauc_recall_at_20_max": 0.258268,
        "nauc_recall_at_20_std": 0.267515,
        "nauc_recall_at_20_diff1": 0.143199,
        "nauc_recall_at_100_max": 0.610265,
        "nauc_recall_at_100_std": 0.745477,
        "nauc_recall_at_100_diff1": 0.413953,
        "nauc_recall_at_1000_max": NaN,
        "nauc_recall_at_1000_std": NaN,
        "nauc_recall_at_1000_diff1": NaN,
        "nauc_precision_at_1_max": 0.069306,
        "nauc_precision_at_1_std": 0.02381,
        "nauc_precision_at_1_diff1": 0.115473,
        "nauc_precision_at_3_max": 0.01232,
        "nauc_precision_at_3_std": 0.072395,
        "nauc_precision_at_3_diff1": 0.110346,
        "nauc_precision_at_5_max": 0.104824,
        "nauc_precision_at_5_std": 0.11377,
        "nauc_precision_at_5_diff1": 0.070339,
        "nauc_precision_at_10_max": 0.09553,
        "nauc_precision_at_10_std": 0.068908,
        "nauc_precision_at_10_diff1": 0.081564,
        "nauc_precision_at_20_max": 0.258268,
        "nauc_precision_at_20_std": 0.267515,
        "nauc_precision_at_20_diff1": 0.143199,
        "nauc_precision_at_100_max": 0.610265,
        "nauc_precision_at_100_std": 0.745477,
        "nauc_precision_at_100_diff1": 0.413953,
        "nauc_precision_at_1000_max": 1.0,
        "nauc_precision_at_1000_std": 1.0,
        "nauc_precision_at_1000_diff1": 1.0,
        "nauc_mrr_at_1_max": 0.069306,
        "nauc_mrr_at_1_std": 0.02381,
        "nauc_mrr_at_1_diff1": 0.115473,
        "nauc_mrr_at_3_max": 0.034902,
        "nauc_mrr_at_3_std": 0.050338,
        "nauc_mrr_at_3_diff1": 0.114803,
        "nauc_mrr_at_5_max": 0.060912,
        "nauc_mrr_at_5_std": 0.061966,
        "nauc_mrr_at_5_diff1": 0.103535,
        "nauc_mrr_at_10_max": 0.05767,
        "nauc_mrr_at_10_std": 0.053972,
        "nauc_mrr_at_10_diff1": 0.102428,
        "nauc_mrr_at_20_max": 0.070097,
        "nauc_mrr_at_20_std": 0.070025,
        "nauc_mrr_at_20_diff1": 0.108771,
        "nauc_mrr_at_100_max": 0.067681,
        "nauc_mrr_at_100_std": 0.06986,
        "nauc_mrr_at_100_diff1": 0.111356,
        "nauc_mrr_at_1000_max": 0.066333,
        "nauc_mrr_at_1000_std": 0.068161,
        "nauc_mrr_at_1000_diff1": 0.110552,
        "main_score": 0.24481,
        "hf_subset": "default",
        "languages": [
          "eng-Latn"
        ]
      }
    ]
  },
  "evaluation_time": 63.66306400299072,
  "kg_co2_emissions": null
}