{
  "dataset_revision": "8d41f3d22bb73685b6f42b62ad95940ea3dfbf84",
  "task_name": "gdpr-holdings-retrieval",
  "mteb_version": "1.38.49",
  "scores": {
    "test": [
      {
        "ndcg_at_1": 0.784,
        "ndcg_at_3": 0.84238,
        "ndcg_at_5": 0.85382,
        "ndcg_at_10": 0.86131,
        "ndcg_at_20": 0.86854,
        "ndcg_at_100": 0.87224,
        "ndcg_at_1000": 0.87456,
        "map_at_1": 0.784,
        "map_at_3": 0.828,
        "map_at_5": 0.8343,
        "map_at_10": 0.83761,
        "map_at_20": 0.83967,
        "map_at_100": 0.84018,
        "map_at_1000": 0.84027,
        "recall_at_1": 0.784,
        "recall_at_3": 0.884,
        "recall_at_5": 0.912,
        "recall_at_10": 0.934,
        "recall_at_20": 0.962,
        "recall_at_100": 0.982,
        "recall_at_1000": 1.0,
        "precision_at_1": 0.784,
        "precision_at_3": 0.29467,
        "precision_at_5": 0.1824,
        "precision_at_10": 0.0934,
        "precision_at_20": 0.0481,
        "precision_at_100": 0.00982,
        "precision_at_1000": 0.001,
        "mrr_at_1": 0.784,
        "mrr_at_3": 0.828,
        "mrr_at_5": 0.8343,
        "mrr_at_10": 0.837607,
        "mrr_at_20": 0.839672,
        "mrr_at_100": 0.84018,
        "mrr_at_1000": 0.840268,
        "nauc_ndcg_at_1_max": 0.591045,
        "nauc_ndcg_at_1_std": -0.226982,
        "nauc_ndcg_at_1_diff1": 0.85306,
        "nauc_ndcg_at_3_max": 0.652296,
        "nauc_ndcg_at_3_std": -0.180098,
        "nauc_ndcg_at_3_diff1": 0.823513,
        "nauc_ndcg_at_5_max": 0.645632,
        "nauc_ndcg_at_5_std": -0.185351,
        "nauc_ndcg_at_5_diff1": 0.819554,
        "nauc_ndcg_at_10_max": 0.642475,
        "nauc_ndcg_at_10_std": -0.183333,
        "nauc_ndcg_at_10_diff1": 0.822328,
        "nauc_ndcg_at_20_max": 0.639001,
        "nauc_ndcg_at_20_std": -0.144291,
        "nauc_ndcg_at_20_diff1": 0.824041,
        "nauc_ndcg_at_100_max": 0.636347,
        "nauc_ndcg_at_100_std": -0.155511,
        "nauc_ndcg_at_100_diff1": 0.827414,
        "nauc_ndcg_at_1000_max": 0.632186,
        "nauc_ndcg_at_1000_std": -0.17248,
        "nauc_ndcg_at_1000_diff1": 0.828712,
        "nauc_map_at_1_max": 0.591045,
        "nauc_map_at_1_std": -0.226982,
        "nauc_map_at_1_diff1": 0.85306,
        "nauc_map_at_3_max": 0.631506,
        "nauc_map_at_3_std": -0.194128,
        "nauc_map_at_3_diff1": 0.832756,
        "nauc_map_at_5_max": 0.627446,
        "nauc_map_at_5_std": -0.197543,
        "nauc_map_at_5_diff1": 0.831084,
        "nauc_map_at_10_max": 0.626148,
        "nauc_map_at_10_std": -0.196001,
        "nauc_map_at_10_diff1": 0.832274,
        "nauc_map_at_20_max": 0.625344,
        "nauc_map_at_20_std": -0.186558,
        "nauc_map_at_20_diff1": 0.832659,
        "nauc_map_at_100_max": 0.624898,
        "nauc_map_at_100_std": -0.188153,
        "nauc_map_at_100_diff1": 0.833165,
        "nauc_map_at_1000_max": 0.624749,
        "nauc_map_at_1000_std": -0.188695,
        "nauc_map_at_1000_diff1": 0.833169,
        "nauc_recall_at_1_max": 0.591045,
        "nauc_recall_at_1_std": -0.226982,
        "nauc_recall_at_1_diff1": 0.85306,
        "nauc_recall_at_3_max": 0.738852,
        "nauc_recall_at_3_std": -0.122652,
        "nauc_recall_at_3_diff1": 0.785436,
        "nauc_recall_at_5_max": 0.738774,
        "nauc_recall_at_5_std": -0.123663,
        "nauc_recall_at_5_diff1": 0.759507,
        "nauc_recall_at_10_max": 0.747885,
        "nauc_recall_at_10_std": -0.103585,
        "nauc_recall_at_10_diff1": 0.757066,
        "nauc_recall_at_20_max": 0.774633,
        "nauc_recall_at_20_std": 0.436803,
        "nauc_recall_at_20_diff1": 0.735417,
        "nauc_recall_at_100_max": 0.840803,
        "nauc_recall_at_100_std": 0.699969,
        "nauc_recall_at_100_diff1": 0.746395,
        "nauc_recall_at_1000_max": NaN,
        "nauc_recall_at_1000_std": NaN,
        "nauc_recall_at_1000_diff1": NaN,
        "nauc_precision_at_1_max": 0.591045,
        "nauc_precision_at_1_std": -0.226982,
        "nauc_precision_at_1_diff1": 0.85306,
        "nauc_precision_at_3_max": 0.738852,
        "nauc_precision_at_3_std": -0.122652,
        "nauc_precision_at_3_diff1": 0.785436,
        "nauc_precision_at_5_max": 0.738774,
        "nauc_precision_at_5_std": -0.123663,
        "nauc_precision_at_5_diff1": 0.759507,
        "nauc_precision_at_10_max": 0.747885,
        "nauc_precision_at_10_std": -0.103585,
        "nauc_precision_at_10_diff1": 0.757066,
        "nauc_precision_at_20_max": 0.774633,
        "nauc_precision_at_20_std": 0.436803,
        "nauc_precision_at_20_diff1": 0.735417,
        "nauc_precision_at_100_max": 0.840803,
        "nauc_precision_at_100_std": 0.699969,
        "nauc_precision_at_100_diff1": 0.746395,
        "nauc_precision_at_1000_max": 1.0,
        "nauc_precision_at_1000_std": 1.0,
        "nauc_precision_at_1000_diff1": 1.0,
        "nauc_mrr_at_1_max": 0.591045,
        "nauc_mrr_at_1_std": -0.226982,
        "nauc_mrr_at_1_diff1": 0.85306,
        "nauc_mrr_at_3_max": 0.631506,
        "nauc_mrr_at_3_std": -0.194128,
        "nauc_mrr_at_3_diff1": 0.832756,
        "nauc_mrr_at_5_max": 0.627446,
        "nauc_mrr_at_5_std": -0.197543,
        "nauc_mrr_at_5_diff1": 0.831084,
        "nauc_mrr_at_10_max": 0.626148,
        "nauc_mrr_at_10_std": -0.196001,
        "nauc_mrr_at_10_diff1": 0.832274,
        "nauc_mrr_at_20_max": 0.625344,
        "nauc_mrr_at_20_std": -0.186558,
        "nauc_mrr_at_20_diff1": 0.832659,
        "nauc_mrr_at_100_max": 0.624898,
        "nauc_mrr_at_100_std": -0.188153,
        "nauc_mrr_at_100_diff1": 0.833165,
        "nauc_mrr_at_1000_max": 0.624749,
        "nauc_mrr_at_1000_std": -0.188695,
        "nauc_mrr_at_1000_diff1": 0.833169,
        "main_score": 0.86131,
        "hf_subset": "default",
        "languages": [
          "eng-Latn"
        ]
      }
    ]
  },
  "evaluation_time": 79.22380089759827,
  "kg_co2_emissions": null
}