{
  "dataset_revision": "bbf8b2d84b7de5970b2ba4ea843c791285fdb1df",
  "task_name": "irish-legislative-summaries",
  "mteb_version": "1.38.49",
  "scores": {
    "test": [
      {
        "ndcg_at_1": 0.788,
        "ndcg_at_3": 0.86562,
        "ndcg_at_5": 0.8781,
        "ndcg_at_10": 0.88329,
        "ndcg_at_20": 0.88782,
        "ndcg_at_100": 0.89128,
        "ndcg_at_1000": 0.89152,
        "map_at_1": 0.788,
        "map_at_3": 0.848,
        "map_at_5": 0.855,
        "map_at_10": 0.85716,
        "map_at_20": 0.85839,
        "map_at_100": 0.8589,
        "map_at_1000": 0.8589,
        "recall_at_1": 0.788,
        "recall_at_3": 0.916,
        "recall_at_5": 0.946,
        "recall_at_10": 0.962,
        "recall_at_20": 0.98,
        "recall_at_100": 0.998,
        "recall_at_1000": 1.0,
        "precision_at_1": 0.788,
        "precision_at_3": 0.30533,
        "precision_at_5": 0.1892,
        "precision_at_10": 0.0962,
        "precision_at_20": 0.049,
        "precision_at_100": 0.00998,
        "precision_at_1000": 0.001,
        "mrr_at_1": 0.788,
        "mrr_at_3": 0.848,
        "mrr_at_5": 0.855,
        "mrr_at_10": 0.857158,
        "mrr_at_20": 0.858388,
        "mrr_at_100": 0.858899,
        "mrr_at_1000": 0.858905,
        "nauc_ndcg_at_1_max": 0.228826,
        "nauc_ndcg_at_1_std": -0.36616,
        "nauc_ndcg_at_1_diff1": 0.864108,
        "nauc_ndcg_at_3_max": 0.248972,
        "nauc_ndcg_at_3_std": -0.465375,
        "nauc_ndcg_at_3_diff1": 0.841648,
        "nauc_ndcg_at_5_max": 0.264217,
        "nauc_ndcg_at_5_std": -0.508871,
        "nauc_ndcg_at_5_diff1": 0.848582,
        "nauc_ndcg_at_10_max": 0.270344,
        "nauc_ndcg_at_10_std": -0.481227,
        "nauc_ndcg_at_10_diff1": 0.853503,
        "nauc_ndcg_at_20_max": 0.269096,
        "nauc_ndcg_at_20_std": -0.470902,
        "nauc_ndcg_at_20_diff1": 0.853877,
        "nauc_ndcg_at_100_max": 0.254726,
        "nauc_ndcg_at_100_std": -0.454228,
        "nauc_ndcg_at_100_diff1": 0.85438,
        "nauc_ndcg_at_1000_max": 0.256623,
        "nauc_ndcg_at_1000_std": -0.452611,
        "nauc_ndcg_at_1000_diff1": 0.854345,
        "nauc_map_at_1_max": 0.228826,
        "nauc_map_at_1_std": -0.36616,
        "nauc_map_at_1_diff1": 0.864108,
        "nauc_map_at_3_max": 0.244946,
        "nauc_map_at_3_std": -0.431397,
        "nauc_map_at_3_diff1": 0.849101,
        "nauc_map_at_5_max": 0.252301,
        "nauc_map_at_5_std": -0.451611,
        "nauc_map_at_5_diff1": 0.853129,
        "nauc_map_at_10_max": 0.254274,
        "nauc_map_at_10_std": -0.44152,
        "nauc_map_at_10_diff1": 0.855048,
        "nauc_map_at_20_max": 0.253887,
        "nauc_map_at_20_std": -0.439036,
        "nauc_map_at_20_diff1": 0.855183,
        "nauc_map_at_100_max": 0.252228,
        "nauc_map_at_100_std": -0.437069,
        "nauc_map_at_100_diff1": 0.855241,
        "nauc_map_at_1000_max": 0.252264,
        "nauc_map_at_1000_std": -0.437037,
        "nauc_map_at_1000_diff1": 0.855241,
        "nauc_recall_at_1_max": 0.228826,
        "nauc_recall_at_1_std": -0.36616,
        "nauc_recall_at_1_diff1": 0.864108,
        "nauc_recall_at_3_max": 0.267007,
        "nauc_recall_at_3_std": -0.634009,
        "nauc_recall_at_3_diff1": 0.804822,
        "nauc_recall_at_5_max": 0.35218,
        "nauc_recall_at_5_std": -0.938116,
        "nauc_recall_at_5_diff1": 0.816371,
        "nauc_recall_at_10_max": 0.442847,
        "nauc_recall_at_10_std": -0.865718,
        "nauc_recall_at_10_diff1": 0.84385,
        "nauc_recall_at_20_max": 0.572176,
        "nauc_recall_at_20_std": -0.987021,
        "nauc_recall_at_20_diff1": 0.841036,
        "nauc_recall_at_100_max": -0.563492,
        "nauc_recall_at_100_std": -1.151727,
        "nauc_recall_at_100_diff1": 0.869281,
        "nauc_recall_at_1000_max": NaN,
        "nauc_recall_at_1000_std": NaN,
        "nauc_recall_at_1000_diff1": NaN,
        "nauc_precision_at_1_max": 0.228826,
        "nauc_precision_at_1_std": -0.36616,
        "nauc_precision_at_1_diff1": 0.864108,
        "nauc_precision_at_3_max": 0.267007,
        "nauc_precision_at_3_std": -0.634009,
        "nauc_precision_at_3_diff1": 0.804822,
        "nauc_precision_at_5_max": 0.35218,
        "nauc_precision_at_5_std": -0.938116,
        "nauc_precision_at_5_diff1": 0.816371,
        "nauc_precision_at_10_max": 0.442847,
        "nauc_precision_at_10_std": -0.865718,
        "nauc_precision_at_10_diff1": 0.84385,
        "nauc_precision_at_20_max": 0.572176,
        "nauc_precision_at_20_std": -0.987021,
        "nauc_precision_at_20_diff1": 0.841036,
        "nauc_precision_at_100_max": -0.563492,
        "nauc_precision_at_100_std": -1.151727,
        "nauc_precision_at_100_diff1": 0.869281,
        "nauc_precision_at_1000_max": 1.0,
        "nauc_precision_at_1000_std": 1.0,
        "nauc_precision_at_1000_diff1": 1.0,
        "nauc_mrr_at_1_max": 0.228826,
        "nauc_mrr_at_1_std": -0.36616,
        "nauc_mrr_at_1_diff1": 0.864108,
        "nauc_mrr_at_3_max": 0.244946,
        "nauc_mrr_at_3_std": -0.431397,
        "nauc_mrr_at_3_diff1": 0.849101,
        "nauc_mrr_at_5_max": 0.252301,
        "nauc_mrr_at_5_std": -0.451611,
        "nauc_mrr_at_5_diff1": 0.853129,
        "nauc_mrr_at_10_max": 0.254274,
        "nauc_mrr_at_10_std": -0.44152,
        "nauc_mrr_at_10_diff1": 0.855048,
        "nauc_mrr_at_20_max": 0.253887,
        "nauc_mrr_at_20_std": -0.439036,
        "nauc_mrr_at_20_diff1": 0.855183,
        "nauc_mrr_at_100_max": 0.252228,
        "nauc_mrr_at_100_std": -0.437069,
        "nauc_mrr_at_100_diff1": 0.855241,
        "nauc_mrr_at_1000_max": 0.252264,
        "nauc_mrr_at_1000_std": -0.437037,
        "nauc_mrr_at_1000_diff1": 0.855241,
        "main_score": 0.88329,
        "hf_subset": "default",
        "languages": [
          "eng-Latn"
        ]
      }
    ]
  },
  "evaluation_time": 198.47778153419495,
  "kg_co2_emissions": null
}