{
  "dataset_revision": "ca0f1732432ad623ba6172b15e8c726b76e50fad",
  "task_name": "legal-rag-bench",
  "mteb_version": "1.39.7",
  "scores": {
    "test": [
      {
        "ndcg_at_1": 0.2,
        "ndcg_at_3": 0.29178,
        "ndcg_at_5": 0.33741,
        "ndcg_at_10": 0.37506,
        "ndcg_at_20": 0.41218,
        "ndcg_at_100": 0.44796,
        "ndcg_at_1000": 0.45873,
        "map_at_1": 0.2,
        "map_at_3": 0.26833,
        "map_at_5": 0.29383,
        "map_at_10": 0.30869,
        "map_at_20": 0.31844,
        "map_at_100": 0.32429,
        "map_at_1000": 0.32479,
        "recall_at_1": 0.2,
        "recall_at_3": 0.36,
        "recall_at_5": 0.47,
        "recall_at_10": 0.59,
        "recall_at_20": 0.74,
        "recall_at_100": 0.92,
        "recall_at_1000": 1.0,
        "precision_at_1": 0.2,
        "precision_at_3": 0.12,
        "precision_at_5": 0.094,
        "precision_at_10": 0.059,
        "precision_at_20": 0.037,
        "precision_at_100": 0.0092,
        "precision_at_1000": 0.001,
        "mrr_at_1": 0.2,
        "mrr_at_3": 0.268333,
        "mrr_at_5": 0.293833,
        "mrr_at_10": 0.30869,
        "mrr_at_20": 0.318439,
        "mrr_at_100": 0.324292,
        "mrr_at_1000": 0.324785,
        "nauc_ndcg_at_1_max": 0.082483,
        "nauc_ndcg_at_1_std": -0.060171,
        "nauc_ndcg_at_1_diff1": 0.431401,
        "nauc_ndcg_at_3_max": 0.13272,
        "nauc_ndcg_at_3_std": 0.098971,
        "nauc_ndcg_at_3_diff1": 0.4619,
        "nauc_ndcg_at_5_max": 0.128221,
        "nauc_ndcg_at_5_std": 0.131141,
        "nauc_ndcg_at_5_diff1": 0.397605,
        "nauc_ndcg_at_10_max": 0.122599,
        "nauc_ndcg_at_10_std": 0.109973,
        "nauc_ndcg_at_10_diff1": 0.400267,
        "nauc_ndcg_at_20_max": 0.132256,
        "nauc_ndcg_at_20_std": 0.106938,
        "nauc_ndcg_at_20_diff1": 0.400056,
        "nauc_ndcg_at_100_max": 0.128685,
        "nauc_ndcg_at_100_std": 0.085299,
        "nauc_ndcg_at_100_diff1": 0.400339,
        "nauc_ndcg_at_1000_max": 0.117917,
        "nauc_ndcg_at_1000_std": 0.084398,
        "nauc_ndcg_at_1000_diff1": 0.402975,
        "nauc_map_at_1_max": 0.082483,
        "nauc_map_at_1_std": -0.060171,
        "nauc_map_at_1_diff1": 0.431401,
        "nauc_map_at_3_max": 0.118729,
        "nauc_map_at_3_std": 0.063479,
        "nauc_map_at_3_diff1": 0.444852,
        "nauc_map_at_5_max": 0.11543,
        "nauc_map_at_5_std": 0.080887,
        "nauc_map_at_5_diff1": 0.407357,
        "nauc_map_at_10_max": 0.114358,
        "nauc_map_at_10_std": 0.071828,
        "nauc_map_at_10_diff1": 0.407706,
        "nauc_map_at_20_max": 0.117002,
        "nauc_map_at_20_std": 0.072325,
        "nauc_map_at_20_diff1": 0.407315,
        "nauc_map_at_100_max": 0.114999,
        "nauc_map_at_100_std": 0.067795,
        "nauc_map_at_100_diff1": 0.407365,
        "nauc_map_at_1000_max": 0.114197,
        "nauc_map_at_1000_std": 0.067852,
        "nauc_map_at_1000_diff1": 0.407485,
        "nauc_recall_at_1_max": 0.082483,
        "nauc_recall_at_1_std": -0.060171,
        "nauc_recall_at_1_diff1": 0.431401,
        "nauc_recall_at_3_max": 0.170144,
        "nauc_recall_at_3_std": 0.191335,
        "nauc_recall_at_3_diff1": 0.509985,
        "nauc_recall_at_5_max": 0.162898,
        "nauc_recall_at_5_std": 0.267725,
        "nauc_recall_at_5_diff1": 0.368372,
        "nauc_recall_at_10_max": 0.141884,
        "nauc_recall_at_10_std": 0.215695,
        "nauc_recall_at_10_diff1": 0.37805,
        "nauc_recall_at_20_max": 0.195288,
        "nauc_recall_at_20_std": 0.220632,
        "nauc_recall_at_20_diff1": 0.373707,
        "nauc_recall_at_100_max": 0.321137,
        "nauc_recall_at_100_std": 0.1257,
        "nauc_recall_at_100_diff1": 0.336718,
        "nauc_recall_at_1000_max": NaN,
        "nauc_recall_at_1000_std": NaN,
        "nauc_recall_at_1000_diff1": NaN,
        "nauc_precision_at_1_max": 0.082483,
        "nauc_precision_at_1_std": -0.060171,
        "nauc_precision_at_1_diff1": 0.431401,
        "nauc_precision_at_3_max": 0.170144,
        "nauc_precision_at_3_std": 0.191335,
        "nauc_precision_at_3_diff1": 0.509985,
        "nauc_precision_at_5_max": 0.162898,
        "nauc_precision_at_5_std": 0.267725,
        "nauc_precision_at_5_diff1": 0.368372,
        "nauc_precision_at_10_max": 0.141884,
        "nauc_precision_at_10_std": 0.215695,
        "nauc_precision_at_10_diff1": 0.37805,
        "nauc_precision_at_20_max": 0.195288,
        "nauc_precision_at_20_std": 0.220632,
        "nauc_precision_at_20_diff1": 0.373707,
        "nauc_precision_at_100_max": 0.321137,
        "nauc_precision_at_100_std": 0.1257,
        "nauc_precision_at_100_diff1": 0.336718,
        "nauc_precision_at_1000_max": NaN,
        "nauc_precision_at_1000_std": NaN,
        "nauc_precision_at_1000_diff1": NaN,
        "nauc_mrr_at_1_max": 0.082483,
        "nauc_mrr_at_1_std": -0.060171,
        "nauc_mrr_at_1_diff1": 0.431401,
        "nauc_mrr_at_3_max": 0.118729,
        "nauc_mrr_at_3_std": 0.063479,
        "nauc_mrr_at_3_diff1": 0.444852,
        "nauc_mrr_at_5_max": 0.11543,
        "nauc_mrr_at_5_std": 0.080887,
        "nauc_mrr_at_5_diff1": 0.407357,
        "nauc_mrr_at_10_max": 0.114358,
        "nauc_mrr_at_10_std": 0.071828,
        "nauc_mrr_at_10_diff1": 0.407706,
        "nauc_mrr_at_20_max": 0.117002,
        "nauc_mrr_at_20_std": 0.072325,
        "nauc_mrr_at_20_diff1": 0.407315,
        "nauc_mrr_at_100_max": 0.114999,
        "nauc_mrr_at_100_std": 0.067795,
        "nauc_mrr_at_100_diff1": 0.407365,
        "nauc_mrr_at_1000_max": 0.114197,
        "nauc_mrr_at_1000_std": 0.067852,
        "nauc_mrr_at_1000_diff1": 0.407485,
        "main_score": 0.37506,
        "hf_subset": "default",
        "languages": [
          "eng-Latn"
        ]
      }
    ]
  },
  "evaluation_time": 167.4488787651062,
  "kg_co2_emissions": null
}