{
  "dataset_revision": "319b6cc4b012d733f126a943a8a66bdf9df5dc40",
  "task_name": "scalr",
  "mteb_version": "1.38.49",
  "scores": {
    "test": [
      {
        "ndcg_at_1": 0.53333,
        "ndcg_at_3": 0.62668,
        "ndcg_at_5": 0.66434,
        "ndcg_at_10": 0.69453,
        "ndcg_at_20": 0.70756,
        "ndcg_at_100": 0.71414,
        "ndcg_at_1000": 0.7198,
        "map_at_1": 0.53333,
        "map_at_3": 0.60417,
        "map_at_5": 0.625,
        "map_at_10": 0.63777,
        "map_at_20": 0.64155,
        "map_at_100": 0.64262,
        "map_at_1000": 0.64289,
        "recall_at_1": 0.53333,
        "recall_at_3": 0.69167,
        "recall_at_5": 0.78333,
        "recall_at_10": 0.875,
        "recall_at_20": 0.925,
        "recall_at_100": 0.95833,
        "recall_at_1000": 1.0,
        "precision_at_1": 0.53333,
        "precision_at_3": 0.23056,
        "precision_at_5": 0.15667,
        "precision_at_10": 0.0875,
        "precision_at_20": 0.04625,
        "precision_at_100": 0.00958,
        "precision_at_1000": 0.001,
        "mrr_at_1": 0.533333,
        "mrr_at_3": 0.604167,
        "mrr_at_5": 0.625,
        "mrr_at_10": 0.637771,
        "mrr_at_20": 0.64155,
        "mrr_at_100": 0.642618,
        "mrr_at_1000": 0.642887,
        "nauc_ndcg_at_1_max": 0.303603,
        "nauc_ndcg_at_1_std": 0.001356,
        "nauc_ndcg_at_1_diff1": 0.660647,
        "nauc_ndcg_at_3_max": 0.386578,
        "nauc_ndcg_at_3_std": 0.062528,
        "nauc_ndcg_at_3_diff1": 0.613319,
        "nauc_ndcg_at_5_max": 0.39711,
        "nauc_ndcg_at_5_std": 0.074016,
        "nauc_ndcg_at_5_diff1": 0.622826,
        "nauc_ndcg_at_10_max": 0.429185,
        "nauc_ndcg_at_10_std": 0.111013,
        "nauc_ndcg_at_10_diff1": 0.621192,
        "nauc_ndcg_at_20_max": 0.401781,
        "nauc_ndcg_at_20_std": 0.093902,
        "nauc_ndcg_at_20_diff1": 0.623622,
        "nauc_ndcg_at_100_max": 0.39853,
        "nauc_ndcg_at_100_std": 0.088254,
        "nauc_ndcg_at_100_diff1": 0.627396,
        "nauc_ndcg_at_1000_max": 0.389832,
        "nauc_ndcg_at_1000_std": 0.077303,
        "nauc_ndcg_at_1000_diff1": 0.629946,
        "nauc_map_at_1_max": 0.303603,
        "nauc_map_at_1_std": 0.001356,
        "nauc_map_at_1_diff1": 0.660647,
        "nauc_map_at_3_max": 0.36909,
        "nauc_map_at_3_std": 0.048734,
        "nauc_map_at_3_diff1": 0.628482,
        "nauc_map_at_5_max": 0.373557,
        "nauc_map_at_5_std": 0.054596,
        "nauc_map_at_5_diff1": 0.6346,
        "nauc_map_at_10_max": 0.383638,
        "nauc_map_at_10_std": 0.066587,
        "nauc_map_at_10_diff1": 0.634594,
        "nauc_map_at_20_max": 0.376417,
        "nauc_map_at_20_std": 0.062398,
        "nauc_map_at_20_diff1": 0.634973,
        "nauc_map_at_100_max": 0.376043,
        "nauc_map_at_100_std": 0.061779,
        "nauc_map_at_100_diff1": 0.635818,
        "nauc_map_at_1000_max": 0.375714,
        "nauc_map_at_1000_std": 0.061389,
        "nauc_map_at_1000_diff1": 0.63581,
        "nauc_recall_at_1_max": 0.303603,
        "nauc_recall_at_1_std": 0.001356,
        "nauc_recall_at_1_diff1": 0.660647,
        "nauc_recall_at_3_max": 0.442838,
        "nauc_recall_at_3_std": 0.10745,
        "nauc_recall_at_3_diff1": 0.561395,
        "nauc_recall_at_5_max": 0.495894,
        "nauc_recall_at_5_std": 0.155586,
        "nauc_recall_at_5_diff1": 0.57266,
        "nauc_recall_at_10_max": 0.762256,
        "nauc_recall_at_10_std": 0.441962,
        "nauc_recall_at_10_diff1": 0.528731,
        "nauc_recall_at_20_max": 0.646799,
        "nauc_recall_at_20_std": 0.432617,
        "nauc_recall_at_20_diff1": 0.5097,
        "nauc_recall_at_100_max": 0.739963,
        "nauc_recall_at_100_std": 0.525303,
        "nauc_recall_at_100_diff1": 0.494491,
        "nauc_recall_at_1000_max": NaN,
        "nauc_recall_at_1000_std": NaN,
        "nauc_recall_at_1000_diff1": NaN,
        "nauc_precision_at_1_max": 0.303603,
        "nauc_precision_at_1_std": 0.001356,
        "nauc_precision_at_1_diff1": 0.660647,
        "nauc_precision_at_3_max": 0.442838,
        "nauc_precision_at_3_std": 0.10745,
        "nauc_precision_at_3_diff1": 0.561395,
        "nauc_precision_at_5_max": 0.495894,
        "nauc_precision_at_5_std": 0.155586,
        "nauc_precision_at_5_diff1": 0.57266,
        "nauc_precision_at_10_max": 0.762256,
        "nauc_precision_at_10_std": 0.441962,
        "nauc_precision_at_10_diff1": 0.528731,
        "nauc_precision_at_20_max": 0.646799,
        "nauc_precision_at_20_std": 0.432617,
        "nauc_precision_at_20_diff1": 0.5097,
        "nauc_precision_at_100_max": 0.739963,
        "nauc_precision_at_100_std": 0.525303,
        "nauc_precision_at_100_diff1": 0.494491,
        "nauc_precision_at_1000_max": 1.0,
        "nauc_precision_at_1000_std": 1.0,
        "nauc_precision_at_1000_diff1": 1.0,
        "nauc_mrr_at_1_max": 0.303603,
        "nauc_mrr_at_1_std": 0.001356,
        "nauc_mrr_at_1_diff1": 0.660647,
        "nauc_mrr_at_3_max": 0.36909,
        "nauc_mrr_at_3_std": 0.048734,
        "nauc_mrr_at_3_diff1": 0.628482,
        "nauc_mrr_at_5_max": 0.373557,
        "nauc_mrr_at_5_std": 0.054596,
        "nauc_mrr_at_5_diff1": 0.6346,
        "nauc_mrr_at_10_max": 0.383638,
        "nauc_mrr_at_10_std": 0.066587,
        "nauc_mrr_at_10_diff1": 0.634594,
        "nauc_mrr_at_20_max": 0.376417,
        "nauc_mrr_at_20_std": 0.062398,
        "nauc_mrr_at_20_diff1": 0.634973,
        "nauc_mrr_at_100_max": 0.376043,
        "nauc_mrr_at_100_std": 0.061779,
        "nauc_mrr_at_100_diff1": 0.635818,
        "nauc_mrr_at_1000_max": 0.375714,
        "nauc_mrr_at_1000_std": 0.061389,
        "nauc_mrr_at_1000_diff1": 0.63581,
        "main_score": 0.69453,
        "hf_subset": "default",
        "languages": [
          "eng-Latn"
        ]
      }
    ]
  },
  "evaluation_time": 47.48165225982666,
  "kg_co2_emissions": null
}