{
  "dataset_revision": "427e2ae4b22cd9ad990ef8dd4647c16d79c89198",
  "task_name": "singaporean-judicial-keywords",
  "mteb_version": "1.38.49",
  "scores": {
    "test": [
      {
        "ndcg_at_1": 0.85,
        "ndcg_at_3": 0.91821,
        "ndcg_at_5": 0.92475,
        "ndcg_at_10": 0.92676,
        "ndcg_at_20": 0.92893,
        "ndcg_at_100": 0.92957,
        "ndcg_at_1000": 0.92957,
        "map_at_1": 0.85,
        "map_at_3": 0.90167,
        "map_at_5": 0.90527,
        "map_at_10": 0.90613,
        "map_at_20": 0.90681,
        "map_at_100": 0.90687,
        "map_at_1000": 0.90687,
        "recall_at_1": 0.85,
        "recall_at_3": 0.966,
        "recall_at_5": 0.982,
        "recall_at_10": 0.988,
        "recall_at_20": 0.996,
        "recall_at_100": 1.0,
        "recall_at_1000": 1.0,
        "precision_at_1": 0.85,
        "precision_at_3": 0.322,
        "precision_at_5": 0.1964,
        "precision_at_10": 0.0988,
        "precision_at_20": 0.0498,
        "precision_at_100": 0.01,
        "precision_at_1000": 0.001,
        "mrr_at_1": 0.85,
        "mrr_at_3": 0.901667,
        "mrr_at_5": 0.905267,
        "mrr_at_10": 0.906133,
        "mrr_at_20": 0.906812,
        "mrr_at_100": 0.906867,
        "mrr_at_1000": 0.906867,
        "nauc_ndcg_at_1_max": 0.448383,
        "nauc_ndcg_at_1_std": -0.003632,
        "nauc_ndcg_at_1_diff1": 0.882284,
        "nauc_ndcg_at_3_max": 0.530053,
        "nauc_ndcg_at_3_std": 0.001978,
        "nauc_ndcg_at_3_diff1": 0.894455,
        "nauc_ndcg_at_5_max": 0.526056,
        "nauc_ndcg_at_5_std": 0.026281,
        "nauc_ndcg_at_5_diff1": 0.889474,
        "nauc_ndcg_at_10_max": 0.521623,
        "nauc_ndcg_at_10_std": 0.015589,
        "nauc_ndcg_at_10_diff1": 0.887416,
        "nauc_ndcg_at_20_max": 0.50743,
        "nauc_ndcg_at_20_std": 0.013577,
        "nauc_ndcg_at_20_diff1": 0.886937,
        "nauc_ndcg_at_100_max": 0.50589,
        "nauc_ndcg_at_100_std": 0.00424,
        "nauc_ndcg_at_100_diff1": 0.887218,
        "nauc_ndcg_at_1000_max": 0.50589,
        "nauc_ndcg_at_1000_std": 0.00424,
        "nauc_ndcg_at_1000_diff1": 0.887218,
        "nauc_map_at_1_max": 0.448383,
        "nauc_map_at_1_std": -0.003632,
        "nauc_map_at_1_diff1": 0.882284,
        "nauc_map_at_3_max": 0.507042,
        "nauc_map_at_3_std": -0.006612,
        "nauc_map_at_3_diff1": 0.890273,
        "nauc_map_at_5_max": 0.50493,
        "nauc_map_at_5_std": 0.003023,
        "nauc_map_at_5_diff1": 0.887884,
        "nauc_map_at_10_max": 0.503475,
        "nauc_map_at_10_std": -0.000569,
        "nauc_map_at_10_diff1": 0.8871,
        "nauc_map_at_20_max": 0.499921,
        "nauc_map_at_20_std": -0.001079,
        "nauc_map_at_20_diff1": 0.886924,
        "nauc_map_at_100_max": 0.499835,
        "nauc_map_at_100_std": -0.00169,
        "nauc_map_at_100_diff1": 0.88695,
        "nauc_map_at_1000_max": 0.499835,
        "nauc_map_at_1000_std": -0.00169,
        "nauc_map_at_1000_diff1": 0.88695,
        "nauc_recall_at_1_max": 0.448383,
        "nauc_recall_at_1_std": -0.003632,
        "nauc_recall_at_1_diff1": 0.882284,
        "nauc_recall_at_3_max": 0.707969,
        "nauc_recall_at_3_std": 0.078843,
        "nauc_recall_at_3_diff1": 0.927912,
        "nauc_recall_at_5_max": 0.815074,
        "nauc_recall_at_5_std": 0.402065,
        "nauc_recall_at_5_diff1": 0.909223,
        "nauc_recall_at_10_max": 0.871226,
        "nauc_recall_at_10_std": 0.390912,
        "nauc_recall_at_10_diff1": 0.885621,
        "nauc_recall_at_20_max": 0.679038,
        "nauc_recall_at_20_std": 1.0,
        "nauc_recall_at_20_diff1": 0.861111,
        "nauc_recall_at_100_max": NaN,
        "nauc_recall_at_100_std": NaN,
        "nauc_recall_at_100_diff1": NaN,
        "nauc_recall_at_1000_max": NaN,
        "nauc_recall_at_1000_std": NaN,
        "nauc_recall_at_1000_diff1": NaN,
        "nauc_precision_at_1_max": 0.448383,
        "nauc_precision_at_1_std": -0.003632,
        "nauc_precision_at_1_diff1": 0.882284,
        "nauc_precision_at_3_max": 0.707969,
        "nauc_precision_at_3_std": 0.078843,
        "nauc_precision_at_3_diff1": 0.927912,
        "nauc_precision_at_5_max": 0.815074,
        "nauc_precision_at_5_std": 0.402065,
        "nauc_precision_at_5_diff1": 0.909223,
        "nauc_precision_at_10_max": 0.871226,
        "nauc_precision_at_10_std": 0.390912,
        "nauc_precision_at_10_diff1": 0.885621,
        "nauc_precision_at_20_max": 0.679038,
        "nauc_precision_at_20_std": 1.0,
        "nauc_precision_at_20_diff1": 0.861111,
        "nauc_precision_at_100_max": 1.0,
        "nauc_precision_at_100_std": 1.0,
        "nauc_precision_at_100_diff1": 1.0,
        "nauc_precision_at_1000_max": 1.0,
        "nauc_precision_at_1000_std": 1.0,
        "nauc_precision_at_1000_diff1": 1.0,
        "nauc_mrr_at_1_max": 0.448383,
        "nauc_mrr_at_1_std": -0.003632,
        "nauc_mrr_at_1_diff1": 0.882284,
        "nauc_mrr_at_3_max": 0.507042,
        "nauc_mrr_at_3_std": -0.006612,
        "nauc_mrr_at_3_diff1": 0.890273,
        "nauc_mrr_at_5_max": 0.50493,
        "nauc_mrr_at_5_std": 0.003023,
        "nauc_mrr_at_5_diff1": 0.887884,
        "nauc_mrr_at_10_max": 0.503475,
        "nauc_mrr_at_10_std": -0.000569,
        "nauc_mrr_at_10_diff1": 0.8871,
        "nauc_mrr_at_20_max": 0.499921,
        "nauc_mrr_at_20_std": -0.001079,
        "nauc_mrr_at_20_diff1": 0.886924,
        "nauc_mrr_at_100_max": 0.499835,
        "nauc_mrr_at_100_std": -0.00169,
        "nauc_mrr_at_100_diff1": 0.88695,
        "nauc_mrr_at_1000_max": 0.499835,
        "nauc_mrr_at_1000_std": -0.00169,
        "nauc_mrr_at_1000_diff1": 0.88695,
        "main_score": 0.92676,
        "hf_subset": "default",
        "languages": [
          "eng-Latn"
        ]
      }
    ]
  },
  "evaluation_time": 275.979683637619,
  "kg_co2_emissions": null
}