{
  "dataset_revision": "436d6a79d06cac556799e9e0be54a6fb90bf7182",
  "task_name": "uk-legislative-long-titles",
  "mteb_version": "1.38.49",
  "scores": {
    "test": [
      {
        "ndcg_at_1": 0.91026,
        "ndcg_at_3": 0.95375,
        "ndcg_at_5": 0.95375,
        "ndcg_at_10": 0.95803,
        "ndcg_at_20": 0.95803,
        "ndcg_at_100": 0.95803,
        "ndcg_at_1000": 0.95803,
        "map_at_1": 0.91026,
        "map_at_3": 0.94231,
        "map_at_5": 0.94231,
        "map_at_10": 0.94414,
        "map_at_20": 0.94414,
        "map_at_100": 0.94414,
        "map_at_1000": 0.94414,
        "recall_at_1": 0.91026,
        "recall_at_3": 0.98718,
        "recall_at_5": 0.98718,
        "recall_at_10": 1.0,
        "recall_at_20": 1.0,
        "recall_at_100": 1.0,
        "recall_at_1000": 1.0,
        "precision_at_1": 0.91026,
        "precision_at_3": 0.32906,
        "precision_at_5": 0.19744,
        "precision_at_10": 0.1,
        "precision_at_20": 0.05,
        "precision_at_100": 0.01,
        "precision_at_1000": 0.001,
        "mrr_at_1": 0.910256,
        "mrr_at_3": 0.942308,
        "mrr_at_5": 0.942308,
        "mrr_at_10": 0.944139,
        "mrr_at_20": 0.944139,
        "mrr_at_100": 0.944139,
        "mrr_at_1000": 0.944139,
        "nauc_ndcg_at_1_max": 0.858967,
        "nauc_ndcg_at_1_std": 0.624854,
        "nauc_ndcg_at_1_diff1": 0.941401,
        "nauc_ndcg_at_3_max": 0.861174,
        "nauc_ndcg_at_3_std": 0.473483,
        "nauc_ndcg_at_3_diff1": 0.909215,
        "nauc_ndcg_at_5_max": 0.861174,
        "nauc_ndcg_at_5_std": 0.473483,
        "nauc_ndcg_at_5_diff1": 0.909215,
        "nauc_ndcg_at_10_max": 0.860387,
        "nauc_ndcg_at_10_std": 0.539254,
        "nauc_ndcg_at_10_diff1": 0.928388,
        "nauc_ndcg_at_20_max": 0.860387,
        "nauc_ndcg_at_20_std": 0.539254,
        "nauc_ndcg_at_20_diff1": 0.928388,
        "nauc_ndcg_at_100_max": 0.860387,
        "nauc_ndcg_at_100_std": 0.539254,
        "nauc_ndcg_at_100_diff1": 0.928388,
        "nauc_ndcg_at_1000_max": 0.860387,
        "nauc_ndcg_at_1000_std": 0.539254,
        "nauc_ndcg_at_1000_diff1": 0.928388,
        "nauc_map_at_1_max": 0.858967,
        "nauc_map_at_1_std": 0.624854,
        "nauc_map_at_1_diff1": 0.941401,
        "nauc_map_at_3_max": 0.86055,
        "nauc_map_at_3_std": 0.524108,
        "nauc_map_at_3_diff1": 0.923412,
        "nauc_map_at_5_max": 0.86055,
        "nauc_map_at_5_std": 0.524108,
        "nauc_map_at_5_diff1": 0.923412,
        "nauc_map_at_10_max": 0.860276,
        "nauc_map_at_10_std": 0.546948,
        "nauc_map_at_10_diff1": 0.930052,
        "nauc_map_at_20_max": 0.860276,
        "nauc_map_at_20_std": 0.546948,
        "nauc_map_at_20_diff1": 0.930052,
        "nauc_map_at_100_max": 0.860276,
        "nauc_map_at_100_std": 0.546948,
        "nauc_map_at_100_diff1": 0.930052,
        "nauc_map_at_1000_max": 0.860276,
        "nauc_map_at_1000_std": 0.546948,
        "nauc_map_at_1000_diff1": 0.930052,
        "nauc_recall_at_1_max": 0.858967,
        "nauc_recall_at_1_std": 0.624854,
        "nauc_recall_at_1_diff1": 0.941401,
        "nauc_recall_at_3_max": 0.868908,
        "nauc_recall_at_3_std": -0.172498,
        "nauc_recall_at_3_diff1": 0.7209,
        "nauc_recall_at_5_max": 0.868908,
        "nauc_recall_at_5_std": -0.172498,
        "nauc_recall_at_5_diff1": 0.7209,
        "nauc_recall_at_10_max": NaN,
        "nauc_recall_at_10_std": NaN,
        "nauc_recall_at_10_diff1": NaN,
        "nauc_recall_at_20_max": NaN,
        "nauc_recall_at_20_std": NaN,
        "nauc_recall_at_20_diff1": NaN,
        "nauc_recall_at_100_max": NaN,
        "nauc_recall_at_100_std": NaN,
        "nauc_recall_at_100_diff1": NaN,
        "nauc_recall_at_1000_max": NaN,
        "nauc_recall_at_1000_std": NaN,
        "nauc_recall_at_1000_diff1": NaN,
        "nauc_precision_at_1_max": 0.858967,
        "nauc_precision_at_1_std": 0.624854,
        "nauc_precision_at_1_diff1": 0.941401,
        "nauc_precision_at_3_max": 0.868908,
        "nauc_precision_at_3_std": -0.172498,
        "nauc_precision_at_3_diff1": 0.7209,
        "nauc_precision_at_5_max": 0.868908,
        "nauc_precision_at_5_std": -0.172498,
        "nauc_precision_at_5_diff1": 0.7209,
        "nauc_precision_at_10_max": 1.0,
        "nauc_precision_at_10_std": 1.0,
        "nauc_precision_at_10_diff1": 1.0,
        "nauc_precision_at_20_max": 1.0,
        "nauc_precision_at_20_std": 1.0,
        "nauc_precision_at_20_diff1": 1.0,
        "nauc_precision_at_100_max": 1.0,
        "nauc_precision_at_100_std": 1.0,
        "nauc_precision_at_100_diff1": 1.0,
        "nauc_precision_at_1000_max": 1.0,
        "nauc_precision_at_1000_std": 1.0,
        "nauc_precision_at_1000_diff1": 1.0,
        "nauc_mrr_at_1_max": 0.858967,
        "nauc_mrr_at_1_std": 0.624854,
        "nauc_mrr_at_1_diff1": 0.941401,
        "nauc_mrr_at_3_max": 0.86055,
        "nauc_mrr_at_3_std": 0.524108,
        "nauc_mrr_at_3_diff1": 0.923412,
        "nauc_mrr_at_5_max": 0.86055,
        "nauc_mrr_at_5_std": 0.524108,
        "nauc_mrr_at_5_diff1": 0.923412,
        "nauc_mrr_at_10_max": 0.860276,
        "nauc_mrr_at_10_std": 0.546948,
        "nauc_mrr_at_10_diff1": 0.930052,
        "nauc_mrr_at_20_max": 0.860276,
        "nauc_mrr_at_20_std": 0.546948,
        "nauc_mrr_at_20_diff1": 0.930052,
        "nauc_mrr_at_100_max": 0.860276,
        "nauc_mrr_at_100_std": 0.546948,
        "nauc_mrr_at_100_diff1": 0.930052,
        "nauc_mrr_at_1000_max": 0.860276,
        "nauc_mrr_at_1000_std": 0.546948,
        "nauc_mrr_at_1000_diff1": 0.930052,
        "main_score": 0.95803,
        "hf_subset": "default",
        "languages": [
          "eng-Latn"
        ]
      }
    ]
  },
  "evaluation_time": 32.64970588684082,
  "kg_co2_emissions": null
}