{
  "dataset_revision": "c64c3baac6bfd5f934d2df6e5d42dcb7d87c8ba8",
  "task_name": "australian-tax-guidance-retrieval",
  "mteb_version": "1.38.49",
  "scores": {
    "test": [
      {
        "ndcg_at_1": 0.55357,
        "ndcg_at_3": 0.66156,
        "ndcg_at_5": 0.68346,
        "ndcg_at_10": 0.7248,
        "ndcg_at_20": 0.73639,
        "ndcg_at_100": 0.74521,
        "ndcg_at_1000": 0.74521,
        "map_at_1": 0.55357,
        "map_at_3": 0.6369,
        "map_at_5": 0.64896,
        "map_at_10": 0.66657,
        "map_at_20": 0.6699,
        "map_at_100": 0.6713,
        "map_at_1000": 0.6713,
        "recall_at_1": 0.55357,
        "recall_at_3": 0.73214,
        "recall_at_5": 0.78571,
        "recall_at_10": 0.91071,
        "recall_at_20": 0.95536,
        "recall_at_100": 1.0,
        "recall_at_1000": 1.0,
        "precision_at_1": 0.55357,
        "precision_at_3": 0.24405,
        "precision_at_5": 0.15714,
        "precision_at_10": 0.09107,
        "precision_at_20": 0.04777,
        "precision_at_100": 0.01,
        "precision_at_1000": 0.001,
        "mrr_at_1": 0.553571,
        "mrr_at_3": 0.636905,
        "mrr_at_5": 0.648958,
        "mrr_at_10": 0.666571,
        "mrr_at_20": 0.669898,
        "mrr_at_100": 0.671305,
        "mrr_at_1000": 0.671305,
        "nauc_ndcg_at_1_max": 0.462101,
        "nauc_ndcg_at_1_std": 0.033814,
        "nauc_ndcg_at_1_diff1": 0.637557,
        "nauc_ndcg_at_3_max": 0.44989,
        "nauc_ndcg_at_3_std": 0.044612,
        "nauc_ndcg_at_3_diff1": 0.557779,
        "nauc_ndcg_at_5_max": 0.451937,
        "nauc_ndcg_at_5_std": 0.053717,
        "nauc_ndcg_at_5_diff1": 0.542956,
        "nauc_ndcg_at_10_max": 0.480647,
        "nauc_ndcg_at_10_std": 0.141454,
        "nauc_ndcg_at_10_diff1": 0.544695,
        "nauc_ndcg_at_20_max": 0.476954,
        "nauc_ndcg_at_20_std": 0.108764,
        "nauc_ndcg_at_20_diff1": 0.548801,
        "nauc_ndcg_at_100_max": 0.46144,
        "nauc_ndcg_at_100_std": 0.078102,
        "nauc_ndcg_at_100_diff1": 0.564601,
        "nauc_ndcg_at_1000_max": 0.46144,
        "nauc_ndcg_at_1000_std": 0.078102,
        "nauc_ndcg_at_1000_diff1": 0.564601,
        "nauc_map_at_1_max": 0.462101,
        "nauc_map_at_1_std": 0.033814,
        "nauc_map_at_1_diff1": 0.637557,
        "nauc_map_at_3_max": 0.453744,
        "nauc_map_at_3_std": 0.04488,
        "nauc_map_at_3_diff1": 0.574964,
        "nauc_map_at_5_max": 0.453635,
        "nauc_map_at_5_std": 0.049098,
        "nauc_map_at_5_diff1": 0.567585,
        "nauc_map_at_10_max": 0.461907,
        "nauc_map_at_10_std": 0.079545,
        "nauc_map_at_10_diff1": 0.568742,
        "nauc_map_at_20_max": 0.460972,
        "nauc_map_at_20_std": 0.071274,
        "nauc_map_at_20_diff1": 0.570469,
        "nauc_map_at_100_max": 0.458889,
        "nauc_map_at_100_std": 0.067083,
        "nauc_map_at_100_diff1": 0.572809,
        "nauc_map_at_1000_max": 0.458889,
        "nauc_map_at_1000_std": 0.067083,
        "nauc_map_at_1000_diff1": 0.572809,
        "nauc_recall_at_1_max": 0.462101,
        "nauc_recall_at_1_std": 0.033814,
        "nauc_recall_at_1_diff1": 0.637557,
        "nauc_recall_at_3_max": 0.436059,
        "nauc_recall_at_3_std": 0.042015,
        "nauc_recall_at_3_diff1": 0.499655,
        "nauc_recall_at_5_max": 0.447397,
        "nauc_recall_at_5_std": 0.073316,
        "nauc_recall_at_5_diff1": 0.442653,
        "nauc_recall_at_10_max": 0.691995,
        "nauc_recall_at_10_std": 0.771751,
        "nauc_recall_at_10_diff1": 0.348826,
        "nauc_recall_at_20_max": 0.829376,
        "nauc_recall_at_20_std": 0.800095,
        "nauc_recall_at_20_diff1": 0.209178,
        "nauc_recall_at_100_max": NaN,
        "nauc_recall_at_100_std": NaN,
        "nauc_recall_at_100_diff1": NaN,
        "nauc_recall_at_1000_max": NaN,
        "nauc_recall_at_1000_std": NaN,
        "nauc_recall_at_1000_diff1": NaN,
        "nauc_precision_at_1_max": 0.462101,
        "nauc_precision_at_1_std": 0.033814,
        "nauc_precision_at_1_diff1": 0.637557,
        "nauc_precision_at_3_max": 0.436059,
        "nauc_precision_at_3_std": 0.042015,
        "nauc_precision_at_3_diff1": 0.499655,
        "nauc_precision_at_5_max": 0.447397,
        "nauc_precision_at_5_std": 0.073316,
        "nauc_precision_at_5_diff1": 0.442653,
        "nauc_precision_at_10_max": 0.691995,
        "nauc_precision_at_10_std": 0.771751,
        "nauc_precision_at_10_diff1": 0.348826,
        "nauc_precision_at_20_max": 0.829376,
        "nauc_precision_at_20_std": 0.800095,
        "nauc_precision_at_20_diff1": 0.209178,
        "nauc_precision_at_100_max": NaN,
        "nauc_precision_at_100_std": NaN,
        "nauc_precision_at_100_diff1": NaN,
        "nauc_precision_at_1000_max": 1.0,
        "nauc_precision_at_1000_std": 1.0,
        "nauc_precision_at_1000_diff1": 1.0,
        "nauc_mrr_at_1_max": 0.462101,
        "nauc_mrr_at_1_std": 0.033814,
        "nauc_mrr_at_1_diff1": 0.637557,
        "nauc_mrr_at_3_max": 0.453744,
        "nauc_mrr_at_3_std": 0.04488,
        "nauc_mrr_at_3_diff1": 0.574964,
        "nauc_mrr_at_5_max": 0.453635,
        "nauc_mrr_at_5_std": 0.049098,
        "nauc_mrr_at_5_diff1": 0.567585,
        "nauc_mrr_at_10_max": 0.461907,
        "nauc_mrr_at_10_std": 0.079545,
        "nauc_mrr_at_10_diff1": 0.568742,
        "nauc_mrr_at_20_max": 0.460972,
        "nauc_mrr_at_20_std": 0.071274,
        "nauc_mrr_at_20_diff1": 0.570469,
        "nauc_mrr_at_100_max": 0.458889,
        "nauc_mrr_at_100_std": 0.067083,
        "nauc_mrr_at_100_diff1": 0.572809,
        "nauc_mrr_at_1000_max": 0.458889,
        "nauc_mrr_at_1000_std": 0.067083,
        "nauc_mrr_at_1000_diff1": 0.572809,
        "main_score": 0.7248,
        "hf_subset": "default",
        "languages": [
          "eng-Latn"
        ]
      }
    ]
  },
  "evaluation_time": 8.09395146369934,
  "kg_co2_emissions": null
}