{
  "dataset_revision": "dd157bbfa479359488c656981e3999da6f42e4e9",
  "task_name": "bar-exam-qa",
  "mteb_version": "1.38.49",
  "scores": {
    "test": [
      {
        "ndcg_at_1": 0.36752,
        "ndcg_at_3": 0.47629,
        "ndcg_at_5": 0.50424,
        "ndcg_at_10": 0.55023,
        "ndcg_at_20": 0.56831,
        "ndcg_at_100": 0.60313,
        "ndcg_at_1000": 0.60313,
        "map_at_1": 0.36752,
        "map_at_3": 0.45157,
        "map_at_5": 0.46695,
        "map_at_10": 0.48697,
        "map_at_20": 0.49236,
        "map_at_100": 0.49769,
        "map_at_1000": 0.49769,
        "recall_at_1": 0.36752,
        "recall_at_3": 0.54701,
        "recall_at_5": 0.61538,
        "recall_at_10": 0.75214,
        "recall_at_20": 0.82051,
        "recall_at_100": 1.0,
        "recall_at_1000": 1.0,
        "precision_at_1": 0.36752,
        "precision_at_3": 0.18234,
        "precision_at_5": 0.12308,
        "precision_at_10": 0.07521,
        "precision_at_20": 0.04103,
        "precision_at_100": 0.01,
        "precision_at_1000": 0.001,
        "mrr_at_1": 0.367521,
        "mrr_at_3": 0.451567,
        "mrr_at_5": 0.466952,
        "mrr_at_10": 0.486969,
        "mrr_at_20": 0.492361,
        "mrr_at_100": 0.497691,
        "mrr_at_1000": 0.497691,
        "nauc_ndcg_at_1_max": 0.397973,
        "nauc_ndcg_at_1_std": 0.088837,
        "nauc_ndcg_at_1_diff1": 0.328949,
        "nauc_ndcg_at_3_max": 0.387111,
        "nauc_ndcg_at_3_std": 0.072618,
        "nauc_ndcg_at_3_diff1": 0.329447,
        "nauc_ndcg_at_5_max": 0.378307,
        "nauc_ndcg_at_5_std": 0.06395,
        "nauc_ndcg_at_5_diff1": 0.30909,
        "nauc_ndcg_at_10_max": 0.381776,
        "nauc_ndcg_at_10_std": 0.073721,
        "nauc_ndcg_at_10_diff1": 0.297462,
        "nauc_ndcg_at_20_max": 0.385983,
        "nauc_ndcg_at_20_std": 0.100049,
        "nauc_ndcg_at_20_diff1": 0.289708,
        "nauc_ndcg_at_100_max": 0.389913,
        "nauc_ndcg_at_100_std": 0.082942,
        "nauc_ndcg_at_100_diff1": 0.307049,
        "nauc_ndcg_at_1000_max": 0.389913,
        "nauc_ndcg_at_1000_std": 0.082942,
        "nauc_ndcg_at_1000_diff1": 0.307049,
        "nauc_map_at_1_max": 0.397973,
        "nauc_map_at_1_std": 0.088837,
        "nauc_map_at_1_diff1": 0.328949,
        "nauc_map_at_3_max": 0.390557,
        "nauc_map_at_3_std": 0.077179,
        "nauc_map_at_3_diff1": 0.326138,
        "nauc_map_at_5_max": 0.386591,
        "nauc_map_at_5_std": 0.072608,
        "nauc_map_at_5_diff1": 0.315728,
        "nauc_map_at_10_max": 0.389209,
        "nauc_map_at_10_std": 0.077711,
        "nauc_map_at_10_diff1": 0.311623,
        "nauc_map_at_20_max": 0.389918,
        "nauc_map_at_20_std": 0.08463,
        "nauc_map_at_20_diff1": 0.309865,
        "nauc_map_at_100_max": 0.390908,
        "nauc_map_at_100_std": 0.081668,
        "nauc_map_at_100_diff1": 0.312145,
        "nauc_map_at_1000_max": 0.390908,
        "nauc_map_at_1000_std": 0.081668,
        "nauc_map_at_1000_diff1": 0.312145,
        "nauc_recall_at_1_max": 0.397973,
        "nauc_recall_at_1_std": 0.088837,
        "nauc_recall_at_1_diff1": 0.328949,
        "nauc_recall_at_3_max": 0.376446,
        "nauc_recall_at_3_std": 0.058697,
        "nauc_recall_at_3_diff1": 0.340743,
        "nauc_recall_at_5_max": 0.348864,
        "nauc_recall_at_5_std": 0.034407,
        "nauc_recall_at_5_diff1": 0.285013,
        "nauc_recall_at_10_max": 0.344562,
        "nauc_recall_at_10_std": 0.055931,
        "nauc_recall_at_10_diff1": 0.225384,
        "nauc_recall_at_20_max": 0.367536,
        "nauc_recall_at_20_std": 0.223206,
        "nauc_recall_at_20_diff1": 0.151106,
        "nauc_recall_at_100_max": NaN,
        "nauc_recall_at_100_std": NaN,
        "nauc_recall_at_100_diff1": NaN,
        "nauc_recall_at_1000_max": NaN,
        "nauc_recall_at_1000_std": NaN,
        "nauc_recall_at_1000_diff1": NaN,
        "nauc_precision_at_1_max": 0.397973,
        "nauc_precision_at_1_std": 0.088837,
        "nauc_precision_at_1_diff1": 0.328949,
        "nauc_precision_at_3_max": 0.376446,
        "nauc_precision_at_3_std": 0.058697,
        "nauc_precision_at_3_diff1": 0.340743,
        "nauc_precision_at_5_max": 0.348864,
        "nauc_precision_at_5_std": 0.034407,
        "nauc_precision_at_5_diff1": 0.285013,
        "nauc_precision_at_10_max": 0.344562,
        "nauc_precision_at_10_std": 0.055931,
        "nauc_precision_at_10_diff1": 0.225384,
        "nauc_precision_at_20_max": 0.367536,
        "nauc_precision_at_20_std": 0.223206,
        "nauc_precision_at_20_diff1": 0.151106,
        "nauc_precision_at_100_max": NaN,
        "nauc_precision_at_100_std": NaN,
        "nauc_precision_at_100_diff1": NaN,
        "nauc_precision_at_1000_max": 1.0,
        "nauc_precision_at_1000_std": 1.0,
        "nauc_precision_at_1000_diff1": 1.0,
        "nauc_mrr_at_1_max": 0.397973,
        "nauc_mrr_at_1_std": 0.088837,
        "nauc_mrr_at_1_diff1": 0.328949,
        "nauc_mrr_at_3_max": 0.390557,
        "nauc_mrr_at_3_std": 0.077179,
        "nauc_mrr_at_3_diff1": 0.326138,
        "nauc_mrr_at_5_max": 0.386591,
        "nauc_mrr_at_5_std": 0.072608,
        "nauc_mrr_at_5_diff1": 0.315728,
        "nauc_mrr_at_10_max": 0.389209,
        "nauc_mrr_at_10_std": 0.077711,
        "nauc_mrr_at_10_diff1": 0.311623,
        "nauc_mrr_at_20_max": 0.389918,
        "nauc_mrr_at_20_std": 0.08463,
        "nauc_mrr_at_20_diff1": 0.309865,
        "nauc_mrr_at_100_max": 0.390908,
        "nauc_mrr_at_100_std": 0.081668,
        "nauc_mrr_at_100_diff1": 0.312145,
        "nauc_mrr_at_1000_max": 0.390908,
        "nauc_mrr_at_1000_std": 0.081668,
        "nauc_mrr_at_1000_diff1": 0.312145,
        "main_score": 0.55023,
        "hf_subset": "default",
        "languages": [
          "eng-Latn"
        ]
      }
    ]
  },
  "evaluation_time": 6.724508047103882,
  "kg_co2_emissions": null
}