{
  "dataset_revision": "2095f248902963b4480ac96b774ba64b2104cbee",
  "task_name": "consumer-contracts-qa",
  "mteb_version": "1.38.49",
  "scores": {
    "test": [
      {
        "ndcg_at_1": 0.71212,
        "ndcg_at_3": 0.8189,
        "ndcg_at_5": 0.83324,
        "ndcg_at_10": 0.84506,
        "ndcg_at_20": 0.8489,
        "ndcg_at_100": 0.85293,
        "ndcg_at_1000": 0.85293,
        "map_at_1": 0.71212,
        "map_at_3": 0.79293,
        "map_at_5": 0.80076,
        "map_at_10": 0.80586,
        "map_at_20": 0.80692,
        "map_at_100": 0.80757,
        "map_at_1000": 0.80757,
        "recall_at_1": 0.71212,
        "recall_at_3": 0.89394,
        "recall_at_5": 0.92929,
        "recall_at_10": 0.96465,
        "recall_at_20": 0.9798,
        "recall_at_100": 1.0,
        "recall_at_1000": 1.0,
        "precision_at_1": 0.71212,
        "precision_at_3": 0.29798,
        "precision_at_5": 0.18586,
        "precision_at_10": 0.09646,
        "precision_at_20": 0.04899,
        "precision_at_100": 0.01,
        "precision_at_1000": 0.001,
        "mrr_at_1": 0.712121,
        "mrr_at_3": 0.792929,
        "mrr_at_5": 0.800758,
        "mrr_at_10": 0.805862,
        "mrr_at_20": 0.806917,
        "mrr_at_100": 0.807566,
        "mrr_at_1000": 0.807566,
        "nauc_ndcg_at_1_max": 0.541072,
        "nauc_ndcg_at_1_std": 0.170217,
        "nauc_ndcg_at_1_diff1": 0.740494,
        "nauc_ndcg_at_3_max": 0.608475,
        "nauc_ndcg_at_3_std": 0.223957,
        "nauc_ndcg_at_3_diff1": 0.705381,
        "nauc_ndcg_at_5_max": 0.622479,
        "nauc_ndcg_at_5_std": 0.231534,
        "nauc_ndcg_at_5_diff1": 0.712003,
        "nauc_ndcg_at_10_max": 0.615643,
        "nauc_ndcg_at_10_std": 0.21817,
        "nauc_ndcg_at_10_diff1": 0.724771,
        "nauc_ndcg_at_20_max": 0.610109,
        "nauc_ndcg_at_20_std": 0.232773,
        "nauc_ndcg_at_20_diff1": 0.71954,
        "nauc_ndcg_at_100_max": 0.598214,
        "nauc_ndcg_at_100_std": 0.21257,
        "nauc_ndcg_at_100_diff1": 0.719677,
        "nauc_ndcg_at_1000_max": 0.598214,
        "nauc_ndcg_at_1000_std": 0.21257,
        "nauc_ndcg_at_1000_diff1": 0.719677,
        "nauc_map_at_1_max": 0.541072,
        "nauc_map_at_1_std": 0.170217,
        "nauc_map_at_1_diff1": 0.740494,
        "nauc_map_at_3_max": 0.591531,
        "nauc_map_at_3_std": 0.2091,
        "nauc_map_at_3_diff1": 0.715141,
        "nauc_map_at_5_max": 0.597195,
        "nauc_map_at_5_std": 0.210385,
        "nauc_map_at_5_diff1": 0.71904,
        "nauc_map_at_10_max": 0.593856,
        "nauc_map_at_10_std": 0.205981,
        "nauc_map_at_10_diff1": 0.722489,
        "nauc_map_at_20_max": 0.592473,
        "nauc_map_at_20_std": 0.208689,
        "nauc_map_at_20_diff1": 0.72137,
        "nauc_map_at_100_max": 0.590938,
        "nauc_map_at_100_std": 0.206131,
        "nauc_map_at_100_diff1": 0.721354,
        "nauc_map_at_1000_max": 0.590938,
        "nauc_map_at_1000_std": 0.206131,
        "nauc_map_at_1000_diff1": 0.721354,
        "nauc_recall_at_1_max": 0.541072,
        "nauc_recall_at_1_std": 0.170217,
        "nauc_recall_at_1_diff1": 0.740494,
        "nauc_recall_at_3_max": 0.691601,
        "nauc_recall_at_3_std": 0.298112,
        "nauc_recall_at_3_diff1": 0.656622,
        "nauc_recall_at_5_max": 0.807507,
        "nauc_recall_at_5_std": 0.391277,
        "nauc_recall_at_5_diff1": 0.663379,
        "nauc_recall_at_10_max": 0.917608,
        "nauc_recall_at_10_std": 0.370998,
        "nauc_recall_at_10_diff1": 0.797578,
        "nauc_recall_at_20_max": 1.0,
        "nauc_recall_at_20_std": 0.897709,
        "nauc_recall_at_20_diff1": 0.711195,
        "nauc_recall_at_100_max": NaN,
        "nauc_recall_at_100_std": NaN,
        "nauc_recall_at_100_diff1": NaN,
        "nauc_recall_at_1000_max": NaN,
        "nauc_recall_at_1000_std": NaN,
        "nauc_recall_at_1000_diff1": NaN,
        "nauc_precision_at_1_max": 0.541072,
        "nauc_precision_at_1_std": 0.170217,
        "nauc_precision_at_1_diff1": 0.740494,
        "nauc_precision_at_3_max": 0.691601,
        "nauc_precision_at_3_std": 0.298112,
        "nauc_precision_at_3_diff1": 0.656622,
        "nauc_precision_at_5_max": 0.807507,
        "nauc_precision_at_5_std": 0.391277,
        "nauc_precision_at_5_diff1": 0.663379,
        "nauc_precision_at_10_max": 0.917608,
        "nauc_precision_at_10_std": 0.370998,
        "nauc_precision_at_10_diff1": 0.797578,
        "nauc_precision_at_20_max": 1.0,
        "nauc_precision_at_20_std": 0.897709,
        "nauc_precision_at_20_diff1": 0.711195,
        "nauc_precision_at_100_max": 1.0,
        "nauc_precision_at_100_std": 1.0,
        "nauc_precision_at_100_diff1": 1.0,
        "nauc_precision_at_1000_max": 1.0,
        "nauc_precision_at_1000_std": 1.0,
        "nauc_precision_at_1000_diff1": 1.0,
        "nauc_mrr_at_1_max": 0.541072,
        "nauc_mrr_at_1_std": 0.170217,
        "nauc_mrr_at_1_diff1": 0.740494,
        "nauc_mrr_at_3_max": 0.591531,
        "nauc_mrr_at_3_std": 0.2091,
        "nauc_mrr_at_3_diff1": 0.715141,
        "nauc_mrr_at_5_max": 0.597195,
        "nauc_mrr_at_5_std": 0.210385,
        "nauc_mrr_at_5_diff1": 0.71904,
        "nauc_mrr_at_10_max": 0.593856,
        "nauc_mrr_at_10_std": 0.205981,
        "nauc_mrr_at_10_diff1": 0.722489,
        "nauc_mrr_at_20_max": 0.592473,
        "nauc_mrr_at_20_std": 0.208689,
        "nauc_mrr_at_20_diff1": 0.72137,
        "nauc_mrr_at_100_max": 0.590938,
        "nauc_mrr_at_100_std": 0.206131,
        "nauc_mrr_at_100_diff1": 0.721354,
        "nauc_mrr_at_1000_max": 0.590938,
        "nauc_mrr_at_1000_std": 0.206131,
        "nauc_mrr_at_1000_diff1": 0.721354,
        "main_score": 0.84506,
        "hf_subset": "default",
        "languages": [
          "eng-Latn"
        ]
      }
    ]
  },
  "evaluation_time": 7.2612457275390625,
  "kg_co2_emissions": null
}