{
  "dataset_revision": "48ed7bcb1f50896a0f71461a04b2df0ca84329d9",
  "task_name": "contractual-clause-retrieval",
  "mteb_version": "1.38.49",
  "scores": {
    "test": [
      {
        "ndcg_at_1": 0.77778,
        "ndcg_at_3": 0.7481,
        "ndcg_at_5": 0.78211,
        "ndcg_at_10": 0.80901,
        "ndcg_at_20": 0.82277,
        "ndcg_at_100": 0.83828,
        "ndcg_at_1000": 0.83828,
        "map_at_1": 0.38889,
        "map_at_3": 0.71852,
        "map_at_5": 0.74407,
        "map_at_10": 0.75784,
        "map_at_20": 0.76237,
        "map_at_100": 0.76571,
        "map_at_1000": 0.76571,
        "recall_at_1": 0.38889,
        "recall_at_3": 0.75556,
        "recall_at_5": 0.82222,
        "recall_at_10": 0.88889,
        "recall_at_20": 0.93333,
        "recall_at_100": 1.0,
        "recall_at_1000": 1.0,
        "precision_at_1": 0.77778,
        "precision_at_3": 0.5037,
        "precision_at_5": 0.32889,
        "precision_at_10": 0.17778,
        "precision_at_20": 0.09333,
        "precision_at_100": 0.02,
        "precision_at_1000": 0.002,
        "mrr_at_1": 0.777778,
        "mrr_at_3": 0.8,
        "mrr_at_5": 0.811111,
        "mrr_at_10": 0.820741,
        "mrr_at_20": 0.823915,
        "mrr_at_100": 0.824388,
        "mrr_at_1000": 0.824388,
        "nauc_ndcg_at_1_max": 0.845226,
        "nauc_ndcg_at_1_std": 0.768356,
        "nauc_ndcg_at_1_diff1": 0.725158,
        "nauc_ndcg_at_3_max": 0.784375,
        "nauc_ndcg_at_3_std": 0.475543,
        "nauc_ndcg_at_3_diff1": 0.646814,
        "nauc_ndcg_at_5_max": 0.797251,
        "nauc_ndcg_at_5_std": 0.540157,
        "nauc_ndcg_at_5_diff1": 0.636098,
        "nauc_ndcg_at_10_max": 0.804602,
        "nauc_ndcg_at_10_std": 0.560036,
        "nauc_ndcg_at_10_diff1": 0.657355,
        "nauc_ndcg_at_20_max": 0.793951,
        "nauc_ndcg_at_20_std": 0.544466,
        "nauc_ndcg_at_20_diff1": 0.648384,
        "nauc_ndcg_at_100_max": 0.799339,
        "nauc_ndcg_at_100_std": 0.546879,
        "nauc_ndcg_at_100_diff1": 0.659517,
        "nauc_ndcg_at_1000_max": 0.799339,
        "nauc_ndcg_at_1000_std": 0.546879,
        "nauc_ndcg_at_1000_diff1": 0.659517,
        "nauc_map_at_1_max": 0.845226,
        "nauc_map_at_1_std": 0.768356,
        "nauc_map_at_1_diff1": 0.725158,
        "nauc_map_at_3_max": 0.757652,
        "nauc_map_at_3_std": 0.398911,
        "nauc_map_at_3_diff1": 0.646516,
        "nauc_map_at_5_max": 0.772161,
        "nauc_map_at_5_std": 0.459,
        "nauc_map_at_5_diff1": 0.643807,
        "nauc_map_at_10_max": 0.782307,
        "nauc_map_at_10_std": 0.478189,
        "nauc_map_at_10_diff1": 0.65575,
        "nauc_map_at_20_max": 0.77935,
        "nauc_map_at_20_std": 0.473535,
        "nauc_map_at_20_diff1": 0.651345,
        "nauc_map_at_100_max": 0.778991,
        "nauc_map_at_100_std": 0.471074,
        "nauc_map_at_100_diff1": 0.654192,
        "nauc_map_at_1000_max": 0.778991,
        "nauc_map_at_1000_std": 0.471074,
        "nauc_map_at_1000_diff1": 0.654192,
        "nauc_recall_at_1_max": 0.845226,
        "nauc_recall_at_1_std": 0.768356,
        "nauc_recall_at_1_diff1": 0.725158,
        "nauc_recall_at_3_max": 0.756936,
        "nauc_recall_at_3_std": 0.406987,
        "nauc_recall_at_3_diff1": 0.609024,
        "nauc_recall_at_5_max": 0.783106,
        "nauc_recall_at_5_std": 0.532338,
        "nauc_recall_at_5_diff1": 0.575988,
        "nauc_recall_at_10_max": 0.806881,
        "nauc_recall_at_10_std": 0.597234,
        "nauc_recall_at_10_diff1": 0.636766,
        "nauc_recall_at_20_max": 0.733896,
        "nauc_recall_at_20_std": 0.504203,
        "nauc_recall_at_20_diff1": 0.56011,
        "nauc_recall_at_100_max": NaN,
        "nauc_recall_at_100_std": NaN,
        "nauc_recall_at_100_diff1": NaN,
        "nauc_recall_at_1000_max": NaN,
        "nauc_recall_at_1000_std": NaN,
        "nauc_recall_at_1000_diff1": NaN,
        "nauc_precision_at_1_max": 0.845226,
        "nauc_precision_at_1_std": 0.768356,
        "nauc_precision_at_1_diff1": 0.725158,
        "nauc_precision_at_3_max": 0.756936,
        "nauc_precision_at_3_std": 0.406987,
        "nauc_precision_at_3_diff1": 0.609024,
        "nauc_precision_at_5_max": 0.783106,
        "nauc_precision_at_5_std": 0.532338,
        "nauc_precision_at_5_diff1": 0.575988,
        "nauc_precision_at_10_max": 0.806881,
        "nauc_precision_at_10_std": 0.597234,
        "nauc_precision_at_10_diff1": 0.636766,
        "nauc_precision_at_20_max": 0.733896,
        "nauc_precision_at_20_std": 0.504203,
        "nauc_precision_at_20_diff1": 0.56011,
        "nauc_precision_at_100_max": 1.0,
        "nauc_precision_at_100_std": 1.0,
        "nauc_precision_at_100_diff1": 1.0,
        "nauc_precision_at_1000_max": NaN,
        "nauc_precision_at_1000_std": NaN,
        "nauc_precision_at_1000_diff1": NaN,
        "nauc_mrr_at_1_max": 0.845226,
        "nauc_mrr_at_1_std": 0.768356,
        "nauc_mrr_at_1_diff1": 0.725158,
        "nauc_mrr_at_3_max": 0.875252,
        "nauc_mrr_at_3_std": 0.775554,
        "nauc_mrr_at_3_diff1": 0.689814,
        "nauc_mrr_at_5_max": 0.864213,
        "nauc_mrr_at_5_std": 0.758982,
        "nauc_mrr_at_5_diff1": 0.678612,
        "nauc_mrr_at_10_max": 0.854218,
        "nauc_mrr_at_10_std": 0.748096,
        "nauc_mrr_at_10_diff1": 0.681901,
        "nauc_mrr_at_20_max": 0.854068,
        "nauc_mrr_at_20_std": 0.747541,
        "nauc_mrr_at_20_diff1": 0.687089,
        "nauc_mrr_at_100_max": 0.855518,
        "nauc_mrr_at_100_std": 0.75021,
        "nauc_mrr_at_100_diff1": 0.686553,
        "nauc_mrr_at_1000_max": 0.855518,
        "nauc_mrr_at_1000_std": 0.75021,
        "nauc_mrr_at_1000_diff1": 0.686553,
        "main_score": 0.80901,
        "hf_subset": "default",
        "languages": [
          "eng-Latn"
        ]
      }
    ]
  },
  "evaluation_time": 4.2880072593688965,
  "kg_co2_emissions": null
}