{
  "dataset_revision": "f5452494f09a6d51c37b56883a65ef742ac07c99",
  "task_name": "echr-retrieval",
  "mteb_version": "1.39.7",
  "scores": {
    "test": [
      {
        "ndcg_at_1": 0.145,
        "ndcg_at_3": 0.22351,
        "ndcg_at_5": 0.24654,
        "ndcg_at_10": 0.28692,
        "ndcg_at_20": 0.32801,
        "ndcg_at_100": 0.38939,
        "ndcg_at_1000": 0.39572,
        "map_at_1": 0.145,
        "map_at_3": 0.2025,
        "map_at_5": 0.2155,
        "map_at_10": 0.23213,
        "map_at_20": 0.24376,
        "map_at_100": 0.25226,
        "map_at_1000": 0.25259,
        "recall_at_1": 0.145,
        "recall_at_3": 0.285,
        "recall_at_5": 0.34,
        "recall_at_10": 0.465,
        "recall_at_20": 0.625,
        "recall_at_100": 0.955,
        "recall_at_1000": 1.0,
        "precision_at_1": 0.145,
        "precision_at_3": 0.095,
        "precision_at_5": 0.068,
        "precision_at_10": 0.0465,
        "precision_at_20": 0.03125,
        "precision_at_100": 0.00955,
        "precision_at_1000": 0.001,
        "mrr_at_1": 0.145,
        "mrr_at_3": 0.2025,
        "mrr_at_5": 0.2155,
        "mrr_at_10": 0.232133,
        "mrr_at_20": 0.243758,
        "mrr_at_100": 0.252262,
        "mrr_at_1000": 0.252591,
        "nauc_ndcg_at_1_max": 0.109279,
        "nauc_ndcg_at_1_std": 0.014523,
        "nauc_ndcg_at_1_diff1": 0.114282,
        "nauc_ndcg_at_3_max": 0.105127,
        "nauc_ndcg_at_3_std": -0.02292,
        "nauc_ndcg_at_3_diff1": 0.086027,
        "nauc_ndcg_at_5_max": 0.119107,
        "nauc_ndcg_at_5_std": -0.001582,
        "nauc_ndcg_at_5_diff1": 0.125794,
        "nauc_ndcg_at_10_max": 0.121066,
        "nauc_ndcg_at_10_std": 0.005929,
        "nauc_ndcg_at_10_diff1": 0.099257,
        "nauc_ndcg_at_20_max": 0.157642,
        "nauc_ndcg_at_20_std": 0.037659,
        "nauc_ndcg_at_20_diff1": 0.107192,
        "nauc_ndcg_at_100_max": 0.109425,
        "nauc_ndcg_at_100_std": 0.021374,
        "nauc_ndcg_at_100_diff1": 0.094347,
        "nauc_ndcg_at_1000_max": 0.119526,
        "nauc_ndcg_at_1000_std": 0.014802,
        "nauc_ndcg_at_1000_diff1": 0.098771,
        "nauc_map_at_1_max": 0.109279,
        "nauc_map_at_1_std": 0.014523,
        "nauc_map_at_1_diff1": 0.114282,
        "nauc_map_at_3_max": 0.102121,
        "nauc_map_at_3_std": -0.017566,
        "nauc_map_at_3_diff1": 0.089157,
        "nauc_map_at_5_max": 0.109324,
        "nauc_map_at_5_std": -0.005423,
        "nauc_map_at_5_diff1": 0.112258,
        "nauc_map_at_10_max": 0.10911,
        "nauc_map_at_10_std": -0.004028,
        "nauc_map_at_10_diff1": 0.10028,
        "nauc_map_at_20_max": 0.119801,
        "nauc_map_at_20_std": 0.005477,
        "nauc_map_at_20_diff1": 0.102933,
        "nauc_map_at_100_max": 0.112442,
        "nauc_map_at_100_std": 0.003736,
        "nauc_map_at_100_diff1": 0.100052,
        "nauc_map_at_1000_max": 0.11291,
        "nauc_map_at_1000_std": 0.003458,
        "nauc_map_at_1000_diff1": 0.100248,
        "nauc_recall_at_1_max": 0.109279,
        "nauc_recall_at_1_std": 0.014523,
        "nauc_recall_at_1_diff1": 0.114282,
        "nauc_recall_at_3_max": 0.113477,
        "nauc_recall_at_3_std": -0.034799,
        "nauc_recall_at_3_diff1": 0.079509,
        "nauc_recall_at_5_max": 0.14538,
        "nauc_recall_at_5_std": 0.010778,
        "nauc_recall_at_5_diff1": 0.162531,
        "nauc_recall_at_10_max": 0.155133,
        "nauc_recall_at_10_std": 0.038127,
        "nauc_recall_at_10_diff1": 0.094642,
        "nauc_recall_at_20_max": 0.29516,
        "nauc_recall_at_20_std": 0.158486,
        "nauc_recall_at_20_diff1": 0.120854,
        "nauc_recall_at_100_max": -0.25817,
        "nauc_recall_at_100_std": 0.270308,
        "nauc_recall_at_100_diff1": -0.069354,
        "nauc_recall_at_1000_max": NaN,
        "nauc_recall_at_1000_std": NaN,
        "nauc_recall_at_1000_diff1": NaN,
        "nauc_precision_at_1_max": 0.109279,
        "nauc_precision_at_1_std": 0.014523,
        "nauc_precision_at_1_diff1": 0.114282,
        "nauc_precision_at_3_max": 0.113477,
        "nauc_precision_at_3_std": -0.034799,
        "nauc_precision_at_3_diff1": 0.079509,
        "nauc_precision_at_5_max": 0.14538,
        "nauc_precision_at_5_std": 0.010778,
        "nauc_precision_at_5_diff1": 0.162531,
        "nauc_precision_at_10_max": 0.155133,
        "nauc_precision_at_10_std": 0.038127,
        "nauc_precision_at_10_diff1": 0.094642,
        "nauc_precision_at_20_max": 0.29516,
        "nauc_precision_at_20_std": 0.158486,
        "nauc_precision_at_20_diff1": 0.120854,
        "nauc_precision_at_100_max": -0.25817,
        "nauc_precision_at_100_std": 0.270308,
        "nauc_precision_at_100_diff1": -0.069354,
        "nauc_precision_at_1000_max": 1.0,
        "nauc_precision_at_1000_std": 1.0,
        "nauc_precision_at_1000_diff1": 1.0,
        "nauc_mrr_at_1_max": 0.109279,
        "nauc_mrr_at_1_std": 0.014523,
        "nauc_mrr_at_1_diff1": 0.114282,
        "nauc_mrr_at_3_max": 0.102121,
        "nauc_mrr_at_3_std": -0.017566,
        "nauc_mrr_at_3_diff1": 0.089157,
        "nauc_mrr_at_5_max": 0.109324,
        "nauc_mrr_at_5_std": -0.005423,
        "nauc_mrr_at_5_diff1": 0.112258,
        "nauc_mrr_at_10_max": 0.10911,
        "nauc_mrr_at_10_std": -0.004028,
        "nauc_mrr_at_10_diff1": 0.10028,
        "nauc_mrr_at_20_max": 0.119801,
        "nauc_mrr_at_20_std": 0.005477,
        "nauc_mrr_at_20_diff1": 0.102933,
        "nauc_mrr_at_100_max": 0.112442,
        "nauc_mrr_at_100_std": 0.003736,
        "nauc_mrr_at_100_diff1": 0.100052,
        "nauc_mrr_at_1000_max": 0.11291,
        "nauc_mrr_at_1000_std": 0.003458,
        "nauc_mrr_at_1000_diff1": 0.100248,
        "main_score": 0.28692,
        "hf_subset": "default",
        "languages": [
          "eng-Latn"
        ]
      }
    ]
  },
  "evaluation_time": 35.0328586101532,
  "kg_co2_emissions": null
}