{
  "dataset_revision": "66d23b0ce609450ce24d0fc85e9bac69aba90b84",
  "task_name": "housing-qa",
  "mteb_version": "1.38.49",
  "scores": {
    "test": [
      {
        "ndcg_at_1": 0.18692,
        "ndcg_at_3": 0.18038,
        "ndcg_at_5": 0.19797,
        "ndcg_at_10": 0.21953,
        "ndcg_at_20": 0.26703,
        "ndcg_at_100": 0.37736,
        "ndcg_at_1000": 0.43044,
        "map_at_1": 0.09256,
        "map_at_3": 0.11536,
        "map_at_5": 0.13327,
        "map_at_10": 0.14958,
        "map_at_20": 0.16602,
        "map_at_100": 0.19207,
        "map_at_1000": 0.19863,
        "recall_at_1": 0.09256,
        "recall_at_3": 0.1347,
        "recall_at_5": 0.19149,
        "recall_at_10": 0.26649,
        "recall_at_20": 0.40157,
        "recall_at_100": 0.76597,
        "recall_at_1000": 1.0,
        "precision_at_1": 0.18692,
        "precision_at_3": 0.13084,
        "precision_at_5": 0.12336,
        "precision_at_10": 0.09533,
        "precision_at_20": 0.07383,
        "precision_at_100": 0.03383,
        "precision_at_1000": 0.00467,
        "mrr_at_1": 0.186916,
        "mrr_at_3": 0.241433,
        "mrr_at_5": 0.270872,
        "mrr_at_10": 0.287457,
        "mrr_at_20": 0.300699,
        "mrr_at_100": 0.307228,
        "mrr_at_1000": 0.307391,
        "nauc_ndcg_at_1_max": 0.130148,
        "nauc_ndcg_at_1_std": -0.08566,
        "nauc_ndcg_at_1_diff1": 0.178155,
        "nauc_ndcg_at_3_max": 0.05808,
        "nauc_ndcg_at_3_std": -0.10155,
        "nauc_ndcg_at_3_diff1": 0.121648,
        "nauc_ndcg_at_5_max": 0.088892,
        "nauc_ndcg_at_5_std": -0.075005,
        "nauc_ndcg_at_5_diff1": 0.091006,
        "nauc_ndcg_at_10_max": 0.07679,
        "nauc_ndcg_at_10_std": -0.083975,
        "nauc_ndcg_at_10_diff1": 0.092011,
        "nauc_ndcg_at_20_max": 0.110665,
        "nauc_ndcg_at_20_std": -0.074251,
        "nauc_ndcg_at_20_diff1": 0.130924,
        "nauc_ndcg_at_100_max": 0.186866,
        "nauc_ndcg_at_100_std": 0.01525,
        "nauc_ndcg_at_100_diff1": 0.161917,
        "nauc_ndcg_at_1000_max": 0.14471,
        "nauc_ndcg_at_1000_std": 0.063611,
        "nauc_ndcg_at_1000_diff1": 0.11109,
        "nauc_map_at_1_max": 0.108016,
        "nauc_map_at_1_std": -0.251947,
        "nauc_map_at_1_diff1": 0.286245,
        "nauc_map_at_3_max": 0.059475,
        "nauc_map_at_3_std": -0.240052,
        "nauc_map_at_3_diff1": 0.238834,
        "nauc_map_at_5_max": 0.083707,
        "nauc_map_at_5_std": -0.204747,
        "nauc_map_at_5_diff1": 0.200524,
        "nauc_map_at_10_max": 0.087182,
        "nauc_map_at_10_std": -0.171519,
        "nauc_map_at_10_diff1": 0.180586,
        "nauc_map_at_20_max": 0.096524,
        "nauc_map_at_20_std": -0.159642,
        "nauc_map_at_20_diff1": 0.183448,
        "nauc_map_at_100_max": 0.122348,
        "nauc_map_at_100_std": -0.121467,
        "nauc_map_at_100_diff1": 0.185491,
        "nauc_map_at_1000_max": 0.117962,
        "nauc_map_at_1000_std": -0.110172,
        "nauc_map_at_1000_diff1": 0.180301,
        "nauc_recall_at_1_max": 0.108016,
        "nauc_recall_at_1_std": -0.251947,
        "nauc_recall_at_1_diff1": 0.286245,
        "nauc_recall_at_3_max": 0.018315,
        "nauc_recall_at_3_std": -0.237622,
        "nauc_recall_at_3_diff1": 0.19098,
        "nauc_recall_at_5_max": 0.072652,
        "nauc_recall_at_5_std": -0.14015,
        "nauc_recall_at_5_diff1": 0.073189,
        "nauc_recall_at_10_max": 0.03284,
        "nauc_recall_at_10_std": -0.112651,
        "nauc_recall_at_10_diff1": 0.048777,
        "nauc_recall_at_20_max": 0.069878,
        "nauc_recall_at_20_std": -0.114609,
        "nauc_recall_at_20_diff1": 0.113802,
        "nauc_recall_at_100_max": 0.32506,
        "nauc_recall_at_100_std": -0.043222,
        "nauc_recall_at_100_diff1": 0.324432,
        "nauc_recall_at_1000_max": NaN,
        "nauc_recall_at_1000_std": NaN,
        "nauc_recall_at_1000_diff1": NaN,
        "nauc_precision_at_1_max": 0.130148,
        "nauc_precision_at_1_std": -0.08566,
        "nauc_precision_at_1_diff1": 0.178155,
        "nauc_precision_at_3_max": 0.009539,
        "nauc_precision_at_3_std": 0.004935,
        "nauc_precision_at_3_diff1": -0.028676,
        "nauc_precision_at_5_max": 0.090792,
        "nauc_precision_at_5_std": 0.157795,
        "nauc_precision_at_5_diff1": -0.119374,
        "nauc_precision_at_10_max": 0.136473,
        "nauc_precision_at_10_std": 0.282431,
        "nauc_precision_at_10_diff1": -0.128366,
        "nauc_precision_at_20_max": 0.194292,
        "nauc_precision_at_20_std": 0.376808,
        "nauc_precision_at_20_diff1": -0.054783,
        "nauc_precision_at_100_max": 0.22524,
        "nauc_precision_at_100_std": 0.553847,
        "nauc_precision_at_100_diff1": -0.051342,
        "nauc_precision_at_1000_max": 0.086616,
        "nauc_precision_at_1000_std": 0.568201,
        "nauc_precision_at_1000_diff1": -0.145177,
        "nauc_mrr_at_1_max": 0.130148,
        "nauc_mrr_at_1_std": -0.08566,
        "nauc_mrr_at_1_diff1": 0.178155,
        "nauc_mrr_at_3_max": 0.075614,
        "nauc_mrr_at_3_std": -0.044489,
        "nauc_mrr_at_3_diff1": 0.089294,
        "nauc_mrr_at_5_max": 0.084934,
        "nauc_mrr_at_5_std": 0.012328,
        "nauc_mrr_at_5_diff1": 0.049705,
        "nauc_mrr_at_10_max": 0.087576,
        "nauc_mrr_at_10_std": 0.01079,
        "nauc_mrr_at_10_diff1": 0.05449,
        "nauc_mrr_at_20_max": 0.103775,
        "nauc_mrr_at_20_std": 0.021289,
        "nauc_mrr_at_20_diff1": 0.07634,
        "nauc_mrr_at_100_max": 0.099688,
        "nauc_mrr_at_100_std": 0.014191,
        "nauc_mrr_at_100_diff1": 0.075213,
        "nauc_mrr_at_1000_max": 0.099539,
        "nauc_mrr_at_1000_std": 0.013871,
        "nauc_mrr_at_1000_diff1": 0.07519,
        "main_score": 0.21953,
        "hf_subset": "default",
        "languages": [
          "eng-Latn"
        ]
      }
    ]
  },
  "evaluation_time": 12.544699668884277,
  "kg_co2_emissions": null
}