{
  "dataset_revision": "bbf8b2d84b7de5970b2ba4ea843c791285fdb1df",
  "task_name": "irish-legislative-summaries",
  "mteb_version": "1.38.49",
  "scores": {
    "test": [
      {
        "ndcg_at_1": 0.734,
        "ndcg_at_3": 0.81157,
        "ndcg_at_5": 0.8275,
        "ndcg_at_10": 0.83803,
        "ndcg_at_20": 0.84543,
        "ndcg_at_100": 0.85154,
        "ndcg_at_1000": 0.85207,
        "map_at_1": 0.734,
        "map_at_3": 0.79333,
        "map_at_5": 0.80233,
        "map_at_10": 0.80679,
        "map_at_20": 0.80872,
        "map_at_100": 0.80963,
        "map_at_1000": 0.80966,
        "recall_at_1": 0.734,
        "recall_at_3": 0.864,
        "recall_at_5": 0.902,
        "recall_at_10": 0.934,
        "recall_at_20": 0.964,
        "recall_at_100": 0.996,
        "recall_at_1000": 1.0,
        "precision_at_1": 0.734,
        "precision_at_3": 0.288,
        "precision_at_5": 0.1804,
        "precision_at_10": 0.0934,
        "precision_at_20": 0.0482,
        "precision_at_100": 0.00996,
        "precision_at_1000": 0.001,
        "mrr_at_1": 0.734,
        "mrr_at_3": 0.793333,
        "mrr_at_5": 0.802333,
        "mrr_at_10": 0.806787,
        "mrr_at_20": 0.808723,
        "mrr_at_100": 0.809634,
        "mrr_at_1000": 0.809658,
        "nauc_ndcg_at_1_max": 0.606179,
        "nauc_ndcg_at_1_std": -0.094857,
        "nauc_ndcg_at_1_diff1": 0.825788,
        "nauc_ndcg_at_3_max": 0.65676,
        "nauc_ndcg_at_3_std": -0.092204,
        "nauc_ndcg_at_3_diff1": 0.805765,
        "nauc_ndcg_at_5_max": 0.655393,
        "nauc_ndcg_at_5_std": -0.082211,
        "nauc_ndcg_at_5_diff1": 0.795981,
        "nauc_ndcg_at_10_max": 0.651572,
        "nauc_ndcg_at_10_std": -0.077443,
        "nauc_ndcg_at_10_diff1": 0.798085,
        "nauc_ndcg_at_20_max": 0.650005,
        "nauc_ndcg_at_20_std": -0.066496,
        "nauc_ndcg_at_20_diff1": 0.801362,
        "nauc_ndcg_at_100_max": 0.643451,
        "nauc_ndcg_at_100_std": -0.078534,
        "nauc_ndcg_at_100_diff1": 0.803361,
        "nauc_ndcg_at_1000_max": 0.643138,
        "nauc_ndcg_at_1000_std": -0.077649,
        "nauc_ndcg_at_1000_diff1": 0.804339,
        "nauc_map_at_1_max": 0.606179,
        "nauc_map_at_1_std": -0.094857,
        "nauc_map_at_1_diff1": 0.825788,
        "nauc_map_at_3_max": 0.641743,
        "nauc_map_at_3_std": -0.091138,
        "nauc_map_at_3_diff1": 0.811152,
        "nauc_map_at_5_max": 0.640824,
        "nauc_map_at_5_std": -0.086056,
        "nauc_map_at_5_diff1": 0.806529,
        "nauc_map_at_10_max": 0.639282,
        "nauc_map_at_10_std": -0.083822,
        "nauc_map_at_10_diff1": 0.807488,
        "nauc_map_at_20_max": 0.638792,
        "nauc_map_at_20_std": -0.081352,
        "nauc_map_at_20_diff1": 0.8082,
        "nauc_map_at_100_max": 0.637954,
        "nauc_map_at_100_std": -0.082449,
        "nauc_map_at_100_diff1": 0.808277,
        "nauc_map_at_1000_max": 0.637942,
        "nauc_map_at_1000_std": -0.082372,
        "nauc_map_at_1000_diff1": 0.808303,
        "nauc_recall_at_1_max": 0.606179,
        "nauc_recall_at_1_std": -0.094857,
        "nauc_recall_at_1_diff1": 0.825788,
        "nauc_recall_at_3_max": 0.718645,
        "nauc_recall_at_3_std": -0.097706,
        "nauc_recall_at_3_diff1": 0.783901,
        "nauc_recall_at_5_max": 0.731159,
        "nauc_recall_at_5_std": -0.061091,
        "nauc_recall_at_5_diff1": 0.738248,
        "nauc_recall_at_10_max": 0.738873,
        "nauc_recall_at_10_std": -0.027474,
        "nauc_recall_at_10_diff1": 0.725717,
        "nauc_recall_at_20_max": 0.787348,
        "nauc_recall_at_20_std": 0.181243,
        "nauc_recall_at_20_diff1": 0.720666,
        "nauc_recall_at_100_max": 0.722222,
        "nauc_recall_at_100_std": -0.214753,
        "nauc_recall_at_100_diff1": 0.540149,
        "nauc_recall_at_1000_max": NaN,
        "nauc_recall_at_1000_std": NaN,
        "nauc_recall_at_1000_diff1": NaN,
        "nauc_precision_at_1_max": 0.606179,
        "nauc_precision_at_1_std": -0.094857,
        "nauc_precision_at_1_diff1": 0.825788,
        "nauc_precision_at_3_max": 0.718645,
        "nauc_precision_at_3_std": -0.097706,
        "nauc_precision_at_3_diff1": 0.783901,
        "nauc_precision_at_5_max": 0.731159,
        "nauc_precision_at_5_std": -0.061091,
        "nauc_precision_at_5_diff1": 0.738248,
        "nauc_precision_at_10_max": 0.738873,
        "nauc_precision_at_10_std": -0.027474,
        "nauc_precision_at_10_diff1": 0.725717,
        "nauc_precision_at_20_max": 0.787348,
        "nauc_precision_at_20_std": 0.181243,
        "nauc_precision_at_20_diff1": 0.720666,
        "nauc_precision_at_100_max": 0.722222,
        "nauc_precision_at_100_std": -0.214753,
        "nauc_precision_at_100_diff1": 0.540149,
        "nauc_precision_at_1000_max": 1.0,
        "nauc_precision_at_1000_std": 1.0,
        "nauc_precision_at_1000_diff1": 1.0,
        "nauc_mrr_at_1_max": 0.606179,
        "nauc_mrr_at_1_std": -0.094857,
        "nauc_mrr_at_1_diff1": 0.825788,
        "nauc_mrr_at_3_max": 0.641743,
        "nauc_mrr_at_3_std": -0.091138,
        "nauc_mrr_at_3_diff1": 0.811152,
        "nauc_mrr_at_5_max": 0.640824,
        "nauc_mrr_at_5_std": -0.086056,
        "nauc_mrr_at_5_diff1": 0.806529,
        "nauc_mrr_at_10_max": 0.639282,
        "nauc_mrr_at_10_std": -0.083822,
        "nauc_mrr_at_10_diff1": 0.807488,
        "nauc_mrr_at_20_max": 0.638792,
        "nauc_mrr_at_20_std": -0.081352,
        "nauc_mrr_at_20_diff1": 0.8082,
        "nauc_mrr_at_100_max": 0.637954,
        "nauc_mrr_at_100_std": -0.082449,
        "nauc_mrr_at_100_diff1": 0.808277,
        "nauc_mrr_at_1000_max": 0.637942,
        "nauc_mrr_at_1000_std": -0.082372,
        "nauc_mrr_at_1000_diff1": 0.808303,
        "main_score": 0.83803,
        "hf_subset": "default",
        "languages": [
          "eng-Latn"
        ]
      }
    ]
  },
  "evaluation_time": 102.84877729415894,
  "kg_co2_emissions": null
}