{
  "dataset_revision": "ca0f1732432ad623ba6172b15e8c726b76e50fad",
  "task_name": "legal-rag-bench",
  "mteb_version": "1.39.7",
  "scores": {
    "test": [
      {
        "ndcg_at_1": 0.22,
        "ndcg_at_3": 0.2944,
        "ndcg_at_5": 0.33659,
        "ndcg_at_10": 0.38742,
        "ndcg_at_20": 0.41555,
        "ndcg_at_100": 0.44801,
        "ndcg_at_1000": 0.46135,
        "map_at_1": 0.22,
        "map_at_3": 0.27833,
        "map_at_5": 0.30233,
        "map_at_10": 0.3228,
        "map_at_20": 0.33068,
        "map_at_100": 0.33479,
        "map_at_1000": 0.33537,
        "recall_at_1": 0.22,
        "recall_at_3": 0.34,
        "recall_at_5": 0.44,
        "recall_at_10": 0.6,
        "recall_at_20": 0.71,
        "recall_at_100": 0.89,
        "recall_at_1000": 0.99,
        "precision_at_1": 0.22,
        "precision_at_3": 0.11333,
        "precision_at_5": 0.088,
        "precision_at_10": 0.06,
        "precision_at_20": 0.0355,
        "precision_at_100": 0.0089,
        "precision_at_1000": 0.00099,
        "mrr_at_1": 0.22,
        "mrr_at_3": 0.278333,
        "mrr_at_5": 0.302333,
        "mrr_at_10": 0.322802,
        "mrr_at_20": 0.330682,
        "mrr_at_100": 0.334786,
        "mrr_at_1000": 0.335371,
        "nauc_ndcg_at_1_max": 0.117833,
        "nauc_ndcg_at_1_std": 0.168148,
        "nauc_ndcg_at_1_diff1": 0.355704,
        "nauc_ndcg_at_3_max": 0.150021,
        "nauc_ndcg_at_3_std": 0.180222,
        "nauc_ndcg_at_3_diff1": 0.320662,
        "nauc_ndcg_at_5_max": 0.105251,
        "nauc_ndcg_at_5_std": 0.131288,
        "nauc_ndcg_at_5_diff1": 0.342469,
        "nauc_ndcg_at_10_max": 0.145081,
        "nauc_ndcg_at_10_std": 0.14641,
        "nauc_ndcg_at_10_diff1": 0.330378,
        "nauc_ndcg_at_20_max": 0.119721,
        "nauc_ndcg_at_20_std": 0.130824,
        "nauc_ndcg_at_20_diff1": 0.301606,
        "nauc_ndcg_at_100_max": 0.119421,
        "nauc_ndcg_at_100_std": 0.137866,
        "nauc_ndcg_at_100_diff1": 0.305221,
        "nauc_ndcg_at_1000_max": 0.11504,
        "nauc_ndcg_at_1000_std": 0.135654,
        "nauc_ndcg_at_1000_diff1": 0.311699,
        "nauc_map_at_1_max": 0.117833,
        "nauc_map_at_1_std": 0.168148,
        "nauc_map_at_1_diff1": 0.355704,
        "nauc_map_at_3_max": 0.140561,
        "nauc_map_at_3_std": 0.174617,
        "nauc_map_at_3_diff1": 0.328536,
        "nauc_map_at_5_max": 0.115034,
        "nauc_map_at_5_std": 0.146544,
        "nauc_map_at_5_diff1": 0.342024,
        "nauc_map_at_10_max": 0.128715,
        "nauc_map_at_10_std": 0.151139,
        "nauc_map_at_10_diff1": 0.332854,
        "nauc_map_at_20_max": 0.122401,
        "nauc_map_at_20_std": 0.146716,
        "nauc_map_at_20_diff1": 0.325907,
        "nauc_map_at_100_max": 0.122409,
        "nauc_map_at_100_std": 0.147015,
        "nauc_map_at_100_diff1": 0.326296,
        "nauc_map_at_1000_max": 0.122198,
        "nauc_map_at_1000_std": 0.146878,
        "nauc_map_at_1000_diff1": 0.326519,
        "nauc_recall_at_1_max": 0.117833,
        "nauc_recall_at_1_std": 0.168148,
        "nauc_recall_at_1_diff1": 0.355704,
        "nauc_recall_at_3_max": 0.176171,
        "nauc_recall_at_3_std": 0.196309,
        "nauc_recall_at_3_diff1": 0.299597,
        "nauc_recall_at_5_max": 0.074372,
        "nauc_recall_at_5_std": 0.085804,
        "nauc_recall_at_5_diff1": 0.345252,
        "nauc_recall_at_10_max": 0.21211,
        "nauc_recall_at_10_std": 0.13786,
        "nauc_recall_at_10_diff1": 0.330558,
        "nauc_recall_at_20_max": 0.101273,
        "nauc_recall_at_20_std": 0.064266,
        "nauc_recall_at_20_diff1": 0.186943,
        "nauc_recall_at_100_max": 0.074392,
        "nauc_recall_at_100_std": 0.105532,
        "nauc_recall_at_100_diff1": 0.095954,
        "nauc_recall_at_1000_max": -1.151727,
        "nauc_recall_at_1000_std": -0.563492,
        "nauc_recall_at_1000_diff1": -0.563492,
        "nauc_precision_at_1_max": 0.117833,
        "nauc_precision_at_1_std": 0.168148,
        "nauc_precision_at_1_diff1": 0.355704,
        "nauc_precision_at_3_max": 0.176171,
        "nauc_precision_at_3_std": 0.196309,
        "nauc_precision_at_3_diff1": 0.299597,
        "nauc_precision_at_5_max": 0.074372,
        "nauc_precision_at_5_std": 0.085804,
        "nauc_precision_at_5_diff1": 0.345252,
        "nauc_precision_at_10_max": 0.21211,
        "nauc_precision_at_10_std": 0.13786,
        "nauc_precision_at_10_diff1": 0.330558,
        "nauc_precision_at_20_max": 0.101273,
        "nauc_precision_at_20_std": 0.064266,
        "nauc_precision_at_20_diff1": 0.186943,
        "nauc_precision_at_100_max": 0.074392,
        "nauc_precision_at_100_std": 0.105532,
        "nauc_precision_at_100_diff1": 0.095954,
        "nauc_precision_at_1000_max": -1.151727,
        "nauc_precision_at_1000_std": -0.563492,
        "nauc_precision_at_1000_diff1": -0.563492,
        "nauc_mrr_at_1_max": 0.117833,
        "nauc_mrr_at_1_std": 0.168148,
        "nauc_mrr_at_1_diff1": 0.355704,
        "nauc_mrr_at_3_max": 0.140561,
        "nauc_mrr_at_3_std": 0.174617,
        "nauc_mrr_at_3_diff1": 0.328536,
        "nauc_mrr_at_5_max": 0.115034,
        "nauc_mrr_at_5_std": 0.146544,
        "nauc_mrr_at_5_diff1": 0.342024,
        "nauc_mrr_at_10_max": 0.128715,
        "nauc_mrr_at_10_std": 0.151139,
        "nauc_mrr_at_10_diff1": 0.332854,
        "nauc_mrr_at_20_max": 0.122401,
        "nauc_mrr_at_20_std": 0.146716,
        "nauc_mrr_at_20_diff1": 0.325907,
        "nauc_mrr_at_100_max": 0.122409,
        "nauc_mrr_at_100_std": 0.147015,
        "nauc_mrr_at_100_diff1": 0.326296,
        "nauc_mrr_at_1000_max": 0.122198,
        "nauc_mrr_at_1000_std": 0.146878,
        "nauc_mrr_at_1000_diff1": 0.326519,
        "main_score": 0.38742,
        "hf_subset": "default",
        "languages": [
          "eng-Latn"
        ]
      }
    ]
  },
  "evaluation_time": 61.101349115371704,
  "kg_co2_emissions": null
}