{
  "dataset_revision": "ec00129f88e9476e582131dc3a5db9220dfefa48",
  "task_name": "license-tldr-retrieval",
  "mteb_version": "1.38.49",
  "scores": {
    "test": [
      {
        "ndcg_at_1": 0.49231,
        "ndcg_at_3": 0.60476,
        "ndcg_at_5": 0.62396,
        "ndcg_at_10": 0.64422,
        "ndcg_at_20": 0.67555,
        "ndcg_at_100": 0.69321,
        "ndcg_at_1000": 0.69321,
        "map_at_1": 0.49231,
        "map_at_3": 0.57949,
        "map_at_5": 0.59026,
        "map_at_10": 0.59885,
        "map_at_20": 0.60757,
        "map_at_100": 0.61019,
        "map_at_1000": 0.61019,
        "recall_at_1": 0.49231,
        "recall_at_3": 0.67692,
        "recall_at_5": 0.72308,
        "recall_at_10": 0.78462,
        "recall_at_20": 0.90769,
        "recall_at_100": 1.0,
        "recall_at_1000": 1.0,
        "precision_at_1": 0.49231,
        "precision_at_3": 0.22564,
        "precision_at_5": 0.14462,
        "precision_at_10": 0.07846,
        "precision_at_20": 0.04538,
        "precision_at_100": 0.01,
        "precision_at_1000": 0.001,
        "mrr_at_1": 0.492308,
        "mrr_at_3": 0.579487,
        "mrr_at_5": 0.590256,
        "mrr_at_10": 0.598846,
        "mrr_at_20": 0.60757,
        "mrr_at_100": 0.610191,
        "mrr_at_1000": 0.610191,
        "nauc_ndcg_at_1_max": 0.696467,
        "nauc_ndcg_at_1_std": 0.426097,
        "nauc_ndcg_at_1_diff1": 0.754724,
        "nauc_ndcg_at_3_max": 0.620673,
        "nauc_ndcg_at_3_std": 0.410271,
        "nauc_ndcg_at_3_diff1": 0.650508,
        "nauc_ndcg_at_5_max": 0.626009,
        "nauc_ndcg_at_5_std": 0.473854,
        "nauc_ndcg_at_5_diff1": 0.65187,
        "nauc_ndcg_at_10_max": 0.636124,
        "nauc_ndcg_at_10_std": 0.506645,
        "nauc_ndcg_at_10_diff1": 0.633022,
        "nauc_ndcg_at_20_max": 0.636891,
        "nauc_ndcg_at_20_std": 0.475405,
        "nauc_ndcg_at_20_diff1": 0.66729,
        "nauc_ndcg_at_100_max": 0.644985,
        "nauc_ndcg_at_100_std": 0.468492,
        "nauc_ndcg_at_100_diff1": 0.671721,
        "nauc_ndcg_at_1000_max": 0.644985,
        "nauc_ndcg_at_1000_std": 0.468492,
        "nauc_ndcg_at_1000_diff1": 0.671721,
        "nauc_map_at_1_max": 0.696467,
        "nauc_map_at_1_std": 0.426097,
        "nauc_map_at_1_diff1": 0.754724,
        "nauc_map_at_3_max": 0.641847,
        "nauc_map_at_3_std": 0.414694,
        "nauc_map_at_3_diff1": 0.676776,
        "nauc_map_at_5_max": 0.644874,
        "nauc_map_at_5_std": 0.449811,
        "nauc_map_at_5_diff1": 0.677711,
        "nauc_map_at_10_max": 0.64955,
        "nauc_map_at_10_std": 0.464585,
        "nauc_map_at_10_diff1": 0.670913,
        "nauc_map_at_20_max": 0.650055,
        "nauc_map_at_20_std": 0.45656,
        "nauc_map_at_20_diff1": 0.68052,
        "nauc_map_at_100_max": 0.651175,
        "nauc_map_at_100_std": 0.456558,
        "nauc_map_at_100_diff1": 0.681103,
        "nauc_map_at_1000_max": 0.651175,
        "nauc_map_at_1000_std": 0.456558,
        "nauc_map_at_1000_diff1": 0.681103,
        "nauc_recall_at_1_max": 0.696467,
        "nauc_recall_at_1_std": 0.426097,
        "nauc_recall_at_1_diff1": 0.754724,
        "nauc_recall_at_3_max": 0.54986,
        "nauc_recall_at_3_std": 0.395477,
        "nauc_recall_at_3_diff1": 0.563961,
        "nauc_recall_at_5_max": 0.557833,
        "nauc_recall_at_5_std": 0.570668,
        "nauc_recall_at_5_diff1": 0.558977,
        "nauc_recall_at_10_max": 0.582677,
        "nauc_recall_at_10_std": 0.711679,
        "nauc_recall_at_10_diff1": 0.458056,
        "nauc_recall_at_20_max": 0.530794,
        "nauc_recall_at_20_std": 0.602739,
        "nauc_recall_at_20_diff1": 0.608816,
        "nauc_recall_at_100_max": NaN,
        "nauc_recall_at_100_std": NaN,
        "nauc_recall_at_100_diff1": NaN,
        "nauc_recall_at_1000_max": NaN,
        "nauc_recall_at_1000_std": NaN,
        "nauc_recall_at_1000_diff1": NaN,
        "nauc_precision_at_1_max": 0.696467,
        "nauc_precision_at_1_std": 0.426097,
        "nauc_precision_at_1_diff1": 0.754724,
        "nauc_precision_at_3_max": 0.54986,
        "nauc_precision_at_3_std": 0.395477,
        "nauc_precision_at_3_diff1": 0.563961,
        "nauc_precision_at_5_max": 0.557833,
        "nauc_precision_at_5_std": 0.570668,
        "nauc_precision_at_5_diff1": 0.558977,
        "nauc_precision_at_10_max": 0.582677,
        "nauc_precision_at_10_std": 0.711679,
        "nauc_precision_at_10_diff1": 0.458056,
        "nauc_precision_at_20_max": 0.530794,
        "nauc_precision_at_20_std": 0.602739,
        "nauc_precision_at_20_diff1": 0.608816,
        "nauc_precision_at_100_max": NaN,
        "nauc_precision_at_100_std": NaN,
        "nauc_precision_at_100_diff1": NaN,
        "nauc_precision_at_1000_max": 1.0,
        "nauc_precision_at_1000_std": 1.0,
        "nauc_precision_at_1000_diff1": 1.0,
        "nauc_mrr_at_1_max": 0.696467,
        "nauc_mrr_at_1_std": 0.426097,
        "nauc_mrr_at_1_diff1": 0.754724,
        "nauc_mrr_at_3_max": 0.641847,
        "nauc_mrr_at_3_std": 0.414694,
        "nauc_mrr_at_3_diff1": 0.676776,
        "nauc_mrr_at_5_max": 0.644874,
        "nauc_mrr_at_5_std": 0.449811,
        "nauc_mrr_at_5_diff1": 0.677711,
        "nauc_mrr_at_10_max": 0.64955,
        "nauc_mrr_at_10_std": 0.464585,
        "nauc_mrr_at_10_diff1": 0.670913,
        "nauc_mrr_at_20_max": 0.650055,
        "nauc_mrr_at_20_std": 0.45656,
        "nauc_mrr_at_20_diff1": 0.68052,
        "nauc_mrr_at_100_max": 0.651175,
        "nauc_mrr_at_100_std": 0.456558,
        "nauc_mrr_at_100_diff1": 0.681103,
        "nauc_mrr_at_1000_max": 0.651175,
        "nauc_mrr_at_1000_std": 0.456558,
        "nauc_mrr_at_1000_diff1": 0.681103,
        "main_score": 0.64422,
        "hf_subset": "default",
        "languages": [
          "eng-Latn"
        ]
      }
    ]
  },
  "evaluation_time": 5.303987503051758,
  "kg_co2_emissions": null
}