{
  "dataset_revision": "319b6cc4b012d733f126a943a8a66bdf9df5dc40",
  "task_name": "scalr",
  "mteb_version": "1.38.49",
  "scores": {
    "test": [
      {
        "ndcg_at_1": 0.49167,
        "ndcg_at_3": 0.61528,
        "ndcg_at_5": 0.63967,
        "ndcg_at_10": 0.66279,
        "ndcg_at_20": 0.67545,
        "ndcg_at_100": 0.68448,
        "ndcg_at_1000": 0.6925,
        "map_at_1": 0.49167,
        "map_at_3": 0.58333,
        "map_at_5": 0.59708,
        "map_at_10": 0.606,
        "map_at_20": 0.60947,
        "map_at_100": 0.6106,
        "map_at_1000": 0.611,
        "recall_at_1": 0.49167,
        "recall_at_3": 0.70833,
        "recall_at_5": 0.76667,
        "recall_at_10": 0.84167,
        "recall_at_20": 0.89167,
        "recall_at_100": 0.94167,
        "recall_at_1000": 1.0,
        "precision_at_1": 0.49167,
        "precision_at_3": 0.23611,
        "precision_at_5": 0.15333,
        "precision_at_10": 0.08417,
        "precision_at_20": 0.04458,
        "precision_at_100": 0.00942,
        "precision_at_1000": 0.001,
        "mrr_at_1": 0.491667,
        "mrr_at_3": 0.583333,
        "mrr_at_5": 0.597083,
        "mrr_at_10": 0.605995,
        "mrr_at_20": 0.609473,
        "mrr_at_100": 0.610603,
        "mrr_at_1000": 0.611003,
        "nauc_ndcg_at_1_max": 0.401758,
        "nauc_ndcg_at_1_std": -0.000587,
        "nauc_ndcg_at_1_diff1": 0.575346,
        "nauc_ndcg_at_3_max": 0.40495,
        "nauc_ndcg_at_3_std": 0.0066,
        "nauc_ndcg_at_3_diff1": 0.49871,
        "nauc_ndcg_at_5_max": 0.395628,
        "nauc_ndcg_at_5_std": 0.012377,
        "nauc_ndcg_at_5_diff1": 0.513939,
        "nauc_ndcg_at_10_max": 0.40206,
        "nauc_ndcg_at_10_std": 0.025744,
        "nauc_ndcg_at_10_diff1": 0.507989,
        "nauc_ndcg_at_20_max": 0.408393,
        "nauc_ndcg_at_20_std": 0.024672,
        "nauc_ndcg_at_20_diff1": 0.528407,
        "nauc_ndcg_at_100_max": 0.412517,
        "nauc_ndcg_at_100_std": 0.030003,
        "nauc_ndcg_at_100_diff1": 0.523742,
        "nauc_ndcg_at_1000_max": 0.402595,
        "nauc_ndcg_at_1000_std": 0.017967,
        "nauc_ndcg_at_1000_diff1": 0.524688,
        "nauc_map_at_1_max": 0.401758,
        "nauc_map_at_1_std": -0.000587,
        "nauc_map_at_1_diff1": 0.575346,
        "nauc_map_at_3_max": 0.403336,
        "nauc_map_at_3_std": 0.009793,
        "nauc_map_at_3_diff1": 0.520255,
        "nauc_map_at_5_max": 0.397382,
        "nauc_map_at_5_std": 0.012403,
        "nauc_map_at_5_diff1": 0.528914,
        "nauc_map_at_10_max": 0.398779,
        "nauc_map_at_10_std": 0.014988,
        "nauc_map_at_10_diff1": 0.527968,
        "nauc_map_at_20_max": 0.400028,
        "nauc_map_at_20_std": 0.014254,
        "nauc_map_at_20_diff1": 0.532724,
        "nauc_map_at_100_max": 0.400318,
        "nauc_map_at_100_std": 0.014752,
        "nauc_map_at_100_diff1": 0.532183,
        "nauc_map_at_1000_max": 0.399831,
        "nauc_map_at_1000_std": 0.014121,
        "nauc_map_at_1000_diff1": 0.531994,
        "nauc_recall_at_1_max": 0.401758,
        "nauc_recall_at_1_std": -0.000587,
        "nauc_recall_at_1_diff1": 0.575346,
        "nauc_recall_at_3_max": 0.411066,
        "nauc_recall_at_3_std": -0.007362,
        "nauc_recall_at_3_diff1": 0.421778,
        "nauc_recall_at_5_max": 0.388948,
        "nauc_recall_at_5_std": 0.011137,
        "nauc_recall_at_5_diff1": 0.454569,
        "nauc_recall_at_10_max": 0.431179,
        "nauc_recall_at_10_std": 0.106149,
        "nauc_recall_at_10_diff1": 0.39016,
        "nauc_recall_at_20_max": 0.505296,
        "nauc_recall_at_20_std": 0.136291,
        "nauc_recall_at_20_diff1": 0.535406,
        "nauc_recall_at_100_max": 0.684941,
        "nauc_recall_at_100_std": 0.352608,
        "nauc_recall_at_100_diff1": 0.438242,
        "nauc_recall_at_1000_max": NaN,
        "nauc_recall_at_1000_std": NaN,
        "nauc_recall_at_1000_diff1": NaN,
        "nauc_precision_at_1_max": 0.401758,
        "nauc_precision_at_1_std": -0.000587,
        "nauc_precision_at_1_diff1": 0.575346,
        "nauc_precision_at_3_max": 0.411066,
        "nauc_precision_at_3_std": -0.007362,
        "nauc_precision_at_3_diff1": 0.421778,
        "nauc_precision_at_5_max": 0.388948,
        "nauc_precision_at_5_std": 0.011137,
        "nauc_precision_at_5_diff1": 0.454569,
        "nauc_precision_at_10_max": 0.431179,
        "nauc_precision_at_10_std": 0.106149,
        "nauc_precision_at_10_diff1": 0.39016,
        "nauc_precision_at_20_max": 0.505296,
        "nauc_precision_at_20_std": 0.136291,
        "nauc_precision_at_20_diff1": 0.535406,
        "nauc_precision_at_100_max": 0.684941,
        "nauc_precision_at_100_std": 0.352608,
        "nauc_precision_at_100_diff1": 0.438242,
        "nauc_precision_at_1000_max": 1.0,
        "nauc_precision_at_1000_std": 1.0,
        "nauc_precision_at_1000_diff1": 1.0,
        "nauc_mrr_at_1_max": 0.401758,
        "nauc_mrr_at_1_std": -0.000587,
        "nauc_mrr_at_1_diff1": 0.575346,
        "nauc_mrr_at_3_max": 0.403336,
        "nauc_mrr_at_3_std": 0.009793,
        "nauc_mrr_at_3_diff1": 0.520255,
        "nauc_mrr_at_5_max": 0.397382,
        "nauc_mrr_at_5_std": 0.012403,
        "nauc_mrr_at_5_diff1": 0.528914,
        "nauc_mrr_at_10_max": 0.398779,
        "nauc_mrr_at_10_std": 0.014988,
        "nauc_mrr_at_10_diff1": 0.527968,
        "nauc_mrr_at_20_max": 0.400028,
        "nauc_mrr_at_20_std": 0.014254,
        "nauc_mrr_at_20_diff1": 0.532724,
        "nauc_mrr_at_100_max": 0.400318,
        "nauc_mrr_at_100_std": 0.014752,
        "nauc_mrr_at_100_diff1": 0.532183,
        "nauc_mrr_at_1000_max": 0.399831,
        "nauc_mrr_at_1000_std": 0.014121,
        "nauc_mrr_at_1000_diff1": 0.531994,
        "main_score": 0.66279,
        "hf_subset": "default",
        "languages": [
          "eng-Latn"
        ]
      }
    ]
  },
  "evaluation_time": 18.440537214279175,
  "kg_co2_emissions": null
}