{
  "dataset_revision": "436d6a79d06cac556799e9e0be54a6fb90bf7182",
  "task_name": "uk-legislative-long-titles",
  "mteb_version": "1.38.49",
  "scores": {
    "test": [
      {
        "ndcg_at_1": 0.9359,
        "ndcg_at_3": 0.95208,
        "ndcg_at_5": 0.9576,
        "ndcg_at_10": 0.9576,
        "ndcg_at_20": 0.9576,
        "ndcg_at_100": 0.96246,
        "ndcg_at_1000": 0.96246,
        "map_at_1": 0.9359,
        "map_at_3": 0.94872,
        "map_at_5": 0.95192,
        "map_at_10": 0.95192,
        "map_at_20": 0.95192,
        "map_at_100": 0.95265,
        "map_at_1000": 0.95265,
        "recall_at_1": 0.9359,
        "recall_at_3": 0.96154,
        "recall_at_5": 0.97436,
        "recall_at_10": 0.97436,
        "recall_at_20": 0.97436,
        "recall_at_100": 1.0,
        "recall_at_1000": 1.0,
        "precision_at_1": 0.9359,
        "precision_at_3": 0.32051,
        "precision_at_5": 0.19487,
        "precision_at_10": 0.09744,
        "precision_at_20": 0.04872,
        "precision_at_100": 0.01,
        "precision_at_1000": 0.001,
        "mrr_at_1": 0.935897,
        "mrr_at_3": 0.948718,
        "mrr_at_5": 0.951923,
        "mrr_at_10": 0.951923,
        "mrr_at_20": 0.951923,
        "mrr_at_100": 0.952646,
        "mrr_at_1000": 0.952646,
        "nauc_ndcg_at_1_max": 0.884593,
        "nauc_ndcg_at_1_std": 0.301837,
        "nauc_ndcg_at_1_diff1": 1.0,
        "nauc_ndcg_at_3_max": 0.920903,
        "nauc_ndcg_at_3_std": 0.525001,
        "nauc_ndcg_at_3_diff1": 1.0,
        "nauc_ndcg_at_5_max": 0.910603,
        "nauc_ndcg_at_5_std": 0.48022,
        "nauc_ndcg_at_5_diff1": 1.0,
        "nauc_ndcg_at_10_max": 0.910603,
        "nauc_ndcg_at_10_std": 0.48022,
        "nauc_ndcg_at_10_diff1": 1.0,
        "nauc_ndcg_at_20_max": 0.910603,
        "nauc_ndcg_at_20_std": 0.48022,
        "nauc_ndcg_at_20_diff1": 1.0,
        "nauc_ndcg_at_100_max": 0.908671,
        "nauc_ndcg_at_100_std": 0.460091,
        "nauc_ndcg_at_100_diff1": 1.0,
        "nauc_ndcg_at_1000_max": 0.908671,
        "nauc_ndcg_at_1000_std": 0.460091,
        "nauc_ndcg_at_1000_diff1": 1.0,
        "nauc_map_at_1_max": 0.884593,
        "nauc_map_at_1_std": 0.301837,
        "nauc_map_at_1_diff1": 1.0,
        "nauc_map_at_3_max": 0.911484,
        "nauc_map_at_3_std": 0.467113,
        "nauc_map_at_3_diff1": 1.0,
        "nauc_map_at_5_max": 0.905583,
        "nauc_map_at_5_std": 0.440327,
        "nauc_map_at_5_diff1": 1.0,
        "nauc_map_at_10_max": 0.905583,
        "nauc_map_at_10_std": 0.440327,
        "nauc_map_at_10_diff1": 1.0,
        "nauc_map_at_20_max": 0.905583,
        "nauc_map_at_20_std": 0.440327,
        "nauc_map_at_20_diff1": 1.0,
        "nauc_map_at_100_max": 0.90562,
        "nauc_map_at_100_std": 0.439018,
        "nauc_map_at_100_diff1": 1.0,
        "nauc_map_at_1000_max": 0.90562,
        "nauc_map_at_1000_std": 0.439018,
        "nauc_map_at_1000_diff1": 1.0,
        "nauc_recall_at_1_max": 0.884593,
        "nauc_recall_at_1_std": 0.301837,
        "nauc_recall_at_1_diff1": 1.0,
        "nauc_recall_at_3_max": 0.956303,
        "nauc_recall_at_3_std": 0.742573,
        "nauc_recall_at_3_diff1": 1.0,
        "nauc_recall_at_5_max": 0.934454,
        "nauc_recall_at_5_std": 0.679405,
        "nauc_recall_at_5_diff1": 1.0,
        "nauc_recall_at_10_max": 0.934454,
        "nauc_recall_at_10_std": 0.679405,
        "nauc_recall_at_10_diff1": 1.0,
        "nauc_recall_at_20_max": 0.934454,
        "nauc_recall_at_20_std": 0.679405,
        "nauc_recall_at_20_diff1": 1.0,
        "nauc_recall_at_100_max": NaN,
        "nauc_recall_at_100_std": NaN,
        "nauc_recall_at_100_diff1": NaN,
        "nauc_recall_at_1000_max": NaN,
        "nauc_recall_at_1000_std": NaN,
        "nauc_recall_at_1000_diff1": NaN,
        "nauc_precision_at_1_max": 0.884593,
        "nauc_precision_at_1_std": 0.301837,
        "nauc_precision_at_1_diff1": 1.0,
        "nauc_precision_at_3_max": 0.956303,
        "nauc_precision_at_3_std": 0.742573,
        "nauc_precision_at_3_diff1": 1.0,
        "nauc_precision_at_5_max": 0.934454,
        "nauc_precision_at_5_std": 0.679405,
        "nauc_precision_at_5_diff1": 1.0,
        "nauc_precision_at_10_max": 0.934454,
        "nauc_precision_at_10_std": 0.679405,
        "nauc_precision_at_10_diff1": 1.0,
        "nauc_precision_at_20_max": 0.934454,
        "nauc_precision_at_20_std": 0.679405,
        "nauc_precision_at_20_diff1": 1.0,
        "nauc_precision_at_100_max": 1.0,
        "nauc_precision_at_100_std": 1.0,
        "nauc_precision_at_100_diff1": 1.0,
        "nauc_precision_at_1000_max": 1.0,
        "nauc_precision_at_1000_std": 1.0,
        "nauc_precision_at_1000_diff1": 1.0,
        "nauc_mrr_at_1_max": 0.884593,
        "nauc_mrr_at_1_std": 0.301837,
        "nauc_mrr_at_1_diff1": 1.0,
        "nauc_mrr_at_3_max": 0.911484,
        "nauc_mrr_at_3_std": 0.467113,
        "nauc_mrr_at_3_diff1": 1.0,
        "nauc_mrr_at_5_max": 0.905583,
        "nauc_mrr_at_5_std": 0.440327,
        "nauc_mrr_at_5_diff1": 1.0,
        "nauc_mrr_at_10_max": 0.905583,
        "nauc_mrr_at_10_std": 0.440327,
        "nauc_mrr_at_10_diff1": 1.0,
        "nauc_mrr_at_20_max": 0.905583,
        "nauc_mrr_at_20_std": 0.440327,
        "nauc_mrr_at_20_diff1": 1.0,
        "nauc_mrr_at_100_max": 0.90562,
        "nauc_mrr_at_100_std": 0.439018,
        "nauc_mrr_at_100_diff1": 1.0,
        "nauc_mrr_at_1000_max": 0.90562,
        "nauc_mrr_at_1000_std": 0.439018,
        "nauc_mrr_at_1000_diff1": 1.0,
        "main_score": 0.9576,
        "hf_subset": "default",
        "languages": [
          "eng-Latn"
        ]
      }
    ]
  },
  "evaluation_time": 22.054106950759888,
  "kg_co2_emissions": null
}